OpenAlex ID,ORCID,Name,Alt Names,Publications,Citations,h-index,Number of Institutions,Topic,first_names,last_name,last_init,name_raw,id,fi_ln
A5012451717,https://orcid.org/0000-0002-2613-9321,M. Williams,"['M C Williams', 'M Williams', 'M. C. S. Williams', 'M. C. Williams', 'M. Williams', 'M.C. Williams', 'M.C.S. Williams', 'Matthew C. Williams', 'Matthew Williams', 'Williams, M.', 'Williams, Matthew C.']",73,1696,18,16,Physical Sciences,m.,williams,w,m. williams,A5012451717,m williams
A5051528851,https://orcid.org/0000-0001-7391-9403,A Calahorrano-Di Patre,"['A Calahorrano-Di\nPatre', 'A Calahorrano-Di Patre', 'A. Calahorrano-Di Patre', 'Antonina Calahorrano', 'Antonina Calahorrano-Di Patre', 'Antonina Calahorrano‐Di Patre']",9,47,4,3,Physical Sciences,a calahorrano-di,patre,p,a calahorrano-di patre,A5051528851,a patre
A5110631057,,Steven Bergner,"['Bergner, Steven', 'Steven Bergner']",21,487,9,3,Physical Sciences,steven,bergner,b,steven bergner,A5110631057,s bergner
A5114395731,,Ashwin Samudre,"['Ashwin Samudre', 'Samudre, Ashwin']",1,0,0,1,Physical Sciences,ashwin,samudre,s,ashwin samudre,A5114395731,a samudre
A5052216983,,Yani Kong,['Yani Kong'],2,2,1,1,Physical Sciences,yani,kong,k,yani kong,A5052216983,y kong
A5076084094,https://orcid.org/0000-0002-8772-5770,Saeed Ranjbar Alvar,"['Alvar, Saeed R.', 'Alvar, Saeed Ranjbar', 'Ranjbar Alvar, Saeed', 'Saeed Ranjbar Alvar']",37,208,8,4,Physical Sciences,saeed ranjbar,alvar,a,saeed ranjbar alvar,A5076084094,s alvar
A5005912029,https://orcid.org/0000-0002-5812-7798,Emma Rodrigues,['Emma Rodrigues'],8,120,3,3,Health Sciences,emma,rodrigues,r,emma rodrigues,A5005912029,e rodrigues
A5112603217,,Zach Walsh,"['Walsh, Zach', 'Z. Walsh', 'Zach Walsh']",136,4951,40,19,Social Sciences,zach,walsh,w,zach walsh,A5112603217,z walsh
A5119426588,,Neda Zolfaghari,['Neda Zolfaghari'],1,1,1,1,Health Sciences,neda,zolfaghari,z,neda zolfaghari,A5119426588,n zolfaghari
A5113564764,,Kristin Bosse,"['Bosse, Kristin', 'K BOSSE', 'K Bosse', 'K. Bosse', 'Kristin A. Bosse', 'Kristin Bosse']",60,996,16,14,Life Sciences,kristin,bosse,b,kristin bosse,A5113564764,k bosse
A5020559144,,Malcolm King,"['M. J. King', 'Malcolm King']",8,22,2,3,Social Sciences,malcolm,king,k,malcolm king,A5020559144,m king
A5045066589,https://orcid.org/0000-0002-4201-6030,Thomas Wong,"['T. Wong', 'T.T.Y. Wong', 'Thomas T. Y. Wong', 'Thomas T.Y. Wong', 'Thomas Wong', 'Wong, Thomas']",125,1388,17,14,Physical Sciences,thomas,wong,w,thomas wong,A5045066589,t wong
A5077280597,https://orcid.org/0000-0002-0404-8701,J. Taylor Perron,"['J Taylor Perron', 'J. Perron', 'J. T. Perron', 'J. Taylor Perron', 'J. TaylorPerron(Http://Orcid.Org/0000-0002-0404-8701), Myrow', 'J.T. Perron', 'JT Perron', 'Perron, J Taylor', 'Perron, J. Taylor']",215,8108,42,9,Physical Sciences,j. taylor,perron,p,j. taylor perron,A5077280597,j perron
A5102349912,,Jake Kemp,"['Jake Kemp', 'Jake M. Kemp']",3,4,1,1,Health Sciences,jake,kemp,k,jake kemp,A5102349912,j kemp
A5021447806,,Cara Camcastle,"['CARA CAMCASTLE', 'Camcastle, Cara', 'Cara Camcastle']",9,78,5,2,Social Sciences,cara,camcastle,c,cara camcastle,A5021447806,c camcastle
A5101424783,https://orcid.org/0000-0001-7026-5811,Baoxu Shi,"['B. E. Shi', 'Baoxu Shi', 'Shi, Baoxu']",35,1317,15,6,Physical Sciences,baoxu,shi,s,baoxu shi,A5101424783,b shi
A5093865061,,Am Johal,['Am Johal'],1,0,0,1,Social Sciences,am,johal,j,am johal,A5093865061,a johal
A5036880466,,Tania C. Hidalgo Castillo,['Tania C. Hidalgo Castillo'],1,7,1,1,Physical Sciences,tania c. hidalgo,castillo,c,tania c. hidalgo castillo,A5036880466,t castillo
A5036324257,,Anurag Piyamrao Wasnik,"['Anurag Piyamrao Wasnik', 'Anurag Wasnik', 'Arcan Aydemir']",10,34,4,3,Social Sciences,anurag piyamrao,wasnik,w,anurag piyamrao wasnik,A5036324257,a wasnik
A5014407450,https://orcid.org/0000-0002-0360-7970,E. Green,"['E. Green', 'Emma Green']",4,22,1,6,Life Sciences,e.,green,g,e. green,A5014407450,e green
A5079650143,,David MacAlister,"['David MacAlister', 'David Macalister']",18,206,7,5,Social Sciences,david,macalister,m,david macalister,A5079650143,d macalister
A5041150754,https://orcid.org/0000-0002-6122-6383,Amin Farjah,"['A. Farjah', 'Amin Farjah']",11,97,4,4,Physical Sciences,amin,farjah,f,amin farjah,A5041150754,a farjah
A5112389755,,David Sun,"['David I. Sun', 'David Sun', 'David. I. Sun', 'Sun, David']",25,1372,6,8,Physical Sciences,david,sun,s,david sun,A5112389755,d sun
A5011155609,https://orcid.org/0000-0002-1145-8346,Daniel Tarnu,['Daniel Tarnu'],2,1,1,1,Physical Sciences,daniel,tarnu,t,daniel tarnu,A5011155609,d tarnu
A5049614671,,Simone Rapisarda,['Simone Rapisarda'],1,0,0,1,Social Sciences,simone,rapisarda,r,simone rapisarda,A5049614671,s rapisarda
A5092946635,,Sean K.T. Gaiesky,['Sean K.T. Gaiesky'],2,1,1,1,Health Sciences,sean k.t.,gaiesky,g,sean k.t. gaiesky,A5092946635,s gaiesky
A5102131342,,Ahmed Maqsood,['Ahmed Maqsood'],4,22,2,3,Life Sciences,ahmed,maqsood,m,ahmed maqsood,A5102131342,a maqsood
A5032397465,,B.S. Parimalam,['B.S. Parimalam'],1,9,1,1,Physical Sciences,b.s.,parimalam,p,b.s. parimalam,A5032397465,b parimalam
A5104126783,,Wanying Mao,['Wanying Mao'],1,2,1,1,Social Sciences,wanying,mao,m,wanying mao,A5104126783,w mao
A5037354644,,Sarita Baker,['Sarita Baker'],2,2,1,1,Social Sciences,sarita,baker,b,sarita baker,A5037354644,s baker
A5114180415,,Dian Hong,['Dian Hong'],1,0,0,1,Physical Sciences,dian,hong,h,dian hong,A5114180415,d hong
A5007598416,https://orcid.org/0000-0002-5111-2788,Marco Tullney,"['Marco Tullney', 'Tullney, Marco']",94,296,7,5,Social Sciences,marco,tullney,t,marco tullney,A5007598416,m tullney
A5076158895,https://orcid.org/0000-0002-3703-2271,Sheri Fabian,"['Sheri Fabian', 'Sheryl C Fabian']",8,81,4,2,Social Sciences,sheri,fabian,f,sheri fabian,A5076158895,s fabian
A5101537580,https://orcid.org/0000-0002-8022-1369,Chia-Ying Lin,"['Chia-Ying Lin', 'Chia‐Ying Lin', 'Yung-Hsiang Chen']",21,138,8,12,Social Sciences,chia-ying,lin,l,chia-ying lin,A5101537580,c lin
A5049909213,,Christian Hilchey,['Christian Hilchey'],2,1,1,3,Social Sciences,christian,hilchey,h,christian hilchey,A5049909213,c hilchey
A5019122524,,Caroline Coljin,['Caroline Coljin'],1,2,1,1,Health Sciences,caroline,coljin,c,caroline coljin,A5019122524,c coljin
A5069127560,,Gerri Sinclair,"['G.J. Sinclair', 'Gerri Sinclair']",7,21,3,1,Social Sciences,gerri,sinclair,s,gerri sinclair,A5069127560,g sinclair
A5102597674,,Yanjun Feng,['Yanjun Feng'],1,1,1,1,Physical Sciences,yanjun,feng,f,yanjun feng,A5102597674,y feng
A5075814310,,K. Ken Peng,"['K. Ken Peng', 'Ken Peng']",2,2,1,1,Social Sciences,k. ken,peng,p,k. ken peng,A5075814310,k peng
A5081601519,https://orcid.org/0000-0002-7963-5353,Scott C. Anderson,"['S Anderson', 'S C Anderson', 'SCOTT C. ANDERSON', 'Scott Anderson', 'Scott C Anderson', 'Scott C. Anderson']",17,552,10,9,Health Sciences,scott c.,anderson,a,scott c. anderson,A5081601519,s anderson
A5027074850,https://orcid.org/0000-0001-7101-0589,Galia Susana Lescano López,"['Galia Susana Lescano Lopez', 'Galia Susana Lescano López', 'Galia Susana Lescano-Lopez', 'Galia Susana Lescano-López', 'Galia Susana Lezcano López', 'Lescano Lopez, Galia Susana', 'Lescano López, Galia Susana']",36,119,7,14,Social Sciences,galia susana lescano,lópez,l,galia susana lescano lópez,A5027074850,g lópez
A5024935224,,Jerram B. Ritchie,"['Jerram  B. Ritchie', 'Jerram B. Ritchie']",1,1,1,1,Social Sciences,jerram b.,ritchie,r,jerram b. ritchie,A5024935224,j ritchie
A5029865909,,Abraham R.J.S.,['Abraham R.J.S.'],1,0,0,1,Physical Sciences,abraham,r.j.s.,r,abraham r.j.s.,A5029865909,a r.j.s.
A5001518780,https://orcid.org/0000-0002-9715-7914,Richard G. Lipsey,"['Elke Krahmann', 'Jnos', 'Lipsey, Richard G.', 'R. G. LIPSEY', 'R. G. Lipsey', 'RICHARD G. LIPSEY', 'Richard G Lipsey', 'Richard G. Lipsey', 'Richard Lipsey']",292,10147,37,18,Social Sciences,richard g.,lipsey,l,richard g. lipsey,A5001518780,r lipsey
A5109802582,,C. M. Hamm,"['C. M. Hamm', 'Cornell Hamm']",6,90,2,1,Social Sciences,c. m.,hamm,h,c. m. hamm,A5109802582,c hamm
A5070433914,https://orcid.org/0000-0002-6648-9035,Gustavo Dias-Silva,['Gustavo Dias-Silva'],1,0,0,1,Physical Sciences,gustavo,dias-silva,d,gustavo dias-silva,A5070433914,g dias-silva
A5024389928,https://orcid.org/0000-0002-0602-0999,Hang Ma,"['Hang Ma', 'Ma Hang', 'Ma, Hang']",90,3244,30,13,Physical Sciences,hang,ma,m,hang ma,A5024389928,h ma
A5092552245,https://orcid.org/0009-0002-0557-1139,Katherina Von Bülow,['Katherina Von Bülow'],1,0,0,1,Physical Sciences,katherina von,bülow,b,katherina von bülow,A5092552245,k bülow
A5084953118,https://orcid.org/0000-0002-4506-6973,Ping Tan,"['P. Tan', 'Ping Ping Tan', 'Ping TAN -', 'Ping Tan', 'Tan, Ping']",220,14395,59,18,Physical Sciences,ping,tan,t,ping tan,A5084953118,p tan
A5036115963,,E. Barad,['E. Barad'],2,0,0,2,Health Sciences,e.,barad,b,e. barad,A5036115963,e barad
A5012006207,https://orcid.org/0000-0002-7717-870X,Christina Manning,"['C. J. Manning', 'C. Manning', 'C.J. Manning', 'Christina  J. Manning', 'Christina J. Manning', 'Christina Manning', 'Manning, Christina']",63,1461,20,2,Physical Sciences,christina,manning,m,christina manning,A5012006207,c manning
A5049775315,https://orcid.org/0000-0002-9345-0750,Han Zhang,['Han Zhang'],12,79,4,11,Life Sciences,han,zhang,z,han zhang,A5049775315,h zhang
A5081124051,https://orcid.org/0000-0003-4958-7466,Debopam Das,"['Das, Debopam', 'Debopam Das', 'Luca Soldaini']",23,658,10,20,Physical Sciences,debopam,das,d,debopam das,A5081124051,d das
A5024761278,https://orcid.org/0000-0001-9351-4390,Tsogtbaatar Byambaa,"['Byambaa Tsogtbaatar', 'Byambaa, Tsogtbaatar', 'Tsogtbaatar Byambaa']",16,543,8,4,Social Sciences,tsogtbaatar,byambaa,b,tsogtbaatar byambaa,A5024761278,t byambaa
A5096827723,,Gelareh Modara,['Gelareh Modara'],1,0,0,1,Health Sciences,gelareh,modara,m,gelareh modara,A5096827723,g modara
A5058715507,,Linying Hu,"['LinYing Hu', 'Linying Hu']",14,205,7,2,Physical Sciences,linying,hu,h,linying hu,A5058715507,l hu
A5019633656,,Radek Przedpelski,['Radek Przedpelski'],2,16,1,2,Social Sciences,radek,przedpelski,p,radek przedpelski,A5019633656,r przedpelski
A5067195321,https://orcid.org/0000-0002-9980-5663,Alireza Beigi,['Alireza Beigi'],7,127,5,2,Physical Sciences,alireza,beigi,b,alireza beigi,A5067195321,a beigi
A5067236434,https://orcid.org/0000-0002-1902-6433,Amiti Mehta,"['Amiti K. Mehta', 'Amiti Mehta']",13,128,6,6,Health Sciences,amiti,mehta,m,amiti mehta,A5067236434,a mehta
A5115512232,,Alishba Bibal,['Alishba Bibal'],3,0,0,1,Life Sciences,alishba,bibal,b,alishba bibal,A5115512232,a bibal
A5065006433,https://orcid.org/0000-0002-1357-4666,Irvin Ng,"['I Ng', 'Irvin Ng']",45,232,7,11,Life Sciences,irvin,ng,n,irvin ng,A5065006433,i ng
A5099178243,,Zhangyang Ying,['Zhangyang Ying'],1,1,1,1,Social Sciences,zhangyang,ying,y,zhangyang ying,A5099178243,z ying
A5085393464,,M. Gascoine,['M. Gascoine'],1,18,1,1,Physical Sciences,m.,gascoine,g,m. gascoine,A5085393464,m gascoine
A5026782519,https://orcid.org/0000-0003-3457-2552,Justin Cook,"['Cook, Justin', 'J. Cook', 'Justin Cook', 'Justin L. Cook']",21,5300,9,6,Physical Sciences,justin,cook,c,justin cook,A5026782519,j cook
A5000418425,,J.A. MacDonald,['J.A. MacDonald'],1,9,1,1,Physical Sciences,j.a.,macdonald,m,j.a. macdonald,A5000418425,j macdonald
A5088451688,https://orcid.org/0000-0002-3908-1085,Catherine Z Worsnop,"['Catherine Worsnop', 'Catherine Z Worsnop', 'Catherine Z. Worsnop', 'Worsnop, Catherine']",22,513,10,7,Social Sciences,catherine z,worsnop,w,catherine z worsnop,A5088451688,c worsnop
A5057652444,,H. Xie,['H. Xie'],2,0,0,3,Health Sciences,h.,xie,x,h. xie,A5057652444,h xie
A5108740660,,Masa Niikura,['Masa Niikura'],1,24,1,1,Social Sciences,masa,niikura,n,masa niikura,A5108740660,m niikura
A5002474306,https://orcid.org/0000-0003-1024-9101,Akhil Raj Baranwal,"['Akhil Raj Baranwal', 'Baranwal, Akhil Raj']",9,26,4,4,Physical Sciences,akhil raj,baranwal,b,akhil raj baranwal,A5002474306,a baranwal
A5056121536,,Will Odom,['Will Odom'],12,102,5,4,Social Sciences,will,odom,o,will odom,A5056121536,w odom
A5041422465,https://orcid.org/0000-0001-8096-9855,Ross Cloak,"['Cloak, Ross', 'R. Cloak', 'Ross Cloak', 'Ross J Cloak']",38,500,13,12,Health Sciences,ross,cloak,c,ross cloak,A5041422465,r cloak
A5028857421,https://orcid.org/0000-0003-1590-0071,Stephanie L. Rayner,"['S.L. Rayner', 'Stephanie L Rayner', 'Stephanie L. Rayner', 'Stephanie Rayner']",34,950,16,4,Health Sciences,stephanie l.,rayner,r,stephanie l. rayner,A5028857421,s rayner
A5051052331,https://orcid.org/0000-0003-2621-6929,Patrick Sheridan,"['F Richardson', 'P. Neuzil', 'P. Sheridan', 'Patrick M. Sheridan', 'Patrick Sheridan', '\xa0P. Sheridan']",29,2151,17,11,Life Sciences,patrick,sheridan,s,patrick sheridan,A5051052331,p sheridan
A5109250191,,W Hodge,"['W Hodge', 'W R Hodge', 'W. Fin Hodge', 'WR Hodge']",9,124,4,3,Health Sciences,w,hodge,h,w hodge,A5109250191,w hodge
A5051437613,https://orcid.org/0000-0001-9603-4771,Angelina Van Dyke,['Angelina Van Dyke'],2,3,1,1,Social Sciences,angelina van,dyke,d,angelina van dyke,A5051437613,a dyke
A5004300155,,Zhao Kai Pang,['Zhao Kai Pang'],1,12,1,1,Health Sciences,zhao kai,pang,p,zhao kai pang,A5004300155,z pang
A5113360973,,Anne-Marie Nicole,['Anne-Marie Nicole'],1,1,1,1,Social Sciences,anne-marie,nicole,n,anne-marie nicole,A5113360973,a nicole
A5113114976,,Victor Soares,['Victor Soares'],1,2,1,1,Physical Sciences,victor,soares,s,victor soares,A5113114976,v soares
A5102742967,https://orcid.org/0000-0003-3412-1831,Candy Ho,"['Candy Ho', 'Candy T. Y. Ho', 'Ho, Candy']",9,38,3,3,Social Sciences,candy,ho,h,candy ho,A5102742967,c ho
A5010169014,,John F. Chant,"['CHANT, J.F.', 'Chant, John', 'Chant, John F.', 'JOHN F. CHANT', 'John Chant', 'John F. Chant']",40,374,11,9,Social Sciences,john f.,chant,c,john f. chant,A5010169014,j chant
A5066880338,https://orcid.org/0000-0002-2612-2132,Lisa Matthias,"['Lisa Matthias', 'Matthias, Lisa', 'Maud Devs']",74,2590,18,9,Social Sciences,lisa,matthias,m,lisa matthias,A5066880338,l matthias
A5052748246,https://orcid.org/0000-0002-9123-3672,Michiel van de Panne,"['M van de Panne', 'M. Panne', 'M. Van de Panne', 'M. van de Panne', 'Michiel Van De Panne', 'Michiel Van de Panne', 'Michiel van de Panne', 'Michiel van\xa0de Panne', 'Panne, Michiel Van De', 'Van De Panne, Michiel', 'Van de Panne, M. (Michiel), 1965-', 'Van de Panne, Michiel', 'van de Panne, Michiel']",192,9277,49,11,Physical Sciences,michiel van de,panne,p,michiel van de panne,A5052748246,m panne
A5006521692,,Javairia Rahim,['Javairia Rahim'],1,1,1,1,Health Sciences,javairia,rahim,r,javairia rahim,A5006521692,j rahim
A5060107382,https://orcid.org/0000-0003-3134-1775,Leif S. Anderson,"['Anderson, Leif', 'Anderson, Leif S.', 'L. S. Anderson', 'Leif Anderson', 'Leif S. Anderson', 'Leif Stefan Anderson']",92,1215,16,10,Physical Sciences,leif s.,anderson,a,leif s. anderson,A5060107382,l anderson
A5072681799,,Milton McClaren,"['M. McClaren', 'McClaren, Milton', 'Milt McClaren', 'Milton McClaren']",23,128,7,1,Physical Sciences,milton,mcclaren,m,milton mcclaren,A5072681799,m mcclaren
A5013868450,,Catherine D’Andrea,"[""Catherine D'Andrea"", 'Catherine D’Andrea', 'Catherine D’andrea', ""d'Andrea, Catherine""]",16,88,5,8,Health Sciences,catherine,d’andrea,d,catherine d’andrea,A5013868450,c d’andrea
A5087323271,https://orcid.org/0000-0002-9446-3748,Leo Wanner,"['Juan Soler-Company', 'L. Wanner', 'LEO WANNER', 'Leo Wanner', 'Wanner Leo', 'Wanner, Leo']",247,2839,27,16,Physical Sciences,leo,wanner,w,leo wanner,A5087323271,l wanner
A5035463939,,Ivan A. Aguliar,['Ivan A. Aguliar'],1,14,1,1,Physical Sciences,ivan a.,aguliar,a,ivan a. aguliar,A5035463939,i aguliar
A5037710580,https://orcid.org/0000-0002-9901-6947,Alyssa Howren,"['A Howren', 'A. Howren', 'Alyssa Howren', 'Alyssa M Howren', 'Alyssa M. Howren', 'Howren, Alyssa']",42,565,13,11,Health Sciences,alyssa,howren,h,alyssa howren,A5037710580,a howren
A5033617921,https://orcid.org/0000-0002-1784-6702,Heather Clarke,"['Clarke, H', 'Clarke, Heather', 'Eliot Jones', 'H CLARKE', 'H. J. Clarke', 'H.C. Clarke', 'H.J. Clarke', 'HC Clarke', 'Heather Clarke', 'Heather J Clarke', 'Heather J. Clarke', 'Heather. J. Clarke']",45,1607,17,4,Life Sciences,heather,clarke,c,heather clarke,A5033617921,h clarke
A5059056746,,Roumi Ilieva,['Roumi Ilieva'],6,118,3,1,Social Sciences,roumi,ilieva,i,roumi ilieva,A5059056746,r ilieva
A5103132728,https://orcid.org/0000-0002-6836-6696,Sudheer Gupta,"['Gupta, S.K.', 'Gupta, Sudheer', 'Gupta, Sudheer.', 'S. Gupta', 'S. K. Gupta', 'S.K. GUPTA', 'S.K. Gupta', 'Sudheer Gupta']",122,5681,26,17,Life Sciences,sudheer,gupta,g,sudheer gupta,A5103132728,s gupta
A5023515660,,Mani Sadati,"['Mani Sadati', 'Sadati, Mani']",5,1,1,2,Physical Sciences,mani,sadati,s,mani sadati,A5023515660,m sadati
A5021856647,,Megan Woolner,"['M Woolner', 'Megan Woolner']",4,43,1,8,Health Sciences,megan,woolner,w,megan woolner,A5021856647,m woolner
A5043684828,https://orcid.org/0000-0002-6728-8884,S. Panchapakesan,"['Panchapakesan, S', 'Panchapakesan, S.', 'Panchapakesan,S', 'S Panchapakesan', 'S. PANCHAPAKESAN', 'S. Panchapakesan', 'Shanker Panchapakesan', 'Shanker S. S. Panchapakesan', 'Shanker S.S. Panchapakesan', 'Shanker SS Panchapakesan', 'Shanker Shyam S Panchapakesan', 'Shanker Shyam S. Panchapakesan', 'Shanker Shyam Sundhar Panchapakesan', 'Shanker\xa0Shyam Panchapakesan']",132,2339,21,20,Social Sciences,s.,panchapakesan,p,s. panchapakesan,A5043684828,s panchapakesan
A5064876624,https://orcid.org/0000-0001-9790-2649,Ana Maria Navas Iannini,"['Ana Maria Navas Iannini', 'Ana Maria Navas-Iannini', 'Ana Maria Navas\xa0Iannini']",39,156,7,6,Social Sciences,ana maria navas,iannini,i,ana maria navas iannini,A5064876624,a iannini
A5064718439,,Trinh Thai Van Phuc,['Trinh Thai Van Phuc'],3,2,1,2,Social Sciences,trinh thai van,phuc,p,trinh thai van phuc,A5064718439,t phuc
A5095451941,,Ananda Google,['Ananda Google'],1,0,0,1,Life Sciences,ananda,google,g,ananda google,A5095451941,a google
A5033057164,https://orcid.org/0000-0003-0396-0966,Ian Scott,"['I M Scott', 'I. M. Scott', 'I. Scott', 'Ian M Scott', 'Ian M. Scott', 'Ian Scott']",71,1322,20,16,Health Sciences,ian,scott,s,ian scott,A5033057164,i scott
A5110883813,,Laura D’Amico,"[""D'Amico, Laura"", 'L D’Amico', ""Laura D'Amico"", 'Laura D’Amico']",34,346,10,11,Physical Sciences,laura,d’amico,d,laura d’amico,A5110883813,l d’amico
A5049408362,,美由紀 加藤,"['Benedikt Fischer', '加藤, 美由紀', '美由紀 加藤']",26,6,1,5,Social Sciences,美由紀,加藤,加,美由紀 加藤,A5049408362,美 加藤
A5022925223,,S. Moreno,"['S. Moreno', 'Sylvain Moreno']",2,1,1,2,Social Sciences,s.,moreno,m,s. moreno,A5022925223,s moreno
A5036663902,,D. Estep,"['D Estep', 'D J Estep', 'D. Estep', 'DON ESTEP', 'Don Estep', 'Donald Estep', 'Estep, Don', 'Estep, Donald']",40,1411,15,3,Physical Sciences,d.,estep,e,d. estep,A5036663902,d estep
A5070161121,,Natacha Roudeix,"['Natacha Roudeix', 'Roudeix, Natacha']",3,0,0,2,Social Sciences,natacha,roudeix,r,natacha roudeix,A5070161121,n roudeix
A5028860365,,Megan E. McLarnon,"['Megan E McLarnon', 'Megan E. McLarnon', 'Megan McLarnon']",12,234,7,3,Life Sciences,megan e.,mclarnon,m,megan e. mclarnon,A5028860365,m mclarnon
A5071855708,,Larissa Kondo,['Larissa Kondo'],1,0,0,1,Social Sciences,larissa,kondo,k,larissa kondo,A5071855708,l kondo
A5035385095,,S. R. Dunsiger,"['Dunsiger, S. R.', 'Dunsiger, S.R.', 'S Dunsiger', 'S R Dunsiger', 'S. Dunsiger', 'S. R. Dunsiger', 'S.R. Dunsiger', 'S.\u2009R. Dunsiger']",54,2023,20,9,Physical Sciences,s. r.,dunsiger,d,s. r. dunsiger,A5035385095,s dunsiger
A5102133296,,Yitong Dai,['Yitong Dai'],1,0,0,1,Social Sciences,yitong,dai,d,yitong dai,A5102133296,y dai
A5046589123,https://orcid.org/0000-0002-9841-6447,Hwee Hoon Tan,"['H H Tan', 'H. H. Tan', 'H.H. Tan', 'HWEE HOON TAN', 'Hwee H. Tan', 'Hwee Hoon', 'Hwee Hoon TAN', 'Hwee Hoon Tan', 'Hwee Tan', 'Hwee-Hoon Tan', 'Hwee-hoon Tan', 'TAN, Hwee Hoon', 'Tan Min Li Tan', 'Tan, Hwee Hoon.']",115,5541,27,5,Social Sciences,hwee hoon,tan,t,hwee hoon tan,A5046589123,h tan
A5029642362,https://orcid.org/0000-0002-4944-3756,P. Prabhakar Rao,"['P. Prabhakar Rao', 'Prashanth Rao']",5,87,2,1,Social Sciences,p. prabhakar,rao,r,p. prabhakar rao,A5029642362,p rao
A5119409927,,Fergus Linley-Mota,['Fergus Linley-Mota'],1,0,0,1,Social Sciences,fergus,linley-mota,l,fergus linley-mota,A5119409927,f linley-mota
A5059451258,https://orcid.org/0000-0002-1321-3035,Hao Fang,"['Fang, Hao', 'Hao Fang']",15,92,3,8,Social Sciences,hao,fang,f,hao fang,A5059451258,h fang
A5102732934,https://orcid.org/0000-0002-1707-8141,Lovedeep Gondara,"['Gondara Lovedeep', 'Gondara, Lovedeep', 'L Gondara', 'L. Gondara', 'Lovedeep Gondara']",85,2147,19,8,Life Sciences,lovedeep,gondara,g,lovedeep gondara,A5102732934,l gondara
A5113399058,,Tyler R. Cole,['Tyler R. Cole'],2,3,1,1,Health Sciences,tyler r.,cole,c,tyler r. cole,A5113399058,t cole
A5037667733,https://orcid.org/0000-0002-7230-579X,Anastasios D. Asimakopoulos,"['A Asimakopoulos', 'A D Asimakopoulos', 'A. Asimakopoulos', 'A. D Asimakopoulos', 'A.D Asimakopoulos', 'A.D. Asimakopoulos', 'Anastasios ASIMAKOPOULOS', 'Anastasios Asimakopoulos', 'Anastasios D Asimakopoulos', 'Anastasios D. Asimakopoulos', 'Asimakopoulos ANASTASIOS', 'Asimakopoulos, Anastasios']",131,2160,24,15,Health Sciences,anastasios d.,asimakopoulos,a,anastasios d. asimakopoulos,A5037667733,a asimakopoulos
A5002593878,,Mari del Casal,['Mari del Casal'],2,19,1,2,Social Sciences,mari del,casal,c,mari del casal,A5002593878,m casal
A5094180071,,Sian H. Tsuei,['Sian H. Tsuei'],1,16,1,1,Physical Sciences,sian h.,tsuei,t,sian h. tsuei,A5094180071,s tsuei
A5095334926,,Tatiana Losev,['Tatiana Losev'],1,0,0,1,Social Sciences,tatiana,losev,l,tatiana losev,A5095334926,t losev
A5093577961,,Daphne Francombe,['Daphne Francombe'],1,0,0,1,Social Sciences,daphne,francombe,f,daphne francombe,A5093577961,d francombe
A5000489188,https://orcid.org/0000-0002-8561-900X,Ahmad Bahonar,"['A Bahonar', 'A. Bahonar', 'Ahmad Bahonar', 'Bahonar, Ahmad', 'HS Soumya', 'Navid Paydari']",133,6200,32,9,Health Sciences,ahmad,bahonar,b,ahmad bahonar,A5000489188,a bahonar
A5099341999,,Mary Lynn Stewart,['Mary Lynn Stewart'],1,0,0,1,Social Sciences,mary lynn,stewart,s,mary lynn stewart,A5099341999,m stewart
A5010693015,,Z.L. Brumme,['Z.L. Brumme'],1,0,0,2,Health Sciences,z.l.,brumme,b,z.l. brumme,A5010693015,z brumme
A5101151848,,Jun Mei,['Jun Mei'],12,81,4,8,Physical Sciences,jun,mei,m,jun mei,A5101151848,j mei
A5072975618,,Alejandro Rodriquez-Silva,['Alejandro Rodriquez-Silva'],1,16,1,2,Physical Sciences,alejandro,rodriquez-silva,r,alejandro rodriquez-silva,A5072975618,a rodriquez-silva
A5050862872,,Qiuyu Han,['Qiuyu Han'],9,81,5,4,Life Sciences,qiuyu,han,h,qiuyu han,A5050862872,q han
A5060721440,,Yaser Sattari,['Yaser Sattari'],2,0,0,1,Social Sciences,yaser,sattari,s,yaser sattari,A5060721440,y sattari
A5081306915,https://orcid.org/0000-0001-8136-7645,Ashwin Samudre,"['Ashwin Samudre', 'Samudre, Ashwin']",19,53,4,8,Physical Sciences,ashwin,samudre,s,ashwin samudre,A5081306915,a samudre
A5029573644,,Chris M. Henry,"['Chris Henry', 'Chris M. Henry', 'Henry, C.']",5,96,3,1,Physical Sciences,chris m.,henry,h,chris m. henry,A5029573644,c henry
A5049217967,,Parham Elmi,['Parham Elmi'],1,0,0,1,Social Sciences,parham,elmi,e,parham elmi,A5049217967,p elmi
A5028885540,,Éric Gedajlovic,"['E. Gedajlovic', 'ERIC GEDAJLOVIC', 'ERIC R. GEDAJLOVIC', 'Eric Gedajlovic', 'Eric R Gedajlovic', 'Eric R. Gedajlovic', 'Gedajlovic, Eric', 'Éric Gedajlovic']",63,10214,32,7,Social Sciences,éric,gedajlovic,g,éric gedajlovic,A5028885540,é gedajlovic
A5110970896,,Lisa Jung,"['LISA JUNG', 'Lisa Jung']",6,11,2,4,Physical Sciences,lisa,jung,j,lisa jung,A5110970896,l jung
A5036671973,,Петер Келлер,"['Keller, Peter', 'P Keller', 'P. C. Keller', 'P. Keller', 'PETER C. KELLER', 'Peter C Keller', 'Peter C. Keller', 'Peter Keller', 'Петер Келлер']",128,1569,19,18,Physical Sciences,петер,келлер,к,петер келлер,A5036671973,п келлер
A5113155829,https://orcid.org/0009-0003-1974-2258,Minju Kim,"['Kim, Minju', 'Minju Kim']",24,36,3,15,Physical Sciences,minju,kim,k,minju kim,A5113155829,m kim
A5083796110,https://orcid.org/0000-0002-7267-3533,Sarah Turner,['Sarah Turner'],3,25,3,2,Health Sciences,sarah,turner,t,sarah turner,A5083796110,s turner
A5053489966,https://orcid.org/0000-0002-6148-7460,François Jean,"['F Jean', 'F. Jean', 'FRANCOIS JEAN', 'FRANÇOIS JEAN', 'Francois Jean', 'François Jean', 'Jean, François']",82,3377,30,11,Life Sciences,françois,jean,j,françois jean,A5053489966,f jean
A5110858529,,Zafar Adeel,['Zafar Adeel'],3,5,1,1,Social Sciences,zafar,adeel,a,zafar adeel,A5110858529,z adeel
A5098085462,https://orcid.org/0000-0002-7159-3750,Nina Liuta,['Nina Liuta'],1,4,1,1,Health Sciences,nina,liuta,l,nina liuta,A5098085462,n liuta
A5070852636,,Álvaro Higueras,"['Alvaro Higueras', 'Higueras, Álvaro', 'Jimenez Higueras, A', 'Álvaro Higueras']",22,58,4,4,Physical Sciences,álvaro,higueras,h,álvaro higueras,A5070852636,á higueras
A5080704096,,Sahand Najafpour,['Sahand Najafpour'],5,11,2,1,Physical Sciences,sahand,najafpour,n,sahand najafpour,A5080704096,s najafpour
A5039032924,https://orcid.org/0000-0001-7541-5807,Alicia Atwood,"['Alicia Atwood', 'Alicia Atwood (7921520)', 'Atwood, Alicia']",21,128,5,3,Social Sciences,alicia,atwood,a,alicia atwood,A5039032924,a atwood
A5081723280,https://orcid.org/0000-0002-6416-1044,Seyedeh Pegah Kiaei Ziabari,['Seyedeh Pegah Kiaei Ziabari'],3,52,2,1,Life Sciences,seyedeh pegah kiaei,ziabari,z,seyedeh pegah kiaei ziabari,A5081723280,s ziabari
A5010633798,https://orcid.org/0000-0002-9908-3904,Chinthaka Dinesh,"['C Dinesh', 'C. DINESH', 'C. Dinesh', 'C. Sai Dinesh', 'Ch Dinesh', 'Chinthaka Dinesh', 'Dinesh, C.', 'Dinesh, Chinthaka']",45,445,11,8,Physical Sciences,chinthaka,dinesh,d,chinthaka dinesh,A5010633798,c dinesh
A5088244500,,Niayesh Pazoki Moakhar,['Niayesh Pazoki Moakhar'],1,6,1,1,Social Sciences,niayesh pazoki,moakhar,m,niayesh pazoki moakhar,A5088244500,n moakhar
A5122623001,,João Luiz Dornelles Bastos,"['João Luiz Dornelles Bastos', 'Luiz Dornelles Bastos, João']",1,0,0,1,Health Sciences,joão luiz dornelles,bastos,b,joão luiz dornelles bastos,A5122623001,j bastos
A5013567811,https://orcid.org/0000-0001-8118-1242,Andreas Pilarinos,"['Andreas Pilarinos', 'Pilarinos, Andreas']",22,722,10,8,Health Sciences,andreas,pilarinos,p,andreas pilarinos,A5013567811,a pilarinos
A5089156226,,Mohammadmahdi Jahanara,"['Jahanara, Mohammadmahdi', 'Mohammadmahdi Jahanara']",2,0,0,1,Physical Sciences,mohammadmahdi,jahanara,j,mohammadmahdi jahanara,A5089156226,m jahanara
A5081621756,https://orcid.org/0000-0002-4072-8712,Diego Restuccia,"['DIEGO RESTUCCIA', 'Diego Restuccia', 'Restuccia, Diego']",133,8087,36,20,Social Sciences,diego,restuccia,r,diego restuccia,A5081621756,d restuccia
A5138699384,,Nusrat Sabina Chowdhury,['Nusrat Sabina Chowdhury'],1,0,0,1,Social Sciences,nusrat sabina,chowdhury,c,nusrat sabina chowdhury,A5138699384,n chowdhury
A5113772568,,Ronald Woods,"['R. Woods', 'R.G. Woods', 'Ronald K. Woods', 'Ronald Woods', 'Ronald. Woods', 'Woods, Ronald']",63,1538,22,7,Physical Sciences,ronald,woods,w,ronald woods,A5113772568,r woods
A5103894549,,Caroline Walker,"['Caroline H Walker', 'Caroline H. Walker', 'Caroline Walker']",33,251,7,17,Physical Sciences,caroline,walker,w,caroline walker,A5103894549,c walker
A5058637012,https://orcid.org/0000-0002-3470-671X,Moe Zandy,"['Moe Zandy', 'Zandy, Moe']",19,241,10,10,Health Sciences,moe,zandy,z,moe zandy,A5058637012,m zandy
A5028051779,,Ivy Chow,"['I Chow', 'Ivy Chow']",18,348,6,13,Life Sciences,ivy,chow,c,ivy chow,A5028051779,i chow
A5103521618,,M. Henderson Brown,"['M Henderson Brown', 'M. H. Brown', 'M. HENDERSON BROWN', 'M. Henderson Brown', 'M.Henderson Brown', 'Malcolm Brown']",16,292,8,4,Life Sciences,m. henderson,brown,b,m. henderson brown,A5103521618,m brown
A5086460354,,Kassia Hyek,['Kassia Hyek'],1,1,1,4,Life Sciences,kassia,hyek,h,kassia hyek,A5086460354,k hyek
A5027476312,,Ginny Landry,['Ginny Landry'],4,85,3,6,Life Sciences,ginny,landry,l,ginny landry,A5027476312,g landry
A5064630990,,J. Pires,['J. Pires'],1,0,0,1,Life Sciences,j.,pires,p,j. pires,A5064630990,j pires
A5053195533,,Alexander Mikhaylov,"['A. A. Mikhaylov', 'Alexander Mikhaylov']",8,57,5,3,Physical Sciences,alexander,mikhaylov,m,alexander mikhaylov,A5053195533,a mikhaylov
A5001455481,,Worawee Japongsori,['Worawee Japongsori'],1,1,1,1,Physical Sciences,worawee,japongsori,j,worawee japongsori,A5001455481,w japongsori
A5002843048,,Carlos Sierra Hernandez,['Carlos Sierra Hernandez'],9,47,4,3,Social Sciences,carlos sierra,hernandez,h,carlos sierra hernandez,A5002843048,c hernandez
A5106504013,,Natalie De Vita,['Natalie De Vita'],1,9,1,2,Life Sciences,natalie de,vita,v,natalie de vita,A5106504013,n vita
A5066282225,,Ann Clifton,"['A. Clifton', 'Ann Clifton', 'Clifton, A', 'Clifton, Ann']",29,445,8,5,Social Sciences,ann,clifton,c,ann clifton,A5066282225,a clifton
A5001347590,https://orcid.org/0000-0003-0364-228X,Stevan Bozanich,"['Bozanich, Stevan', 'STEVAN BOZANICH', 'Stevan Bozanich']",12,11,2,3,Social Sciences,stevan,bozanich,b,stevan bozanich,A5001347590,s bozanich
A5074238115,,Jovanveer Shoker,['Jovanveer Shoker'],1,0,0,1,Health Sciences,jovanveer,shoker,s,jovanveer shoker,A5074238115,j shoker
A5087101587,https://orcid.org/0000-0001-9578-8539,Thenille Braun Janzen,"['Janzen, Thenille Braun', 'Thenile Braun Janzen', 'Thenille Braun Janzen']",32,894,13,9,Life Sciences,thenille braun,janzen,j,thenille braun janzen,A5087101587,t janzen
A5108938909,,A.J. Blake,"['A.J. Blake', 'Adam Blake', 'Adam J. Blake', 'Blake, A.J.', 'Blake, Adam', 'Blake, Adam J', 'Blake, Adam J.']",199,9,2,5,Physical Sciences,a.j.,blake,b,a.j. blake,A5108938909,a blake
A5110760144,,Davide Donatti,['Davide Donatti'],1,0,0,1,Physical Sciences,davide,donatti,d,davide donatti,A5110760144,d donatti
A5047876912,https://orcid.org/0000-0003-2044-1658,Juan Manuel Fernández‐Cárdenas,"['Chacón Rojas, Gerardo', 'Fernández Cárdenas, Juan Manuel', 'Fernández-Cárdenas, Juan Manuel', 'Juan M. Fernández', 'Juan Manuel Cárdenas', 'Juan Manuel Fernandez Cardenas', 'Juan Manuel Fernández', 'Juan Manuel Fernández Cárdenas', 'Juan Manuel Fernández-Cárdenas', 'Juan Manuel Fernández‐Cárdenas', 'Juan-Manuel Fernández-Cárdenas']",77,348,10,8,Social Sciences,juan manuel,fernández‐cárdenas,f,juan manuel fernández‐cárdenas,A5047876912,j fernández‐cárdenas
A5112476216,https://orcid.org/0000-0002-1516-920X,Kathleen Moriarty,"['K. Moriarty', 'KATHLEEN MORIARTY', 'Kathleen E. Moriarty', 'Kathleen Moriarty']",38,223,8,14,Social Sciences,kathleen,moriarty,m,kathleen moriarty,A5112476216,k moriarty
A5023228396,https://orcid.org/0000-0002-3095-2323,Anna Gottschlich,"['A Gottschlich', 'A. Gottschlich', 'Anna Gottschlich', 'Anna Sophia Gottschlich', 'Gottschlich, Anna']",85,1050,15,17,Health Sciences,anna,gottschlich,g,anna gottschlich,A5023228396,a gottschlich
A5077228760,,M. Naeem Khan,"['M. N. Khan', 'M. Naeem Khan', 'Mishaa Khan']",4,83,4,2,Health Sciences,m. naeem,khan,k,m. naeem khan,A5077228760,m khan
A5047099488,,Gabor Melli,"['GABOR MELLI', 'Gabor Melli']",21,2707,7,9,Physical Sciences,gabor,melli,m,gabor melli,A5047099488,g melli
A5061757128,,Jacob Sauer,['Jacob Sauer'],7,3,1,3,Physical Sciences,jacob,sauer,s,jacob sauer,A5061757128,j sauer
A5078849606,https://orcid.org/0000-0002-8011-2576,Tarah Hodgkinson,"['Hodgkinson, Tarah', 'T Hodgkinson', 'Tarah Hodgkinson', 'Tarah K. Hodgkinson', 'Tarah Kathleine Hodgkinson']",65,805,15,6,Social Sciences,tarah,hodgkinson,h,tarah hodgkinson,A5078849606,t hodgkinson
A5054743996,,Stuart Richmond,"['Richmond, S', 'Richmond, Stuart', 'S. W. J. Richmond', 'Stuart Richmond']",29,131,7,2,Social Sciences,stuart,richmond,r,stuart richmond,A5054743996,s richmond
A5109602650,,Pedro C. Gonzàlez Espinosa,"['Gonzàlez Espinosa, Pedro C.', 'Pedro C. Gonzàlez Espinosa', 'Pedro C. González\xa0Espinosa', 'Pedro Espinosa']",5,12,1,3,Physical Sciences,pedro c. gonzàlez,espinosa,e,pedro c. gonzàlez espinosa,A5109602650,p espinosa
A5051589607,,Liliana Benitez,"['Benitez, Liliana', 'Liliana Benitez']",4,7,2,6,Physical Sciences,liliana,benitez,b,liliana benitez,A5051589607,l benitez
A5093106439,https://orcid.org/0000-0001-8940-6020,Erfaneh Mahmoudzaheh Ahmadi Nejad,['Erfaneh Mahmoudzaheh Ahmadi Nejad'],1,1,1,1,Physical Sciences,erfaneh mahmoudzaheh ahmadi,nejad,n,erfaneh mahmoudzaheh ahmadi nejad,A5093106439,e nejad
A5055573228,https://orcid.org/0000-0002-4111-2899,Albert Logtenberg,"['Albert Logtenberg', 'Logtenberg, A.', 'Logtenberg, Albert']",26,219,7,8,Social Sciences,albert,logtenberg,l,albert logtenberg,A5055573228,a logtenberg
A5087427076,https://orcid.org/0000-0002-6580-3977,Swalpa Kumar Roy,"['Hao Xu', 'Roy, S. K.', 'Roy, Swalpa Kumar', 'Salvador Garcia', 'Swalpa  Kumar Roy', 'Swalpa K. Roy', 'Swalpa Kumar Roy', 'Swalpa Roy']",111,5821,30,18,Physical Sciences,swalpa kumar,roy,r,swalpa kumar roy,A5087427076,s roy
A5024339045,,Alex T. K. Kurkjian,['Alex T. K. Kurkjian'],1,13,1,2,Physical Sciences,alex t. k.,kurkjian,k,alex t. k. kurkjian,A5024339045,a kurkjian
A5015084242,,Judy Zaichkowsky,"['J. L. Zaichkowsky', 'Judy Zaichkowsky']",22,459,7,2,Social Sciences,judy,zaichkowsky,z,judy zaichkowsky,A5015084242,j zaichkowsky
A5057514660,https://orcid.org/0000-0002-3473-1616,Mingqi Song,"['Mingqi Song', 'Song, Mingqi']",16,57,4,6,Physical Sciences,mingqi,song,s,mingqi song,A5057514660,m song
A5091580016,,Madeleine Kétéskwēw Dion Stout,['Madeleine Kétéskwēw Dion Stout'],2,17,2,8,Social Sciences,madeleine kétéskwēw dion,stout,s,madeleine kétéskwēw dion stout,A5091580016,m stout
A5009450582,https://orcid.org/0000-0002-3146-7354,Kristin Carlson,"['Carlson, Kristin', 'K. Carlson', 'Kristin B. Carlson', 'Kristin Carlson']",47,343,11,13,Physical Sciences,kristin,carlson,c,kristin carlson,A5009450582,k carlson
A5119417827,,Monica Hoger,['Monica Hoger'],1,0,0,1,Life Sciences,monica,hoger,h,monica hoger,A5119417827,m hoger
A5021415728,,Neil Horne,"['Horne, Neil', 'N. Horne', 'Neil Horne']",16,788,10,7,Social Sciences,neil,horne,h,neil horne,A5021415728,n horne
A5106367299,,Martin Mateus,"['M Mateus', 'Martin Mateus']",5,3,1,1,Physical Sciences,martin,mateus,m,martin mateus,A5106367299,m mateus
A5102626370,,Amy HY Lee,['Amy HY Lee'],1,4,1,1,Life Sciences,amy hy,lee,l,amy hy lee,A5102626370,a lee
A5080431297,https://orcid.org/0000-0002-6280-2290,Kate Salters,"['K Salters', 'K. Salters', 'Kate A Salters', 'Kate A. Salters', 'Kate Salters']",59,1453,16,14,Health Sciences,kate,salters,s,kate salters,A5080431297,k salters
A5091894013,,Arlene Kent Spracklin,['Arlene Kent Spracklin'],1,0,0,1,Social Sciences,arlene kent,spracklin,s,arlene kent spracklin,A5091894013,a spracklin
A5061661335,,Howard Sapers,['Howard Sapers'],5,49,3,3,Social Sciences,howard,sapers,s,howard sapers,A5061661335,h sapers
A5102492080,,Hugo Cardoso,['Hugo Cardoso'],1,0,0,1,Social Sciences,hugo,cardoso,c,hugo cardoso,A5102492080,h cardoso
A5114986388,,Salena Wiener,['Salena Wiener'],1,0,0,1,Social Sciences,salena,wiener,w,salena wiener,A5114986388,s wiener
A5073328572,,Kelli Lynn Finney,"['Finney K', 'Finney, Kelli', 'Kelli Finney', 'Kelli Lynn Finney']",7,1,1,1,Physical Sciences,kelli lynn,finney,f,kelli lynn finney,A5073328572,k finney
A5033872489,,Ana Paula Prescivalli Costa,['Ana Paula Prescivalli Costa'],1,13,1,1,Social Sciences,ana paula prescivalli,costa,c,ana paula prescivalli costa,A5033872489,a costa
A5098309059,,Valérie Martel-Lafrenière,['Valérie Martel-Lafrenière'],2,19,2,2,Health Sciences,valérie,martel-lafrenière,m,valérie martel-lafrenière,A5098309059,v martel-lafrenière
A5039918909,https://orcid.org/0000-0001-7157-7745,Egan J. Chernoff,"['Chernoff, Egan J.', 'EGAN J. CHERNOFF', 'Egan Chernoff', 'Egan J Chernoff', 'Egan J. Chernoff']",104,763,12,8,Physical Sciences,egan j.,chernoff,c,egan j. chernoff,A5039918909,e chernoff
A5076902435,,William C. Wedley,"['W. C. WEDLEY', 'W. C. Wedley', 'W.C. Wedley', 'WILLIAM C. WEDLEY', 'Wedley, W.C.', 'William C Wedley', 'William C. Wedley', 'William Wedley']",79,2088,19,9,Social Sciences,william c.,wedley,w,william c. wedley,A5076902435,w wedley
A5077355218,https://orcid.org/0000-0002-2731-315X,Daniel Layton‐Matthews,"['D Layton-Matthews', 'D. Layton-Matthews', 'Dan Layton-Matthews', 'Daniel Layton-Matthews', 'Daniel Layton‐Matthews', 'Daniel Layton‑Matthews', 'Layton-Matthews, D.', 'Layton-Matthews, Dan', 'Layton-Matthews, Daniel']",177,1723,22,6,Physical Sciences,daniel,layton‐matthews,l,daniel layton‐matthews,A5077355218,d layton‐matthews
A5076810167,,Sepidehsadat Hosseini,"['Hosseini, Sepidehsadat', 'Sepidehsadat Hosseini']",11,289,6,2,Physical Sciences,sepidehsadat,hosseini,h,sepidehsadat hosseini,A5076810167,s hosseini
A5038936705,,Colton Fehr,"['Colton Fehr', 'Fehr, Colton']",44,35,2,5,Social Sciences,colton,fehr,f,colton fehr,A5038936705,c fehr
A5018536019,,M. Ashouri,['M. Ashouri'],1,0,0,1,Physical Sciences,m.,ashouri,a,m. ashouri,A5018536019,m ashouri
A5057763871,,María Teresa Moreno Sala,"['Maria T Moreno Sala', 'Maria T. Moreno Sala', 'Maria Teresa Moreno Sala', 'María Teresa Moreno Sala']",13,157,5,3,Social Sciences,maría teresa moreno,sala,s,maría teresa moreno sala,A5057763871,m sala
A5001387175,https://orcid.org/0000-0003-0326-8451,A. M. Collins,"['A. M. Collins', 'A. M. Collins-Fairclough', 'Aneisha Collins', 'Aneisha Collins Fairclough', 'Aneisha Collins-Fairclough', 'Aneisha M. Collins', 'Aneisha M. Collins-Fairclough', 'Collins-Fairclough, Aneisha M.']",26,178,7,10,Life Sciences,a. m.,collins,c,a. m. collins,A5001387175,a collins
A5079097227,https://orcid.org/0000-0002-7853-709X,Abbin Perunnilathil Joy,['Abbin Perunnilathil Joy'],6,57,4,2,Physical Sciences,abbin perunnilathil,joy,j,abbin perunnilathil joy,A5079097227,a joy
A5010208879,,Erica Chuang,"['Erica Chuang', 'Erica S.Y. Chuang', 'Erica SY Chuang']",10,198,6,5,Health Sciences,erica,chuang,c,erica chuang,A5010208879,e chuang
A5093419970,,Charles Duruaku Behraad Bahreyni,['Charles Duruaku Behraad Bahreyni'],1,0,0,1,Physical Sciences,charles duruaku behraad,bahreyni,b,charles duruaku behraad bahreyni,A5093419970,c bahreyni
A5094737200,,Caitríona Ní,"['Caitrona N', 'Caitríona Ní']",1,0,0,7,Social Sciences,caitríona,ní,n,caitríona ní,A5094737200,c ní
A5085109097,https://orcid.org/0000-0003-4209-9937,Milan Pavlı́k,"['M Pavlik', 'M Pavlík', 'M. PAVLIK', 'M. PAVLÍK', 'M. Pavlik', 'M. Pavlík', 'M. Pavlı́k', 'Milan PAVLÍK', 'Milan Pavlík', 'Milan Pavlı́k']",89,1624,22,14,Life Sciences,milan,pavlı́k,p,milan pavlı́k,A5085109097,m pavlı́k
A5074284617,,J. Barican,"['Barican, Jen', 'J. Barican', 'Jen Barican']",73,82,3,1,Social Sciences,j.,barican,b,j. barican,A5074284617,j barican
A5046878544,,L Felaco,['L Felaco'],1,0,0,1,Life Sciences,l,felaco,f,l felaco,A5046878544,l felaco
A5078158827,https://orcid.org/0009-0007-4701-2147,Akesh Sinha,"['Akesh Sinha', 'Sinha, Akesh']",17,288,8,6,Life Sciences,akesh,sinha,s,akesh sinha,A5078158827,a sinha
A5013341553,https://orcid.org/0000-0003-0945-9160,Eric Deal,"['Deal, Eric', 'Deal, Eric A.', 'E. Deal', 'Eric Deal']",82,575,10,14,Physical Sciences,eric,deal,d,eric deal,A5013341553,e deal
A5025705535,https://orcid.org/0000-0001-6253-0670,Mónica Domínguez,"['Bajo, Mónica Domínguez', 'Domínguez, Mónica', 'Monica Dominguez', 'Mónica Dominguez', 'Mónica Domínguez']",23,136,7,4,Physical Sciences,mónica,domínguez,d,mónica domínguez,A5025705535,m domínguez
A5092459837,https://orcid.org/0009-0004-0078-0366,Mohammad Omidvar Tehrani,['Mohammad Omidvar Tehrani'],2,2,1,1,Physical Sciences,mohammad omidvar,tehrani,t,mohammad omidvar tehrani,A5092459837,m tehrani
A5019126782,https://orcid.org/0000-0002-8347-6578,Sujoy Ghosh Hajra,"['S. Ghosh Hajra', 'S. Hajra', 'Sujoy Ghosh Hajra', 'Sujoy Ghosh-Hajra', 'Sujoy Hajra']",47,807,18,10,Life Sciences,sujoy ghosh,hajra,h,sujoy ghosh hajra,A5019126782,s hajra
A5107843949,,P. Tan,"['P Tan', 'P. Tan', 'PING TAN', 'Ping Tan', 'Tan, P.', 'Tan, Ping']",157,8039,55,15,Physical Sciences,p.,tan,t,p. tan,A5107843949,p tan
A5051610402,,Seyed Mohammad Nourbakhsh,"['Nourbakhsh, Seyed Mohammad', 'Seyed M. Nourbakhsh', 'Seyed Mohammad Nourbakhsh']",10,214,5,3,Physical Sciences,seyed mohammad,nourbakhsh,n,seyed mohammad nourbakhsh,A5051610402,s nourbakhsh
A5085193387,https://orcid.org/0000-0003-2248-4483,Amyn B. Sajoo,"['A. B. Sajoo', 'Amyn B Sajoo', 'Amyn B. Sajoo', 'Amyn Sajoo', 'Sajoo, Amyn B.']",41,234,6,2,Social Sciences,amyn b.,sajoo,s,amyn b. sajoo,A5085193387,a sajoo
A5049995914,https://orcid.org/0000-0002-3104-8563,Boah Kim,['Boah Kim'],5,75,3,1,Health Sciences,boah,kim,k,boah kim,A5049995914,b kim
A5072068212,https://orcid.org/0000-0002-4536-0814,Ensiyeh Jenabi,"['E. Jenabi', 'Encieh Jenabi', 'Ensiyeh JENABI', 'Ensiyeh JENABİ', 'Ensiyeh Jenabi', 'Ensiyeh Jenabi III', 'Ensiyeh Jenabi³', 'Ensiyeh jenabi', 'Jenabi Ensiyeh', 'Jenabi, Ensiyeh', 'ensiyeh jenabi']",276,41307,39,13,Health Sciences,ensiyeh,jenabi,j,ensiyeh jenabi,A5072068212,e jenabi
A5075584709,https://orcid.org/0000-0002-8227-8844,Ryan Allen,"['R Allen', 'Ryan Allen', 'Ryan T. Allen']",25,3045,9,12,Social Sciences,ryan,allen,a,ryan allen,A5075584709,r allen
A5079409504,https://orcid.org/0000-0002-4788-0020,Matthew Horrigan,"['Horrigan, Matthew', 'Matthew Horrigan']",6,4,1,1,Social Sciences,matthew,horrigan,h,matthew horrigan,A5079409504,m horrigan
A5009860707,,Kylie Real,['Kylie Real'],1,1,1,1,Physical Sciences,kylie,real,r,kylie real,A5009860707,k real
A5099474950,,Tammara Somma,['Tammara Somma'],1,6,1,1,Life Sciences,tammara,somma,s,tammara somma,A5099474950,t somma
A5066893131,,André Doyon,"['A. Doyon', 'André Doyon']",14,160,4,3,Social Sciences,andré,doyon,d,andré doyon,A5066893131,a doyon
A5076675558,,Kyra Baird,"['Baird, Kyra', 'Kyra Baird']",4,1,1,1,Physical Sciences,kyra,baird,b,kyra baird,A5076675558,k baird
A5069091105,,Lakshay Sethi,['Lakshay Sethi'],1,1,1,1,Life Sciences,lakshay,sethi,s,lakshay sethi,A5069091105,l sethi
A5070557231,https://orcid.org/0000-0002-7182-4061,Alice Fleerackers,"['Alice Fleerackers', 'Alice L. Fleerackers', 'Fleerackers, Alice']",168,485,10,14,Social Sciences,alice,fleerackers,f,alice fleerackers,A5070557231,a fleerackers
A5056681098,https://orcid.org/0000-0003-3816-7503,Waldo Morales Paredes,['Waldo Morales Paredes'],5,10,1,8,Social Sciences,waldo morales,paredes,p,waldo morales paredes,A5056681098,w paredes
A5030425226,,Owen Bennett-Gibbs,"['Bennett-Gibbs, Owen', 'Owen Bennett-Gibbs']",3,4,1,3,Physical Sciences,owen,bennett-gibbs,b,owen bennett-gibbs,A5030425226,o bennett-gibbs
A5003479098,https://orcid.org/0000-0001-9896-1990,B. Kiran Naik,"['B KIRAN NAIK', 'B Kiran Naik', 'B. Kiran Naik', 'B. Naik', 'B.Kiran Naik', 'Bukke Kiran Naik']",83,1110,20,6,Physical Sciences,b. kiran,naik,n,b. kiran naik,A5003479098,b naik
A5006846901,https://orcid.org/0000-0002-3025-9668,K. Hudson,['K. Hudson'],3,12,2,3,Physical Sciences,k.,hudson,h,k. hudson,A5006846901,k hudson
A5108232317,https://orcid.org/0009-0004-1137-3651,Ryan Hall,"['R. P. Hall', 'Ryan C. W. Hall', 'Ryan CW Hall', 'Ryan Hall']",22,44,3,8,Health Sciences,ryan,hall,h,ryan hall,A5108232317,r hall
A5025399722,https://orcid.org/0000-0001-6757-7443,Tushar Kanti Saha,"['Dr. Tushar Kanti Saha', 'Saha, Tushar K.', 'T K SAHA', 'T. Saha', 'Tushar K. Saha', 'Tushar Kanti Saha', 'Tushar Saha', 'TusharKanti Saha']",71,160,8,13,Physical Sciences,tushar kanti,saha,s,tushar kanti saha,A5025399722,t saha
A5045961414,https://orcid.org/0000-0002-1970-2980,X. Joan Hu,"['Hu, X. Joan', 'X Joan Hu', 'X. J. Hu', 'X. Joan Hu', 'Xianrui Hu', 'Xiaoqiong J. Hu', 'Xuefen Hu']",56,627,15,16,Physical Sciences,x. joan,hu,h,x. joan hu,A5045961414,x hu
A5080042065,https://orcid.org/0000-0003-1079-0053,P. Jeffrey Brantingham,"['Brantingham, P. Jeffrey', 'Jeffrey Brantingham', 'P Brantingham', 'P Jeffrey Brantingham', 'P. J. BRANTINGHAM', 'P. J. Brantingham', 'P. JEFFREY BRANTINGHAM', 'P. Jeffrey Brantingham', 'P.J. Brantingham', 'P.Jeffrey Brantingham', 'P.\xa0Jeffrey Brantingham', 'Paul Brantingham', 'Paul J Brantingham', 'Paul J. Brantingham', 'Paul Jeffrey Brantingham']",212,12369,55,15,Social Sciences,p. jeffrey,brantingham,b,p. jeffrey brantingham,A5080042065,p brantingham
A5004619552,,Amrit Athwal,"['Amrit Athwal', 'Athwal, Amrit Kaur']",1,0,0,1,Life Sciences,amrit,athwal,a,amrit athwal,A5004619552,a athwal
A5025327252,,P. Tupper,"['P. Tupper', 'Tupper, P.']",2,4,1,1,Physical Sciences,p.,tupper,t,p. tupper,A5025327252,p tupper
A5034727559,,Josh Kanaganayagam,['Josh Kanaganayagam'],1,13,1,1,Physical Sciences,josh,kanaganayagam,k,josh kanaganayagam,A5034727559,j kanaganayagam
A5015116774,https://orcid.org/0000-0001-6107-6453,Ali Izadi‐Darbandi,"['ALI IZADI-DARBANDI', 'Ali Darbandi', 'Ali I. Darbandi', 'Ali IZADI-DARBANDI', 'Ali Izadi Darbandi', 'Ali Izadi- Darbandi', 'Ali Izadi-Darbandi', 'Ali Izadi-darbandi', 'Ali Izadi‐Darbandi']",88,875,18,17,Life Sciences,ali,izadi‐darbandi,i,ali izadi‐darbandi,A5015116774,a izadi‐darbandi
A5076101617,,Joshua Adhémar,['Joshua Adhémar'],1,0,0,1,Social Sciences,joshua,adhémar,a,joshua adhémar,A5076101617,j adhémar
A5092634608,,Dina Hosseini Baygi,"['Dina H Baygi', 'Dina Hosseini Baygi']",2,4,1,2,Health Sciences,dina hosseini,baygi,b,dina hosseini baygi,A5092634608,d baygi
A5090207645,https://orcid.org/0000-0002-3196-6495,Samantha C. Seto,"['Samantha C Seto', 'Samantha C. Seto']",5,129,3,2,Physical Sciences,samantha c.,seto,s,samantha c. seto,A5090207645,s seto
A5070644609,https://orcid.org/0000-0002-0198-5943,Matthew van Bommel,['Matthew van Bommel'],3,21,2,1,Physical Sciences,matthew van,bommel,b,matthew van bommel,A5070644609,m bommel
A5082115634,https://orcid.org/0000-0001-5208-0864,Alireza Sadeghi Alavijeh,"['A. S. Alavijeh', 'A. Sadeghi Alavijeh', 'Alavijeh, Alireza Sadeghi', 'Alireza Sadeghi Alavijeh']",31,1139,16,2,Physical Sciences,alireza sadeghi,alavijeh,a,alireza sadeghi alavijeh,A5082115634,a alavijeh
A5112386136,,Naveed Gulzar,"['Gulzar, Naveed', 'Naveed Gulzar']",27,432,9,4,Life Sciences,naveed,gulzar,g,naveed gulzar,A5112386136,n gulzar
A5093865069,,Am Johal,['Am Johal'],1,0,0,1,Social Sciences,am,johal,j,am johal,A5093865069,a johal
A5114190264,https://orcid.org/0009-0009-0431-2283,M. Cui,"['M Cui', 'M Y Cui', 'M. CUI', 'M. Cui', 'Manman Cui', 'Michelle Cui']",13,474,7,11,Life Sciences,m.,cui,c,m. cui,A5114190264,m cui
A5095927243,https://orcid.org/0009-0000-1535-2605,Daniella Roze des Ordons,"['Daniella Marie Roze des Ordons', 'Daniella Roze des Ordons']",3,7,2,1,Social Sciences,daniella roze des,ordons,o,daniella roze des ordons,A5095927243,d ordons
A5119422833,,Jennifer Wolowic,['Jennifer Wolowic'],1,1,1,1,Social Sciences,jennifer,wolowic,w,jennifer wolowic,A5119422833,j wolowic
A5097821478,https://orcid.org/0009-0009-6711-9464,Artun Cimensel,['Artun Cimensel'],1,11,1,1,Physical Sciences,artun,cimensel,c,artun cimensel,A5097821478,a cimensel
A5057078851,https://orcid.org/0000-0001-6049-9585,Steve Marshall,"['S. C. Marshall', 'Steve Marshall']",36,733,12,5,Social Sciences,steve,marshall,m,steve marshall,A5057078851,s marshall
A5047615447,,Jüergen Röedel,"['J. ROEDEL', 'J. Roedel', 'Juergen Roedel', 'Jüergen Röedel', 'Zuo-Guang Ye']",21,73,5,5,Physical Sciences,jüergen,röedel,r,jüergen röedel,A5047615447,j röedel
A5037171681,https://orcid.org/0000-0001-6193-4032,Hallie Dau,"['Dau, Hallie', 'Hallie Dau']",43,630,10,13,Health Sciences,hallie,dau,d,hallie dau,A5037171681,h dau
A5093425940,,Rhea Tailor,['Rhea Tailor'],2,0,0,1,Social Sciences,rhea,tailor,t,rhea tailor,A5093425940,r tailor
A5076931029,https://orcid.org/0000-0002-3538-7060,Tim Hill,"['Hill, Tim', 'Tim Hill', 'Timothy G. Hill']",29,619,6,2,Physical Sciences,tim,hill,h,tim hill,A5076931029,t hill
A5090603985,https://orcid.org/0000-0003-3008-712X,Hamideh Bayrampour,"['Bayrampour, Hamideh', 'H Bayrampour', 'H. Bayrampour', 'Hamideh Bayrampour']",58,2493,24,16,Health Sciences,hamideh,bayrampour,b,hamideh bayrampour,A5090603985,h bayrampour
A5089219951,https://orcid.org/0000-0003-0703-3967,David Andolfatto,"['Andolfatto, David', 'Andolfatto, David, Cornélius', 'D Andolfatto', 'Dave Andolfatto', 'David Andolfatto', 'Thornton', 'With Andolfatto, David']",147,2840,22,16,Social Sciences,david,andolfatto,a,david andolfatto,A5089219951,d andolfatto
A5110840814,,Anne‐Marie Nicol,"['A. Nicol', 'A.-M. Nicol', 'Anne-Marie Nicol', 'Anne‐Marie Nicol', 'Nicol, Anne-Marie']",69,667,15,8,Health Sciences,anne‐marie,nicol,n,anne‐marie nicol,A5110840814,a nicol
A5048956931,,Philip F. Skiba,"['P. Skiba', 'PHILIP F. SKIBA', 'PHILIP FRIERE SKIBA', 'PHILIP SKIBA', 'Philip F. Skiba', 'Philip Friere Skiba', 'Philip Skiba']",47,1273,13,11,Health Sciences,philip f.,skiba,s,philip f. skiba,A5048956931,p skiba
A5111270872,,Edward Park,"['E. Park', 'Edward Park']",4,17,2,4,Physical Sciences,edward,park,p,edward park,A5111270872,e park
A5001691873,,Fiona Margaret. MacKellar,"['Fiona Mackellar', 'Fiona Margaret. MacKellar']",2,0,0,7,Social Sciences,fiona margaret.,mackellar,m,fiona margaret. mackellar,A5001691873,f mackellar
A5118176700,,Aminat Babayode,['Aminat Babayode'],1,0,0,1,Social Sciences,aminat,babayode,b,aminat babayode,A5118176700,a babayode
A5097334888,,Grant A. Stebner,['Grant A. Stebner'],1,1,1,1,Social Sciences,grant a.,stebner,s,grant a. stebner,A5097334888,g stebner
A5082579402,https://orcid.org/0000-0002-7857-9476,Arash Shahin,"['A Shahin', 'A. Shahin', 'ARASH SHAHIN', 'Arash  Shahin', 'Arash SHAHIN', 'Arash Shahin', 'Shahin Arash', 'Shahin, Arash', 'arash Shahin']",341,4587,33,13,Social Sciences,arash,shahin,s,arash shahin,A5082579402,a shahin
A5104543116,https://orcid.org/0000-0002-1014-234X,Ilvy Goossens,['Ilvy Goossens'],4,30,2,2,Social Sciences,ilvy,goossens,g,ilvy goossens,A5104543116,i goossens
A5108687252,,Melissa M. Ayling,['Melissa M. Ayling'],2,0,0,1,Social Sciences,melissa m.,ayling,a,melissa m. ayling,A5108687252,m ayling
A5057620913,https://orcid.org/0000-0001-6052-404X,Chuxiang Liu,"['C.C. Liu', 'Chang Liu', 'Chuxiang Liu']",4,25,2,7,Life Sciences,chuxiang,liu,l,chuxiang liu,A5057620913,c liu
A5064388924,https://orcid.org/0000-0002-2082-8548,Paige Tuttösí,"['Paige Tuttösí', 'Tuttosı, Paige', 'Tuttösí, Paige']",16,36,4,5,Social Sciences,paige,tuttösí,t,paige tuttösí,A5064388924,p tuttösí
A5007182790,,Stephen N. Robinovich,['Stephen N. Robinovich'],1,4,1,1,Life Sciences,stephen n.,robinovich,r,stephen n. robinovich,A5007182790,s robinovich
A5068039658,https://orcid.org/0000-0002-2980-1798,S. D. Golding,"['Golding, S. D.', 'Golding, SM', 'Golding, Suzanne D', 'Golding, Suzanne D.', 'S D Golding', 'S GOLDING', 'S Golding', 'S. D. GOLDING', 'S. D. Golding', 'S. Golding', 'S.D Golding', 'S.D. Golding', 'Suzanne D Golding', 'Suzanne D. Golding', 'Suzanne Golding']",345,8467,51,10,Physical Sciences,s. d.,golding,g,s. d. golding,A5068039658,s golding
A5031602501,https://orcid.org/0000-0002-6656-5544,Marie Rekkas,"['M. Rekkas', 'Marie Rekkas', 'Rekkas, Marie']",27,287,7,3,Physical Sciences,marie,rekkas,r,marie rekkas,A5031602501,m rekkas
A5086804323,,Jialei Zang,"['J. Zang', 'Jialei Zang', 'Jinhui Zang']",4,20,2,4,Physical Sciences,jialei,zang,z,jialei zang,A5086804323,j zang
A5015109724,,Sara El-Sayed,"['El-Sayed, Sara', 'Sara El-Sayed']",13,101,7,12,Life Sciences,sara,el-sayed,e,sara el-sayed,A5015109724,s el-sayed
A5070971462,,Guo Liang Gan,['Guo Liang Gan'],3,5,2,1,Life Sciences,guo liang,gan,g,guo liang gan,A5070971462,g gan
A5092564914,,Katarina Hiebert,['Katarina Hiebert'],1,0,0,4,Social Sciences,katarina,hiebert,h,katarina hiebert,A5092564914,k hiebert
A5001779895,,Guillaume Marteau,"['G. Marteau', 'Guillaume Marteau']",3,0,0,1,Health Sciences,guillaume,marteau,m,guillaume marteau,A5001779895,g marteau
A5053298356,,Eline De Rooij,"['De Rooij, Eline', 'Eline Adriane de Rooij', 'Eline De Rooij', 'Eline de Rooij', 'de Rooij, Eline']",11,19,2,4,Social Sciences,eline de,rooij,r,eline de rooij,A5053298356,e rooij
A5071862427,,Vernie Aguda,['Vernie Aguda'],21,386,5,12,Life Sciences,vernie,aguda,a,vernie aguda,A5071862427,v aguda
A5051397053,,Jonas Stoll,['Jonas Stoll'],9,69,4,2,Physical Sciences,jonas,stoll,s,jonas stoll,A5051397053,j stoll
A5001604675,https://orcid.org/0000-0002-8376-5476,Michael J. Malick,"['MJ Malick', 'Malick, Michael', 'Malick, Michael J.', 'Michael J Malick', 'Michael J. Malick', 'Michael Malick']",42,631,14,9,Physical Sciences,michael j.,malick,m,michael j. malick,A5001604675,m malick
A5114224866,,Nuwan Dewapriya,"['Dewapriya, Nuwan', 'Nuwan Dewapriya']",7,0,0,2,Physical Sciences,nuwan,dewapriya,d,nuwan dewapriya,A5114224866,n dewapriya
A5087889379,,Amanda M. Makosso,"['Amanda M. Makosso', 'Amanda Makosso']",2,8,2,1,Social Sciences,amanda m.,makosso,m,amanda m. makosso,A5087889379,a makosso
A5041929148,,Monica Tang,['Monica Tang'],3,1,1,1,Social Sciences,monica,tang,t,monica tang,A5041929148,m tang
A5107013738,,A. Mohaghegi,['A. Mohaghegi'],1,0,0,1,Physical Sciences,a.,mohaghegi,m,a. mohaghegi,A5107013738,a mohaghegi
A5047947187,,Kimberly van der Hoek,['Kimberly van der Hoek'],4,165,4,7,Health Sciences,kimberly van der,hoek,h,kimberly van der hoek,A5047947187,k hoek
A5113304894,,Xinyue Pang,['Xinyue Pang'],1,0,0,1,Social Sciences,xinyue,pang,p,xinyue pang,A5113304894,x pang
A5058844042,,Wanhayoi Geng,['Wanhayoi Geng'],1,39,1,1,Physical Sciences,wanhayoi,geng,g,wanhayoi geng,A5058844042,w geng
A5138708417,,Douglas Kellner,['Douglas Kellner'],1,0,0,1,Social Sciences,douglas,kellner,k,douglas kellner,A5138708417,d kellner
A5030471467,https://orcid.org/0000-0002-8203-724X,Ben Klassen,"['B Klassen', 'Ben Klassen', 'Benjamin J. Klassen', 'Benjamin Klassen', 'Klassen, Ben']",52,420,12,5,Social Sciences,ben,klassen,k,ben klassen,A5030471467,b klassen
A5012965719,,Po-Teng Kao,['Po-Teng Kao'],1,0,0,1,Social Sciences,po-teng,kao,k,po-teng kao,A5012965719,p kao
A5018492442,,Harry Deng,['Harry Deng'],1,0,0,1,Social Sciences,harry,deng,d,harry deng,A5018492442,h deng
A5052611213,https://orcid.org/0000-0002-4195-6776,Alex Xanthoudakis,['Alex Xanthoudakis'],2,3,1,1,Social Sciences,alex,xanthoudakis,x,alex xanthoudakis,A5052611213,a xanthoudakis
A5110248522,,DA Patterson,['DA Patterson'],6,50,5,2,Physical Sciences,da,patterson,p,da patterson,A5110248522,d patterson
A5025492673,https://orcid.org/0000-0002-0548-891X,Madeline Iseminger,"['M. Iseminger', 'Madeline Iseminger']",7,6,1,3,Health Sciences,madeline,iseminger,i,madeline iseminger,A5025492673,m iseminger
A5071744314,,Kim Hoskins,"['Kim Hoskins', 'Kim P. Hoskins']",3,7,2,3,Health Sciences,kim,hoskins,h,kim hoskins,A5071744314,k hoskins
A5106477490,,Sophia Phillips Sproule,['Sophia Phillips Sproule'],1,9,1,2,Life Sciences,sophia phillips,sproule,s,sophia phillips sproule,A5106477490,s sproule
A5110946665,,Ric E Hohn,['Ric E Hohn'],1,1,1,1,Health Sciences,ric e,hohn,h,ric e hohn,A5110946665,r hohn
A5027435122,https://orcid.org/0000-0001-7380-5414,Yutaro Izumi,['Yutaro Izumi'],9,24,3,9,Social Sciences,yutaro,izumi,i,yutaro izumi,A5027435122,y izumi
A5017485323,https://orcid.org/0000-0002-7575-1015,Rabeya Begum,"['Dr. Rabeya Begum', 'R Begum', 'R. Begum', 'Rabeya Begum']",44,55,4,12,Social Sciences,rabeya,begum,b,rabeya begum,A5017485323,r begum
A5027555333,,Linda Jussaume,['Linda Jussaume'],5,50,4,5,Health Sciences,linda,jussaume,j,linda jussaume,A5027555333,l jussaume
A5103743428,,Justin Atkinson,['Justin Atkinson'],1,8,1,2,Social Sciences,justin,atkinson,a,justin atkinson,A5103743428,j atkinson
A5031766992,https://orcid.org/0000-0001-6409-1579,Morgan Price,"['M. Price', 'Morgan Price', 'Price Morgan']",101,1705,19,16,Health Sciences,morgan,price,p,morgan price,A5031766992,m price
A5081260847,,Chie Hanaoka,"['Chie Hanaoka', 'HANAOKA, Chie', 'Hanaoka, Chie']",25,537,6,18,Life Sciences,chie,hanaoka,h,chie hanaoka,A5081260847,c hanaoka
A5113931434,,Ezzat A. Fattah,"['E. A. Fattah', 'EZZAT A. FATTAH', 'Ezzat A. Fattah', 'Ezzat Abdel Fattah', 'Ezzat Fattah', 'Fattah, Ezzat Abdel']",94,1174,15,6,Social Sciences,ezzat a.,fattah,f,ezzat a. fattah,A5113931434,e fattah
A5102760369,https://orcid.org/0009-0001-9952-5768,Mirza Faisal Beg,"['Beg, Mirza Faisal', 'Mirza Faisal Beg']",13,13,2,1,Health Sciences,mirza faisal,beg,b,mirza faisal beg,A5102760369,m beg
A5046423982,,Isabelle Kim,['Isabelle Kim'],2,0,0,2,Social Sciences,isabelle,kim,k,isabelle kim,A5046423982,i kim
A5100360129,https://orcid.org/0000-0002-8021-4951,Ke Wang,"['Ke Wang', 'Wang, Ke']",67,3820,22,7,Physical Sciences,ke,wang,w,ke wang,A5100360129,k wang
A5022846536,https://orcid.org/0000-0001-9453-5898,Carson O. Zellmann-Parrotta,"['Carson O. Zellmann-Parrotta', 'Carson O. Zellmann‐Parrotta', 'Carson Zellmann-Parrotta']",6,9,2,2,Physical Sciences,carson o.,zellmann-parrotta,z,carson o. zellmann-parrotta,A5022846536,c zellmann-parrotta
A5048445575,,Jason Livingston,['Jason Livingston'],2,32,1,1,Physical Sciences,jason,livingston,l,jason livingston,A5048445575,j livingston
A5053526438,https://orcid.org/0000-0002-5105-1188,Aura Elisa Quiñones Li,"['Aura Elisa Quiñones Li', 'Aura Elisa Quiñones', 'Aura Elisa Quiñones Li', 'Aura Elisa Quiñones Li,', 'Aura Quiñones', 'Aura Quiñones Li', 'Quiñones Li Aura Elisa']",32,91,6,7,Social Sciences,aura elisa quiñones,li,l,aura elisa quiñones li,A5053526438,a li
A5092009942,,Liam Buirs,['Liam Buirs'],5,72,5,3,Life Sciences,liam,buirs,b,liam buirs,A5092009942,l buirs
A5031957606,,Cécile Loyen,['Cécile Loyen'],3,0,0,3,Social Sciences,cécile,loyen,l,cécile loyen,A5031957606,c loyen
A5011390842,,Dave Chang,['Dave Chang'],3,5,2,2,Social Sciences,dave,chang,c,dave chang,A5011390842,d chang
A5107606869,,Sean K.T. Gaiesky,['Sean K.T. Gaiesky'],1,0,0,1,Life Sciences,sean k.t.,gaiesky,g,sean k.t. gaiesky,A5107606869,s gaiesky
A5111449300,,Mohammad H. Rezaie,['Mohammad H. Rezaie'],2,3,1,1,Life Sciences,mohammad h.,rezaie,r,mohammad h. rezaie,A5111449300,m rezaie
A5047403322,,Ramy ElMallah,['Ramy ElMallah'],1,16,1,2,Physical Sciences,ramy,elmallah,e,ramy elmallah,A5047403322,r elmallah
A5074257141,,D. Stead,['D. Stead'],1,1,1,1,Physical Sciences,d.,stead,s,d. stead,A5074257141,d stead
A5091574652,https://orcid.org/0000-0002-8902-3297,James Zhou,"['J. Zhou', 'James H.-W. Zhou', 'James H.‐W. Zhou', 'James Zhou']",18,116,6,4,Physical Sciences,james,zhou,z,james zhou,A5091574652,j zhou
A5009764133,https://orcid.org/0000-0002-4499-9261,Yves Colombe,"['Colombe, Y', 'Colombe, Y.', 'Colombe, Yves', 'Y Colombe', 'Y. Colombe', 'Yves Colombe']",65,2750,19,12,Physical Sciences,yves,colombe,c,yves colombe,A5009764133,y colombe
A5085491729,https://orcid.org/0000-0002-9176-8300,Ali Rıza Güngen,"['Ali Riza Gungen', 'Ali Riza Güngen', 'Ali Rıza Güngen', 'Ali\xa0Rıza Güngen', 'Güngen, Ali, Rıza']",37,228,7,5,Social Sciences,ali rıza,güngen,g,ali rıza güngen,A5085491729,a güngen
A5109262678,,Heather Spence,"['H Spence', 'Heather K Spence', 'Heather Spence']",14,290,9,10,Social Sciences,heather,spence,s,heather spence,A5109262678,h spence
A5080630073,https://orcid.org/0000-0001-6288-8445,Gary H. Perdew,"['G H Perdew', 'G PERDEW', 'G. H. Perdew', 'G. Perdew', 'G.H. Perdew', 'GARY H. PERDEW', 'Gary  H. Perdew', 'Gary H Perdew', 'Gary H. PERDEW', 'Gary H. Perdew', 'Gary H. Perdew (336202)', 'Gary H. Perdew PhD', 'Gary Perdew', 'Gary.H. Perdew', 'Perdew, Gary H.']",258,17484,72,17,Physical Sciences,gary h.,perdew,p,gary h. perdew,A5080630073,g perdew
A5060930517,,Annette Berndt,"['Annette Berndt', 'Berndt, Annette']",68,932,11,11,Social Sciences,annette,berndt,b,annette berndt,A5060930517,a berndt
A5047701001,https://orcid.org/0009-0009-4480-301X,Kyle Dumont,"['Dumont, Kyle', 'Kyle D. Dumont', 'Kyle Dumont']",13,50,3,3,Physical Sciences,kyle,dumont,d,kyle dumont,A5047701001,k dumont
A5061198819,,Hollis Owens,"['H Owens', 'H. Owens', 'Hollis Owens', 'Owens, Hollis']",9,41,3,1,Physical Sciences,hollis,owens,o,hollis owens,A5061198819,h owens
A5022708255,https://orcid.org/0000-0003-1538-0424,Sean C. Godwin,"['Godwin, Sean C.', 'S. C. Godwin', 'Sean C Godwin', 'Sean C. Godwin', 'Sean Godwin', 'Sean. C. Godwin']",27,401,13,10,Life Sciences,sean c.,godwin,g,sean c. godwin,A5022708255,s godwin
A5028317795,,Olga V. Shipulina,"['Olga Shipulina', 'Olga V. Shipulina']",8,30,3,1,Physical Sciences,olga v.,shipulina,s,olga v. shipulina,A5028317795,o shipulina
A5110963386,,R. Sheehan,"['R. A. Sheehan', 'R. Sheehan', 'Ryan Sheehan', 'Sheehan, Ryan']",19,60,4,7,Physical Sciences,r.,sheehan,s,r. sheehan,A5110963386,r sheehan
A5108845523,,Maryam Momtahen,['Maryam Momtahen'],2,10,1,1,Health Sciences,maryam,momtahen,m,maryam momtahen,A5108845523,m momtahen
A5037118228,,Martin Laba,['Martin Laba'],11,18,2,1,Social Sciences,martin,laba,l,martin laba,A5037118228,m laba
A5024297629,,Max Donelan,"['J. Maxwell Donelan', 'Max Donelan']",3,18,1,1,Life Sciences,max,donelan,d,max donelan,A5024297629,m donelan
A5097926596,,Jenn McDermid,['Jenn McDermid'],4,36,3,2,Health Sciences,jenn,mcdermid,m,jenn mcdermid,A5097926596,j mcdermid
A5056155053,https://orcid.org/0000-0002-5251-0307,Kathleen Fitzpatrick,"['Alke Boss', 'Fitzpatrick, Kathleen', 'Kathleen Fitzpatrick', 'Kathleen M. Fitzpatrick']",101,1371,17,12,Social Sciences,kathleen,fitzpatrick,f,kathleen fitzpatrick,A5056155053,k fitzpatrick
A5001352948,,Natacha Roudeix,"['Natacha Roudeix', 'Roudeix, Natacha']",4,0,0,1,Social Sciences,natacha,roudeix,r,natacha roudeix,A5001352948,n roudeix
A5077295930,https://orcid.org/0000-0001-7845-6970,Pierre Leroy,"['Leroy, P.', 'P LEROY', 'P Leroy', 'P. Leroy', 'P.L. LeRoy', 'Pierre L LeRoy', 'Pierre L. LeRoy', 'Pierre LeRoy', 'Pierre Leroy']",40,216,7,17,Health Sciences,pierre,leroy,l,pierre leroy,A5077295930,p leroy
A5064720737,,Tamara Phu,['Tamara Phu'],1,8,1,1,Health Sciences,tamara,phu,p,tamara phu,A5064720737,t phu
A5048572774,https://orcid.org/0000-0003-3862-3767,Yue Wang,['Yue Wang'],6,9,2,1,Social Sciences,yue,wang,w,yue wang,A5048572774,y wang
A5010636755,,Sharon K. Malhi,['Sharon K. Malhi'],1,0,0,1,Physical Sciences,sharon k.,malhi,m,sharon k. malhi,A5010636755,s malhi
A5011213382,https://orcid.org/0000-0002-8898-0466,Özge Nilay Yalçın,"['Cristina;Cristina Zaga;Zaga', 'Ozge Nilay Yalcin', 'Ozge Yalcin', 'Yalcin, Ozge', 'Yalcin, Ozge Nilay', 'Yalcin, \x7fOzge Nilay', 'Yalçın, Özge', 'Yalçın, Özge Nilay', 'Özge Nilay Yalçin', 'Özge Nilay Yalçın', 'Ӧzge Nilay Yalcin']",57,434,9,5,Social Sciences,özge nilay,yalçın,y,özge nilay yalçın,A5011213382,ö yalçın
A5030428474,,Kelsey Duncan,"['K. R. Duncan', 'K. Rose Duncan', 'K.R. Duncan', 'Kelsey Duncan', 'Kelsey L. Duncan']",32,503,9,11,Health Sciences,kelsey,duncan,d,kelsey duncan,A5030428474,k duncan
A5110039653,,Robert B. Reeves,"['R B REEVES', 'R B Reeves', 'R Reeves', 'R. B. Reeves', 'R. Reeves', 'R.B. Reeves', 'R.Blake Reeves', 'ROBERT B. REEVES', 'Robert B. Reeves', 'Robert Blake Reeves', 'Robert Blake reeves']",65,3662,29,14,Life Sciences,robert b.,reeves,r,robert b. reeves,A5110039653,r reeves
A5089318544,,Omnia Taha,"['Omnia M. Taha', 'Omnia Taha']",6,46,3,3,Health Sciences,omnia,taha,t,omnia taha,A5089318544,o taha
A5053472736,,S. Robinovitch,['S. Robinovitch'],1,0,0,1,Health Sciences,s.,robinovitch,r,s. robinovitch,A5053472736,s robinovitch
A5093208285,,lvan V. Bajic,['lvan V. Bajic'],1,0,0,1,Physical Sciences,lvan v.,bajic,b,lvan v. bajic,A5093208285,l bajic
A5089357455,https://orcid.org/0000-0002-5987-578X,John W. Maxwell,"['J Maxwell', 'J. Maxwell', 'J. William Maxwell', 'J.W. Maxwell', 'JOHN MAXWELL', 'John Maxwell', 'John W Maxwell', 'John W. Maxwell', 'John W. S. Maxwell', 'John\xa0W. Maxwell', 'Maxwell, John', 'Maxwell, John P.', 'Maxwell, John W', 'Maxwell, John W.']",135,3465,24,17,Social Sciences,john w.,maxwell,m,john w. maxwell,A5089357455,j maxwell
A5015536732,https://orcid.org/0009-0004-2402-5365,Megan Mattes,['Megan Mattes'],3,4,1,1,Social Sciences,megan,mattes,m,megan mattes,A5015536732,m mattes
A5112840346,,Dave C Clarke,['Dave C Clarke'],1,1,1,1,Social Sciences,dave c,clarke,c,dave c clarke,A5112840346,d clarke
A5111560027,,Jana Novotná,"['J Novotna', 'J Novotná', 'J. Novotna', 'J. Novotná', 'Jana Novotna', 'Jana Novotná', 'Krawczyk, Monika', 'Novotná, Jana']",52,324,7,4,Physical Sciences,jana,novotná,n,jana novotná,A5111560027,j novotná
A5110762402,,Hai Xie,"['H. Xie', 'Hai Jiao Xie', 'Hai Jun Xie', 'Hai Xie']",12,45,4,10,Social Sciences,hai,xie,x,hai xie,A5110762402,h xie
A5094167486,,Sean James Hollingsworth,['Sean James Hollingsworth'],2,0,0,2,Social Sciences,sean james,hollingsworth,h,sean james hollingsworth,A5094167486,s hollingsworth
A5101882275,https://orcid.org/0000-0003-0208-3287,Dongya Y. Yang,['Dongya Y. Yang'],3,5,2,1,Physical Sciences,dongya y.,yang,y,dongya y. yang,A5101882275,d yang
A5027481968,,Valentin-Gabriel Soumah,"['Soumah, Valentin-Gabriel', 'Valentin-Gabriel Soumah']",7,1,1,2,Social Sciences,valentin-gabriel,soumah,s,valentin-gabriel soumah,A5027481968,v soumah
A5101798910,https://orcid.org/0000-0002-4853-2669,Pedro dos Santos,"['P. Santos', 'PEDRO DOS SANTOS', 'Pedro Dos Santos', 'Pedro H. C. dos Santos', 'Pedro Santos', 'Pedro dos Santos']",15,174,6,8,Social Sciences,pedro dos,santos,s,pedro dos santos,A5101798910,p santos
A5071964913,https://orcid.org/0000-0002-6853-6106,Anna Lukkarinen,"['Anna Lukkarinen', 'Anna Miriam Lukkarinen']",22,714,7,4,Social Sciences,anna,lukkarinen,l,anna lukkarinen,A5071964913,a lukkarinen
A5029860397,https://orcid.org/0009-0005-0453-4952,Henry A. Finn,"['H A Finn', 'H Finn', 'H. A. Finn', 'H. Finn', 'HENRY A. FINN', 'Henry A Finn', 'Henry A. Finn', 'Henry Finn']",47,1362,21,18,Health Sciences,henry a.,finn,f,henry a. finn,A5029860397,h finn
A5113413885,,Rylen Sampson,"['R.L. Sampson', 'Rylen Sampson']",2,6,2,2,Physical Sciences,rylen,sampson,s,rylen sampson,A5113413885,r sampson
A5024192852,https://orcid.org/0000-0002-1001-5316,Helena Winata,"['H. Winata', 'Haya Shaalan', 'Helena K. Winata', 'Helena Winata', 'Winata, Helena']",22,111,5,10,Life Sciences,helena,winata,w,helena winata,A5024192852,h winata
A5072888960,,Zwetelina Iliewa,"['ZWETELINA ILIEWA', 'Zwetelina Iliewa']",13,184,7,15,Social Sciences,zwetelina,iliewa,i,zwetelina iliewa,A5072888960,z iliewa
A5119410937,,Aftab Erfan,['Aftab Erfan'],1,0,0,1,Social Sciences,aftab,erfan,e,aftab erfan,A5119410937,a erfan
A5058440934,https://orcid.org/0000-0001-9908-220X,Isabela Butnar,"['Butnar, I.', 'Butnar, Isabela', 'I Butnar', 'I. Butnar', 'Isabela Butnar']",56,1802,21,12,Physical Sciences,isabela,butnar,b,isabela butnar,A5058440934,i butnar
A5111063660,,Par Kamala Todd,['Par Kamala Todd'],1,0,0,2,Social Sciences,par kamala,todd,t,par kamala todd,A5111063660,p todd
A5109594650,,Soo Woo,['Soo Woo'],1,0,0,1,Social Sciences,soo,woo,w,soo woo,A5109594650,s woo
A5079846513,,A Lee,['A Lee'],2,38,1,1,Health Sciences,a,lee,l,a lee,A5079846513,a lee
A5070188995,,Administrative Editor,['Administrative Editor'],3,31,1,8,Social Sciences,administrative,editor,e,administrative editor,A5070188995,a editor
A5049351913,,Sandra Sundhu,"['S. Sundhu', 'Sandra Sundhu']",3,41,2,9,Health Sciences,sandra,sundhu,s,sandra sundhu,A5049351913,s sundhu
A5049595323,,Yifan Wei,"['Wei, Yifan', 'Yifan Wei']",26,269,6,4,Social Sciences,yifan,wei,w,yifan wei,A5049595323,y wei
A5024205395,https://orcid.org/0000-0003-1014-318X,Tuan Thanh Dang,"['Dang Van Do', 'Dang, T.T.', 'Dang, Tuan', 'Dang, Tuan Thanh', 'T. DANG', 'T. Dang', 'T.T. Dang', 'THANH TUAN DANG', 'Thanh Tuan Dang', 'Tuan Dang', 'Tuan T. Dang', 'Tuan Thanh Dang']",155,2675,28,20,Life Sciences,tuan thanh,dang,d,tuan thanh dang,A5024205395,t dang
A5064893776,https://orcid.org/0000-0002-7804-4025,Andrew Waxman,"['Andrew R . Waxman', 'Andrew R Waxman', 'Andrew R. Waxman', 'Andrew Waxman']",29,330,9,18,Physical Sciences,andrew,waxman,w,andrew waxman,A5064893776,a waxman
A5112676925,,Yu-Yen Pan,['Yu-Yen Pan'],1,24,1,2,Physical Sciences,yu-yen,pan,p,yu-yen pan,A5112676925,y pan
A5058996841,https://orcid.org/0000-0002-8980-9062,Maarten Brinkerink,"['Brinkerink, M. (Maarten)', 'Brinkerink, Maarten', 'Maarten Brinkerink', 'Maarten\u202fBrinkerink']",537,949,13,13,Physical Sciences,maarten,brinkerink,b,maarten brinkerink,A5058996841,m brinkerink
A5006637747,https://orcid.org/0000-0003-4717-0894,Tom Culham,"['Thomas Culham', 'Tom Culham', 'Tom E. Culham', 'Tom Elwood Culham']",45,162,7,2,Social Sciences,tom,culham,c,tom culham,A5006637747,t culham
A5009690588,https://orcid.org/0000-0003-4034-0977,David Prime,"['D. Prime', 'David J Prime', 'David Prime']",15,259,7,7,Life Sciences,david,prime,p,david prime,A5009690588,d prime
A5062724706,,Melanie Weaver,"['Melanie Weaver', 'Weaver, Melanie']",4,6,1,12,Social Sciences,melanie,weaver,w,melanie weaver,A5062724706,m weaver
A5031956224,,Irene Botosaru,"['Botosaru, Irene', 'Irene Botosaru']",34,248,6,16,Social Sciences,irene,botosaru,b,irene botosaru,A5031956224,i botosaru
A5064557664,https://orcid.org/0000-0002-2811-1859,Sakshi Gautam,"['Gautam, S.', 'Gautam, Sakshi', 'S. Gautam', 'SAKSHI GAUTAM', 'Sakshi Gautam']",126,654,13,12,Physical Sciences,sakshi,gautam,g,sakshi gautam,A5064557664,s gautam
A5093888271,,Elaheh Hantoosh Zadeh,['Elaheh Hantoosh Zadeh'],1,1,1,1,Physical Sciences,elaheh hantoosh,zadeh,z,elaheh hantoosh zadeh,A5093888271,e zadeh
A5041204678,https://orcid.org/0000-0003-4993-4544,Deborah Da Costa,"['D Da Costa', 'D. Da Costa', 'DEBORAH DA COSTA', 'Da Costa, D', 'Debora Terribilli da Costa', 'Deborah Da Costa', 'Deborah da Costa']",160,4826,40,17,Health Sciences,deborah da,costa,c,deborah da costa,A5041204678,d costa
A5053198715,,Mohammad Reza Mohammadzadeh,['Mohammad Reza Mohammadzadeh'],21,499,13,2,Physical Sciences,mohammad reza,mohammadzadeh,m,mohammad reza mohammadzadeh,A5053198715,m mohammadzadeh
A5005321588,https://orcid.org/0000-0003-3534-5212,Lilach Marom,"['L Marom', 'Lilach Marom', 'Marom Lilach', 'Marom, Lilach']",38,292,10,5,Social Sciences,lilach,marom,m,lilach marom,A5005321588,l marom
A5071669840,,J. Wasowski,['J. Wasowski'],1,0,0,2,,j.,wasowski,w,j. wasowski,A5071669840,j wasowski
A5052482231,https://orcid.org/0000-0002-7344-8565,Amelia V. Hesketh,"['A. V. Hesketh', 'Amelia Hesketh', 'Amelia V. Hesketh', 'Hesketh, Amelia']",24,332,8,5,Physical Sciences,amelia v.,hesketh,h,amelia v. hesketh,A5052482231,a hesketh
A5106634120,,Andrei Frolov,"['Andrei Frolov', 'Frolov, Andrei']",2,272,2,1,Physical Sciences,andrei,frolov,f,andrei frolov,A5106634120,a frolov
A5101059506,https://orcid.org/0000-0002-4254-7261,Jianliang Wu,"['Jianliang Wu', 'Wu, Jian-liang', 'Wu, Jianliang', 'jianliang wu']",38,591,9,12,Physical Sciences,jianliang,wu,w,jianliang wu,A5101059506,j wu
A5025438361,,Braeden Klaver,"['B. Klaver', 'Braeden Klaver', 'Braeden R. A. Klaver']",8,70,3,5,Health Sciences,braeden,klaver,k,braeden klaver,A5025438361,b klaver
A5108334192,,Maria Elisa Osorio Nieto,['Maria Elisa Osorio Nieto'],4,4,1,1,Health Sciences,maria elisa osorio,nieto,n,maria elisa osorio nieto,A5108334192,m nieto
A5109341171,,Stephanie Simmons,"['S Simmons', 'S. J. Simmons', 'S. Simmons', 'Simmons S.', 'Simmons, S.', 'Simmons, Stephanie', 'Stephanie Simmons']",89,3185,24,16,Physical Sciences,stephanie,simmons,s,stephanie simmons,A5109341171,s simmons
A5094351019,,NPAtlas Team,['NPAtlas Team'],2,0,0,1,Life Sciences,npatlas,team,t,npatlas team,A5094351019,n team
A5110663526,,Rick Parent,"['Parent, Rick', 'R PARENT', 'R Parent', 'Rick Parent']",116,1008,9,6,Social Sciences,rick,parent,p,rick parent,A5110663526,r parent
A5008694512,https://orcid.org/0000-0003-0093-0358,Alexander A. Moiseev,"['A A Moiseev', 'A Moiseev', 'A. A. Moiseev', 'A. Moiseev', 'A.A. Moiseev', 'Alexander A Moiseev', 'Alexander A. Moiseev', 'Alexander Moiseev', 'Moiseev, A.', 'Moiseev, Alexander A.']",156,1810,23,16,Physical Sciences,alexander a.,moiseev,m,alexander a. moiseev,A5008694512,a moiseev
A5101544105,https://orcid.org/0000-0002-1302-7427,Ahmed Al-Rawi,"['AHMED Alrawi', 'Ahmed Al-Rawi', 'Ahmed Alrawi', 'Ahmed K. Al-Rawi', 'Ahmed Khalid Al-Rawi', 'Ahmed al-Rawi']",27,115,5,8,Social Sciences,ahmed,al-rawi,a,ahmed al-rawi,A5101544105,a al-rawi
A5114105904,,Jacob Carrigan,['Jacob Carrigan'],1,0,0,1,Physical Sciences,jacob,carrigan,c,jacob carrigan,A5114105904,j carrigan
A5030343285,https://orcid.org/0000-0001-7391-5189,Isabelle Dorsch,"['Dorsch, Isabelle', 'Isabelle Dorsch']",41,280,10,8,Social Sciences,isabelle,dorsch,d,isabelle dorsch,A5030343285,i dorsch
A5029536629,https://orcid.org/0000-0003-0251-4673,Gerhard Stoel,"['G. Stoel', 'G.L. Stoel', 'Gerhard L. Stoel', 'Gerhard Stoel']",18,347,8,8,Social Sciences,gerhard,stoel,s,gerhard stoel,A5029536629,g stoel
A5094737201,,Cassaithe Fionnuala,['Cassaithe Fionnuala'],1,0,0,7,Social Sciences,cassaithe,fionnuala,f,cassaithe fionnuala,A5094737201,c fionnuala
A5059467980,https://orcid.org/0000-0002-3599-8320,Rachel MacKay Altman,"['Altman, Rachel MacKay', 'R. Altman', 'R.M. Altman', 'Rachel Altman', 'Rachel M. Altman', 'Rachel MacKay Altman']",30,710,10,7,Physical Sciences,rachel mackay,altman,a,rachel mackay altman,A5059467980,r altman
A5113355748,,Kathleen Meszaros,"['K MESZAROS', 'Kathleen Meszaros']",3,0,0,1,Health Sciences,kathleen,meszaros,m,kathleen meszaros,A5113355748,k meszaros
A5103968975,,Kieran Egan,"['EGAN, Kieran', 'Egan, Kieran', 'KIERAN EGAN', 'Kieran Egan']",204,5177,31,6,Social Sciences,kieran,egan,e,kieran egan,A5103968975,k egan
A5041608544,https://orcid.org/0000-0002-9969-5193,Karyn Huenemann,"['KARYN HUENEMANN', 'Karyn Huenemann']",16,7,2,1,Social Sciences,karyn,huenemann,h,karyn huenemann,A5041608544,k huenemann
A5107080347,https://orcid.org/0000-0001-7568-9787,Alexander Clow,"['A. Clow', 'Alexander Clow', 'Clow, Alexander']",4,0,0,1,Social Sciences,alexander,clow,c,alexander clow,A5107080347,a clow
A5006750915,https://orcid.org/0000-0002-2414-7715,F. H. Garcia,"['F. Garcia', 'F. H. Garcia', 'F.H. Garcia', 'F.\u2009H. Garcia', 'Fatima Garcia', 'Fatima H. Garcia', 'Garcia, F. H.', 'Garcia, Fatima H.']",50,420,12,6,Physical Sciences,f. h.,garcia,g,f. h. garcia,A5006750915,f garcia
A5041157595,,Santanil Jana,"['Jana, Santanil', 'Santanil Jana']",8,4,1,2,Physical Sciences,santanil,jana,j,santanil jana,A5041157595,s jana
A5103638663,,Stephanie J. Cooper,"['Stephanie Cooper', 'Stephanie J. Cooper']",5,162,2,3,Life Sciences,stephanie j.,cooper,c,stephanie j. cooper,A5103638663,s cooper
A5043852771,https://orcid.org/0000-0003-1271-9576,Tuan‐Khoa Nguyen,"['Khoa Tuan Nguyen', 'Khoa-Nguyen Tuan', 'T. Nguyen', 'T.-K. Nguyen', 'Tuan Khoa Nguyen', 'Tuan-Khoa Nguyen', 'Tuan‐Khoa Nguyen']",126,2682,30,13,Physical Sciences,tuan‐khoa,nguyen,n,tuan‐khoa nguyen,A5043852771,t nguyen
A5088299445,,Kirstie Goodfellow,"['Goodfellow, Kirstie', 'Kirstie Goodfellow']",4,1,1,1,Social Sciences,kirstie,goodfellow,g,kirstie goodfellow,A5088299445,k goodfellow
A5057856831,,G. Hamarneh,['G. Hamarneh'],1,14,1,1,Life Sciences,g.,hamarneh,h,g. hamarneh,A5057856831,g hamarneh
A5051949366,,P. Ratnasekera,['P. Ratnasekera'],1,1,1,3,Physical Sciences,p.,ratnasekera,r,p. ratnasekera,A5051949366,p ratnasekera
A5094737204,,Henrik Åström,"['Henrik strm', 'Henrik Åström']",1,0,0,7,Social Sciences,henrik,åström,å,henrik åström,A5094737204,h åström
A5109643215,,Williams Td,"['T D WILLIAMS', 'T D Williams', 'TD Williams', 'Williams Td', 'Williams, T.D.']",13,27,3,1,Physical Sciences,williams,td,t,williams td,A5109643215,w td
A5050887765,,Catherine Tihanyi,"['CATHERINE TIHANYI', 'Catherine Tihanyi']",21,302,7,4,Social Sciences,catherine,tihanyi,t,catherine tihanyi,A5050887765,c tihanyi
A5108828256,,Ms. Michelle Nicholas,['Ms. Michelle Nicholas'],1,8,1,3,Life Sciences,ms. michelle,nicholas,n,ms. michelle nicholas,A5108828256,m nicholas
A5089961594,https://orcid.org/0000-0001-6078-3957,Victor Ginsburgh,"['GINSBURGH, Victor', 'Ginsburgh', 'Ginsburgh, Victor', 'V GINSBURGH', 'V Ginsburgh', 'V. A. Ginsburgh', 'V. Ginsburgh', 'V.A. Ginsburgh', 'VICTOR GINSBURGH', 'Victor A Ginsburgh', 'Victor A. Ginsburgh', 'Victor Ginsburgh']",398,4899,37,20,Social Sciences,victor,ginsburgh,g,victor ginsburgh,A5089961594,v ginsburgh
A5098667658,,Andreea Barbu,['Andreea Barbu'],1,4,1,1,Life Sciences,andreea,barbu,b,andreea barbu,A5098667658,a barbu
A5008736871,https://orcid.org/0000-0003-3771-0156,Steve Ko,"['S.Y. Ko', 'Steve Ko', 'Steven Y. Ko']",6,19,2,3,Physical Sciences,steve,ko,k,steve ko,A5008736871,s ko
A5008289857,https://orcid.org/0000-0002-8012-2213,Fatemeh Salehian Kia,['Fatemeh Salehian Kia'],10,131,7,4,Physical Sciences,fatemeh salehian,kia,k,fatemeh salehian kia,A5008289857,f kia
A5004598103,https://orcid.org/0009-0000-9477-3589,Tania Conte,"['Conte, Tania', 'R Russell', 'T Conte', 'T. Conte', 'Tania Conte', 'Teresa Conte']",25,217,6,12,Physical Sciences,tania,conte,c,tania conte,A5004598103,t conte
A5101967925,https://orcid.org/0000-0002-5510-809X,Ling Yue,"['Ling Yue', 'Yue Ling']",10,64,5,6,Life Sciences,ling,yue,y,ling yue,A5101967925,l yue
A5079022424,,Joyce Schneider,"['Joyce Schneider', 'Schneider, Joyce']",2,2,1,2,Social Sciences,joyce,schneider,s,joyce schneider,A5079022424,j schneider
A5008661502,https://orcid.org/0009-0008-2714-8343,A. Fournier,"['A. Fournier', 'Fournier, A.']",9,66,4,2,Physical Sciences,a.,fournier,f,a. fournier,A5008661502,a fournier
A5050482813,,Neha Shivhare,['Neha Shivhare'],6,7,1,2,Social Sciences,neha,shivhare,s,neha shivhare,A5050482813,n shivhare
A5043449782,,Bryan Chow,"['B. Chow', 'Bryan Chow']",21,469,9,11,Social Sciences,bryan,chow,c,bryan chow,A5043449782,b chow
A5040209882,,Jeremy Harder,['Jeremy Harder'],1,2,1,3,Physical Sciences,jeremy,harder,h,jeremy harder,A5040209882,j harder
A5112975305,,Juliana Besler,['Juliana Besler'],1,1,1,1,Physical Sciences,juliana,besler,b,juliana besler,A5112975305,j besler
A5027406715,,Jeffrey Reading,"['Jeffrey L Reading', 'Jeffrey Reading']",10,137,6,5,Social Sciences,jeffrey,reading,r,jeffrey reading,A5027406715,j reading
A5017996339,,Zijun Zhu,['Zijun Zhu'],6,160,2,3,Life Sciences,zijun,zhu,z,zijun zhu,A5017996339,z zhu
A5023659119,,Thewalt M.L.W.,['Thewalt M.L.W.'],1,0,0,1,Physical Sciences,thewalt,m.l.w.,m,thewalt m.l.w.,A5023659119,t m.l.w.
A5109306062,,Moore Jw,"['J W MOORE', 'J W Moore', 'JW MOORE', 'JW Moore', 'Jonathan Moore', 'Moore Jw']",29,570,9,7,Physical Sciences,moore,jw,j,moore jw,A5109306062,m jw
A5008590238,,Victor Song,"['Victor Song', 'Victor Y Song', 'Victor Y. Song']",21,103,5,2,Social Sciences,victor,song,s,victor song,A5008590238,v song
A5081296114,,Tim Baumeister,"['Baumeister, Tim', 'Tim Baumeister']",3,1,1,1,Physical Sciences,tim,baumeister,b,tim baumeister,A5081296114,t baumeister
A5059325972,https://orcid.org/0000-0002-0852-1850,Md. Rashedul Hoque,"['M Rashedul Hoque', 'M. R. Hoque', 'M. Rashedul Hoque', 'M.R. Hoque', 'Md Rashedul Hoque', 'Md. Rashedul Hoque']",16,70,6,7,Health Sciences,md. rashedul,hoque,h,md. rashedul hoque,A5059325972,m hoque
A5020077930,,J. Lee,['J. Lee'],4,18,2,1,Physical Sciences,j.,lee,l,j. lee,A5020077930,j lee
A5083077713,,Camilla Enns,['Camilla Enns'],2,0,0,1,Social Sciences,camilla,enns,e,camilla enns,A5083077713,c enns
A5050245548,https://orcid.org/0000-0001-7336-1550,Ahmed Al‐Rawi,"['AHMED AL-RAWI', 'Ahmed Al Rawi', 'Ahmed Al-Rawi', 'Ahmed Alrawi', 'Ahmed Al‐Rawi', 'Ahmed K Al-Rawi', 'Ahmed K. Al-Rawi', 'Ahmed K. al-Rawi', 'Ahmed-Al Rawi', 'Al-Rawi, Ahmed K. 1975-', 'Al-Rawi, Ahmed Khalid', 'Dr. Ahmed Al-Rawi']",198,1906,24,10,Physical Sciences,ahmed,al‐rawi,a,ahmed al‐rawi,A5050245548,a al‐rawi
A5033922432,,Claudette Lauzon,"['Claudette Lauzon', 'Lauzon, Claudette', 'Lauzon, Claudette 1969-']",18,33,3,2,Social Sciences,claudette,lauzon,l,claudette lauzon,A5033922432,c lauzon
A5098399166,,Saba Vahdatshariatpanahi,['Saba Vahdatshariatpanahi'],1,2,1,1,Health Sciences,saba,vahdatshariatpanahi,v,saba vahdatshariatpanahi,A5098399166,s vahdatshariatpanahi
A5070551363,https://orcid.org/0000-0003-3730-9733,Kurtis Stewart,"['K. Stewart', 'Kurtis Stewart', 'Stewart, Kurtis']",33,515,13,13,Health Sciences,kurtis,stewart,s,kurtis stewart,A5070551363,k stewart
A5061377171,https://orcid.org/0009-0003-7830-7985,Garth W. P. Davies,"['Davies, Garth', 'Garth Davies', 'Garth W. P. Davies', 'Garth W.P. Davies']",89,69,4,6,Physical Sciences,garth w. p.,davies,d,garth w. p. davies,A5061377171,g davies
A5102793421,https://orcid.org/0009-0005-2486-0456,Özlem Sensoy,"['O. Sensoy', 'Ozlem Sensoy', 'Sensoy, Özlem', 'ÖZLEM SENSOY', 'Özlem Sensoy']",58,926,15,4,Social Sciences,özlem,sensoy,s,özlem sensoy,A5102793421,ö sensoy
A5076763843,https://orcid.org/0000-0003-3378-2646,Afzalhussein Yusufali,"['A M Yusufali', 'A Yusufali', 'A. H. Yusufali', 'A.H. Yusufali', 'A.M. Yusufali', 'Afazalhussein Yusufali', 'AfzalHussein Yusufali', 'Afzalhusein H. Yusufali', 'Afzalhussein A Yusufali', 'Afzalhussein M Yusufali', 'Afzalhussein M. Yusufali', 'Afzalhussein Yusufali', 'Afzalhussein Yusufali, MD; MMed; FRCP', 'Annika Rosengren', 'Yusufali, A.M.', 'Yusufali, Afzalhussein', 'Álvaro Avezum']",122,13977,43,13,Health Sciences,afzalhussein,yusufali,y,afzalhussein yusufali,A5076763843,a yusufali
A5046741842,https://orcid.org/0000-0003-2389-605X,Anita Santos,"['A. C. F. B. M. SANTOS', 'A. Santos', 'A.C.J. Dos Santos', 'A.J. Santos', 'Anita Dos Santos', 'Anita Santos', 'Anita dos Santos']",58,1069,14,10,Social Sciences,anita,santos,s,anita santos,A5046741842,a santos
A5013620497,https://orcid.org/0000-0003-4594-0218,Chris Brace,"['Brace Chris', 'C Brace', 'C J Brace', 'C. Brace', 'C. J. Brace', 'C.J. Brace', 'CJ Brace', 'Chris Brace', 'Chris J Brace', 'Chris J. Brace', 'Christian Brace', 'Christian J Brace', 'Christian J. Brace']",192,2388,24,8,Physical Sciences,chris,brace,b,chris brace,A5013620497,c brace
A5102554949,,Yumeizhu Cai,['Yumeizhu Cai'],1,0,0,1,Social Sciences,yumeizhu,cai,c,yumeizhu cai,A5102554949,y cai
A5047591827,,Sharon Karsten,['Sharon Karsten'],7,11,3,3,Social Sciences,sharon,karsten,k,sharon karsten,A5047591827,s karsten
A5102685095,,Huiyi Xie,"['H. Xie', 'Huiyi XIE', 'Huiyi Xie']",5,10,2,4,Health Sciences,huiyi,xie,x,huiyi xie,A5102685095,h xie
A5073379056,,H. Xie,['H. Xie'],1,1,1,3,Health Sciences,h.,xie,x,h. xie,A5073379056,h xie
A5008798563,https://orcid.org/0000-0002-0100-7226,X. Joan Hu,"['Hu Xiangbin', 'Hu, X. Joan', 'X. JOAN HU', 'X. Joan HU', 'X. Joan Hu', 'X.\xa0Joan Hu', 'Xiangbin Hu', 'Xue Hu']",21,854,11,18,Physical Sciences,x. joan,hu,h,x. joan hu,A5008798563,x hu
A5046974643,,Matt Uganecz,['Matt Uganecz'],4,47,4,11,Physical Sciences,matt,uganecz,u,matt uganecz,A5046974643,m uganecz
A5002388407,,Jessi Steinke,"['Jessi Steinke', 'Steinke, Jessi']",5,0,0,2,Physical Sciences,jessi,steinke,s,jessi steinke,A5002388407,j steinke
A5112637734,,Cindy Xin,"['C. Xin', 'Cindy Xin', 'Cindy Xuying Xin', 'Xin, C.', 'Xin, Cindy']",28,345,7,6,Social Sciences,cindy,xin,x,cindy xin,A5112637734,c xin
A5034377824,https://orcid.org/0000-0002-0035-9203,Yan Ping Xin,"['Xin, Yan Ping', 'Y P. Xin', 'Y. Xin', 'Yan P. Xin', 'Yan Ping Xin', 'Yan Xin', 'Yan, Xin']",148,2575,25,20,Physical Sciences,yan ping,xin,x,yan ping xin,A5034377824,y xin
A5010820555,https://orcid.org/0000-0001-7519-4311,John M. Stockie,"['J.M. Stockie', 'J.M. Stockie†', 'JOHN M. STOCKIE', 'John M Stockie', 'John M. Stockie', 'John Stockie', 'Stockie, John', 'Stockie, John M.']",62,1693,20,7,Physical Sciences,john m.,stockie,s,john m. stockie,A5010820555,j stockie
A5039783615,,Valdimiro Cassule Cussei,['Valdimiro Cassule Cussei'],1,1,1,1,Physical Sciences,valdimiro cassule,cussei,c,valdimiro cassule cussei,A5039783615,v cussei
A5075274634,,Stephanie C. Stelmachuk,['Stephanie C. Stelmachuk'],1,11,1,1,Physical Sciences,stephanie c.,stelmachuk,s,stephanie c. stelmachuk,A5075274634,s stelmachuk
A5101255340,,Jennifer Xiao,['Jennifer Xiao'],3,17,3,7,Health Sciences,jennifer,xiao,x,jennifer xiao,A5101255340,j xiao
A5012970288,https://orcid.org/0000-0001-6639-7993,Jason A. Leach,"['J. A. Leach', 'J. Leach', 'J.A. Leach', 'Jason A. Leach', 'Jason Andrew Leach', 'Jason Leach', 'Leach, Jason', 'Leach, Jason A.', 'Leach, Jason Andrew']",87,1668,21,12,Physical Sciences,jason a.,leach,l,jason a. leach,A5012970288,j leach
A5090514631,https://orcid.org/0000-0003-1960-2936,Hugo Ferrari Cardoso,"['Cardoso, Hugo Eckener Dantas de Pereira [UNESP]', 'Cardoso, Hugo F.', 'Cardoso, Hugo Ferrari', 'Cardoso, Hugo Ferrari (Ed.)', 'Cardoso, Hugo Ferrari [UNESP]', 'H.F. Cardoso', 'Hugo Cardoso', 'Hugo F. Cardoso', 'Hugo Ferrari CARDOSO', 'Hugo Ferrari Cardoso']",105,307,9,15,Health Sciences,hugo ferrari,cardoso,c,hugo ferrari cardoso,A5090514631,h cardoso
A5107491666,,Kye Emond,"['Emond, Kye', 'Kye Emond']",3,4,1,1,Physical Sciences,kye,emond,e,kye emond,A5107491666,k emond
A5014608443,,Farhaan M. Khan,['Farhaan M. Khan'],1,0,0,1,Health Sciences,farhaan m.,khan,k,farhaan m. khan,A5014608443,f khan
A5074094141,https://orcid.org/0000-0001-6685-4365,Braden Walsh,"['B. Walsh', 'Braden Walsh', 'Walsh, Braden']",17,173,6,4,Physical Sciences,braden,walsh,w,braden walsh,A5074094141,b walsh
A5088663967,,Brett Zuehlke,"['Brett Zuehlke', 'Brett\xa0M. Zuehlke', 'Zuehlke, Brett']",7,180,4,3,Social Sciences,brett,zuehlke,z,brett zuehlke,A5088663967,b zuehlke
A5054776001,https://orcid.org/0000-0002-7969-1136,Xavier Pérez‐Giménez,"['Perez, Xavier', 'Perez-Gimenez, X.', 'Perez-Gimenez, Xavier', 'Pérez-Giménez, Xavier', 'X. Perez-Gimenez', 'X. Pérez-Giménez', 'XAVIER PÉREZ-GIMÉNEZ', 'Xavier Perez-Gimenez', 'Xavier Prez-Gimnez', 'Xavier Pérez', 'Xavier Pérez-Giménez', 'Xavier Pérez‐Giménez']",66,408,11,14,Physical Sciences,xavier,pérez‐giménez,p,xavier pérez‐giménez,A5054776001,x pérez‐giménez
A5089810649,,Roland Case,"['Case, Roland', 'R.B. Case', 'Roland Case']",28,1129,9,3,Social Sciences,roland,case,c,roland case,A5089810649,r case
A5112555263,https://orcid.org/0000-0001-7479-0787,Chan Hong-Mo,"['C Hong-Mo', 'C. Hong-Mo', 'CHAN HONG-MO', 'Chan Hong Mo', 'Chan Hong-Mo', 'Chan Hong-mo', 'H. Anthony Chan', 'HONG-MO CHAN', 'Hong-Mo Chan', 'Hong-Mo, Chan', 'Hong-mo Chan']",130,2501,25,18,Physical Sciences,chan,hong-mo,h,chan hong-mo,A5112555263,c hong-mo
A5102211647,https://orcid.org/0009-0009-0716-2516,Lun Li,['Lun Li'],6,11,2,4,Physical Sciences,lun,li,l,lun li,A5102211647,l li
A5014345618,,J.A. Sharp,"['J.A. Sharp', 'Joan Sharp']",1,0,0,1,Life Sciences,j.a.,sharp,s,j.a. sharp,A5014345618,j sharp
A5022194848,https://orcid.org/0000-0001-9870-912X,Jose Pizarro,"['J. Pizarro', 'Jose Pizarro', 'Pizarro, J.', 'Pizarro, Jose']",16,40,4,7,Social Sciences,jose,pizarro,p,jose pizarro,A5022194848,j pizarro
A5092063569,,Numaira Obaid,['Numaira Obaid'],4,6,2,2,Health Sciences,numaira,obaid,o,numaira obaid,A5092063569,n obaid
A5114907476,,Jacob Angelozzi,['Jacob Angelozzi'],2,0,0,1,Life Sciences,jacob,angelozzi,a,jacob angelozzi,A5114907476,j angelozzi
A5053576662,,Radhakrishnan Sabarinathan,"['Borislav C. Rusev', 'Radhakrishnan Sabarinathan']",49,9445,14,9,Life Sciences,radhakrishnan,sabarinathan,s,radhakrishnan sabarinathan,A5053576662,r sabarinathan
A5085495873,,Ivan S Gill,"['Ivan S Gill', 'Ivan\xa0S Gill']",2,5,1,2,Health Sciences,ivan s,gill,g,ivan s gill,A5085495873,i gill
A5013167809,,A. George Alder,"['A. George Alder', 'Alder, A.', 'Alder, A. George']",11,73,3,4,Social Sciences,a. george,alder,a,a. george alder,A5013167809,a alder
A5029341971,,Skye Augustine,['Skye Augustine'],2,65,2,2,Physical Sciences,skye,augustine,a,skye augustine,A5029341971,s augustine
A5114907477,,Gavin Theys,['Gavin Theys'],2,0,0,1,Life Sciences,gavin,theys,t,gavin theys,A5114907477,g theys
A5007112989,https://orcid.org/0000-0003-1742-4849,G. Gary Wang,"['G. Gary Wang', 'Guangtong Wang', 'Guangyang Wang', 'Wang, G. Gary', 'Wang, Guangtong']",19,153,5,3,Physical Sciences,g. gary,wang,w,g. gary wang,A5007112989,g wang
A5099161401,,Allen Tung,['Allen Tung'],1,0,0,3,Social Sciences,allen,tung,t,allen tung,A5099161401,a tung
A5077779935,https://orcid.org/0000-0003-3150-7317,Lucas Hilderbrand,['Lucas Hilderbrand'],44,545,11,5,Social Sciences,lucas,hilderbrand,h,lucas hilderbrand,A5077779935,l hilderbrand
A5089315035,https://orcid.org/0000-0002-3461-9157,Elie Ritch,"['E Ritch', 'E. Ritch', 'Elie J. Ritch', 'Elie Ritch']",73,1145,13,4,Life Sciences,elie,ritch,r,elie ritch,A5089315035,e ritch
A5086373411,https://orcid.org/0000-0002-5481-5833,Ashraf Labib,"['A Labib', 'A W Labib', 'A. Labib', 'A. W. Labib', 'A. W. Labib *', 'A.W. Labib', 'Ashraf Labib', 'Ashraf W. Labib', 'Ashraf Wasfi Labib', 'Labib, A.', 'Labib, A.W.', 'Labib, Ashraf', 'ashraf labib']",214,6578,37,14,Physical Sciences,ashraf,labib,l,ashraf labib,A5086373411,a labib
A5062744892,https://orcid.org/0000-0001-5402-2975,Andrew Sixsmith,"['A J Sixsmith', 'A Sixsmith', 'A. J. Sixsmith', 'A. Sixsmith', 'A.J. Sixsmith', 'ANDREW SIXSMITH', 'Andrew J. Sixsmith', 'Andrew Sixsmith', 'Sixsmith A.', 'Sixsmith Andrew', 'Sixsmith, Andrew']",331,7052,42,20,Social Sciences,andrew,sixsmith,s,andrew sixsmith,A5062744892,a sixsmith
A5004349556,https://orcid.org/0000-0002-0271-2816,Ahmad Sedigh Baroughi,"['A. S. Baroughi', 'Ahmad Sadigh Baroughi', 'Ahmad Sedigh Baroughi']",8,82,4,3,Physical Sciences,ahmad sedigh,baroughi,b,ahmad sedigh baroughi,A5004349556,a baroughi
A5113285717,https://orcid.org/0000-0001-9552-1324,Sarah Spencer,['Sarah Spencer'],16,89,6,3,Health Sciences,sarah,spencer,s,sarah spencer,A5113285717,s spencer
A5110343277,,Emmanuel Sulle,"['Emmanuel B. Sulle', 'Emmanuel Sulle', 'Sulle, E.', 'Sulle, Emmanuel']",61,906,15,13,Life Sciences,emmanuel,sulle,s,emmanuel sulle,A5110343277,e sulle
A5058191075,https://orcid.org/0000-0002-1536-8858,Alexandru Paler,"['A. Paler', 'Alexandru Paler', 'Paler, Alexandru']",119,1621,17,9,Physical Sciences,alexandru,paler,p,alexandru paler,A5058191075,a paler
A5043607509,,Lauren Fridman,"['Fridman Lauren', 'Fridman, Lauren', 'L. Fridman', 'L. M. Fridman', 'Lauren Fridman']",13,37,3,4,Physical Sciences,lauren,fridman,f,lauren fridman,A5043607509,l fridman
A5102754369,https://orcid.org/0000-0002-5141-8269,Rishi Ram Ghimire,"['R. Ghimire', 'R. R. Ghimire', 'Rishi  Ram Ghimire', 'Rishi Ghimire', 'Rishi Ram Ghimire']",23,223,9,6,Physical Sciences,rishi ram,ghimire,g,rishi ram ghimire,A5102754369,r ghimire
A5113108714,,Jiawei Tian,['Jiawei Tian'],3,10,2,5,Physical Sciences,jiawei,tian,t,jiawei tian,A5113108714,j tian
A5010018624,https://orcid.org/0000-0003-4295-9132,Michael Mueller‐Smith,"['Michael Mueller-Smith', 'Michael Mueller‐Smith', 'Mueller-Smith, Michael', 'Mueller-Smith, Michael George']",47,506,12,16,Social Sciences,michael,mueller‐smith,m,michael mueller‐smith,A5010018624,m mueller‐smith
A5087269603,https://orcid.org/0000-0002-9342-8094,W. Jesse Hahm,"['Hahm, W. Jesse', 'Jesse Hahm', 'W Hahm', 'W Jesse Hahm', 'W. Hahm', 'W. J. Hahm', 'W. Jesse Hahm', 'William Hahm', 'William J. Hahm']",102,2285,22,10,Physical Sciences,w. jesse,hahm,h,w. jesse hahm,A5087269603,w hahm
A5111063659,,P Dominiak,"['P Dominiak', 'Par Lex Dominiak']",6,0,0,2,Health Sciences,p,dominiak,d,p dominiak,A5111063659,p dominiak
A5075831451,,Mar Rivera,['Mar Rivera'],17,0,0,1,Social Sciences,mar,rivera,r,mar rivera,A5075831451,m rivera
A5009654914,https://orcid.org/0000-0002-2548-5134,Mary Mawufemor Denyo,"['Denyo, Mary Mawufemor', 'Mary Mawufemor Denyo']",4,3,1,2,Social Sciences,mary mawufemor,denyo,d,mary mawufemor denyo,A5009654914,m denyo
A5044739536,,Greer Vanderbyl,['Greer Vanderbyl'],1,5,1,1,Social Sciences,greer,vanderbyl,v,greer vanderbyl,A5044739536,g vanderbyl
A5100310588,,Yuchen Han,"['Han, Yuchen', 'Yuchen Han']",13,97,4,7,Physical Sciences,yuchen,han,h,yuchen han,A5100310588,y han
A5051862077,,I. Kulin,"['I Kulin', 'I. Kulin', 'Ian Kulin', 'Kulin, Ian']",18,89,5,12,Physical Sciences,i.,kulin,k,i. kulin,A5051862077,i kulin
A5071323481,,Caio Vinicios Juvencio da Silva,"['Caio Vinicios Juvencio Silva', 'Caio Vinicios Juvencio da Silva']",6,2,1,2,Physical Sciences,caio vinicios juvencio da,silva,s,caio vinicios juvencio da silva,A5071323481,c silva
A5073936596,,Eileen Van der Flier-Keller,"['E. VAN DER FLIER-KELLER', 'E. Van Der Flier-Keller', 'E. Van der Flier-Keller', 'E. van der Flier-Keller', 'EILEEN VAN DER FLIER-KELLER', 'Eileen Van Der Flier-Keller', 'Eileen Van der Flier-Keller', 'Eileen van der Flier-Keller', 'Van der Flier-Keller, Eileen']",34,273,9,3,Physical Sciences,eileen van der,flier-keller,f,eileen van der flier-keller,A5073936596,e flier-keller
A5067158484,https://orcid.org/0000-0003-0600-7062,Nathalie Sinclair,"['N. Sinclair', 'N. Tanya Sinclair', 'Nathalie Sinclair', 'Sinclair N', 'Sinclair, Nathalie', 'Sinclair, Nathalie ca. 20./21. Jh.']",224,4086,35,13,Social Sciences,nathalie,sinclair,s,nathalie sinclair,A5067158484,n sinclair
A5009982154,https://orcid.org/0000-0002-7557-1540,Roland M. Schulz,"['Roland M. Schulz', 'Roland Schulz']",13,247,8,1,Social Sciences,roland m.,schulz,s,roland m. schulz,A5009982154,r schulz
A5027631030,,Ziqian Bai,"['Bai, Ziqian', 'Ziqian Bai']",13,219,4,2,Physical Sciences,ziqian,bai,b,ziqian bai,A5027631030,z bai
A5074599821,https://orcid.org/0000-0002-9034-8419,Henning Andersen,"['Andersen, Henning', 'Chul', 'H K Andersen', 'H. ANDERSEN', 'H. Andersen', 'H.K. Andersen', 'HENNING ANDERSEN', 'Henning Andersen', 'Henning K Andersen', 'Henning K. Andersen', 'Henning Keinke Andersen', 'Jessica 585 Albano', 'Rok Blagus']",124,4668,29,16,Physical Sciences,henning,andersen,a,henning andersen,A5074599821,h andersen
A5075505091,https://orcid.org/0000-0002-9530-8627,Amin Kabir Anaraki,"['Amin Kabir', 'Amin Kabir Anaraki']",5,653,4,3,Physical Sciences,amin kabir,anaraki,a,amin kabir anaraki,A5075505091,a anaraki
A5066241068,https://orcid.org/0000-0002-8906-1293,Amandio Vieira,"['A V Vieira', 'A Vieira', 'A. Vieira', 'A.V. Vieira', 'AMANDIO V. VIEIRA', 'AMANDIO VIEIRA', 'Amandio V. VIEIRA', 'Amandio V. Vieira', 'Amandio VIEIRA', 'Amandio Vieira', 'Amandio Vincent Vieira', 'Vieira, Amandio', 'Vieira, Amandio V.']",82,2246,18,10,Life Sciences,amandio,vieira,v,amandio vieira,A5066241068,a vieira
A5084482639,https://orcid.org/0000-0002-4616-2932,Ante Ćustić,"['A. Ćustić', 'Ante Ćustić', 'Custic, Ante', 'Ćustić, Ante']",29,133,5,4,Physical Sciences,ante,ćustić,ć,ante ćustić,A5084482639,a ćustić
A5097605900,,J. Kozáková,"['J. Kozakova', 'J. Kozáková', 'Kozáková, J.']",7,12,2,4,Physical Sciences,j.,kozáková,k,j. kozáková,A5097605900,j kozáková
A5001761578,https://orcid.org/0000-0001-7588-4910,Kevin S. Kuchinski,"['K Kuchinski', 'K. Kuchinski', 'Kevin Kuchinski', 'Kevin S Kuchinski', 'Kevin S. Kuchinski', 'Kuchinski, Kevin S.']",37,387,13,4,Health Sciences,kevin s.,kuchinski,k,kevin s. kuchinski,A5001761578,k kuchinski
A5119422519,,Priscilla Chyrva,['Priscilla Chyrva'],1,0,0,1,Physical Sciences,priscilla,chyrva,c,priscilla chyrva,A5119422519,p chyrva
A5030819239,,Annabelle Maria Kilham,['Annabelle Maria Kilham'],2,0,0,1,Physical Sciences,annabelle maria,kilham,k,annabelle maria kilham,A5030819239,a kilham
A5034050548,,Mohammadhadi Mohandes,"['Mohammadhadi Mohandes', 'Mohandes, Mohammadhadi']",2,4,1,1,Physical Sciences,mohammadhadi,mohandes,m,mohammadhadi mohandes,A5034050548,m mohandes
A5038838397,https://orcid.org/0000-0002-6770-2782,Brooke Lahneman,"['Brooke A. Lahneman', 'Brooke Lahneman', 'Lahneman, B', 'Lahneman, Brooke']",33,373,9,3,Social Sciences,brooke,lahneman,l,brooke lahneman,A5038838397,b lahneman
A5107805403,,Chris Obiodu,['Chris Obiodu'],2,0,0,2,Physical Sciences,chris,obiodu,o,chris obiodu,A5107805403,c obiodu
A5062119077,,Abram Daniel E,['Abram Daniel E'],1,0,0,1,Health Sciences,abram daniel,e,e,abram daniel e,A5062119077,a e
A5004441174,https://orcid.org/0000-0003-0287-9672,Lovedeep Gondara,"['Gondara, Lovedeep', 'L Gondara', 'L. Gondara', 'Lovedeep Gondara']",76,838,12,14,Health Sciences,lovedeep,gondara,g,lovedeep gondara,A5004441174,l gondara
A5109005649,,P. Meyer,"['P. Meyer', 'Paul Meyer']",15,202,5,4,Physical Sciences,p.,meyer,m,p. meyer,A5109005649,p meyer
A5092090987,,Makaela Prentice,['Makaela Prentice'],1,0,0,1,Social Sciences,makaela,prentice,p,makaela prentice,A5092090987,m prentice
A5001893229,https://orcid.org/0000-0002-6749-176X,Jiayun Yao,"['Jiayun Angela Yao', 'Jiayun Angela Yao*', 'Jiayun Yao', 'Jiayun Yao*', 'Yao, Jiayun']",36,801,16,10,Physical Sciences,jiayun,yao,y,jiayun yao,A5001893229,j yao
A5107606734,,Abigail H. Feresten,['Abigail H. Feresten'],1,0,0,1,,abigail h.,feresten,f,abigail h. feresten,A5107606734,a feresten
A5031084891,,Łutsël K’é Dene First Nation,"[""Lutsël K'é Dene First Nation"", 'Łutsël K’e Dëne First Nation', 'Łutsël K’é Dene First Nation']",6,156,5,5,Social Sciences,łutsël k’é dene first,nation,n,łutsël k’é dene first nation,A5031084891,ł nation
A5109835861,,S. Beaupre,"['S. Beaupre', 'S.Beaupre']",7,55,3,2,Physical Sciences,s.,beaupre,b,s. beaupre,A5109835861,s beaupre
A5103703681,,Carole Taylor,"['C J Taylor', 'C. J. G. Taylor', 'C. J. Taylor', 'C.J. Taylor', 'Carole Taylor']",15,362,8,10,Health Sciences,carole,taylor,t,carole taylor,A5103703681,c taylor
A5011131688,https://orcid.org/0000-0003-3316-0521,Sue Black,"['Black, Sue', 'Rutty, Guy', 'S Black', 'S M Black', 'S MacLaughlin-Black', 'S. Black', 'S. M. Black', 'S. M. MacLaughlin-Black', 'S.M. Black', 'SM Black', 'SUE BLACK', 'Sue Black', 'Sue Black (MacLaughlin)', 'Sue M Black', 'Sue M. Black', 'Sue M. Maclaughlin-Black', 'Sue MacLaughlin‐Black', 'Sue Maclaughlin‐Black']",229,4176,33,19,Social Sciences,sue,black,b,sue black,A5011131688,s black
A5108552365,,Udit Pareek,"['Pareek, Udit', 'U. Pareek', 'Udit Pareek']",31,237,10,2,Physical Sciences,udit,pareek,p,udit pareek,A5108552365,u pareek
A5069700285,https://orcid.org/0000-0002-6488-5093,Ernesto Morales,"['E Morales', 'E. Morales', 'ERNESTO MORALES', 'Ernesto Arrieta Morales', 'Ernesto Morales', 'Erneﬆo Morales', 'Morales E', 'Morales, Ernesto']",121,1228,15,14,Health Sciences,ernesto,morales,m,ernesto morales,A5069700285,e morales
A5027592149,https://orcid.org/0000-0003-1023-1673,Kelsey L. Dokis-Jansen,"['Dokis-Jansen, Kelsey L', 'Kelsey L. Dokis-Jansen']",2,1,1,4,Health Sciences,kelsey l.,dokis-jansen,d,kelsey l. dokis-jansen,A5027592149,k dokis-jansen
A5102934836,https://orcid.org/0000-0001-8488-1113,Adrian Brasoveanu,"['A. Brasoveanu', 'ADRIAN BRASOVEANU', 'Adrian Brasoveanu', 'Brasoveanu, Adrian', 'Brașoveanu, Adrian M.P.']",49,1386,17,7,Social Sciences,adrian,brasoveanu,b,adrian brasoveanu,A5102934836,a brasoveanu
A5090082115,,Example,['Example'],1,0,0,1,Social Sciences,,example,e,example,A5090082115, example
A5035348662,https://orcid.org/0009-0001-3134-7993,D. M. Broun,"['Broun, D. M.', 'Broun, David', 'D M Broun', 'D. Broun', 'D. M Broun', 'D. M. Broun', 'D.M. Broun', 'D.\u2009M. Broun', 'David Broun', 'David M. Broun']",85,1569,24,4,Physical Sciences,d. m.,broun,b,d. m. broun,A5035348662,d broun
A5066229322,https://orcid.org/0000-0001-5271-0133,Katherine O’Donnell,"[""Katherine E. O'Donnell"", 'Katherine E. O’Donnell', ""Katherine O'Donnell"", 'Katherine O’Donnell', ""O'Donnell, Katherine"", 'O’Donnell, K']",11,111,5,6,Social Sciences,katherine,o’donnell,o,katherine o’donnell,A5066229322,k o’donnell
A5053435251,,Travers Travers,"['Travers', 'Travers Travers']",18,113,6,2,Social Sciences,travers,travers,t,travers travers,A5053435251,t travers
A5071665398,,Monakshi Sawhney,"['M. Sawhney', 'M.P.S. Sawhney', 'Monakshi (Mona) Sawhney', 'Monakshi Sawhney']",21,141,7,9,Health Sciences,monakshi,sawhney,s,monakshi sawhney,A5071665398,m sawhney
A5102254407,,Hye-Jin Jo,"['Hye-Jin Jo', 'HyeJin Jo', 'Hyejin Jo']",17,34,4,7,Social Sciences,hye-jin,jo,j,hye-jin jo,A5102254407,h jo
A5028551253,,Cornelia Wieman,"['Cornelia (Nel) Wieman', 'Cornelia Wieman']",14,140,7,11,Social Sciences,cornelia,wieman,w,cornelia wieman,A5028551253,c wieman
A5025802885,https://orcid.org/0000-0002-1889-7843,Scott Cloutier,"['Cloutier, Scott', 'Scott A. Cloutier', 'Scott Cloutier']",55,2841,20,13,Social Sciences,scott,cloutier,c,scott cloutier,A5025802885,s cloutier
A5026460248,,Paul Edward Dutton,"['Dutton, Paul', 'Dutton, Paul Edward', 'Dutton, Paul Edward 1952-', 'P E Dutton', 'Paul Dutton', 'Paul E. Dutton', 'Paul Edward Dutton']",87,990,16,5,Physical Sciences,paul edward,dutton,d,paul edward dutton,A5026460248,p dutton
A5004354774,https://orcid.org/0000-0003-0942-2333,Matthew Wyon,"['M. A. Wyon', 'M. Wyon', 'M.A. Wyon', 'Matthew A Wyon', 'Matthew A. Wyon', 'Matthew Alexander Wyon', 'Matthew Wyon', 'Wyon, Matthew']",114,2420,27,17,Social Sciences,matthew,wyon,w,matthew wyon,A5004354774,m wyon
A5000464508,,G. Leach,"['G. LEACH', 'G. Leach']",4,0,0,2,Social Sciences,g.,leach,l,g. leach,A5000464508,g leach
A5089918134,https://orcid.org/0000-0003-2877-6268,Nadia O’Brien,"[""N O'Brien"", ""N. O'Brien"", ""Nadia O'Brien"", 'Nadia O’Brien', 'Nadia O’brien', ""O'Brien, Nadia""]",71,1972,23,20,Health Sciences,nadia,o’brien,o,nadia o’brien,A5089918134,n o’brien
A5033887472,https://orcid.org/0000-0003-0349-8521,Márcia Pereira Alves dos Santos,"['Marcia Pereira Alves Dos Santos', 'Marcia Pereira Alves dos SANTOS', 'Marcia Pereira Alves dos Santos', 'Marcia Pereira Santos', 'MÁRCIA PEREIRA ALVES DOS SANTOS', 'Márcia P. A. dos Santos', 'Márcia P. Alves dos Santos', 'Márcia Peraira Alves dos Santos', 'Márcia Pereira Alves Dos Santos', 'Márcia Pereira Alves dos SANTOS', 'Márcia Pereira Alves dos Santos', 'Márcia Pereira Santos']",43,477,7,15,Social Sciences,márcia pereira alves dos,santos,s,márcia pereira alves dos santos,A5033887472,m santos
A5058131420,https://orcid.org/0000-0002-2951-9039,Tzu‐Yin Chen,"['Chen, Tzu-Yin', 'Chen, Tzu-Yin Kasha', 'Tzu-Yin Chen', 'Tzu-Yin Kasha Chen', 'Tzu‐Yin Chen']",64,1819,14,20,Physical Sciences,tzu‐yin,chen,c,tzu‐yin chen,A5058131420,t chen
A5093348564,,Casandra Pacholski,['Casandra Pacholski'],4,2,1,1,Social Sciences,casandra,pacholski,p,casandra pacholski,A5093348564,c pacholski
A5045966575,https://orcid.org/0000-0001-7930-969X,Jillian Campbell,"['J. Campbell', 'J. PATRICK CAMPBELL', 'J. Patrick Campbell', 'Jillian Campbell']",49,1787,17,17,Social Sciences,jillian,campbell,c,jillian campbell,A5045966575,j campbell
A5050625898,https://orcid.org/0000-0003-0673-4286,Jeff Ens,"['Ens, Jeff', 'Jeff Ens']",17,32,3,1,Physical Sciences,jeff,ens,e,jeff ens,A5050625898,j ens
A5014302761,,F. H. Garcia,"['F. H. Garcia', 'Garcia, F. H.', 'Garcia, F.H']",3,6,1,1,Physical Sciences,f. h.,garcia,g,f. h. garcia,A5014302761,f garcia
A5030089585,https://orcid.org/0000-0003-1195-9842,Vincent Di Lollo,"['S Yantis- (', 'V. Di Lollo', 'V. Dilollo', 'V. Lollo', 'VINCENT DI LOLLO', 'Vincent DI Lollo', 'Vincent Di Lollo', 'Vincent di Lollo', 'Vincent tDi Lollo']",233,9381,45,11,Life Sciences,vincent di,lollo,l,vincent di lollo,A5030089585,v lollo
A5017802263,https://orcid.org/0009-0006-8956-0961,Amanda Leddy,['Amanda Leddy'],3,1,1,4,Health Sciences,amanda,leddy,l,amanda leddy,A5017802263,a leddy
A5023084721,https://orcid.org/0000-0003-4562-7010,Justin Reich,"['J B REICH', 'Justin Reich', 'Kizilcec, René', 'Reich, Justin']",211,4599,29,15,Physical Sciences,justin,reich,r,justin reich,A5023084721,j reich
A5098489079,,Houman Layegh Mirhosseini,['Houman Layegh Mirhosseini'],1,4,1,1,Health Sciences,houman layegh,mirhosseini,m,houman layegh mirhosseini,A5098489079,h mirhosseini
A5089173037,https://orcid.org/0000-0002-1932-2750,Brandon Reagen,"['Antonio Barbalace', 'Brandon Reagen', 'Reagen, Brandon', 'Zahra Ghodsi']",115,3779,22,17,Physical Sciences,brandon,reagen,r,brandon reagen,A5089173037,b reagen
A5032465711,,Regiane Garcia,"['Garcia, Regiane', 'Garcia, Regiane Alves', 'Regiane A. Garcia', 'Regiane Alves Garcia', 'Regiane Garcia']",16,52,5,8,Social Sciences,regiane,garcia,g,regiane garcia,A5032465711,r garcia
A5019164097,https://orcid.org/0000-0001-8151-4625,Simon Fraser,['Simon Fraser'],11,46,2,9,Physical Sciences,simon,fraser,f,simon fraser,A5019164097,s fraser
A5103294890,,Richard D. Wright,"['R. D. Wright', 'R.D. Wright', 'Richard D. Wright']",30,344,9,9,Physical Sciences,richard d.,wright,w,richard d. wright,A5103294890,r wright
A5021349143,https://orcid.org/0000-0002-5808-920X,Eline A. de Rooij,"['De Rooij, Eline A.', 'E. A. de Rooij', 'Eline A. de Rooij', 'Eline Adriane de Rooij', 'de Rooij, Eline A.']",35,533,10,7,Social Sciences,eline a. de,rooij,r,eline a. de rooij,A5021349143,e rooij
A5032582185,,Risha Na,"['Na Risha', 'R S Na', 'Risha Na']",70,1029,18,8,Physical Sciences,risha,na,n,risha na,A5032582185,r na
A5005367658,https://orcid.org/0000-0001-7981-7854,Richard Buote,"['Christopher Borduas', 'R.D. Buote', 'Richard Buote', 'Richard D. Buote']",50,1262,14,10,Health Sciences,richard,buote,b,richard buote,A5005367658,r buote
A5055498983,,Kathleen Thomson,['Kathleen Thomson'],2,0,0,1,Social Sciences,kathleen,thomson,t,kathleen thomson,A5055498983,k thomson
A5082632145,,Khalil Shivji,"['Khalil Shivji', 'Shivji, Khalil']",2,5,1,1,Physical Sciences,khalil,shivji,s,khalil shivji,A5082632145,k shivji
A5052389821,,Fernando G. De Maio,"['F G De Maio', 'F. G. De Maio', 'F.G. De Maio', 'Fernando G De Maio', 'Fernando G. De Maio', 'Fernando G. de Maio']",32,1327,13,8,Social Sciences,fernando g. de,maio,m,fernando g. de maio,A5052389821,f maio
A5085501668,,Ilya Vinkovetsky,"['ILYA VINKOVETSKY', 'Ilya Vinkovetsky']",35,88,4,3,Social Sciences,ilya,vinkovetsky,v,ilya vinkovetsky,A5085501668,i vinkovetsky
A5103233923,https://orcid.org/0000-0002-5462-4041,Alba Galán,"['A Galan', 'A. Galan', 'A. Galán', 'Alba Galan', 'Alba Galán']",38,1184,17,12,Health Sciences,alba,galán,g,alba galán,A5103233923,a galán
A5086316996,,Paul Brantingham,"['Brantingham, Paul J.', 'P.L. Brantingham', 'Paul Brantingham']",14,1989,6,1,Social Sciences,paul,brantingham,b,paul brantingham,A5086316996,p brantingham
A5017191986,https://orcid.org/0009-0005-4314-3233,Magdalena Ivok,"['Ivok, Magdalena', 'Magdalena Ivok']",3,0,0,1,Life Sciences,magdalena,ivok,i,magdalena ivok,A5017191986,m ivok
A5013264456,,Suyi Dong,['Suyi Dong'],2,0,0,2,Physical Sciences,suyi,dong,d,suyi dong,A5013264456,s dong
A5005574523,,Jaydon Bains,['Jaydon Bains'],1,3,1,1,Health Sciences,jaydon,bains,b,jaydon bains,A5005574523,j bains
A5065842172,,Jennesia Pedri,"['Jennesia Pedri', 'Pedri, Jennesia']",10,19,2,1,Social Sciences,jennesia,pedri,p,jennesia pedri,A5065842172,j pedri
A5114314322,,Firas Q.J. Jumaili,['Firas Q.J. Jumaili'],1,0,0,1,Health Sciences,firas q.j.,jumaili,j,firas q.j. jumaili,A5114314322,f jumaili
A5009522303,,Perla Araiza Viramontes,['Perla Araiza Viramontes'],1,1,1,1,Social Sciences,perla araiza,viramontes,v,perla araiza viramontes,A5009522303,p viramontes
A5051887461,,Flavio Firmani,"['F. Firmani', 'Flavio Firmani']",25,543,11,3,Physical Sciences,flavio,firmani,f,flavio firmani,A5051887461,f firmani
A5100032507,,Daniela Gottschlich,['Daniela Gottschlich'],3,17,2,1,Health Sciences,daniela,gottschlich,g,daniela gottschlich,A5100032507,d gottschlich
A5093135105,,Trâm Lai-Tran,['Trâm Lai-Tran'],1,0,0,1,Social Sciences,trâm,lai-tran,l,trâm lai-tran,A5093135105,t lai-tran
A5053772564,https://orcid.org/0000-0003-3898-3447,Tomáš Vinař,"['Lubomir Tomaska', 'T. Vinar', 'TOMÁŠ VINAŘ', 'Tomas Vinar', 'Tomas Vinař', 'Tomáš Vinar', 'Tomáš VinaŘ', 'Tomáš Vinař', 'Vinar, Tomas', 'Vinař, Tomáš', 'Xiao Liu']",148,7425,28,12,Life Sciences,tomáš,vinař,v,tomáš vinař,A5053772564,t vinař
A5119417984,,Luana Carcano,['Luana Carcano'],1,1,1,1,Social Sciences,luana,carcano,c,luana carcano,A5119417984,l carcano
A5046524944,,Kyle M. Newcomb,['Kyle M. Newcomb'],1,0,0,1,Life Sciences,kyle m.,newcomb,n,kyle m. newcomb,A5046524944,k newcomb
A5101560904,https://orcid.org/0000-0003-1545-0875,J. Kvasnička,"['J Kvasnicka', 'J Kvasnička', 'J. Kvasnicka', 'J. Kvasnička', 'Jiri Kvasnicka', 'Jirí Kvasnicka', 'Jiří Kvasnička', 'Kvasnicka, J.', 'Kvasnicka, Jiri', 'Kvasnička, J.']",109,918,16,17,Physical Sciences,j.,kvasnička,k,j. kvasnička,A5101560904,j kvasnička
A5104357407,,James Reeves,"['James Reeves', 'Reeves, James']",55,117,6,3,Social Sciences,james,reeves,r,james reeves,A5104357407,j reeves
A5088084088,,Jenna Yuzwa,['Jenna Yuzwa'],3,2,1,1,Life Sciences,jenna,yuzwa,y,jenna yuzwa,A5088084088,j yuzwa
A5060135722,,Hossein Hajimirsadeghi,"['H. Hajimirsadeghi', 'Hajimirsadeghi, Hossein', 'Hossein Hajimirsadeghi']",44,535,11,3,Physical Sciences,hossein,hajimirsadeghi,h,hossein hajimirsadeghi,A5060135722,h hajimirsadeghi
A5043012441,,Habtamu Taddesse,"['Habtamu M. Taddesse', 'Habtamu Taddesse']",3,18,2,2,Social Sciences,habtamu,taddesse,t,habtamu taddesse,A5043012441,h taddesse
A5010444190,,Paloma Bhattacharjee,['Paloma Bhattacharjee'],1,0,0,1,Social Sciences,paloma,bhattacharjee,b,paloma bhattacharjee,A5010444190,p bhattacharjee
A5109427733,,YJ Kim,"['Kim, Y. J.', 'Y-J Kim', 'Y. J. Kim', 'YJ Kim']",27,119,6,12,Physical Sciences,yj,kim,k,yj kim,A5109427733,y kim
A5015575684,https://orcid.org/0009-0001-7719-5374,Julia Lane,"['Julia Helen Lane', 'Julia Lane', 'Lane, Julia', 'Lane, Julia Helen']",9,4,2,1,Social Sciences,julia,lane,l,julia lane,A5015575684,j lane
A5023954289,https://orcid.org/0000-0002-1036-6116,Jacky Barreiro,"['Jacky Barreiro', 'Jacqueline Barreiro']",10,19,3,4,Social Sciences,jacky,barreiro,b,jacky barreiro,A5023954289,j barreiro
A5075735110,,Dave Clarke,"['D.C. Clarke', 'Dave Clarke']",2,47,2,1,Health Sciences,dave,clarke,c,dave clarke,A5075735110,d clarke
A5110877475,,J Holmes,"['J Holmes', 'J. E. Holmes', 'J. Eric Holmes', 'J. Holmes', 'John E. Holmes', 'John Eric Holmes', 'John Holmes']",35,354,9,16,Health Sciences,j,holmes,h,j holmes,A5110877475,j holmes
A5018517742,https://orcid.org/0000-0001-9922-444X,Soungmin Bae,"['Bae, Soungmin', 'S Bae', 'S. Bae', 'Soungmin Bae']",39,647,11,9,Physical Sciences,soungmin,bae,b,soungmin bae,A5018517742,s bae
A5049766582,,Paul Shaker,"['PAUL SHAKER', 'Paul S. Shaker', 'Paul Shaker']",53,172,7,10,Social Sciences,paul,shaker,s,paul shaker,A5049766582,p shaker
A5022913280,https://orcid.org/0000-0002-0689-0302,Peter Eibich,"['Eibich, P.', 'Eibich, Peter', 'P Eibich', 'P. Eibich', 'Peter Eibich']",116,6969,26,15,Social Sciences,peter,eibich,e,peter eibich,A5022913280,p eibich
A5017848551,,P.-Z. Li,"['P.-Z. Li', 'Panyu Li']",3,1,1,4,Health Sciences,p.-z.,li,l,p.-z. li,A5017848551,p li
A5092091013,,Makaela Prentice,['Makaela Prentice'],1,0,0,1,Social Sciences,makaela,prentice,p,makaela prentice,A5092091013,m prentice
A5071255378,https://orcid.org/0000-0002-7245-1105,Dolors Poch Olivé,"['Dolors Poch', 'Dolors Poch Olivé', 'Dolors Poch\xa0Olivé', 'Olivé, Dolors Poch']",100,230,8,8,Social Sciences,dolors poch,olivé,o,dolors poch olivé,A5071255378,d olivé
A5067087907,https://orcid.org/0000-0003-3498-8769,Courtney van Ballegooie,['Courtney van Ballegooie'],15,191,8,7,Health Sciences,courtney van,ballegooie,b,courtney van ballegooie,A5067087907,c ballegooie
A5088808353,https://orcid.org/0000-0002-3613-0662,Sander Nederveen,"['Nederveen, Sander', 'Sander Nederveen']",6,18,2,2,Social Sciences,sander,nederveen,n,sander nederveen,A5088808353,s nederveen
A5021575514,,Élise Couture‐Grondin,"['Couture-Grondin, Élise', 'Elise Couture-Grondin', 'Élise Couture-Grondin', 'Élise Couture‐Grondin', 'Élise Couture‑Grondin']",15,16,3,3,Social Sciences,élise,couture‐grondin,c,élise couture‐grondin,A5021575514,é couture‐grondin
A5029788647,,Paul Li,['Paul Li'],25,441,8,9,Physical Sciences,paul,li,l,paul li,A5029788647,p li
A5107043699,,Yiwei Liu,['Yiwei Liu'],1,0,0,1,Social Sciences,yiwei,liu,l,yiwei liu,A5107043699,y liu
A5084860097,https://orcid.org/0000-0001-9429-7201,Alexa van der Waall,"['A. van der Waall', 'Alexa van der Waall']",7,91,5,1,Health Sciences,alexa van der,waall,w,alexa van der waall,A5084860097,a waall
A5115635382,https://orcid.org/0009-0002-3832-4900,Bridget McClarty,"['Bridget McClarty', 'McClarty, Bridget']",2,1,1,1,Social Sciences,bridget,mcclarty,m,bridget mcclarty,A5115635382,b mcclarty
A5092953252,,Matt Horrigan,['Matt Horrigan'],1,0,0,1,Social Sciences,matt,horrigan,h,matt horrigan,A5092953252,m horrigan
A5078102586,https://orcid.org/0009-0000-9963-0659,F T Najafi,"['F T Najafi', 'F. Najafi', 'F. T. Najafi', 'F.T. Najafi', 'Farshid Najafi']",22,108,5,3,Physical Sciences,f t,najafi,n,f t najafi,A5078102586,f najafi
A5076229867,,Megan Tucker,"['M TUCKER', 'M Tucker', 'M.E. Tucker', 'Megan E Tucker', 'Megan E. Tucker', 'Megan Tucker']",32,401,9,16,Health Sciences,megan,tucker,t,megan tucker,A5076229867,m tucker
A5112929892,,Makaela Prentice,['Makaela Prentice'],2,0,0,1,Social Sciences,makaela,prentice,p,makaela prentice,A5112929892,m prentice
A5112007562,,Jie Liang,"['Jie Liang', 'Jie Xiong Liang']",8,75,4,5,Life Sciences,jie,liang,l,jie liang,A5112007562,j liang
A5027346499,,Shirin Fartash Toloue,['Shirin Fartash Toloue'],10,128,5,2,Physical Sciences,shirin fartash,toloue,t,shirin fartash toloue,A5027346499,s toloue
A5092700665,,Ronda Arab,['Ronda Arab'],2,2,1,1,Social Sciences,ronda,arab,a,ronda arab,A5092700665,r arab
A5093577962,,Stephanie Odegard,['Stephanie Odegard'],1,0,0,1,Social Sciences,stephanie,odegard,o,stephanie odegard,A5093577962,s odegard
A5040783091,,S. R. Dunsiger,"['Dunsiger, S. R.', 'S. R. Dunsiger', 'S.\u2009R. Dunsiger']",10,51,3,2,Physical Sciences,s. r.,dunsiger,d,s. r. dunsiger,A5040783091,s dunsiger
A5044548229,https://orcid.org/0000-0001-5527-8489,Mike Nason,"['M. C. Nason', 'Michael Nason', 'Mike Nason', 'Nason, Michael', 'Nason, Mike']",9,15,2,7,Social Sciences,mike,nason,n,mike nason,A5044548229,m nason
A5070682181,https://orcid.org/0000-0002-3847-192X,Mitchell D. Morningstar,"['M. D. Morningstar', 'M.D. Morningstar', 'Mitchell D Morningstar', 'Mitchell D. Morningstar', 'Mitchell Morningstar', 'Morningstar, Mitchell David']",19,105,4,6,Life Sciences,mitchell d.,morningstar,m,mitchell d. morningstar,A5070682181,m morningstar
A5043341053,https://orcid.org/0000-0002-4681-7791,Paul Deane,"['Deane, Paul', 'J. P. Deane', 'J.P Deane', 'J.P. Deane', 'JP Deane', 'John Deane', 'P. Deane', 'Paul Deane']",601,5966,40,17,Physical Sciences,paul,deane,d,paul deane,A5043341053,p deane
A5025142115,,Samantha E Kaweski,"['Samantha E Kaweski', 'Samantha E. Kaweski', 'Samantha Kaweski', 'Samantha\xa0E. Kaweski']",18,358,10,6,Health Sciences,samantha e,kaweski,k,samantha e kaweski,A5025142115,s kaweski
A5020179773,,The Alzheimer’s Disease Neuroimaging Initiative,"['Initiative, The Alzheimers Disease Neuroimaging', 'Initiative, The Alzheimer’s Disease Neuroimaging', ""Initiative, the Alzheimer's Disease Neuroimaging"", 'The Alzheimers Disease Neuroimaging Initiative', 'The Alzheimer’s Disease Neuroimaging Initiative', 'The Alzheimer’s Disease Neuroimaging Initiative (ADNI)', ""the Alzheimer's Disease Neuroimaging Initiative"", ""the\xa0Alzheimer's\xa0Disease\xa0Neuroimaging\xa0Initiative""]",18,932,5,10,Physical Sciences,the alzheimer’s disease neuroimaging,initiative,i,the alzheimer’s disease neuroimaging initiative,A5020179773,t initiative
A5071349214,,N. Kinloch,['N. Kinloch'],1,0,0,2,Health Sciences,n.,kinloch,k,n. kinloch,A5071349214,n kinloch
A5018933462,https://orcid.org/0000-0003-0779-6200,Annemieke Milks,"['Annemieke Giselle Milks', 'Annemieke Milks', 'Milks, Annemieke']",40,534,13,14,Social Sciences,annemieke,milks,m,annemieke milks,A5018933462,a milks
A5016094006,,Lise Birkeland,['Lise Birkeland'],1,0,0,1,Social Sciences,lise,birkeland,b,lise birkeland,A5016094006,l birkeland
A5068923651,,Einar Gabbasov,['Einar Gabbasov'],1,1,1,1,Health Sciences,einar,gabbasov,g,einar gabbasov,A5068923651,e gabbasov
A5094176413,,Juan Paolo Dantes,['Juan Paolo Dantes'],2,0,0,4,Social Sciences,juan paolo,dantes,d,juan paolo dantes,A5094176413,j dantes
A5044416135,,Liang Diao,"['Diao, Liang', 'Liang Diao']",11,5,1,4,Social Sciences,liang,diao,d,liang diao,A5044416135,l diao
A5049566223,https://orcid.org/0000-0001-6231-2091,Fouad Brahimi,['Fouad Brahimi'],36,913,20,10,Physical Sciences,fouad,brahimi,b,fouad brahimi,A5049566223,f brahimi
A5093134137,,Kamala Todd,['Kamala Todd'],1,0,0,1,Physical Sciences,kamala,todd,t,kamala todd,A5093134137,k todd
A5107843533,,Zhenman Fang,['Zhenman Fang'],7,75,5,2,Physical Sciences,zhenman,fang,f,zhenman fang,A5107843533,z fang
A5109031966,,Nilesh Saraf,['Nilesh Saraf'],23,744,7,1,Physical Sciences,nilesh,saraf,s,nilesh saraf,A5109031966,n saraf
A5060215510,,Parham Elmi,['Parham Elmi'],1,0,0,1,Social Sciences,parham,elmi,e,parham elmi,A5060215510,p elmi
A5041424489,,Alison Beale,"['Alison Beale', 'Beale, Alison']",21,76,5,3,Social Sciences,alison,beale,b,alison beale,A5041424489,a beale
A5088860516,,Colin Buchko,"['Buchko, Colin', 'Colin Buchko']",3,0,0,1,Physical Sciences,colin,buchko,b,colin buchko,A5088860516,c buchko
A5101337307,,Chong He,"['Chong He', 'He, Chong']",4,2,1,1,Physical Sciences,chong,he,h,chong he,A5101337307,c he
A5114800443,,Amelia C. Pellaers,['Amelia C. Pellaers'],1,0,0,1,Physical Sciences,amelia c.,pellaers,p,amelia c. pellaers,A5114800443,a pellaers
A5050693968,,Adriana Nohpal,"['A Nohpal', 'A. Nohpal', 'Adriana Nohpal']",8,216,5,3,Health Sciences,adriana,nohpal,n,adriana nohpal,A5050693968,a nohpal
A5036577006,,John Lyon,"['J. Noel Lyon', 'John Lyon', 'Lyon, John']",10,59,3,2,Social Sciences,john,lyon,l,john lyon,A5036577006,j lyon
A5093134124,,Par Yushu Zhu,['Par Yushu Zhu'],1,0,0,1,Social Sciences,par yushu,zhu,z,par yushu zhu,A5093134124,p zhu
A5092711198,,Uzair Azmat,['Uzair Azmat'],1,0,0,1,Social Sciences,uzair,azmat,a,uzair azmat,A5092711198,u azmat
A5059367853,https://orcid.org/0000-0001-6519-7164,Cassondra Armstrong,"['Armstrong, Cassondra', 'C Armstrong', 'Cassondra Armstrong']",9,86,4,2,Physical Sciences,cassondra,armstrong,a,cassondra armstrong,A5059367853,c armstrong
A5102781332,https://orcid.org/0009-0003-9694-5753,Michael Chambers,"['Chambers, Michael', 'Chambers, Michael James', 'Michael Chambers', 'Michael R. Chambers']",50,927,9,18,Social Sciences,michael,chambers,c,michael chambers,A5102781332,m chambers
A5109163734,,Brian E. Conway,"['Brian Conway', 'Brian E Conway', 'Brian E. Conway', 'Brian Evans Conway', 'Brian. E. Conway']",134,12501,40,11,Physical Sciences,brian e.,conway,c,brian e. conway,A5109163734,b conway
A5087982383,https://orcid.org/0000-0002-7621-8431,Daniella Rempe,"['D. M. Rempe', 'DM Rempe', 'Daniella M Rempe', 'Daniella M. Rempe', 'Daniella Rempe', 'Rempe, Daniella', 'Rempe, Daniella M.']",164,2700,23,8,Physical Sciences,daniella,rempe,r,daniella rempe,A5087982383,d rempe
A5059869045,,Carl Washburn,['Carl Washburn'],7,41,3,4,Physical Sciences,carl,washburn,w,carl washburn,A5059869045,c washburn
A5017008432,https://orcid.org/0000-0002-1395-1185,Ji Luo,['Ji Luo'],1,0,0,1,Physical Sciences,ji,luo,l,ji luo,A5017008432,j luo
A5092630285,,N. Sefid,['N. Sefid'],1,0,0,2,Physical Sciences,n.,sefid,s,n. sefid,A5092630285,n sefid
A5084961324,https://orcid.org/0000-0001-5440-1318,Fien Depaepe,"['Depaepe, Fien', 'Fien DEPAEPE', 'Fien Depaepe', 'Karel Van Nieuwenhuyse']",271,5385,33,18,Social Sciences,fien,depaepe,d,fien depaepe,A5084961324,f depaepe
A5082536040,,Janice St. Helene,['Janice St. Helene'],2,127,2,1,Social Sciences,janice st.,helene,h,janice st. helene,A5082536040,j helene
A5108377201,,Robert Townsend,"['R F Townsend', 'R Townsend', 'R. F. Townsend', 'R. Townsend', 'R.F. Townsend', 'Robert M. Townsend', 'Robert Townsend', 'Rolando Suarez', 'Townsend, R.F.', 'Townsend, Rob F.', 'Townsend, Robert']",72,1041,17,20,Physical Sciences,robert,townsend,t,robert townsend,A5108377201,r townsend
A5033246973,https://orcid.org/0000-0003-1812-7280,Mikael Mökkönen,"['M. Mokkonen', 'Mikael Mokkonen', 'Mikael Mökkönen', 'Mokkonen, Mikael']",24,581,13,5,Life Sciences,mikael,mökkönen,m,mikael mökkönen,A5033246973,m mökkönen
A5092946721,https://orcid.org/0000-0002-8535-833X,Sean K.T. Gaiesky,"['Sean K. T. Gaiesky', 'Sean K.T. Gaiesky']",6,5,1,1,Physical Sciences,sean k.t.,gaiesky,g,sean k.t. gaiesky,A5092946721,s gaiesky
A5098784760,,Jonas Raoni,"['Jonas Raoni', 'Raoni, Jonas']",1,8,1,1,Social Sciences,jonas,raoni,r,jonas raoni,A5098784760,j raoni
A5104295755,,Jade Louise Baird,"['Baird, Jade Louise', 'Jade Louise Baird']",3,0,0,1,Health Sciences,jade louise,baird,b,jade louise baird,A5104295755,j baird
A5029110065,https://orcid.org/0000-0001-7425-8029,Ludvig af Klinteberg,"['Klinteberg, Ludvig Af', 'Klinteberg, Ludvig af', 'Ludvig Af Klinteberg', 'Ludvig af Klinteberg', 'af Klinteberg, Ludvig']",27,261,10,5,Physical Sciences,ludvig af,klinteberg,k,ludvig af klinteberg,A5029110065,l klinteberg
A5033111756,,Yunze Xie,['Yunze Xie'],1,3,1,1,Social Sciences,yunze,xie,x,yunze xie,A5033111756,y xie
A5090651235,,Rebecca B. Bateman,['Rebecca B. Bateman'],5,66,3,1,Social Sciences,rebecca b.,bateman,b,rebecca b. bateman,A5090651235,r bateman
A5044695819,,Kevin Roth,"['Kevin D. Roth', 'Kevin Roth', 'Roth, Kevin D.']",22,412,10,17,Physical Sciences,kevin,roth,r,kevin roth,A5044695819,k roth
A5077320906,https://orcid.org/0000-0002-4213-3499,Nicholas M. Tran,"['Nicholas   Tran', 'Nicholas  M. Tran', 'Nicholas M Tran', 'Nicholas M. Tran', 'Nicholas Tran', 'Tran, Nicholas', 'Tran, Nicholas Minh Abell']",72,3726,18,12,Life Sciences,nicholas m.,tran,t,nicholas m. tran,A5077320906,n tran
A5080490345,https://orcid.org/0000-0002-8398-0360,Robyn Pearce,['Robyn Pearce'],13,75,4,6,Social Sciences,robyn,pearce,p,robyn pearce,A5080490345,r pearce
A5094213737,,Nat Begg,['Nat Begg'],1,1,1,1,Social Sciences,nat,begg,b,nat begg,A5094213737,n begg
A5083055059,https://orcid.org/0000-0003-0556-3307,Abdullah Mosabbir,"['Abdullah A Mosabbir', 'Abdullah A. Mosabbir', 'Abdullah Al Mosabbir', 'Abdullah Mosabbir']",15,304,9,9,Health Sciences,abdullah,mosabbir,m,abdullah mosabbir,A5083055059,a mosabbir
A5094626479,,Sabine Levet,['Sabine Levet'],1,0,0,3,Social Sciences,sabine,levet,l,sabine levet,A5094626479,s levet
A5091617213,,Michèle Schmidt,"['Michele Schmidt', 'Michèle J. Schmidt', 'Michèle SCHMIDT', 'Michèle Schmidt', 'Schmidt, Michèle']",36,986,13,6,Social Sciences,michèle,schmidt,s,michèle schmidt,A5091617213,m schmidt
A5009024870,,D Giron Ceron,['D Giron Ceron'],1,0,0,1,Health Sciences,d giron,ceron,c,d giron ceron,A5009024870,d ceron
A5016234696,,Kogila Moodley,"['KOGILA MOODLEY', 'Kogila A. Moodley', 'Kogila MOODLEY', 'Kogila Moodley', 'Moodley K', 'Zyl Slabbert']",76,853,15,6,Social Sciences,kogila,moodley,m,kogila moodley,A5016234696,k moodley
A5004942062,https://orcid.org/0000-0003-3512-3708,Doug Stead,"['D Stead', 'D. STEAD', 'D. Stead', 'Doug Stead', 'Stead, D', 'Stead, Doug']",194,8649,50,4,Physical Sciences,doug,stead,s,doug stead,A5004942062,d stead
A5029386688,,Molly Mackay,['Molly Mackay'],1,1,1,1,Life Sciences,molly,mackay,m,molly mackay,A5029386688,m mackay
A5049686352,,Cameron McRae,"['C. Mcrae', 'Cameron F. McRae', 'Cameron McRae']",15,112,5,5,Health Sciences,cameron,mcrae,m,cameron mcrae,A5049686352,c mcrae
A5020431334,,Gaby Jensen,['Gaby Jensen'],1,0,0,1,Life Sciences,gaby,jensen,j,gaby jensen,A5020431334,g jensen
A5012876179,,Romina C. Reyes,"['R. Reyes', 'Romina C Reyes', 'Romina C. Reyes', 'Romina Reyes']",21,444,9,11,Health Sciences,romina c.,reyes,r,romina c. reyes,A5012876179,r reyes
A5109674280,,Diego Silva Lopez,['Diego Silva Lopez'],1,1,1,1,Physical Sciences,diego silva,lopez,l,diego silva lopez,A5109674280,d lopez
A5037005145,https://orcid.org/0000-0001-7904-306X,Nadish de Silva,"['Nadish de Silva', 'de Silva, Nadish']",16,53,3,2,Physical Sciences,nadish de,silva,s,nadish de silva,A5037005145,n silva
A5036248762,https://orcid.org/0000-0002-4136-4682,John Ries,"['J. C. RIES', 'J. C. Ries', 'J. Ries', 'J.C. Ries', 'JOHN C. RIES', 'John C Ries', 'John C. RIES', 'John C. Ries', 'John Ries', 'John ries', 'Mayer, Thierry', 'Ries J.', 'Ries, J  C', 'Ries, J. C.', 'Ries, John', 'Ries, John C.', 'Thierry Mayer']",280,16175,49,18,Physical Sciences,john,ries,r,john ries,A5036248762,j ries
A5080413518,https://orcid.org/0000-0002-7147-1489,Zezhong Wang,"['Wang, Zezhong', 'Zezhong Wang']",13,40,4,2,Social Sciences,zezhong,wang,w,zezhong wang,A5080413518,z wang
A5110179990,,Rick Routledge,"['RICK ROUTLEDGE', 'Rick D. Routledge', 'Rick Routledge']",19,293,7,2,Physical Sciences,rick,routledge,r,rick routledge,A5110179990,r routledge
A5109611458,,Makaela Prentice,['Makaela Prentice'],1,0,0,1,Physical Sciences,makaela,prentice,p,makaela prentice,A5109611458,m prentice
A5078644322,,Adam D. Clark-Joseph,"['ADAM D. CLARK‐JOSEPH', 'Adam D Clark-Joseph', 'Adam D. Clark-Joseph']",8,393,3,4,Social Sciences,adam d.,clark-joseph,c,adam d. clark-joseph,A5078644322,a clark-joseph
A5048131438,https://orcid.org/0000-0002-2303-4460,Vahid Hosseini,"['V Hosseini', 'V. Hosseini', 'Vahid  Hosseini', 'Vahid Hosseini', 'Vahid hosseini']",52,481,12,6,Health Sciences,vahid,hosseini,h,vahid hosseini,A5048131438,v hosseini
A5070393371,,Steven R. Harrigan,['Steven R. Harrigan'],1,13,1,1,Physical Sciences,steven r.,harrigan,h,steven r. harrigan,A5070393371,s harrigan
A5073027315,,Heather Dawkins,['Heather Dawkins'],7,43,2,3,Social Sciences,heather,dawkins,d,heather dawkins,A5073027315,h dawkins
A5077400578,,Kaelan C. Naylor,"['Kaelan C. Naylor', 'Kaelan Naylor']",4,11,1,2,Health Sciences,kaelan c.,naylor,n,kaelan c. naylor,A5077400578,k naylor
A5063415966,https://orcid.org/0000-0001-9956-2916,Jack P. Solomon,"['JACK SOLOMON', 'Jack P Solomon', 'Jack P. Solomon', 'Jack Solomon', 'Jack\xa0P. Solomon', 'Solomon, Jack', 'Solomon, Jack P.']",27,241,8,5,Social Sciences,jack p.,solomon,s,jack p. solomon,A5063415966,j solomon
A5081524343,,Laura Laura,['Laura Laura'],1,1,1,1,Social Sciences,laura,laura,l,laura laura,A5081524343,l laura
A5072310832,https://orcid.org/0000-0003-3970-9271,Janik Sielemann,['Janik Sielemann'],6,92,4,3,Life Sciences,janik,sielemann,s,janik sielemann,A5072310832,j sielemann
A5091261371,,Daniel RY Gan,['Daniel RY Gan'],2,0,0,1,Social Sciences,daniel ry,gan,g,daniel ry gan,A5091261371,d gan
A5050263160,https://orcid.org/0000-0002-1998-1190,Vinu Subashini Rajus,['Vinu Subashini Rajus'],13,337,5,3,Physical Sciences,vinu subashini,rajus,r,vinu subashini rajus,A5050263160,v rajus
A5018045901,https://orcid.org/0009-0005-6539-7103,Deepak Vembar,"['Deepak Vembar', 'Vembar, D.', 'Vembar, Deepak']",17,54,5,5,Physical Sciences,deepak,vembar,v,deepak vembar,A5018045901,d vembar
A5067300092,,Jason Stewart Alonso,['Jason Stewart Alonso'],1,7,1,1,Social Sciences,jason stewart,alonso,a,jason stewart alonso,A5067300092,j alonso
A5025481715,,Omar Nada,['Omar Nada'],6,14,1,5,Social Sciences,omar,nada,n,omar nada,A5025481715,o nada
A5101740826,https://orcid.org/0000-0003-1943-6448,Timothy Wong,['Timothy Wong'],5,9,1,5,Health Sciences,timothy,wong,w,timothy wong,A5101740826,t wong
A5106327864,,Raghava Payment,['Raghava Payment'],2,0,0,1,Life Sciences,raghava,payment,p,raghava payment,A5106327864,r payment
A5005223990,,Dara Culhane,"['Culhane, Dara', 'DARA CULHANE', 'Dara Culhane']",22,190,4,1,Social Sciences,dara,culhane,c,dara culhane,A5005223990,d culhane
A5024327358,,Jesse Campion Loth,"['Jesse Campion Loth', 'Loth, Jesse Campion']",16,14,2,3,Physical Sciences,jesse campion,loth,l,jesse campion loth,A5024327358,j loth
A5068525198,,Bridget Disini,['Bridget Disini'],1,1,1,1,Health Sciences,bridget,disini,d,bridget disini,A5068525198,b disini
A5082373398,https://orcid.org/0009-0006-3538-0041,Joseph A. Clark,"['Clark,J. A.', 'J A Clark', 'J Clark', 'J. A. Clark', 'J. Clark', 'J.A. Clark', 'Joseph A. Clark', 'Joseph Clark']",116,500,9,14,Physical Sciences,joseph a.,clark,c,joseph a. clark,A5082373398,j clark
A5067629875,https://orcid.org/0000-0002-8425-255X,Hesam Mohamadi,['Hesam Mohamadi'],3,0,0,2,Life Sciences,hesam,mohamadi,m,hesam mohamadi,A5067629875,h mohamadi
A5119412528,,Taleen Ashekian,['Taleen Ashekian'],1,0,0,2,Social Sciences,taleen,ashekian,a,taleen ashekian,A5119412528,t ashekian
A5050733708,,Igacio Calderon de la Barca,['Igacio Calderon de la Barca'],1,0,0,1,Physical Sciences,igacio calderon de la,barca,b,igacio calderon de la barca,A5050733708,i barca
A5043388887,https://orcid.org/0000-0002-3431-5911,Zheyi An,"['An, Zheyi', 'Zheyi An']",16,167,7,10,Physical Sciences,zheyi,an,a,zheyi an,A5043388887,z an
A5101422461,https://orcid.org/0000-0001-8802-2535,Sungyun Choi,"['S CHOI', 'S K Choi', 'S. Choi', 'S. K. Choi', 'Seung-yun Choi', 'Sung-Yun Choi', 'Sungyun Choi']",109,1493,21,11,Physical Sciences,sungyun,choi,c,sungyun choi,A5101422461,s choi
A5086900931,,Renaud Bougueng,"['Bougueng Renaud', 'Bougueng, Renaud', 'Renaud Bougueng']",6,20,2,1,Physical Sciences,renaud,bougueng,b,renaud bougueng,A5086900931,r bougueng
A5034097537,https://orcid.org/0000-0002-0032-7295,Gwen Bird,"['Bird, Gwen', 'G Bird', 'Gwen Bird']",16,40,3,2,Social Sciences,gwen,bird,b,gwen bird,A5034097537,g bird
A5001033788,https://orcid.org/0000-0003-2244-1897,Joris van der Hoeven,"['J. Van der Hoeven', 'J. van der Hoeven', 'JORIS VAN DER HOEVEN', 'Joris', 'Joris Hoeven', 'Joris Van Der Hoeven', 'Joris Van der Hoeven', 'Joris van der Hoeven', 'Joris van\xa0der Hoeven', 'Van Der Hoeven, Joris', 'van Der Hoeven, Joris', 'van der Hoeven, Joris']",262,2168,25,14,Physical Sciences,joris van der,hoeven,h,joris van der hoeven,A5001033788,j hoeven
A5110161050,,Yuzhen Mao,"['Mao, Yuzhen', 'Yuzhen Mao']",11,558,7,4,Physical Sciences,yuzhen,mao,m,yuzhen mao,A5110161050,y mao
A5058153703,,Alexandra Gillis,['Alexandra Gillis'],2,0,0,1,Social Sciences,alexandra,gillis,g,alexandra gillis,A5058153703,a gillis
A5013486536,https://orcid.org/0000-0002-4007-1220,R. Baartman,"['Baartman, R A', 'Baartman, R.', 'Baartman, Richard', 'R Baartman', 'R. A. Baartman', 'R. BAARTMAN', 'R. Baartman', 'R.A. Baartman', 'Richard A. Baartman', 'Richard Baartman', 'Rick Baartman']",187,1297,17,7,Physical Sciences,r.,baartman,b,r. baartman,A5013486536,r baartman
A5001300939,,Neha Claire,['Neha Claire'],1,11,1,1,Physical Sciences,neha,claire,c,neha claire,A5001300939,n claire
A5106609507,,Edana Beauvais,['Edana Beauvais'],2,4,1,1,Physical Sciences,edana,beauvais,b,edana beauvais,A5106609507,e beauvais
A5039778392,https://orcid.org/0000-0002-5500-8275,Lara Hollmann,"['Hollmann, Lara', 'Lara Hollmann']",12,410,6,3,Health Sciences,lara,hollmann,h,lara hollmann,A5039778392,l hollmann
A5049617747,https://orcid.org/0000-0001-8803-3744,Junine Toy,"['J Toy', 'Junine Toy', 'K. Junine Toy']",36,495,10,8,Health Sciences,junine,toy,t,junine toy,A5049617747,j toy
A5025288966,,John Bechoeffer,"['Bechoeffer, John', 'John Bechoeffer']",1,0,0,1,Physical Sciences,john,bechoeffer,b,john bechoeffer,A5025288966,j bechoeffer
A5025268684,,Cecilia Sierra Heredia,"['Cecilia Sierra Heredia', 'Sierra Heredia, Cecilia']",3,2,1,2,Social Sciences,cecilia sierra,heredia,h,cecilia sierra heredia,A5025268684,c heredia
A5077611536,,Clara Vada Etter,"['Clara V. Etter', 'Clara Vada Etter']",3,0,0,1,Health Sciences,clara vada,etter,e,clara vada etter,A5077611536,c etter
A5035122787,https://orcid.org/0000-0003-1580-1479,Daniel Gibson,"['D.D. Gibson', 'DANIEL D. GIBSON', 'Dan Gibson', 'Daniel D. GIBSON', 'Daniel D. Gibson', 'Daniel Gibson', 'Gibson, Dan', 'Gibson, Daniel D', 'Gibson, Daniel D.', 'THEODORE G. TOBISH']",107,1660,25,14,Physical Sciences,daniel,gibson,g,daniel gibson,A5035122787,d gibson
A5003506199,https://orcid.org/0000-0003-0173-990X,Ashley Heywood,"['Ashley A. Heywood', 'Ashley Heywood', 'Heywood, Ashley']",30,192,6,8,Health Sciences,ashley,heywood,h,ashley heywood,A5003506199,a heywood
A5073848623,https://orcid.org/0000-0003-0002-4021,Ron Borowsky,"['Borowsky, Ron', 'R Borowsky', 'R. Borowsky', 'RON BOROWSKY', 'Ron Borowsky', 'Ron W. Borowsky']",118,2334,26,8,Life Sciences,ron,borowsky,b,ron borowsky,A5073848623,r borowsky
A5021941387,https://orcid.org/0000-0002-4022-8531,Katharina Sielemann,"['Dr. Katharina Sielemann', 'K Sielemann', 'Katharina Sielemann', 'Katharina Sielemann (Frey)', 'Sielemann, Katharina']",37,355,9,8,Life Sciences,katharina,sielemann,s,katharina sielemann,A5021941387,k sielemann
A5056671744,https://orcid.org/0000-0002-4242-3664,Braeden T. Charlton,"['B. T. Charlton', 'Braeden Charlton', 'Braeden T. Charlton']",13,511,7,3,Health Sciences,braeden t.,charlton,c,braeden t. charlton,A5056671744,b charlton
A5010687375,https://orcid.org/0000-0001-9607-1003,Francesca Ferrara,"['F. Ferrara', 'Ferrara, F.', 'Ferrara, Francesca', 'Francesca Ferrara']",101,889,16,4,Social Sciences,francesca,ferrara,f,francesca ferrara,A5010687375,f ferrara
A5005074374,,Maryam Bavarian,['Maryam Bavarian'],2,19,1,1,Life Sciences,maryam,bavarian,b,maryam bavarian,A5005074374,m bavarian
A5057856505,,John Brohman,"['J Brohman', 'John Brohman']",16,1291,7,1,Social Sciences,john,brohman,b,john brohman,A5057856505,j brohman
A5057431186,,Ben Matheson,"['B Matheson', 'B. Matheson', 'Ben Matheson', 'Matheson, Ben']",15,20,2,5,Physical Sciences,ben,matheson,m,ben matheson,A5057431186,b matheson
A5002734516,,Charles Hostovsky,['Charles Hostovsky'],9,134,5,4,Physical Sciences,charles,hostovsky,h,charles hostovsky,A5002734516,c hostovsky
A5070484817,https://orcid.org/0000-0002-9493-9283,Rohit Vijh,"['R Vijh', 'R. Vijh', 'Rohit Vijh']",27,619,13,13,Health Sciences,rohit,vijh,v,rohit vijh,A5070484817,r vijh
A5093537511,,Poh Tan,['Poh Tan'],1,0,0,1,Social Sciences,poh,tan,t,poh tan,A5093537511,p tan
A5041655695,https://orcid.org/0000-0003-0988-7085,Hadia Aslam,['Hadia Aslam'],1,4,1,1,Social Sciences,hadia,aslam,a,hadia aslam,A5041655695,h aslam
A5047307935,https://orcid.org/0000-0002-8506-4657,Riccardo Salvini,"['R Salvini', 'R. SALVINI', 'R. Salvini', 'Riccardo SALVINI', 'Riccardo Salvini', 'SALVINI, R.', 'SALVINI, RICCARDO', 'Salvini', 'Salvini, Riccardo']",178,1875,22,10,Physical Sciences,riccardo,salvini,s,riccardo salvini,A5047307935,r salvini
A5073991366,,Kate Bassil,"['Bassil, Kate', 'K Bassil', 'K L Bassil', 'K. Bassil', 'Kate  L. Bassil', 'Kate Bassil', 'Kate L Bassil', 'Kate L. Bassil']",43,1460,18,14,Physical Sciences,kate,bassil,b,kate bassil,A5073991366,k bassil
A5066894564,https://orcid.org/0000-0001-8189-2132,Jonathan M. Loree,"['J Loree', 'J. Loree', 'J. M. Loree', 'J.M. Loree', 'Jonathan Loree', 'Jonathan M Loree', 'Jonathan M. Loree', 'Loree, Jonathan M.']",508,7254,43,17,Health Sciences,jonathan m.,loree,l,jonathan m. loree,A5066894564,j loree
A5007663639,https://orcid.org/0000-0003-3406-8743,Magdalena Boucher,"['Boucher, Magdalena', 'M. Boucher', 'Magdalena Boucher']",18,106,5,4,Physical Sciences,magdalena,boucher,b,magdalena boucher,A5007663639,m boucher
A5106553884,https://orcid.org/0000-0002-8870-7304,Yifan Wei,"['Wei, Y. J.', 'Y. J. Wei', 'Y.J. Wei', 'Y.\u2009J. Wei', 'Yifan Wei', 'Youqiang Wei', 'Zheng Wang']",29,1139,9,17,Physical Sciences,yifan,wei,w,yifan wei,A5106553884,y wei
A5082680867,,Ric Hohn,['Ric Hohn'],1,0,0,1,Health Sciences,ric,hohn,h,ric hohn,A5082680867,r hohn
A5078101671,https://orcid.org/0000-0001-7405-5969,John M. Levis,"['J Levis', 'J.M. Levis', 'JOHN LEVIS', 'John  M. Levis', 'John Levis', 'John M Levis', 'John M. Levis', 'John Michael Levis', 'Levis, John', 'Levis, John M.', 'Levis, John Michael']",176,6054,31,14,Social Sciences,john m.,levis,l,john m. levis,A5078101671,j levis
A5033050809,https://orcid.org/0000-0001-9631-5258,Catherine Black,"['Black, C', 'Black, Catherine M.', 'Catherine Black']",47,264,9,4,Social Sciences,catherine,black,b,catherine black,A5033050809,c black
A5100594939,,Qijian He,['Qijian He'],1,0,0,1,Life Sciences,qijian,he,h,qijian he,A5100594939,q he
A5097357926,,Kasra Masoudi,"['Kasra Masoudi', 'Masoudi, Kasra']",1,0,0,2,Physical Sciences,kasra,masoudi,m,kasra masoudi,A5097357926,k masoudi
A5044443883,,Nazanin Mehrasa,"['Mehrasa, Nazanin', 'Nazanin Mehrasa']",12,341,6,3,Physical Sciences,nazanin,mehrasa,m,nazanin mehrasa,A5044443883,n mehrasa
A5041291080,,Lois Klassen,['Lois Klassen'],3,0,0,1,Social Sciences,lois,klassen,k,lois klassen,A5041291080,l klassen
A5110947285,,Hannah Block,"['Block, Hannah', 'Hannah Block']",3,0,0,2,Social Sciences,hannah,block,b,hannah block,A5110947285,h block
A5018974735,https://orcid.org/0000-0001-7249-2823,Kate Mulligan,"['K Mulligan', 'K. Mulligan', 'Kate Mulligan', 'Mulligan, K.', 'Mulligan, K. A.']",353,1442,17,19,Social Sciences,kate,mulligan,m,kate mulligan,A5018974735,k mulligan
A5004975866,https://orcid.org/0000-0002-4625-5426,Alysha van Duynhoven,['Alysha van Duynhoven'],12,156,6,1,Physical Sciences,alysha van,duynhoven,d,alysha van duynhoven,A5004975866,a duynhoven
A5077739432,https://orcid.org/0000-0002-4169-1587,Teresa Cheung,"['T P L Cheung', 'T. Cheung', 'T.P.L. Cheung', 'Teresa Cheung', 'Teresa P L Cheung', 'Teresa P. L. Cheung', 'Teresa P.L. Cheung']",70,2114,24,12,Life Sciences,teresa,cheung,c,teresa cheung,A5077739432,t cheung
A5034176592,https://orcid.org/0000-0003-3583-2555,Ana María Herrera,"['A. M. Herrera', 'ANA MARÍA HERRERA', 'Ana Herrera', 'Ana Maria Herrera', 'Ana María Herrera', 'Herrera, Ana Maria']",63,3124,24,19,Social Sciences,ana maría,herrera,h,ana maría herrera,A5034176592,a herrera
A5009693299,https://orcid.org/0000-0001-6595-3580,Alex Zheng,"['A. Zheng', 'ALEX ZHENG', 'Alex Zheng', 'Zheng, Alex', 'Zheng, Alex (Yi Alexis)']",96,1732,20,17,Health Sciences,alex,zheng,z,alex zheng,A5009693299,a zheng
A5024661351,,Michael Datura,"['Datura, Michael', 'Michael Datura']",4,4,1,1,Social Sciences,michael,datura,d,michael datura,A5024661351,m datura
A5072640534,,Lauren N. Faulkner Rossi,['Lauren N. Faulkner Rossi'],1,0,0,1,Social Sciences,lauren n. faulkner,rossi,r,lauren n. faulkner rossi,A5072640534,l rossi
A5004200242,https://orcid.org/0000-0002-7546-4497,Samantha de Vries,['Samantha de Vries'],4,8,2,2,Physical Sciences,samantha de,vries,v,samantha de vries,A5004200242,s vries
A5106505604,https://orcid.org/0000-0001-9995-4506,Ashmita Grewal,['Ashmita Grewal'],5,4,2,1,Social Sciences,ashmita,grewal,g,ashmita grewal,A5106505604,a grewal
A5113804302,,Don Nelson,"['D Nelson', 'D. Nelson', 'Don H. Nelson', 'Don Nelson', 'Nelson, D']",35,460,11,9,Social Sciences,don,nelson,n,don nelson,A5113804302,d nelson
A5058603439,,Jeffrey van Santen,"['Jeffrey van Santen', 'van Santen, Jeffrey']",7,0,0,1,Social Sciences,jeffrey van,santen,s,jeffrey van santen,A5058603439,j santen
A5100551646,,Hanan Ali,['Hanan Ali'],5,5,1,3,Social Sciences,hanan,ali,a,hanan ali,A5100551646,h ali
A5019320412,https://orcid.org/0000-0002-2356-1690,Nattavut Suwanyangyuan,['Nattavut Suwanyangyuan'],12,112,7,3,Social Sciences,nattavut,suwanyangyuan,s,nattavut suwanyangyuan,A5019320412,n suwanyangyuan
A5030588961,https://orcid.org/0000-0003-0896-8385,Susanne Fietz,"['Fietz, Susanne', 'S Fietz', 'S. Fietz', 'S.W. Fietz', 'Susanne FIETZ', 'Susanne Fietz', 'Susanne W. Fietz']",103,1906,27,12,Physical Sciences,susanne,fietz,f,susanne fietz,A5030588961,s fietz
A5064096264,,Josh Alampi,['Josh Alampi'],1,0,0,1,Physical Sciences,josh,alampi,a,josh alampi,A5064096264,j alampi
A5078265907,https://orcid.org/0000-0003-1338-101X,Hugo F.V. Cardoso,"['Cardoso H', 'Cardoso, H. F. V.', 'Cardoso, Hugo', 'Cardoso, Hugo Filipe Violante', 'Cardoso,Hugo', 'H. F. V. Cardoso', 'H.F.V. Cardoso', 'HFV Cardoso', 'Hugo Cardoso', 'Hugo F V Cardoso', 'Hugo F. V. Cardoso', 'Hugo F.V. Cardoso', 'Hugo F.V.. Cardoso', 'Hugo FV Cardoso', 'Hugo Filipe Violante Cardoso']",129,2922,30,16,Social Sciences,hugo f.v.,cardoso,c,hugo f.v. cardoso,A5078265907,h cardoso
A5033986992,https://orcid.org/0000-0002-3059-9363,Mykola Klymenko,['Mykola Klymenko'],3,5,1,2,Physical Sciences,mykola,klymenko,k,mykola klymenko,A5033986992,m klymenko
A5070099849,https://orcid.org/0000-0002-2996-0254,Mohammad Rasoul Narimani,"['M. Narimani', 'M. Rasoul Narimani', 'M.R. Narimani', 'Mohammad Narimani', 'Mohammad R. Narimani', 'Mohammad Rasoul Narimani', 'Mohammad rasoul Narimani', 'Narimani, M. Rasoul', 'Narimani, Mohammad Rasoul']",113,4304,30,15,Physical Sciences,mohammad rasoul,narimani,n,mohammad rasoul narimani,A5070099849,m narimani
A5029337151,https://orcid.org/0000-0001-8100-3577,Tianzheng Wang,"['T. WANG', 'Tian-Zheng WANG', 'Tian-Zheng Wang', 'Tian-zheng Wang', 'Tianzheng Wang', 'Wang, Tianzheng']",70,857,17,13,Physical Sciences,tianzheng,wang,w,tianzheng wang,A5029337151,t wang
A5106055534,,Rafaella Pilo,"['Joe Dunn', 'Rafaella Pilo']",1,0,0,1,,rafaella,pilo,p,rafaella pilo,A5106055534,r pilo
A5042855825,,Vu Thuy Anh Phan,['Vu Thuy Anh Phan'],23,14,2,3,Social Sciences,vu thuy anh,phan,p,vu thuy anh phan,A5042855825,v phan
A5026562936,https://orcid.org/0000-0003-3530-4728,Marcel Mierwald,['Marcel Mierwald'],19,176,6,8,Social Sciences,marcel,mierwald,m,marcel mierwald,A5026562936,m mierwald
A5017895688,https://orcid.org/0000-0002-5683-435X,Petra Mikulan,['Petra Mikulan'],28,92,6,2,Physical Sciences,petra,mikulan,m,petra mikulan,A5017895688,p mikulan
A5008093355,https://orcid.org/0000-0002-0490-8708,Alexandra Ferrerón,"['Alexandra Ferreron', 'Alexandra Ferrerón', 'Ferreron, Alexandra']",10,29,3,4,Physical Sciences,alexandra,ferrerón,f,alexandra ferrerón,A5008093355,a ferrerón
A5044608703,,Richard Terungwa Chia,"['Richard T Chia', 'Richard Terungwa Chia']",2,3,1,1,Life Sciences,richard terungwa,chia,c,richard terungwa chia,A5044608703,r chia
A5033618412,,Kara Molgard,['Kara Molgard'],1,0,0,1,Physical Sciences,kara,molgard,m,kara molgard,A5033618412,k molgard
A5087996898,,Steven F. R. Brownlee,"['Brownlee, Steven', 'Steven Brownlee', 'Steven F. R. Brownlee', 'Steven F.R. Brownlee']",4,1,1,4,Physical Sciences,steven f. r.,brownlee,b,steven f. r. brownlee,A5087996898,s brownlee
A5041906762,https://orcid.org/0009-0002-8123-7132,Robin Jia,"['Deqing Fu', 'Jia, Robin', 'Patrick Lewis', 'R. Jia', 'Robin Jia', 'Zhu, Wang Bill']",132,6756,22,20,Physical Sciences,robin,jia,j,robin jia,A5041906762,r jia
A5112904089,,Anna Estany,"['Anna ESTANY', 'Anna Estany', 'Estany, Anna']",61,244,8,19,Social Sciences,anna,estany,e,anna estany,A5112904089,a estany
A5054475200,,Finlay MacNab,['Finlay MacNab'],1,0,0,1,Physical Sciences,finlay,macnab,m,finlay macnab,A5054475200,f macnab
A5052673546,,M. E. Hayden,['M. E. Hayden'],7,270,2,2,Physical Sciences,m. e.,hayden,h,m. e. hayden,A5052673546,m hayden
A5108986632,,D. H. Scott,"['D H Scott', 'D. H. SCOTT', 'D. H. Scott', 'D.H. SCOTT', 'D.H. Scott', 'DYLAN SCOTT', 'Devon Scott', 'Scott, D. H.']",96,700,13,19,Life Sciences,d. h.,scott,s,d. h. scott,A5108986632,d scott
A5083661805,https://orcid.org/0000-0003-3040-923X,Spencer Kiy,"['Kiy, Spencer', 'S Kiy', 'S. Kiy', 'Spencer Kiy']",12,25,3,4,Physical Sciences,spencer,kiy,k,spencer kiy,A5083661805,s kiy
A5003392868,https://orcid.org/0009-0007-0359-2442,Meghann O'Brien,"['M. F. O’Brien', ""M. O'Brien"", ""Meghann O'Brien"", ""O'Brien, Meghann""]",12,13,1,1,Life Sciences,meghann,o'brien,o,meghann o'brien,A5003392868,m o'brien
A5063488488,,Sarah Zwiep,['Sarah Zwiep'],1,2,1,1,Physical Sciences,sarah,zwiep,z,sarah zwiep,A5063488488,s zwiep
A5138729593,,Gooyong Kim,['Gooyong Kim'],1,0,0,1,Social Sciences,gooyong,kim,k,gooyong kim,A5138729593,g kim
A5109653577,,Jeremy R. Brown,"['Jeremy Brown', 'Jeremy R. Brown']",5,0,0,2,Social Sciences,jeremy r.,brown,b,jeremy r. brown,A5109653577,j brown
A5111195228,,EG Lim,['EG Lim'],1,0,0,1,Physical Sciences,eg,lim,l,eg lim,A5111195228,e lim
A5062093817,,Ed Bukszar,['Ed Bukszar'],11,93,5,3,Social Sciences,ed,bukszar,b,ed bukszar,A5062093817,e bukszar
A5102728332,,N. Arianpoo,['N. Arianpoo'],1,3,1,1,Social Sciences,n.,arianpoo,a,n. arianpoo,A5102728332,n arianpoo
A5077834707,,Amin Bahrami,"['Amin Bahrami', 'MohammadAmin Bahrami']",9,4,1,1,Physical Sciences,amin,bahrami,b,amin bahrami,A5077834707,a bahrami
A5062532823,,Sima Jamali,"['Jamali, Sima', 'Sima Jamali']",4,22,3,1,Physical Sciences,sima,jamali,j,sima jamali,A5062532823,s jamali
A5094207849,,Shabnam Molan,['Shabnam Molan'],2,0,0,1,Health Sciences,shabnam,molan,m,shabnam molan,A5094207849,s molan
A5015060939,,Kevin O’Neill,"[""K O'Neill"", ""Kevin Francis O'Neill"", ""Kevin O'Neill"", 'Kevin O’Neill']",59,111,4,11,Social Sciences,kevin,o’neill,o,kevin o’neill,A5015060939,k o’neill
A5060365634,,Thierry Fassier,"['Fassier T', 'Fassier, T.', 'Fassier, Thierry', 'T. Fassier', 'Thierry Fassier']",56,249,7,6,Life Sciences,thierry,fassier,f,thierry fassier,A5060365634,t fassier
A5093389966,,Matthew K. Edema,"['Matthew Edema', 'Matthew K. Edema']",2,1,1,2,Physical Sciences,matthew k.,edema,e,matthew k. edema,A5093389966,m edema
A5050112592,https://orcid.org/0000-0001-9738-3447,J. Scott Matthews,"['J Matthews', 'J Scott Matthews', 'J. SCOTT MATTHEWS', 'J. Scott Matthews', 'Matthews, J. Scott', 'Matthews, Scott', 'Paul Pierson', 'Scott Matthews']",55,852,13,11,Social Sciences,j. scott,matthews,m,j. scott matthews,A5050112592,j matthews
A5046127459,,Mary-Ellen Kelm,"['Kelm, Mary-Ellen', 'M. Kelm', 'M.-E. Kelm', 'Mary-Ellen Kelm']",57,503,13,11,Social Sciences,mary-ellen,kelm,k,mary-ellen kelm,A5046127459,m kelm
A5092432451,https://orcid.org/0009-0001-0345-2606,Nazmus Sakib,['Nazmus Sakib'],3,51,2,1,Physical Sciences,nazmus,sakib,s,nazmus sakib,A5092432451,n sakib
A5016796629,https://orcid.org/0000-0002-5305-7372,Manuel Lafond,"['Lafond, Manuel', 'M. Lafond', 'Manuel Lafond']",150,744,15,11,Life Sciences,manuel,lafond,l,manuel lafond,A5016796629,m lafond
A5089320677,https://orcid.org/0000-0001-6135-5903,Bryan A. Wee,"['B Wee', 'B. Wee', 'B.A. Wee', 'Bryan A Wee', 'Bryan A. Wee', 'Bryan Aidan Wee', 'Bryan Wee', 'Wee, Bryan', 'Wee, Bryan A.']",67,1262,20,7,Life Sciences,bryan a.,wee,w,bryan a. wee,A5089320677,b wee
A5088750285,https://orcid.org/0000-0002-2413-720X,Brea McCauley,['Brea McCauley'],13,49,3,1,Social Sciences,brea,mccauley,m,brea mccauley,A5088750285,b mccauley
A5109888880,,W C Hsiao,"['W C Hsiao', 'W Hsiao', 'W. Hsiao', 'Wen Chin Hsiao']",11,205,7,3,Social Sciences,w c,hsiao,h,w c hsiao,A5109888880,w hsiao
A5033213554,,Alison Y. Li,"['A.Y li', 'Alison Y Li', 'Alison Y. Li', 'Li, Aoxue']",10,70,4,4,Health Sciences,alison y.,li,l,alison y. li,A5033213554,a li
A5064368977,https://orcid.org/0000-0002-2810-7702,Armando Paulino Preciado Babb,"['A. Babb', 'A. Paulino Preciado Babb', 'Armando Paulino Preciado Babb', 'Armando Paulino Preciado-Babb', 'Armando Preciado Babb', 'Babb, Armando Paulino Preciado', 'Preciado Babb, Armando Paulino']",36,89,6,2,Social Sciences,armando paulino preciado,babb,b,armando paulino preciado babb,A5064368977,a babb
A5115946934,,Cornel Bogle,['Cornel Bogle'],1,0,0,1,Social Sciences,cornel,bogle,b,cornel bogle,A5115946934,c bogle
A5060388268,https://orcid.org/0000-0001-6947-1052,Anne Gadermann,"['A. Gadermann', 'Anne C Gadermann', 'Anne Gadermann', 'Anne M Gadermann', 'Anne M. Gadermann', 'Gadermann, Anne M.', 'Gadermann, Anne Maria']",153,7619,39,16,Social Sciences,anne,gadermann,g,anne gadermann,A5060388268,a gadermann
A5100602057,https://orcid.org/0000-0002-6374-1362,Ke Wang,"['Ke WANG', 'Ke Wang']",44,637,11,15,Physical Sciences,ke,wang,w,ke wang,A5100602057,k wang
A5072412131,https://orcid.org/0000-0001-7900-2575,Mike Prescott,"['M V Prescott', 'Michael Prescott', 'Mike Prescott']",21,253,8,13,Social Sciences,mike,prescott,p,mike prescott,A5072412131,m prescott
A5076047528,https://orcid.org/0000-0002-2754-9728,Doug Blackie,['Doug Blackie'],7,171,7,10,Health Sciences,doug,blackie,b,doug blackie,A5076047528,d blackie
A5109137694,,Ronald Swanstrom,"['R Swanstrom', 'R. Swanstrom', 'R.I Swanstrom', 'Ronald Swanstrom', 'Swanstrom, R.', 'Swanstrom, Ronald']",89,4248,33,16,Life Sciences,ronald,swanstrom,s,ronald swanstrom,A5109137694,r swanstrom
A5110696937,,D Jean,"['D Jean', 'Danielle St Jean']",3,18,1,1,Health Sciences,d,jean,j,d jean,A5110696937,d jean
A5039446035,,Vanessa R. Bland,['Vanessa R. Bland'],1,5,1,9,Social Sciences,vanessa r.,bland,b,vanessa r. bland,A5039446035,v bland
A5076608295,,Candice Day,['Candice Day'],5,0,0,1,Social Sciences,candice,day,d,candice day,A5076608295,c day
A5048509121,,Ghazaleh Akbarnejad,['Ghazaleh Akbarnejad'],2,19,1,1,Social Sciences,ghazaleh,akbarnejad,a,ghazaleh akbarnejad,A5048509121,g akbarnejad
A5027557200,,Sara Chan,"['S. Y. P. Chan', 'Sara Chan']",6,43,3,8,Health Sciences,sara,chan,c,sara chan,A5027557200,s chan
A5079359533,https://orcid.org/0000-0003-2562-6141,Peter Bradshaw,"['Bradshaw, Peter', 'PETER J. BRADSHAW', 'Peter Bradshaw']",30,64,4,5,Physical Sciences,peter,bradshaw,b,peter bradshaw,A5079359533,p bradshaw
A5114149146,,Hui Xie,['Hui Xie'],3,21,3,3,Health Sciences,hui,xie,x,hui xie,A5114149146,h xie
A5100731447,https://orcid.org/0000-0001-9772-2357,Eric Chen,"['Chen E', 'E Chen', 'Eric Chen', 'Eric S. Chen']",24,1218,12,13,Life Sciences,eric,chen,c,eric chen,A5100731447,e chen
A5037474444,https://orcid.org/0009-0005-7855-1923,Ksenia Stepanova,"['K.A. Stepanova', 'Katerina Stepanova', 'Ksenia Stepanova', 'Stepanova, Ksenia']",4,7,1,2,Social Sciences,ksenia,stepanova,s,ksenia stepanova,A5037474444,k stepanova
A5103256265,,Jacob Kemp,"['Jacob Kemp', 'Jacob M. Kemp']",3,41,2,1,Life Sciences,jacob,kemp,k,jacob kemp,A5103256265,j kemp
A5002125273,,Scott Bernstein,"['Bernstein Scott', 'Scott Bernstein']",2,69,1,2,Health Sciences,scott,bernstein,b,scott bernstein,A5002125273,s bernstein
A5034546229,https://orcid.org/0009-0004-1361-4092,Alexandra Wieland,['Alexandra Wieland'],6,0,0,1,Social Sciences,alexandra,wieland,w,alexandra wieland,A5034546229,a wieland
A5051778550,https://orcid.org/0000-0002-7178-9403,Kaitlyn M. Fallow,"['Fallow, Kaitlyn', 'Kaitlyn Fallow', 'Kaitlyn M. Fallow']",13,199,4,3,Life Sciences,kaitlyn m.,fallow,f,kaitlyn m. fallow,A5051778550,k fallow
A5080878296,,Evellyn da Silva Rodrigues,"['E. Rodrigues', 'Evellyn da Silva Rodrigues']",4,2,1,2,Social Sciences,evellyn da silva,rodrigues,r,evellyn da silva rodrigues,A5080878296,e rodrigues
A5024591239,,Ash De Visser,['Ash De Visser'],1,0,0,1,Social Sciences,ash de,visser,v,ash de visser,A5024591239,a visser
A5018230923,,Sarah McBain,"['S. McBain', 'Sarah McBain']",10,70,5,3,Health Sciences,sarah,mcbain,m,sarah mcbain,A5018230923,s mcbain
A5076320055,https://orcid.org/0000-0002-5400-0992,Alexander Howlett,"['A. Howlett', 'ALEXANDER HOWLETT', 'Alex Howlett', 'Alexander Howlett', 'Howlett, Alexander']",66,101,5,7,Social Sciences,alexander,howlett,h,alexander howlett,A5076320055,a howlett
A5087651233,https://orcid.org/0000-0001-9672-2726,Shoaleh Bigdeli,"['Bigdeli, Shoaleh', 'Shoaleh Bigdeli']",95,789,17,5,Health Sciences,shoaleh,bigdeli,b,shoaleh bigdeli,A5087651233,s bigdeli
A5083844160,https://orcid.org/0000-0003-4241-4554,Johan du Buisson,"['Buisson, Johan du', 'Du Buisson, Johan', 'J du Buisson', 'Johan du Buisson']",13,128,6,2,Physical Sciences,johan du,buisson,b,johan du buisson,A5083844160,j buisson
A5036088981,,Karen Heisler,"['Karen G. Heisler', 'Karen Heisler']",16,90,5,2,Social Sciences,karen,heisler,h,karen heisler,A5036088981,k heisler
A5089911235,https://orcid.org/0000-0002-0810-4678,Alexander D. Sodeman,"['Alexander D. Sodeman', 'Alexander Sodeman']",15,7,2,2,Physical Sciences,alexander d.,sodeman,s,alexander d. sodeman,A5089911235,a sodeman
A5046691230,https://orcid.org/0000-0002-7477-5269,Amber Gigi Hoi,"['A. G. Hoi', 'Amber Gigi Hoi']",15,75,5,6,Life Sciences,amber gigi,hoi,h,amber gigi hoi,A5046691230,a hoi
A5058767645,https://orcid.org/0000-0002-5067-4295,Kurtis Raymond,"['K. Raymond', 'Kurtis Raymond', 'Raymond, K.', 'Raymond, Kurtis']",18,53,3,2,Physical Sciences,kurtis,raymond,r,kurtis raymond,A5058767645,k raymond
A5049173948,https://orcid.org/0000-0002-5407-6823,Summer Marion,"['Marion, Summer', 'Summer Marion']",14,253,6,8,Social Sciences,summer,marion,m,summer marion,A5049173948,s marion
A5024436616,,Gallit Zvi,['Gallit Zvi'],14,13,2,1,Social Sciences,gallit,zvi,z,gallit zvi,A5024436616,g zvi
A5106879548,,Daniel Alejandro Salcedo Rubio,['Daniel Alejandro Salcedo Rubio'],4,4,1,1,Health Sciences,daniel alejandro salcedo,rubio,r,daniel alejandro salcedo rubio,A5106879548,d rubio
A5112844138,,Tony Ho,['Tony Ho'],1,41,1,1,Physical Sciences,tony,ho,h,tony ho,A5112844138,t ho
A5055996147,,DaSieunKarteek MaLeePopuri,['DaSieunKarteek MaLeePopuri'],1,0,0,1,Health Sciences,dasieunkarteek,maleepopuri,m,dasieunkarteek maleepopuri,A5055996147,d maleepopuri
A5098733689,,Thomas Ivison,"['T. Ivison', 'Thomas Ivison']",2,7,1,3,Physical Sciences,thomas,ivison,i,thomas ivison,A5098733689,t ivison
A5078913141,,Leilani Pai,"['Leilani Pai', 'Pai, Leilani']",3,7,2,5,Physical Sciences,leilani,pai,p,leilani pai,A5078913141,l pai
A5063223919,https://orcid.org/0009-0008-3939-9019,Shayna Stein,"['I. Moskal', 'S Stein', 'S. Stein', 'S.H. Stein', 'SHAYNA STEIN', 'Shayna R. Stein', 'Shayna Stein']",118,1699,13,13,Health Sciences,shayna,stein,s,shayna stein,A5063223919,s stein
A5056233676,https://orcid.org/0000-0002-3944-1116,Martin Holmes,"['Holmes, Martin', 'M. HOLMES', 'MARTIN HOLMES', 'Martin Holmes']",137,375,11,13,Social Sciences,martin,holmes,h,martin holmes,A5056233676,m holmes
A5044445696,,Husna Memon,"['Husna Memon', 'Husna Rashid Memon']",3,0,0,2,Social Sciences,husna,memon,m,husna memon,A5044445696,h memon
A5013775270,https://orcid.org/0000-0001-6467-7609,Mohsen Mazrouei Sebdani,['Mohsen Mazrouei Sebdani'],8,40,3,2,Physical Sciences,mohsen mazrouei,sebdani,s,mohsen mazrouei sebdani,A5013775270,m sebdani
A5062407012,https://orcid.org/0000-0002-5777-036X,Rupak Chatterjee,"['Chatterjee, Rupak', 'Rupak Chatterjee']",61,250,9,7,Social Sciences,rupak,chatterjee,c,rupak chatterjee,A5062407012,r chatterjee
A5030973280,,C. Wang,['C. Wang'],2,22,1,3,Physical Sciences,c.,wang,w,c. wang,A5030973280,c wang
A5061076070,https://orcid.org/0009-0000-3985-4183,Y.H. Kim,"['Y.H. Kim', 'Yeonhong Kim']",6,12,2,3,Physical Sciences,y.h.,kim,k,y.h. kim,A5061076070,y kim
A5090046861,,Marjorie Moulton,['Marjorie Moulton'],1,0,0,1,Health Sciences,marjorie,moulton,m,marjorie moulton,A5090046861,m moulton
A5106015269,,Prem Gundarah,['Prem Gundarah'],2,0,0,1,Physical Sciences,prem,gundarah,g,prem gundarah,A5106015269,p gundarah
A5106321887,,Phonpoom Piensatienkul,['Phonpoom Piensatienkul'],2,0,0,1,Life Sciences,phonpoom,piensatienkul,p,phonpoom piensatienkul,A5106321887,p piensatienkul
A5010315605,,Homer U Co,"['Homer U Co', 'Homer U. Co', 'Homer Uy Co']",4,330,3,4,Social Sciences,homer u,co,c,homer u co,A5010315605,h co
A5012569306,,Joanna Luks,['Joanna Luks'],3,0,0,3,Social Sciences,joanna,luks,l,joanna luks,A5012569306,j luks
A5054818798,https://orcid.org/0000-0003-4518-4758,John O. Ticknor,"['J O Ticknor', 'J.O. Ticknor', 'J.\u2009O. Ticknor', 'John O Ticknor', 'John O. Ticknor', 'Ticknor, John O.']",32,121,7,5,Physical Sciences,john o.,ticknor,t,john o. ticknor,A5054818798,j ticknor
A5066052557,,Ian Whitaker,"['IAN WHITAKER', 'Ian Whitaker']",69,221,7,5,Health Sciences,ian,whitaker,w,ian whitaker,A5066052557,i whitaker
A5042254754,https://orcid.org/0000-0001-5948-9523,Sundar Sapkota,"['Sapkota Sundar', 'Sundar Sapkota']",21,380,8,3,Life Sciences,sundar,sapkota,s,sundar sapkota,A5042254754,s sapkota
A5086701619,https://orcid.org/0000-0003-1107-5617,Simon Francis Gaine,"['SIMON FRANCIS GAINE', 'Simon Francis Gaine']",46,94,4,6,Social Sciences,simon francis,gaine,g,simon francis gaine,A5086701619,s gaine
A5044427445,,Sarita Baker,['Sarita Baker'],2,0,0,1,Social Sciences,sarita,baker,b,sarita baker,A5044427445,s baker
A5100709327,https://orcid.org/0000-0003-3179-0386,Heeyoung Lee,"['H. Lee', 'HEE-YOUNG LEE', 'HEEYOUNG LEE', 'Hee-Young LEE', 'Hee-Young Lee', 'HeeYoung Lee', 'Heeyoung LEE', 'Heeyoung Lee', 'Lee, Hee-young', 'Lee, Heeyoung']",268,2726,21,14,Physical Sciences,heeyoung,lee,l,heeyoung lee,A5100709327,h lee
A5095333481,,Angela Kaidaon,['Angela Kaidaon'],1,0,0,1,Health Sciences,angela,kaidaon,k,angela kaidaon,A5095333481,a kaidaon
A5113862166,,Saeid Bashirian,['Saeid Bashirian'],34,537,9,3,Health Sciences,saeid,bashirian,b,saeid bashirian,A5113862166,s bashirian
A5111354455,,Mayuko Arai,['Mayuko Arai'],6,1,1,1,Life Sciences,mayuko,arai,a,mayuko arai,A5111354455,m arai
A5009622921,https://orcid.org/0000-0002-7126-384X,Moksh Matta,['Moksh Matta'],4,23,2,1,Social Sciences,moksh,matta,m,moksh matta,A5009622921,m matta
A5019041456,,Alessandra Capperdoni,"['Alessandra Capperdoni', 'Capperdoni, Alessandra']",10,20,2,2,Social Sciences,alessandra,capperdoni,c,alessandra capperdoni,A5019041456,a capperdoni
A5058395557,https://orcid.org/0000-0002-0963-7580,Robyn Ilten-Gee,['Robyn Ilten-Gee'],25,56,4,3,Social Sciences,robyn,ilten-gee,i,robyn ilten-gee,A5058395557,r ilten-gee
A5093260777,,Klinsmann J. Coelho Silva Menes,['Klinsmann J. Coelho Silva Menes'],1,0,0,1,Physical Sciences,klinsmann j. coelho silva,menes,m,klinsmann j. coelho silva menes,A5093260777,k menes
A5053806964,https://orcid.org/0000-0001-9794-9439,Minoru German Higa Júnior,"['M Higa', 'M. G. Higa Júnior', 'Minoru G. Higa', 'Minoru German HIGA JÚNIOR', 'Minoru German Higa', 'Minoru German Higa Junior', 'Minoru German Higa Júnior', 'Minoru German Higa-Júnior', 'Minoru Higa']",32,232,9,8,Physical Sciences,minoru german higa,júnior,j,minoru german higa júnior,A5053806964,m júnior
A5074492767,,M. Bahrami,['M. Bahrami'],1,0,0,1,Physical Sciences,m.,bahrami,b,m. bahrami,A5074492767,m bahrami
A5092090985,,Makaela Prentice,['Makaela Prentice'],1,0,0,1,Social Sciences,makaela,prentice,p,makaela prentice,A5092090985,m prentice
A5063998369,,Becky Gormley,['Becky Gormley'],2,11,2,2,Health Sciences,becky,gormley,g,becky gormley,A5063998369,b gormley
A5078132551,https://orcid.org/0000-0002-5806-0618,M. L. W. Thewalt,"['M. L. W. Thewalt', 'M. Thewalt', 'M.L.W Thewalt', 'M.L.W. Thewalt', 'M.L.W.Thewalt', 'M.\xa0L.\xa0W. Thewalt', 'M.\u2009L.\u2009W. Thewalt', 'Michael L. Thewalt', 'Michael L. W. Thewalt', 'Michael L.W. Thewalt', 'Michael Thewalt', 'Mike L.W. Thewalt', 'Mike Thewalt', 'Thewalt, M. L. W.', 'Thewalt, Michael', 'Thewalt, Michael L. W.', 'Thewalt, Michael Ludwig Wolfgang']",185,4582,34,13,Physical Sciences,m. l. w.,thewalt,t,m. l. w. thewalt,A5078132551,m thewalt
A5077342641,,M. E. Hayden,"['Hayden, M. E.', 'Hayden, Michael R.', 'M. E. Hayden', 'M.E. Hayden', 'M.\u2009E. Hayden', 'Michael R. Hayden']",18,369,8,13,Health Sciences,m. e.,hayden,h,m. e. hayden,A5077342641,m hayden
A5000552344,,Stéphanie Dodier,"['Stephanie Dodier', 'Stéphanie Dodier']",2,0,0,1,Social Sciences,stéphanie,dodier,d,stéphanie dodier,A5000552344,s dodier
A5072209095,https://orcid.org/0000-0002-3710-8424,Elisa Stone,"['E M Stone', 'E. Stone', 'Elisa M Stone', 'Elisa M. Stone', 'Elisa Stone']",25,1129,8,9,Social Sciences,elisa,stone,s,elisa stone,A5072209095,e stone
A5000594667,,Lucas Y. Wu,"['Lucas Wu', 'Lucas Y. Wu', 'Lucas Yifan Wu', 'Wu, Lucas', 'Wu, Lucas Y.']",7,42,3,1,Social Sciences,lucas y.,wu,w,lucas y. wu,A5000594667,l wu
A5102825422,https://orcid.org/0000-0003-0298-646X,Ana Carolina Fernandes,"['A. Fernandes', 'A.C. Fernandes', 'Ana Carolina Fernandes', 'Ana Fernandes', 'Ana Paula  Constantino Fernandes']",13,7,1,6,Social Sciences,ana carolina,fernandes,f,ana carolina fernandes,A5102825422,a fernandes
A5032942449,https://orcid.org/0000-0001-8882-4685,Sina Haeri,"['Haeri, Sina', 'S. Haeri', 'Sina Haeri']",59,1792,19,14,Physical Sciences,sina,haeri,h,sina haeri,A5032942449,s haeri
A5092091005,,Makaela Prentice,['Makaela Prentice'],1,0,0,1,Social Sciences,makaela,prentice,p,makaela prentice,A5092091005,m prentice
A5034236783,,Daria Ahrensmeier,"['Ahrensmeier, Daria', 'Daria Ahrensmeier']",5,11,2,2,Social Sciences,daria,ahrensmeier,a,daria ahrensmeier,A5034236783,d ahrensmeier
A5065499179,https://orcid.org/0009-0004-1683-8964,Aisha Shahid,"['A. Shahid', 'Aisha Shahid', 'Aleena Shahid', 'Areeba Shahid']",10,0,0,7,Health Sciences,aisha,shahid,s,aisha shahid,A5065499179,a shahid
A5045235875,https://orcid.org/0000-0001-6809-1357,Alexandra de Pokomandy,"['A de Pokomandy', 'A. De Pokomandy', 'A. de Pokomandy', 'Alexandra DE Pokomandy', 'Alexandra De Pokomandy', 'Alexandra De\xa0Pokomandy', 'Alexandra de Pokomandy', 'De Pokomandy, Alexandra']",205,4780,36,20,Health Sciences,alexandra de,pokomandy,p,alexandra de pokomandy,A5045235875,a pokomandy
A5088139050,,Max Donelan,['Max Donelan'],1,1,1,1,Physical Sciences,max,donelan,d,max donelan,A5088139050,m donelan
A5104020592,,Sikander Aftab,['Sikander Aftab'],2,9,1,2,Physical Sciences,sikander,aftab,a,sikander aftab,A5104020592,s aftab
A5093690545,https://orcid.org/0000-0002-2763-8106,Elodie Joy Jacquet,"['Elodie Joy Jacquet', 'Jacquet, Elodie']",2,0,0,2,Social Sciences,elodie joy,jacquet,j,elodie joy jacquet,A5093690545,e jacquet
A5016974389,https://orcid.org/0000-0002-5784-244X,Andreina Yulis San Juan,"['A. Yulis San Juan', 'Andreina Yulis San Juan']",4,32,2,1,Physical Sciences,andreina yulis san,juan,j,andreina yulis san juan,A5016974389,a juan
A5112525923,https://orcid.org/0000-0001-9720-332X,Sara Giarola,"['Giarola, S.', 'Giarola, Sara', 'Sara Giarola']",57,902,18,13,Physical Sciences,sara,giarola,g,sara giarola,A5112525923,s giarola
A5010796240,,Donn. Feir,['Donn. Feir'],2,15,2,10,Social Sciences,donn.,feir,f,donn. feir,A5010796240,d feir
A5001738769,,Sairey Siegel,['Sairey Siegel'],2,59,2,4,Life Sciences,sairey,siegel,s,sairey siegel,A5001738769,s siegel
A5080260724,https://orcid.org/0000-0003-3037-5121,Gavin Wong,"['Gavin W. K. Wong', 'Gavin W.K. Wong', 'Gavin Wong']",7,90,2,6,Health Sciences,gavin,wong,w,gavin wong,A5080260724,g wong
A5109944350,,Ron Ydenberg,"['RON YDENBERG', 'Ron C Ydenberg', 'Ron C. Ydenberg', 'Ron Ydenberg', 'Ydenberg, Ron', 'Ydenberg, Ron C.', 'Ydenberg, Ronald C.']",51,1429,20,4,Physical Sciences,ron,ydenberg,y,ron ydenberg,A5109944350,r ydenberg
A5107361748,https://orcid.org/0000-0003-4431-8400,D. P. Kisliuk,"['Burton, CD', 'C. Kitsaki', 'D. Kisliuk', 'D. P. Kisliuk', 'D.P. Kisliuk', 'D.\u2009P. Kisliuk', 'Dylan Perry Kisliuk', 'Kisliuk, Dylan Perry', 'Klapdor-kleingrothaus, Thorwald', 'Klein, Max', 'Klitzner, Felix Fidelio']",122,3402,30,6,Physical Sciences,d. p.,kisliuk,k,d. p. kisliuk,A5107361748,d kisliuk
A5067565072,,Shannon N. Field,"['Shannon Field', 'Shannon N. Field']",2,43,2,5,Social Sciences,shannon n.,field,f,shannon n. field,A5067565072,s field
A5062109072,,H. Xie,['H. Xie'],2,1,1,3,Health Sciences,h.,xie,x,h. xie,A5062109072,h xie
A5021891417,,Selena Neumark Hermann,['Selena Neumark Hermann'],2,1,1,1,Social Sciences,selena neumark,hermann,h,selena neumark hermann,A5021891417,s hermann
A5004831418,https://orcid.org/0000-0001-8587-154X,William Niver,"['Will Niver', 'William Niver']",2,1,1,1,Physical Sciences,william,niver,n,william niver,A5004831418,w niver
A5109117383,,K. Kyllesbech Larsen,"['K. K. Larsen', 'K. Kyllesbech Larsen', 'K. Larsen', 'K.K. Larsen', 'Katy Larsen']",47,489,11,17,Physical Sciences,k. kyllesbech,larsen,l,k. kyllesbech larsen,A5109117383,k larsen
A5109741259,,Jahanvi Narendra Agrawal,['Jahanvi Narendra Agrawal'],1,4,1,1,Physical Sciences,jahanvi narendra,agrawal,a,jahanvi narendra agrawal,A5109741259,j agrawal
A5046041469,,Tara Arvan,['Tara Arvan'],3,2,1,3,Health Sciences,tara,arvan,a,tara arvan,A5046041469,t arvan
A5074381164,,Rachel Chimuka,['Rachel Chimuka'],12,0,0,1,Physical Sciences,rachel,chimuka,c,rachel chimuka,A5074381164,r chimuka
A5044146141,,Daniela Elza,"['Daniela Bouneva Elza', 'Daniela Elza']",16,36,2,2,Social Sciences,daniela,elza,e,daniela elza,A5044146141,d elza
A5062064711,https://orcid.org/0000-0001-5492-934X,Dengke Ma,"['D. MA', 'D. Ma', 'Daowei Ma', 'Dengke Ma', 'Ma, Dengke']",66,1304,19,17,Physical Sciences,dengke,ma,m,dengke ma,A5062064711,d ma
A5086643662,https://orcid.org/0000-0002-1128-2571,G. Araneda,"['Araneda, G.', 'Araneda, Gabriel', 'G. Araneda', 'Gabriel Araneda']",41,851,12,5,Physical Sciences,g.,araneda,a,g. araneda,A5086643662,g araneda
A5113155667,,Eric D. Kirby,['Eric D. Kirby'],8,44,4,2,Social Sciences,eric d.,kirby,k,eric d. kirby,A5113155667,e kirby
A5038985862,,Ryan Prox,['Ryan Prox'],7,12,2,2,Social Sciences,ryan,prox,p,ryan prox,A5038985862,r prox
A5112931472,,Wenqi Tao,"['Tao, Wenqi', 'Wenqi Tao']",2,0,0,1,Physical Sciences,wenqi,tao,t,wenqi tao,A5112931472,w tao
A5064533484,,L. D. Stein,"['L. D. Stein', 'Lincoln David Stein', 'Lincoln Stein']",5,1,1,5,Life Sciences,l. d.,stein,s,l. d. stein,A5064533484,l stein
A5038691933,https://orcid.org/0000-0002-3304-8663,Fiaz Ahmad,"['Ahmad, Fiaz', 'F. Ahmad', 'F.Ahmad', 'Fiaz Ahmad']",86,1277,21,18,Physical Sciences,fiaz,ahmad,a,fiaz ahmad,A5038691933,f ahmad
A5003567655,,M. R. Hoque,"['M. R. Hoque', 'M.R. Hoque']",1,1,1,2,Health Sciences,m. r.,hoque,h,m. r. hoque,A5003567655,m hoque
A5104579474,,Sadhbh Kenny,"['Kenny, Sadhbh', 'Sadhbh Kenny']",2,65,2,1,Physical Sciences,sadhbh,kenny,k,sadhbh kenny,A5104579474,s kenny
A5059859936,,Kauʻi Keliipio,"[""Kau'i Keliipio"", 'Kauʻi Keliipio']",2,3,1,1,Social Sciences,kauʻi,keliipio,k,kauʻi keliipio,A5059859936,k keliipio
A5074824638,https://orcid.org/0000-0003-2886-126X,Yan Ting Lim,"['LIM, Yan Ting', 'Lim, Yan Ting', 'Yan Lim', 'Yan Ting Lim', 'Yan\xa0Ting Lim']",42,1137,17,6,Physical Sciences,yan ting,lim,l,yan ting lim,A5074824638,y lim
A5107803366,,Loïc Million,['Loïc Million'],2,1,1,1,Social Sciences,loïc,million,m,loïc million,A5107803366,l million
A5096800447,,Holly Lemme,['Holly Lemme'],1,0,0,1,Health Sciences,holly,lemme,l,holly lemme,A5096800447,h lemme
A5052771299,,W. Susanne Fietz,['W. Susanne Fietz'],1,12,1,1,Physical Sciences,w. susanne,fietz,f,w. susanne fietz,A5052771299,w fietz
A5061839606,https://orcid.org/0000-0002-0069-5434,Elba Marina Miotto Mujica,"['Elba M.M. Mujica', 'Elba Marina Miotto Mujica', 'Mujica, Elba Marina Miotto']",3,6,2,2,Health Sciences,elba marina miotto,mujica,m,elba marina miotto mujica,A5061839606,e mujica
A5042564012,,Jillian Anderson,"['J. Anderson', 'J.P. Anderson', 'Jillian Anderson']",25,767,8,13,Health Sciences,jillian,anderson,a,jillian anderson,A5042564012,j anderson
A5046073812,,Nienke E. van Houten,"['Nienke E. Van Houten', 'Nienke E. van Houten', 'Nienke Elizabeth van Houten', 'Nienke van Houten']",11,507,9,2,Life Sciences,nienke e. van,houten,h,nienke e. van houten,A5046073812,n houten
A5107647336,,H. Loret,['H. Loret'],1,0,0,1,Physical Sciences,h.,loret,l,h. loret,A5107647336,h loret
A5084519693,,Catherine Lyssenko,['Catherine Lyssenko'],5,0,0,4,Social Sciences,catherine,lyssenko,l,catherine lyssenko,A5084519693,c lyssenko
A5036427807,,Masahiro Watanabe,"['MASAHIRO WATANABE', 'Masahiro Watanabe', 'Watanabe, Masahiro']",32,635,9,12,Social Sciences,masahiro,watanabe,w,masahiro watanabe,A5036427807,m watanabe
A5061731671,,Chanda Siddoo-Atwal,"['C Siddoo-Atwal', 'C. Siddoo-Atwal', 'Chanda Siddoo-Atwal']",15,90,6,3,Physical Sciences,chanda,siddoo-atwal,s,chanda siddoo-atwal,A5061731671,c siddoo-atwal
A5082865846,https://orcid.org/0000-0002-6043-4287,Raymond Ho,"['Ho, Raymond', 'R. Y. Ho', 'Raymond Ho', 'Raymond Y. Ho']",31,1099,10,15,Life Sciences,raymond,ho,h,raymond ho,A5082865846,r ho
A5089879799,https://orcid.org/0000-0003-3937-0298,Brooke Gessner,['Brooke Gessner'],4,40,1,12,Social Sciences,brooke,gessner,g,brooke gessner,A5089879799,b gessner
A5108922685,,Valentin Jamouille,['Valentin Jamouille'],1,3,1,3,Life Sciences,valentin,jamouille,j,valentin jamouille,A5108922685,v jamouille
A5089112618,,Asha Best,"['Asha Best', 'Best, Asha']",7,98,4,4,Social Sciences,asha,best,b,asha best,A5089112618,a best
A5033437741,https://orcid.org/0009-0001-2026-3495,Weiqi Ding,"['Weiqi DING', 'Weiqi Ding']",26,178,9,7,Physical Sciences,weiqi,ding,d,weiqi ding,A5033437741,w ding
A5109759271,,Nicole Anderson,['Nicole Anderson'],2,0,0,1,Life Sciences,nicole,anderson,a,nicole anderson,A5109759271,n anderson
A5100310475,,Puyu Chen,"['Hongyv Zhang', 'Puyu Chen']",4,15,2,6,Health Sciences,puyu,chen,c,puyu chen,A5100310475,p chen
A5031600303,https://orcid.org/0000-0001-5285-4372,Elliot Montpellier,"['Elliot Marcel Montpellier', 'Elliot Montpellier']",4,0,0,3,Social Sciences,elliot,montpellier,m,elliot montpellier,A5031600303,e montpellier
A5050850910,,Jonathan Puigvert,['Jonathan Puigvert'],1,2,1,1,Social Sciences,jonathan,puigvert,p,jonathan puigvert,A5050850910,j puigvert
A5012273495,https://orcid.org/0000-0003-2781-3514,Chris Muris,"['Chris Muris', 'Muris, Chris', 'Muris, Chris (Department Of Economics, Simon Fraser University)']",70,772,11,17,Social Sciences,chris,muris,m,chris muris,A5012273495,c muris
A5113805705,,Eva Dvořáková,"['Dvořáková, Eva', 'E Dvorakova', 'E Dvoráková', 'E Dvořáková', 'E. DVORAKOVA', 'E. Dvoráková', 'E. Dvořáková', 'Eva Dvorakova', 'Eva Dvořáková']",85,2057,11,14,Life Sciences,eva,dvořáková,d,eva dvořáková,A5113805705,e dvořáková
A5006979698,https://orcid.org/0000-0001-8436-1783,Grant D. Zazula,"['Dick Mol', 'G. Zazula', 'G.D. Zazula', 'GRANT D. ZAZULA', 'Grant D Zazula', 'Grant D. Zazula', 'Grant Zazula', 'Zazula, G.', 'Zazula, Grant', 'Zazula, Grant D.', 'Zazula, Grant Daniel.']",124,9116,45,14,Social Sciences,grant d.,zazula,z,grant d. zazula,A5006979698,g zazula
A5032217538,https://orcid.org/0000-0002-6316-9802,Dennys Silva-Reis,"['DENNYS SILVA-REIS', 'Dennys Silva-Reis']",77,69,4,20,Social Sciences,dennys,silva-reis,s,dennys silva-reis,A5032217538,d silva-reis
A5061578981,,A. Sixsmith,"['A. Sixsmith', 'Andrew Sixsmith']",2,1,1,2,Social Sciences,a.,sixsmith,s,a. sixsmith,A5061578981,a sixsmith
A5112261909,,Le Tao,"['Le Q.T.', 'Le Tao', 'Tao, Le']",14,64,4,10,Social Sciences,le,tao,t,le tao,A5112261909,l tao
A5020353454,https://orcid.org/0000-0002-0440-6062,Joseph Takeda,"['JOSEPH TAKEDA', 'Joseph Takeda', 'Takeda, Joseph']",9,11,1,4,Social Sciences,joseph,takeda,t,joseph takeda,A5020353454,j takeda
A5046128130,,Tom Donaldson,['Tom Donaldson'],1,2,1,1,Social Sciences,tom,donaldson,d,tom donaldson,A5046128130,t donaldson
A5109662199,,D. Luo,"['D Luo', 'D. Luo', 'Dingyi Luo']",8,391,6,3,Life Sciences,d.,luo,l,d. luo,A5109662199,d luo
A5072995656,,Alex Imas,['Alex Imas'],4,7,1,12,Physical Sciences,alex,imas,i,alex imas,A5072995656,a imas
A5066224186,,Anita Coté,['Anita Coté'],2,7,1,4,Health Sciences,anita,coté,c,anita coté,A5066224186,a coté
A5111195952,,Dian Hong,"['D. Hong', 'Dian Hong']",2,1,1,1,Social Sciences,dian,hong,h,dian hong,A5111195952,d hong
A5021800514,,N. Givzad,['N. Givzad'],1,0,0,1,Life Sciences,n.,givzad,g,n. givzad,A5021800514,n givzad
A5026091237,https://orcid.org/0000-0003-4904-8606,Maureen Maloney,"['Maloney, Maureen', 'Maureen A. Maloney', 'Maureen Maloney']",27,136,4,5,Social Sciences,maureen,maloney,m,maureen maloney,A5026091237,m maloney
A5010163466,https://orcid.org/0000-0001-7383-6886,Jonathan Cinnamon,"['J. Cinnamon', 'Jonathan Cinnamon']",65,1705,23,8,Health Sciences,jonathan,cinnamon,c,jonathan cinnamon,A5010163466,j cinnamon
A5106312450,,Flora Xu,['Flora Xu'],2,0,0,1,Life Sciences,flora,xu,x,flora xu,A5106312450,f xu
A5001764896,,Bert Painter,['Bert Painter'],12,9,2,4,Social Sciences,bert,painter,p,bert painter,A5001764896,b painter
A5011082676,https://orcid.org/0000-0003-0373-5806,Henry Fu,['Henry Fu'],2,13,1,1,Social Sciences,henry,fu,f,henry fu,A5011082676,h fu
A5062938211,https://orcid.org/0000-0002-8928-8172,Taher Ahmadi,"['Ahmadi, T.', 'Ahmadi, Taher', 'T. Ahmadi', 'Taher Ahmadi']",25,260,9,6,Social Sciences,taher,ahmadi,a,taher ahmadi,A5062938211,t ahmadi
A5102574944,,Tessa Morin,['Tessa Morin'],5,47,2,2,Life Sciences,tessa,morin,m,tessa morin,A5102574944,t morin
A5078080270,,Catherine Wang,"['Catherine Wang', 'Rosalie Tung', 'Simon Fraser']",11,10,2,6,Health Sciences,catherine,wang,w,catherine wang,A5078080270,c wang
A5091309309,https://orcid.org/0009-0003-6255-2863,Ge Shi,['Ge Shi'],4,27,2,4,Social Sciences,ge,shi,s,ge shi,A5091309309,g shi
A5034368464,https://orcid.org/0000-0003-0414-2359,Melanie Innes,['Melanie Innes'],10,32,4,18,Social Sciences,melanie,innes,i,melanie innes,A5034368464,m innes
A5085441318,https://orcid.org/0000-0003-0907-5941,Signe E. Kastberg,"['Kastberg, Signe', 'Signe E Kastberg', 'Signe E. Kastberg', 'Signe Kastberg']",93,695,12,10,Social Sciences,signe e.,kastberg,k,signe e. kastberg,A5085441318,s kastberg
A5001275453,https://orcid.org/0000-0002-7024-2174,Manuela Martins Cruz,"['Cruz, Manuela Martins', 'M M A DA CRUZ', 'Manuela  Martins Cruz', 'Manuela Cruz', 'Manuela Martins Cruz']",15,110,4,7,Health Sciences,manuela martins,cruz,c,manuela martins cruz,A5001275453,m cruz
A5094737202,,Waldron Dooley,['Waldron Dooley'],1,0,0,7,Social Sciences,waldron,dooley,d,waldron dooley,A5094737202,w dooley
A5099021824,,Isaac M von Riedemann,"['Isaac M von Riedemann', 'von Riedemann, Isaac M']",2,9,1,1,Physical Sciences,isaac m von,riedemann,r,isaac m von riedemann,A5099021824,i riedemann
A5115513744,,Milad S. Haghighi,['Milad S. Haghighi'],1,1,1,1,Physical Sciences,milad s.,haghighi,h,milad s. haghighi,A5115513744,m haghighi
A5051043496,,María Teresa Silva Porto,"['María Teresa Silva Porto', 'María Teresa Silva-Porto']",15,50,5,12,Social Sciences,maría teresa silva,porto,p,maría teresa silva porto,A5051043496,m porto
A5095550599,,Kyong Chun,['Kyong Chun'],1,0,0,2,,kyong,chun,c,kyong chun,A5095550599,k chun
A5017561108,https://orcid.org/0000-0003-3705-6078,Ryan Ziels,"['R. M. Ziels', 'Ryan M Ziels', 'Ryan M. Ziels', 'Ryan Ziels', 'Ziels, Ryan', 'Ziels, Ryan M.']",657,3030,24,10,Physical Sciences,ryan,ziels,z,ryan ziels,A5017561108,r ziels
A5092460727,,Miao Zhang,['Miao Zhang'],3,23,2,1,Physical Sciences,miao,zhang,z,miao zhang,A5092460727,m zhang
A5011604176,https://orcid.org/0000-0002-0485-1705,Ozan Kuru,"['Kuru, Ozan', 'Ozan Kuru', 'Ozan Kuru,']",46,838,14,9,Social Sciences,ozan,kuru,k,ozan kuru,A5011604176,o kuru
A5042547672,,Khalil Esmkhani,['Khalil Esmkhani'],4,1,1,6,Social Sciences,khalil,esmkhani,e,khalil esmkhani,A5042547672,k esmkhani
A5087982823,https://orcid.org/0000-0002-4301-1901,Jed A. Meltzer,"['J. A. Meltzer', 'J. Meltzer', 'J.A. Meltzer', 'Jed  A. Meltzer', 'Jed A Meltzer', 'Jed A. Meltzer', 'Jed Meltzer', 'Jed\xa0A. Meltzer']",107,3547,29,14,Life Sciences,jed a.,meltzer,m,jed a. meltzer,A5087982823,j meltzer
A5098162660,,Ishan Goel,['Ishan Goel'],2,3,1,1,Life Sciences,ishan,goel,g,ishan goel,A5098162660,i goel
A5009011522,,Z. Zhang,"['Z. Zhang', 'Ziying Zhang']",14,1,1,2,Health Sciences,z.,zhang,z,z. zhang,A5009011522,z zhang
A5037778963,https://orcid.org/0000-0003-2906-6583,K. Suzanne Barber,"['Barber, K. S.', 'Barber, K. Suzanne', 'Barber, Suzanne K.', 'K. Barber', 'K. S. Barber', 'K. Suzanne Barber', 'K.S. Barber', 'S. Barber', 'SUZANNE BARBER', 'Suzanne Barber']",100,1204,17,6,Social Sciences,k. suzanne,barber,b,k. suzanne barber,A5037778963,k barber
A5115615160,,Giulia de Arruda Maluf,"['Giulia De Arruda Maluf', 'Giulia de Arruda Maluf']",4,1,1,1,Social Sciences,giulia de arruda,maluf,m,giulia de arruda maluf,A5115615160,g maluf
A5119271664,https://orcid.org/0000-0002-3479-2865,Kate Shuttleworth,"['K E D Shuttleworth', 'K E SHUTTLEWORTH', 'K E Shuttleworth', 'K. E. D. SHUTTLEWORTH', 'K. E. D. Shuttleworth', 'K. E. Shuttleworth', 'K.E.D. Shuttleworth', 'Kate Shuttleworth', 'Shuttleworth, Kate']",50,1284,18,20,Health Sciences,kate,shuttleworth,s,kate shuttleworth,A5119271664,k shuttleworth
A5055547267,,N.N. Kinloch,['N.N. Kinloch'],2,1,1,2,Health Sciences,n.n.,kinloch,k,n.n. kinloch,A5055547267,n kinloch
A5055877700,,Rachel Sullivan-Lord,['Rachel Sullivan-Lord'],2,0,0,1,Physical Sciences,rachel,sullivan-lord,s,rachel sullivan-lord,A5055877700,r sullivan-lord
A5031105051,,Adrian Tuohy,"['Adrian M Tuohy', 'Adrian M. Tuohy', 'Adrian Tuohy']",8,183,3,3,Physical Sciences,adrian,tuohy,t,adrian tuohy,A5031105051,a tuohy
A5031756130,https://orcid.org/0000-0001-9149-8294,Sasan V. Grayli,"['Grayli, Sasan V.', 'Sasan V Grayli', 'Sasan V. Grayli', 'Sasan V. Grayli (8928452)', 'Sasan V.-Grayli']",25,42,4,2,Physical Sciences,sasan v.,grayli,g,sasan v. grayli,A5031756130,s grayli
A5069163332,https://orcid.org/0000-0001-9445-9821,Ryan Nichols,"['RYAN NICHOLS', 'Ryan Nichols']",78,666,13,15,Social Sciences,ryan,nichols,n,ryan nichols,A5069163332,r nichols
A5129518471,,Jonathan Driver,"['Driver, Jonathan', 'Jonathan Driver']",34,0,0,3,,jonathan,driver,d,jonathan driver,A5129518471,j driver
A5054930620,https://orcid.org/0000-0002-2919-2574,Ahmed Jaber,"['A. Jaber', 'Ahmed F. Jaber', 'Ahmed Jaber', 'Ahmed S. Jaber', 'Ahmed Shawki Jaber', 'Ahmed Showqi Jaber', 'Jaber, Ahmed']",37,185,8,15,Social Sciences,ahmed,jaber,j,ahmed jaber,A5054930620,a jaber
A5075259415,https://orcid.org/0000-0003-3921-7250,Hung Truong,"['H Truong', 'H.V. Truong', 'Hung TRUONG', 'Hung Truong', 'Hung V. Truong', 'Hy Minh Trong Truong', 'Truong, Hung']",27,68,5,12,Physical Sciences,hung,truong,t,hung truong,A5075259415,h truong
A5007930376,,E. Schmidtke,"['E Schmidtke', 'E. A. Schmidtke', 'E. Schmidtke', 'Eric A. Schmidtke', 'Eric Schmidtke']",24,851,14,7,Physical Sciences,e.,schmidtke,s,e. schmidtke,A5007930376,e schmidtke
A5119424323,,Alex Boston,['Alex Boston'],1,0,0,1,Physical Sciences,alex,boston,b,alex boston,A5119424323,a boston
A5083414674,https://orcid.org/0000-0003-1377-7444,Amir Safari,"['A. Safari', 'Amir Hosein Safari', 'Amir Safari', 'Safari, A.', 'Safari, Amir', 'Safari, Amir Hosein']",16,177,7,9,Physical Sciences,amir,safari,s,amir safari,A5083414674,a safari
A5025604809,,Lisa Del Giudice,"['L Giudice', 'L. Del Giudice', 'Lisa Del Giudice']",14,121,7,13,Health Sciences,lisa del,giudice,g,lisa del giudice,A5025604809,l giudice
A5084001641,,Z.L. Brumme,['Z.L. Brumme'],2,3,1,2,Health Sciences,z.l.,brumme,b,z.l. brumme,A5084001641,z brumme
A5092972281,,R. Farzam,['R. Farzam'],1,0,0,1,,r.,farzam,f,r. farzam,A5092972281,r farzam
A5012548125,,R. Buchan,"['R Buchan', 'R. Buchan', 'R.J. Buchan', 'ROBERT BUCHAN', 'ROBERT J. BUCHAN', 'Robert Buchan', 'Robert J. Buchan']",27,509,10,15,Social Sciences,r.,buchan,b,r. buchan,A5012548125,r buchan
A5114563018,,Natalie Dusek,"['Dusek, Natalie', 'Natalie Dusek']",3,0,0,1,Social Sciences,natalie,dusek,d,natalie dusek,A5114563018,n dusek
A5047249816,https://orcid.org/0000-0002-0549-7306,Amanda My Linh Quan,"['Amanda M. L. Quan', 'Amanda M. Quan', 'Amanda My Linh Quan', 'Amanda Quan']",13,230,8,7,Social Sciences,amanda my linh,quan,q,amanda my linh quan,A5047249816,a quan
A5100904643,,Jiaqi Lei,"['Jia-Qi Lei', 'Jiaqi Lei']",15,437,10,7,Physical Sciences,jiaqi,lei,l,jiaqi lei,A5100904643,j lei
A5065780235,,Quratulain Qureshi,['Quratulain Qureshi'],8,84,3,2,Health Sciences,quratulain,qureshi,q,quratulain qureshi,A5065780235,q qureshi
A5070069241,https://orcid.org/0000-0001-6059-4857,Matthew P. Abrams,"['M Abrams', 'M. Abrams', 'Mathew Abrams', 'Matthew Abrams', 'Matthew P Abrams', 'Matthew P. Abrams', 'Matthew Phillip Abrams']",46,614,14,15,Health Sciences,matthew p.,abrams,a,matthew p. abrams,A5070069241,m abrams
A5005807616,https://orcid.org/0000-0002-4882-1292,Pallavi Pal,"['Pal, Pallavi', 'Pallavi Pal']",33,10,2,7,Social Sciences,pallavi,pal,p,pallavi pal,A5005807616,p pal
A5067818711,,Marcus Macauley,['Marcus Macauley'],1,0,0,1,Social Sciences,marcus,macauley,m,marcus macauley,A5067818711,m macauley
A5119409926,,Aftab Erfan,['Aftab Erfan'],1,0,0,1,Social Sciences,aftab,erfan,e,aftab erfan,A5119409926,a erfan
A5101701358,https://orcid.org/0000-0003-1242-1112,Julie Shi,"['Julie Shi', 'Shi, Julie']",11,19,2,15,Social Sciences,julie,shi,s,julie shi,A5101701358,j shi
A5055783023,https://orcid.org/0000-0002-9315-5057,Philip C. Holz,"['Holz, Philip', 'Holz, Philip C.', 'P Holz', 'P. C. Holz', 'P.\u2009C. Holz', 'Philip C. Holz']",20,278,8,4,Physical Sciences,philip c.,holz,h,philip c. holz,A5055783023,p holz
A5099984419,,Jadeyn Trasolini,['Jadeyn Trasolini'],1,0,0,1,Social Sciences,jadeyn,trasolini,t,jadeyn trasolini,A5099984419,j trasolini
A5047476126,,Olga Radivojevic,['Olga Radivojevic'],3,44,1,2,Health Sciences,olga,radivojevic,r,olga radivojevic,A5047476126,o radivojevic
A5060696523,,Caroline E. King,['Caroline E. King'],3,11,2,5,Health Sciences,caroline e.,king,k,caroline e. king,A5060696523,c king
A5052534261,,Wang G Gary,['Wang G Gary'],1,0,0,1,Health Sciences,wang g,gary,g,wang g gary,A5052534261,w gary
A5010458823,,Matt Tradewell,"['M. Tradewell', 'Matt Tradewell', 'Tradewell, Matt']",7,51,4,11,Physical Sciences,matt,tradewell,t,matt tradewell,A5010458823,m tradewell
A5028843055,https://orcid.org/0000-0003-3163-3751,Anvita Abbi,"['Abbi, Anvita', 'Anvita Abbi']",50,599,11,4,Social Sciences,anvita,abbi,a,anvita abbi,A5028843055,a abbi
A5110564839,,Paul Crowe,"['Crowe, Paul B. M.', 'Crowe, Paul Benjamin Michael', 'P. B. Crowe', 'Paul Crowe']",16,33,2,2,Social Sciences,paul,crowe,c,paul crowe,A5110564839,p crowe
A5054208133,https://orcid.org/0000-0003-2201-7738,Lu An,"['An LU', 'An Lu', 'Lu AN', 'Lu An', 'Yihang Hu']",52,1278,14,15,Life Sciences,lu,an,a,lu an,A5054208133,l an
A5115847198,,Daniela Gottschlich,['Daniela Gottschlich'],5,7,2,2,Social Sciences,daniela,gottschlich,g,daniela gottschlich,A5115847198,d gottschlich
A5064065871,,Xinting Shen,['Xinting Shen'],15,142,6,6,Life Sciences,xinting,shen,s,xinting shen,A5064065871,x shen
A5034745440,https://orcid.org/0000-0001-7315-4789,Catherine Taylor,"['C Taylor', 'C. Taylor', 'CATHERINE TAYLOR', 'Catherine J. Taylor', 'Catherine Taylor', 'Taylor, Catherine']",36,668,9,17,Social Sciences,catherine,taylor,t,catherine taylor,A5034745440,c taylor
A5033800423,,Jonas Kraasch,"['Jonas Kraasch', 'Kraasch, Jonas']",3,2,1,1,Physical Sciences,jonas,kraasch,k,jonas kraasch,A5033800423,j kraasch
A5087555837,https://orcid.org/0000-0002-2133-1525,J. C. Carr,"['J. C. Carr', 'J. Carr', 'Julia C. Carr', 'Julia Carr']",16,100,5,6,Physical Sciences,j. c.,carr,c,j. c. carr,A5087555837,j carr
A5074253286,https://orcid.org/0000-0002-4310-9511,Sean Tok,"['S S L Tok', 'S. Tok', 'Sean Shui Liang Tok', 'Sean Tok']",11,96,5,5,Health Sciences,sean,tok,t,sean tok,A5074253286,s tok
A5043746917,https://orcid.org/0000-0001-5150-0572,A. M. Anderson,"['A. M. Anderson', 'Aspen M. Anderson']",12,22,3,4,Physical Sciences,a. m.,anderson,a,a. m. anderson,A5043746917,a anderson
A5032092065,https://orcid.org/0000-0002-0716-8741,Ashley N. Hewitt,"['Ashley Hewitt', 'Ashley N Hewitt', 'Ashley N. Hewitt', 'Ashley N. Hewitt1']",30,373,10,3,Social Sciences,ashley n.,hewitt,h,ashley n. hewitt,A5032092065,a hewitt
A5060248317,https://orcid.org/0000-0003-4858-5602,Brian Wixted,['Brian Wixted'],49,593,9,7,Social Sciences,brian,wixted,w,brian wixted,A5060248317,b wixted
A5021445324,https://orcid.org/0000-0001-8447-872X,Yixian Shen,"['Shen, Yixian', 'Yi-Xian Shen', 'Yixian Shen']",58,194,8,10,Physical Sciences,yixian,shen,s,yixian shen,A5021445324,y shen
A5068383329,https://orcid.org/0009-0009-8116-2514,Abraham J. Wilhelm,"['A J Wilhelm', 'A WILHELM', 'A Wilhelm', 'A. J. WILHELM', 'A. J. Wilhelm', 'A. Wilhelm', 'A.J Wilhelm', 'A.J. Wilhelm', 'AJ Wilhelm', 'Aabraham J. Wilhelm', 'Abraham J Wilhelm', 'Abraham J. Wilhelm', 'Wilhelm, A J', 'Wilhelm, AJ']",84,2148,27,16,Life Sciences,abraham j.,wilhelm,w,abraham j. wilhelm,A5068383329,a wilhelm
A5093769593,,Ahmed Al-Rawi,['Ahmed Al-Rawi'],7,1,1,1,Social Sciences,ahmed,al-rawi,a,ahmed al-rawi,A5093769593,a al-rawi
A5059997659,,Tejdeep Kang,['Tejdeep Kang'],1,0,0,1,Health Sciences,tejdeep,kang,k,tejdeep kang,A5059997659,t kang
A5019781908,,Carlos A. Sierra Hernandez,"['Carlos A Sierra Hernandez', 'Carlos A. Sierra Hernandez']",12,118,6,2,Social Sciences,carlos a. sierra,hernandez,h,carlos a. sierra hernandez,A5019781908,c hernandez
A5092986563,,Anmol Swaich,['Anmol Swaich'],2,10,1,2,Social Sciences,anmol,swaich,s,anmol swaich,A5092986563,a swaich
A5018993363,,Lionel Kearns,"['Kearns, Lionel John', 'Lionel Kearns']",17,20,1,3,Social Sciences,lionel,kearns,k,lionel kearns,A5018993363,l kearns
A5065665606,https://orcid.org/0000-0002-1389-2410,Ryan M. L. McFadden,"['McFadden, R.M.', 'McFadden, Ryan M. L.', 'McFadden, Ryan M.L.', 'McFadden, Ryan Michael Lund', 'R M L McFadden', 'R. M. L. McFadden', 'R.M. McFadden', 'R.M.L. McFadden', 'R.\u2009M.\u2009L. McFadden', 'Ryan M L McFadden', 'Ryan M McFadden', 'Ryan M. L. McFadden', 'Ryan M. L. Mcfadden', 'Ryan M. McFadden', 'Ryan M.L. McFadden', 'Ryan McFadden', 'Ryan\u2005M. McFadden']",105,1536,17,11,Physical Sciences,ryan m. l.,mcfadden,m,ryan m. l. mcfadden,A5065665606,r mcfadden
A5101645620,https://orcid.org/0000-0001-5783-1655,Ke Wang,"['Ke Wang', 'Wang, Ke']",35,533,12,16,Life Sciences,ke,wang,w,ke wang,A5101645620,k wang
A5110124469,,D. Patterson,"['D A Patterson', 'D. A. Patterson', 'D. Patterson', 'D.A. Patterson', 'D.\xa0A. Patterson', 'Destini Aaliyah Patterson']",39,1501,17,9,Physical Sciences,d.,patterson,p,d. patterson,A5110124469,d patterson
A5040066274,,M.A. Brockman,['M.A. Brockman'],1,0,0,1,Health Sciences,m.a.,brockman,b,m.a. brockman,A5040066274,m brockman
A5070529600,,Zoe Todd,"['Todd, Zoe', 'Todd, Zoe S', 'Todd, Zoe Sarah Croucher', 'ZOE TODD', 'Zoe Todd']",27,3341,10,5,Health Sciences,zoe,todd,t,zoe todd,A5070529600,z todd
A5037017144,https://orcid.org/0000-0001-9051-4205,Karel Proesmans,"['K. Proesmans', 'Karel Proesmans', 'Proesmans, K.', 'Proesmans, Karel']",42,707,11,8,Physical Sciences,karel,proesmans,p,karel proesmans,A5037017144,k proesmans
A5107070954,,SP Rossi,['SP Rossi'],1,2,1,2,Physical Sciences,sp,rossi,r,sp rossi,A5107070954,s rossi
A5003321247,,G. Jensen,"['G. Jensen', 'G.M. Jensen', 'Gabrille Jensen']",6,62,3,3,Life Sciences,g.,jensen,j,g. jensen,A5003321247,g jensen
A5092864314,,Hana Georgoulis,['Hana Georgoulis'],4,8,2,1,Social Sciences,hana,georgoulis,g,hana georgoulis,A5092864314,h georgoulis
A5093307983,,Lucy Bell Sdahl Ḵ’awaas,['Lucy Bell Sdahl Ḵ’awaas'],1,1,1,1,Social Sciences,lucy bell sdahl,ḵ’awaas,ḵ,lucy bell sdahl ḵ’awaas,A5093307983,l ḵ’awaas
A5047153133,,N. Dean Evans,"['N. Dean Evans', 'Nelia Evans']",3,1,1,2,Social Sciences,n. dean,evans,e,n. dean evans,A5047153133,n evans
A5110164742,,John Clague,"['J CLAGUE', 'J Clague', 'J. Clague', 'J.E. Clague', 'JOHN CLAGUE', 'John Clague', 'John J. Clague']",22,1124,9,9,Health Sciences,john,clague,c,john clague,A5110164742,j clague
A5100372052,https://orcid.org/0000-0002-6367-0437,Yue Wang,"['Wang, Yue', 'Yue Wang']",11,103,4,6,Physical Sciences,yue,wang,w,yue wang,A5100372052,y wang
A5071955961,https://orcid.org/0000-0002-4750-0155,Maude Comtois‐Cabana,"['Comtois-Cabana, Maude', 'Maude Comtois-Cabana', 'Maude Comtois‐Cabana']",11,23,2,3,Social Sciences,maude,comtois‐cabana,c,maude comtois‐cabana,A5071955961,m comtois‐cabana
A5002988513,https://orcid.org/0000-0002-1177-2204,Kirill Lakhmanskiy,"['K. E. Lakhmanskiy', 'K. Lakhmanskiy', 'K.E. Lakhmanskiy', 'Kirill Lakhmanskiy', 'Lakhmanskiy, Kirill']",35,525,7,6,Physical Sciences,kirill,lakhmanskiy,l,kirill lakhmanskiy,A5002988513,k lakhmanskiy
A5012067602,https://orcid.org/0009-0005-7284-1612,G. Gary Wang,"['G. Gary Wang', 'Guancheng Wang', 'Guodong Wang', 'Wang, G. Gary']",95,2972,27,5,Physical Sciences,g. gary,wang,w,g. gary wang,A5012067602,g wang
A5036577590,https://orcid.org/0000-0002-6432-2514,Jennifer E. Storey,"['Jennifer E Storey', 'Jennifer E. Storey', 'Jennifer Elizabeth Storey', 'Jennifer Storey', 'JenniferE. Storey', 'Storey, Jennifer', 'Storey, Jennifer E.']",90,1346,20,9,Social Sciences,jennifer e.,storey,s,jennifer e. storey,A5036577590,j storey
A5015013342,,Shannon Leddy,"['Leddy, Shannon', 'Leddy, Shannon C.', 'S Leddy', 'Shannon Carolyn Leddy', 'Shannon Leddy']",20,53,4,4,Social Sciences,shannon,leddy,l,shannon leddy,A5015013342,s leddy
A5066874418,https://orcid.org/0000-0002-3860-4470,Janghyeon Lee,"['Donggu Kim', 'Janghyeon Lee']",17,179,7,5,Physical Sciences,janghyeon,lee,l,janghyeon lee,A5066874418,j lee
A5062520798,https://orcid.org/0000-0001-7350-0696,Mehrsan Javan,"['Javan, M.', 'Javan, Mehrsan', 'Javan-Roshtkhari, Mehrsan', 'M. Javan Roshtkhari', 'M. Javan-Roshtkhari', 'Mehrsan Javan', 'Mehrsan Javan Roshtkhari', 'Mehrsan Javan-Roshtkhari', 'Roshtkhari, Mehraveh Javan', 'Roshtkhari, Mehrsan Javan']",50,1895,17,5,Physical Sciences,mehrsan,javan,j,mehrsan javan,A5062520798,m javan
A5063767568,,J.A. Caine,"['J. A. J. Caine', 'J.A. Caine']",5,3,1,2,Social Sciences,j.a.,caine,c,j.a. caine,A5063767568,j caine
A5102834300,https://orcid.org/0009-0001-1989-8709,Zhe Zhang,"['Chunxue Wang', 'Zhe Zhang']",3,2,1,5,Social Sciences,zhe,zhang,z,zhe zhang,A5102834300,z zhang
A5062244415,,Mario Gregorio,"['M. Di Gregorio', 'Mario Gregorio', 'mario Gregorio']",30,821,10,9,Social Sciences,mario,gregorio,g,mario gregorio,A5062244415,m gregorio
A5106716331,https://orcid.org/0000-0003-0193-0173,Rob Gillezeau,"['Gillezeau, Rob', 'ROB GILLEZEAU', 'Rob Gillezeau']",38,398,11,11,Social Sciences,rob,gillezeau,g,rob gillezeau,A5106716331,r gillezeau
A5060207717,,S Reynolds,"['S Reynolds', 'Steven Reynolds']",3,0,0,4,Health Sciences,s,reynolds,r,s reynolds,A5060207717,s reynolds
A5018829483,https://orcid.org/0009-0009-3784-9183,Balwinder Ruprai,['Balwinder Ruprai'],2,4,1,2,Life Sciences,balwinder,ruprai,r,balwinder ruprai,A5018829483,b ruprai
A5013648956,,Nuri Yang,"['Nuri Yang', 'Yang, Nuri']",9,127,4,6,Physical Sciences,nuri,yang,y,nuri yang,A5013648956,n yang
A5029879301,,Entong Ye,"['E. Ye', 'Entong Ye']",3,63,3,2,Physical Sciences,entong,ye,y,entong ye,A5029879301,e ye
A5112749856,,Elmersjö Paul,"['Elmersj Paul', 'Elmersjö Paul']",1,0,0,7,Social Sciences,elmersjö,paul,p,elmersjö paul,A5112749856,e paul
A5080820769,https://orcid.org/0000-0002-8997-1377,Brian A. Knarr,"['B Knarr', 'B. Knarr', 'B.A. Knarr', 'Brian A Knarr', 'Brian A. Knarr', 'Brian Knarr', 'Knarr, Brian A.']",97,1481,20,9,Health Sciences,brian a.,knarr,k,brian a. knarr,A5080820769,b knarr
A5110940650,,Béatrice Dupuy,"['Beatrice Dupuy', 'Béatrice Dupuy', 'Dupuy, Béatrice']",3,0,0,4,Physical Sciences,béatrice,dupuy,d,béatrice dupuy,A5110940650,b dupuy
A5076770374,,Chenyu Hou,"['Chen-Yu Hou', 'Chenyu Hou', 'Hou Chenyu', 'Hou, Chenyu']",74,413,10,19,Physical Sciences,chenyu,hou,h,chenyu hou,A5076770374,c hou
A5012635562,,Ron Calara,['Ron Calara'],1,13,1,1,Physical Sciences,ron,calara,c,ron calara,A5012635562,r calara
A5045716904,,Agnes Beltramo,['Agnes Beltramo'],3,9,2,7,Physical Sciences,agnes,beltramo,b,agnes beltramo,A5045716904,a beltramo
A5109484292,,Michael Howlett,['Michael Howlett'],18,282,3,2,Social Sciences,michael,howlett,h,michael howlett,A5109484292,m howlett
A5052335574,https://orcid.org/0000-0003-3848-7232,Kai Zhao,['Kai Zhao'],8,38,3,6,Physical Sciences,kai,zhao,z,kai zhao,A5052335574,k zhao
A5016121668,https://orcid.org/0000-0002-3765-509X,Silvester B. Pratasik,"['Pratasik, Silvester B.', 'Silvester B Pratasik', 'Silvester B. Pratasik', 'Silvester Benny Pratasik', 'Silvester Pratasik']",47,149,7,5,Physical Sciences,silvester b.,pratasik,p,silvester b. pratasik,A5016121668,s pratasik
A5103154109,https://orcid.org/0009-0001-0968-8564,Jeremy A. Fell,['Jeremy A. Fell'],1,3,1,1,Physical Sciences,jeremy a.,fell,f,jeremy a. fell,A5103154109,j fell
A5092582825,,Sara Bouvelle,['Sara Bouvelle'],2,0,0,4,Social Sciences,sara,bouvelle,b,sara bouvelle,A5092582825,s bouvelle
A5058077634,,Cal Woodruff,['Cal Woodruff'],2,46,1,1,Social Sciences,cal,woodruff,w,cal woodruff,A5058077634,c woodruff
A5075831579,https://orcid.org/0000-0003-0288-368X,Stephanie Szobota,"['Stephanie A. Szobota', 'Stephanie Szobota']",17,1283,11,8,Physical Sciences,stephanie,szobota,s,stephanie szobota,A5075831579,s szobota
A5035896927,,Kristina Waclawik,['Kristina Waclawik'],9,129,5,2,Life Sciences,kristina,waclawik,w,kristina waclawik,A5035896927,k waclawik
A5100462916,https://orcid.org/0000-0002-0967-2116,Min-Ju Kim,"['Min-Ju Kim', 'Min-ju Kim', 'Minju Kim']",24,585,7,12,Health Sciences,min-ju,kim,k,min-ju kim,A5100462916,m kim
A5046387257,https://orcid.org/0000-0002-5773-3649,Elijah Willie,"['E. Willie', 'Elijah Willie', 'Willie, Elijah']",18,240,5,6,Life Sciences,elijah,willie,w,elijah willie,A5046387257,e willie
A5014108432,https://orcid.org/0000-0002-3567-0798,Kyle Vincent,"['Kyle Shane Vincent', 'Kyle Vincent', 'Sara Woldehanna', 'Vincent, Kyle']",46,159,7,11,Physical Sciences,kyle,vincent,v,kyle vincent,A5014108432,k vincent
A5098829532,,David Ester,"['David Ester', 'David F. Ester']",5,33,2,2,Physical Sciences,david,ester,e,david ester,A5098829532,d ester
A5119413521,,Taleen Ashekian,['Taleen Ashekian'],1,0,0,1,Health Sciences,taleen,ashekian,a,taleen ashekian,A5119413521,t ashekian
A5084370669,https://orcid.org/0000-0002-6066-4883,Jenny Li,"['Jenny Li', 'Jenny S. Li', 'Li, Jenny']",28,162,8,15,Health Sciences,jenny,li,l,jenny li,A5084370669,j li
A5053712034,,Lara Gastaldello,['Lara Gastaldello'],2,0,0,1,Life Sciences,lara,gastaldello,g,lara gastaldello,A5053712034,l gastaldello
A5113958110,,Stephen N. Robinovich,['Stephen N. Robinovich'],1,0,0,1,Life Sciences,stephen n.,robinovich,r,stephen n. robinovich,A5113958110,s robinovich
A5018700398,https://orcid.org/0000-0002-2258-1091,Iman Tavassoly,"['I Tavassoly', 'I. Tavassoly', 'Iman Tavassoly', 'Tavassoly, Iman', 'Tavassoly, iman']",62,7608,20,13,Health Sciences,iman,tavassoly,t,iman tavassoly,A5018700398,i tavassoly
A5023113826,https://orcid.org/0000-0003-0784-8162,Nancy Clark,"['Clark, Nancy', 'Clark, Nancy R.', 'N Clark', 'N. Clark', 'NANCY CLARK', 'Nancy Clark', 'Nancy Ripp Clark']",73,730,15,13,Social Sciences,nancy,clark,c,nancy clark,A5023113826,n clark
A5057905356,https://orcid.org/0000-0003-0864-0312,Maggie Jones,"['Jones, Maggie', 'Jones, Maggie E. C.', 'Jones, Maggie E.C.', 'Maggie E C Jones', 'Maggie E. C. Jones', 'Maggie E.C. Jones', 'Maggie Jones']",42,332,9,13,Social Sciences,maggie,jones,j,maggie jones,A5057905356,m jones
A5053390823,https://orcid.org/0000-0002-3989-0464,Victoria Rose,"['Rose, Victoria', 'Victoria E. Rose', 'Victoria Rose']",10,65,4,5,Health Sciences,victoria,rose,r,victoria rose,A5053390823,v rose
A5035999484,,Yen-Hsiang Brian Lee,['Yen-Hsiang Brian Lee'],1,236,1,1,Social Sciences,yen-hsiang brian,lee,l,yen-hsiang brian lee,A5035999484,y lee
A5109595986,,Ms. Marlena Ornowska,['Ms. Marlena Ornowska'],1,8,1,1,Life Sciences,ms. marlena,ornowska,o,ms. marlena ornowska,A5109595986,m ornowska
A5028775367,,Adjua Akinwumi,['Adjua Akinwumi'],3,0,0,1,Social Sciences,adjua,akinwumi,a,adjua akinwumi,A5028775367,a akinwumi
A5027736032,,IM Côté,"['I.M. Côté', 'IM Côté']",15,583,9,3,Physical Sciences,im,côté,c,im côté,A5027736032,i côté
A5024061075,https://orcid.org/0000-0002-2099-0115,Mark Lokanan,"['Lokanan, Mark', 'Mark E. Lokanan', 'Mark Eshwar Lokanan', 'Mark Lokanan']",89,998,17,4,Social Sciences,mark,lokanan,l,mark lokanan,A5024061075,m lokanan
A5072063318,,Nick Mitrou,"['Nick G. A. Mitrou', 'Nick Mitrou']",5,4,1,1,Life Sciences,nick,mitrou,m,nick mitrou,A5072063318,n mitrou
A5062225419,,S. MacLennan,['S. MacLennan'],1,0,0,1,Health Sciences,s.,maclennan,m,s. maclennan,A5062225419,s maclennan
A5119411272,,Luana Carcano,['Luana Carcano'],1,0,0,1,Social Sciences,luana,carcano,c,luana carcano,A5119411272,l carcano
A5099643446,,Pierre Etienne Banville,['Pierre Etienne Banville'],1,1,1,1,Social Sciences,pierre etienne,banville,b,pierre etienne banville,A5099643446,p banville
A5109852452,,Steve Reynolds,['Steve Reynolds'],36,74,2,3,Health Sciences,steve,reynolds,r,steve reynolds,A5109852452,s reynolds
A5055098956,https://orcid.org/0000-0002-6284-6648,William Scott,"['Scott, W.', 'Scott, W.D.', 'Scott, William D.', 'Scott,William D', 'Scott,William D.', 'W Scott', 'W. Scott', 'W.R. Scott', 'WILLIAM SCOTT', 'William Robert Scott', 'William Scott']",168,1930,12,20,Physical Sciences,william,scott,s,william scott,A5055098956,w scott
A5059602294,,Taylor Breckles,"['Breckles, Taylor', 'Taylor Breckles']",3,0,0,1,Physical Sciences,taylor,breckles,b,taylor breckles,A5059602294,t breckles
A5020398289,https://orcid.org/0000-0003-1641-0779,Antonio Barbalace,"['A. Barbalace', 'Anshul Gandhi', 'Antonio Barbalace', 'Barbalace, Antonio']",93,1156,18,12,Physical Sciences,antonio,barbalace,b,antonio barbalace,A5020398289,a barbalace
A5109805545,,M.L. Walsh,"['M Walsh', 'M. L. Walsh', 'M.L. WALSH', 'M.L. Walsh', 'Michael L Walsh', 'Michael L. Walsh', 'Michael Walsh', 'Walsh, Michael Leonard']",101,2637,28,10,Social Sciences,m.l.,walsh,w,m.l. walsh,A5109805545,m walsh
A5031171431,https://orcid.org/0000-0003-0868-1384,Chiara Lier,['Chiara Lier'],3,43,2,3,Health Sciences,chiara,lier,l,chiara lier,A5031171431,c lier
A5005587062,,Chai April,"['April, Chai', 'Chai April']",2,0,0,1,Social Sciences,chai,april,a,chai april,A5005587062,c april
A5104422183,,Daniela Gottschlich,['Daniela Gottschlich'],1,2,1,1,Social Sciences,daniela,gottschlich,g,daniela gottschlich,A5104422183,d gottschlich
A5047414920,https://orcid.org/0000-0001-8387-8262,David Patterson,"['David Albert Patterson', 'David Patterson', 'Patterson, David B.']",16,47,4,4,Life Sciences,david,patterson,p,david patterson,A5047414920,d patterson
A5028527016,,Dirk van Niekerk,"['D van Niekerk', 'D. van Niekerk', 'Dirk Van Niekerk', 'Dirk van Niekerk', 'van Niekerk, Dirk']",83,1501,22,20,Health Sciences,dirk van,niekerk,n,dirk van niekerk,A5028527016,d niekerk
A5058507118,,Zaid Siddiqi,"['Z Siddiqi', 'Zaid Siddiqi']",5,29,3,5,Physical Sciences,zaid,siddiqi,s,zaid siddiqi,A5058507118,z siddiqi
A5078952061,,Easton Elia,['Easton Elia'],1,0,0,1,Physical Sciences,easton,elia,e,easton elia,A5078952061,e elia
A5043754594,https://orcid.org/0000-0001-5040-1855,Vinicius da Eira Silva,"['VINICIUS DA EIRA SILVA', 'Vinicius Da Eira Silva', 'Vinicius da Eira Silva', 'Vinícius da Eira Silva']",17,252,6,3,Health Sciences,vinicius da eira,silva,s,vinicius da eira silva,A5043754594,v silva
A5024919558,,Jeanne Egar,['Jeanne Egar'],2,11,1,8,Life Sciences,jeanne,egar,e,jeanne egar,A5024919558,j egar
A5001578135,https://orcid.org/0000-0003-0844-5023,Ke Wang,"['Ke Wang', 'Wang Ke', 'Wang, Ke']",36,527,13,17,Physical Sciences,ke,wang,w,ke wang,A5001578135,k wang
A5086540409,,Myles Nahirniak,"['M. Nahirniak', 'Myles Nahirniak']",3,41,2,2,Social Sciences,myles,nahirniak,n,myles nahirniak,A5086540409,m nahirniak
A5111751302,,Patricia A. Baird,"['Baird, Patricia', 'Baird, Patricia A.', 'P A Baird', 'P Baird', 'P. A. Baird', 'P.A Baird', 'P.A. Baird', 'PATRICIA A. BAIRD', 'Patricia A Baird', 'Patricia A. Baird', 'Patricia Baird']",107,3909,35,12,Health Sciences,patricia a.,baird,b,patricia a. baird,A5111751302,p baird
A5067831979,,R. Woods,['R. Woods'],1,2,1,1,Health Sciences,r.,woods,w,r. woods,A5067831979,r woods
A5038238040,https://orcid.org/0000-0002-3703-4656,Michael Joyce,"['Joyce, Michael', 'M Joyce', 'M. Joyce', 'Michael J. Joyce', 'Michael Joyce', 'michael joyce']",38,363,7,14,Life Sciences,michael,joyce,j,michael joyce,A5038238040,m joyce
A5099001438,,Dan Traviss,['Dan Traviss'],1,2,1,1,Physical Sciences,dan,traviss,t,dan traviss,A5099001438,d traviss
A5070616182,https://orcid.org/0000-0003-4718-0064,Shivika Mittal,"['Mittal, Shivika', 'S. Mittal', 'Shivika Mittal', 'shivika Mittal']",112,2381,25,16,Social Sciences,shivika,mittal,m,shivika mittal,A5070616182,s mittal
A5016069534,,Priyadarshini Balaraman,['Priyadarshini Balaraman'],3,9,2,2,Physical Sciences,priyadarshini,balaraman,b,priyadarshini balaraman,A5016069534,p balaraman
A5050510999,,M. A. Yakovlev,"['M Yakovlev', 'M. A. Yakovlev', 'M. Yakovlev', 'Yakovlev, M.']",19,62,3,5,Physical Sciences,m. a.,yakovlev,y,m. a. yakovlev,A5050510999,m yakovlev
A5075682350,,Rémi Léger,"['Léger, Rémi 1983-', 'Rémi Léger']",67,131,7,6,Social Sciences,rémi,léger,l,rémi léger,A5075682350,r léger
A5018478383,https://orcid.org/0000-0003-4295-3339,Julie Hussin,"['Hussin, Julie', 'Hussin, Julie G.', 'J. Hussin', 'J.G. Hussin', 'JULIE HUSSIN', 'Julie G Hussin', 'Julie G. Hussin', 'Julie Hussin']",103,1757,20,18,Life Sciences,julie,hussin,h,julie hussin,A5018478383,j hussin
A5089655064,https://orcid.org/0000-0002-5013-343X,Pamela Abbott,"['Abbott Pamela', 'Abbott, Pamela', 'P ABBOTT', 'P Abbott', 'P. A. Abbott', 'P. Abbott', 'PAMELA ABBOTT', 'Pamela A Abbott', 'Pamela A. Abbott', 'Pamela Abbott', 'Pamela mname Abbott']",277,3596,35,17,Social Sciences,pamela,abbott,a,pamela abbott,A5089655064,p abbott
A5083037172,https://orcid.org/0009-0008-1813-0475,Sara Izadi‐Najafabadi,"['Izadi-Najafabadi, Sara', 'Sara Izadi-Najafabadi', 'Sara Izadi-najafabadi', 'Sara Izadi‐Najafabadi']",27,520,12,14,Social Sciences,sara,izadi‐najafabadi,i,sara izadi‐najafabadi,A5083037172,s izadi‐najafabadi
A5084512995,,Lais Meneses Brasileiro Dourado,['Lais Meneses Brasileiro Dourado'],1,3,1,2,Social Sciences,lais meneses brasileiro,dourado,d,lais meneses brasileiro dourado,A5084512995,l dourado
A5096199594,,Gutman Gloria,['Gutman Gloria'],1,0,0,1,Health Sciences,gutman,gloria,g,gutman gloria,A5096199594,g gloria
A5023126993,https://orcid.org/0000-0001-6012-8418,Timothy Jacobs Hicks,"['Hicks, Timothy', 'Hicks, Timothy (University College London)', 'Hicks, Timothy (University College London); Jacobs, Alan M. (University Of British Columbia); Matthews, J. Scott (Memorial University Of Newfoundland)', 'TIMOTHY HICKS', 'Tim Hicks', 'Timothy Hicks', 'Timothy Jacobs Hicks']",289,405,9,17,Social Sciences,timothy jacobs,hicks,h,timothy jacobs hicks,A5023126993,t hicks
A5082789637,,Jun Kei Lie,['Jun Kei Lie'],1,0,0,1,Health Sciences,jun kei,lie,l,jun kei lie,A5082789637,j lie
A5046171346,,Reza Moradi,['Reza Moradi'],8,305,3,3,Physical Sciences,reza,moradi,m,reza moradi,A5046171346,r moradi
A5088099073,https://orcid.org/0000-0003-0123-053X,Monique Auger,"['Monique Auger', 'Monique D Auger', 'Monique D. Auger']",15,491,8,5,Social Sciences,monique,auger,a,monique auger,A5088099073,m auger
A5119412563,,Sarah Negrin,['Sarah Negrin'],1,0,0,1,Physical Sciences,sarah,negrin,n,sarah negrin,A5119412563,s negrin
A5007702423,,Simon Claveau,['Simon Claveau'],3,0,0,1,Life Sciences,simon,claveau,c,simon claveau,A5007702423,s claveau
A5024106893,,Kerrigan Beaver,"['K. M. Beaver', 'Kerrigan Beaver']",36,581,12,11,Health Sciences,kerrigan,beaver,b,kerrigan beaver,A5024106893,k beaver
A5000695733,https://orcid.org/0000-0002-8947-6093,Lisa Bourque Bearskin,"['Lisa Bourque Bearskin', 'Mona Lisa Bourque Bearskin']",26,569,8,15,Social Sciences,lisa bourque,bearskin,b,lisa bourque bearskin,A5000695733,l bearskin
A5066138111,https://orcid.org/0000-0001-5884-4503,Matteo Montecchi,"['Matteo Montecchi', 'Montecchi, Matteo']",66,1376,13,6,Social Sciences,matteo,montecchi,m,matteo montecchi,A5066138111,m montecchi
A5091656507,https://orcid.org/0000-0002-5992-1125,Vanessa Taler,"['Taler, Vanessa', 'V TALER', 'V. Taler', 'VANESSA TALER', 'Vanessa Taler']",140,3837,31,20,Social Sciences,vanessa,taler,t,vanessa taler,A5091656507,v taler
A5006348785,https://orcid.org/0009-0005-8831-3646,Hannah Watkins,"['H. Watkins', 'H.Y. Watkins', 'Hannah Watkins', 'Hannah Yuh Watkins', 'Watkins, Hannah']",42,1037,13,7,Physical Sciences,hannah,watkins,w,hannah watkins,A5006348785,h watkins
A5009640482,,Saim Wani,"['Saim Wani', 'Wani, Saim']",9,113,4,2,Physical Sciences,saim,wani,w,saim wani,A5009640482,s wani
A5071037562,https://orcid.org/0000-0002-5424-804X,Jeffrey A. van Santen,"['Jeffrey A van\xa0Santen', 'Jeffrey A. van Santen', 'Jeffrey\xa0A van\xa0Santen', 'Santen, Jeffrey A. Van', 'Van Santen, Jeffrey A.']",25,2474,13,5,Physical Sciences,jeffrey a. van,santen,s,jeffrey a. van santen,A5071037562,j santen
A5068840014,,Thuy ThiThanh,"['Thuy ThiThanh', 'Thuy ThiThanh Do']",2,0,0,1,Social Sciences,thuy,thithanh,t,thuy thithanh,A5068840014,t thithanh
A5002583029,,Anderson de Andrade,"['A de Andrade', 'A. De Andrade', 'A. de Andrade', 'Anderson De Andrade', 'Anderson de Andrade', 'De Andrade, Anderson', 'de Andrade, Anderson']",36,575,11,8,Life Sciences,anderson de,andrade,a,anderson de andrade,A5002583029,a andrade
A5092564915,,Katarina Hiebert,['Katarina Hiebert'],1,0,0,4,Social Sciences,katarina,hiebert,h,katarina hiebert,A5092564915,k hiebert
A5078919310,,Will St. Pierre Nelson,['Will St. Pierre Nelson'],2,32,2,1,Social Sciences,will st. pierre,nelson,n,will st. pierre nelson,A5078919310,w nelson
A5041498542,,W Hahm,"['W Hahm', 'W Jesse Hahm']",12,2,1,1,Physical Sciences,w,hahm,h,w hahm,A5041498542,w hahm
A5013157128,https://orcid.org/0000-0003-0835-1668,Patrick S. R. Davidson,"['P. S. R. DAVIDSON', 'P. S. R. Davidson', 'P.S.R. Davidson', 'PATRICK S. R. DAVIDSON', 'Patrick Davidson', 'Patrick S R Davidson', 'Patrick S. R. Davidson', 'Patrick S.R Davidson', 'Patrick S.R. Davidson', 'Patrick SR Davidson']",97,4579,31,15,Life Sciences,patrick s. r.,davidson,d,patrick s. r. davidson,A5013157128,p davidson
A5071337442,https://orcid.org/0000-0001-8896-8486,Ricard Torra i Prat,"['Ricard Prat', 'Ricard Torra', 'Ricard Torra Prat', 'Ricard Torra i Prat', 'Ricard Torra-Prat']",35,16,3,6,Social Sciences,ricard torra i,prat,p,ricard torra i prat,A5071337442,r prat
A5029713408,,E.A. Slavíková,"['E.A. Slavikova', 'E.A. Slavíková']",4,25,3,4,Physical Sciences,e.a.,slavíková,s,e.a. slavíková,A5029713408,e slavíková
A5107629764,,Luna Kindersley,['Luna Kindersley'],1,0,0,1,Physical Sciences,luna,kindersley,k,luna kindersley,A5107629764,l kindersley
A5076669546,https://orcid.org/0000-0003-4056-1286,Asger Hobolth,"['A. HOBOLTH', 'A. Hobolth', 'ASGER HOBOLTH', 'Asger Hobolth', 'Asger Hobolth (7266)', 'Hobolth, Asger', 'Hobolth, Asger; id_orcid 0000-0003-4056-1286', 'Katherine A. Hoadley']",183,21272,46,16,Physical Sciences,asger,hobolth,h,asger hobolth,A5076669546,a hobolth
A5115019526,https://orcid.org/0000-0003-3228-4784,Ayşe Ercan Kydonakis,"['Ayşe Ercan Kydonakis', 'Ayşe Ercan\xa0Kydonakis']",6,1,1,2,Social Sciences,ayşe ercan,kydonakis,k,ayşe ercan kydonakis,A5115019526,a kydonakis
A5107616604,,Micheal Obakhavbaye,['Micheal Obakhavbaye'],1,1,1,1,Social Sciences,micheal,obakhavbaye,o,micheal obakhavbaye,A5107616604,m obakhavbaye
A5103091031,https://orcid.org/0000-0002-4535-7199,Laura Wang,['Laura Wang'],27,941,8,15,Health Sciences,laura,wang,w,laura wang,A5103091031,l wang
A5039192820,https://orcid.org/0000-0001-8308-9730,Yulia Rubanova,"['Edward W. Rowe', 'Rubanova, Yulia', 'Sjoerd Van Steenkiste', 'Thomas Keck', 'William Whitney', 'Yulia Rubanova']",84,19358,37,17,Life Sciences,yulia,rubanova,r,yulia rubanova,A5039192820,y rubanova
A5060920979,,Beatrice Donald,['Beatrice Donald'],6,70,1,1,Social Sciences,beatrice,donald,d,beatrice donald,A5060920979,b donald
A5014032927,https://orcid.org/0000-0001-8876-9225,Jonathan Han,['Jonathan Han'],20,143,6,16,Health Sciences,jonathan,han,h,jonathan han,A5014032927,j han
A5042589233,,Beverley Gartrell,['Beverley Gartrell'],14,112,4,1,Social Sciences,beverley,gartrell,g,beverley gartrell,A5042589233,b gartrell
A5112908065,,K. Michael Nolan,"['K. M. Nolan', 'K. Michael Nolan', 'K.M. Nolan', 'Kelly Nolan']",33,381,10,8,Physical Sciences,k. michael,nolan,n,k. michael nolan,A5112908065,k nolan
A5072435063,https://orcid.org/0009-0000-3247-1278,Linda Riches,"['L. Riches', 'Linda Riches']",16,108,5,8,Social Sciences,linda,riches,r,linda riches,A5072435063,l riches
A5069050938,,Jason Douglas Edward Proulx,['Jason Douglas Edward Proulx'],5,11,1,2,Social Sciences,jason douglas edward,proulx,p,jason douglas edward proulx,A5069050938,j proulx
A5051063005,https://orcid.org/0000-0002-8473-5551,Jaime Flamenbaum,['Jaime Flamenbaum'],9,22,2,12,Health Sciences,jaime,flamenbaum,f,jaime flamenbaum,A5051063005,j flamenbaum
A5023222821,https://orcid.org/0000-0002-4653-8653,Laurent Rubatat,"['L. Rubatat', 'Laurent Rubatat', 'RUBATAT, Laurent', 'Rubatat, L.', 'Rubatat, Laurent']",59,2906,23,19,Physical Sciences,laurent,rubatat,r,laurent rubatat,A5023222821,l rubatat
A5085530603,https://orcid.org/0009-0009-6971-4670,Stephen Felipin S Miranda,"['Miranda, Stephen Felipin S', 'Samuel Antunes Miranda', 'Stephen Felipin S Miranda']",3,22,1,1,Physical Sciences,stephen felipin s,miranda,m,stephen felipin s miranda,A5085530603,s miranda
A5015821361,https://orcid.org/0000-0001-9249-2994,Faranak Farzan,"['F Farzan', 'F. Farzan', 'F.F. Farzan', 'Faranak Farzan']",165,9903,56,17,Life Sciences,faranak,farzan,f,faranak farzan,A5015821361,f farzan
A5081094552,https://orcid.org/0000-0003-4446-7561,Navid Balazadeh,"['Navid Balazadeh', 'Navid Balazadeh Meresht', 'Navid Balazadeh‐Meresht']",17,167,6,3,Physical Sciences,navid,balazadeh,b,navid balazadeh,A5081094552,n balazadeh
A5084640953,https://orcid.org/0000-0001-6901-0555,Karel Van Nieuwenhuyse,"['Karel Van Nieuwenhuyse', 'Karel Van Nieuwenhuyse,', 'Karel van Nieuwenhuyse', 'Van Nieuwenhuyse, Karel']",195,237,8,11,Social Sciences,karel van,nieuwenhuyse,n,karel van nieuwenhuyse,A5084640953,k nieuwenhuyse
A5113507450,,Benoı̂t Mojon,"['B. Mojon', 'Benoit Mojon', 'BenoÃ ̄t Mojon', 'Benoît Mojon', 'Benoı̂t Mojon', 'MOJON, B.', 'Mojon, Benoit', 'Mojon, Benoît']",161,3843,30,15,Social Sciences,benoı̂t,mojon,m,benoı̂t mojon,A5113507450,b mojon
A5033278627,,Sophia Angelica Dobischok,['Sophia Angelica Dobischok'],1,0,0,1,Physical Sciences,sophia angelica,dobischok,d,sophia angelica dobischok,A5033278627,s dobischok
A5027657431,https://orcid.org/0000-0001-6333-1198,Stephen J. Havlovic,"['Havlovic, Stephen J.', 'STEPHEN J. HAVLOVIC', 'Stephen Havlovic', 'Stephen J. Havlovic']",23,959,10,5,Social Sciences,stephen j.,havlovic,h,stephen j. havlovic,A5027657431,s havlovic
A5001833250,https://orcid.org/0000-0002-1292-0256,Angela Wong,"['Angela O. C. Wong', 'Angela O.C. Wong', 'Angela Wong', 'On Chi Wong', 'Wong, Angela']",17,722,9,5,Life Sciences,angela,wong,w,angela wong,A5001833250,a wong
A5030038085,https://orcid.org/0000-0003-0053-665X,Martin Rypdal,"['M Rypdal', 'M. Rypdal', 'Martin Rypdal', 'Martin Wibe Rypdal', 'Rypdal, M.', 'Rypdal, Martin']",155,1287,17,8,Physical Sciences,martin,rypdal,r,martin rypdal,A5030038085,m rypdal
A5085015647,https://orcid.org/0000-0001-5594-0057,Julija Jeremic,"['J. Jeremic', 'Jeremic, Julija', 'Julija Jeremic']",10,61,4,1,Social Sciences,julija,jeremic,j,julija jeremic,A5085015647,j jeremic
A5025769381,https://orcid.org/0000-0001-7930-8507,Hanene Ben Yedder,"['Ben Yedder, Hanene', 'Hanene Ben Yedder', 'Yedder, Hanene Ben']",30,327,9,3,Health Sciences,hanene ben,yedder,y,hanene ben yedder,A5025769381,h yedder
A5029698497,https://orcid.org/0000-0001-9329-1019,Ali Bhagat,"['Ali Bhagat', 'Ali H Bhagat']",33,383,10,4,Social Sciences,ali,bhagat,b,ali bhagat,A5029698497,a bhagat
A5014440493,https://orcid.org/0000-0002-9367-6119,Thomas Kuehn,"['Kuehn, Thomas', 'T Kuehn', 'T. Kuehn', 'THOMAS KUEHN', 'Thomas J. Kuehn', 'Thomas Kuehn', 'Thomas Kuehn (review author)']",228,976,16,15,Social Sciences,thomas,kuehn,k,thomas kuehn,A5014440493,t kuehn
A5020945021,https://orcid.org/0000-0003-3068-0425,G. Cerchiari,"['Cerchiari, G', 'Cerchiari, G.', 'Cerchiari, Giovanni', 'G Cerchiari', 'G. Cerchiari', 'Giovanni Cerchiari']",96,909,18,13,Physical Sciences,g.,cerchiari,c,g. cerchiari,A5020945021,g cerchiari
A5042347779,,John S Oakes,['John S Oakes'],1,0,0,1,Social Sciences,john s,oakes,o,john s oakes,A5042347779,j oakes
A5033985268,https://orcid.org/0000-0002-7878-0719,Adam Vaughan,"['A. Vaughan', 'Adam R. Vaughan', 'Adam Vaughan', 'Vaughan, Adam', 'Vaughan, Adam R', 'Vaughan, Adam R.']",496,2017,23,14,Health Sciences,adam,vaughan,v,adam vaughan,A5033985268,a vaughan
A5061914047,https://orcid.org/0000-0001-6905-4662,Santiago Higuera-Quintero,"['Higuera-Quintero, Santiago', 'Santiago Higuera Quintero', 'Santiago Higuera-Quintero']",4,13,2,4,Physical Sciences,santiago,higuera-quintero,h,santiago higuera-quintero,A5061914047,s higuera-quintero
A5071876761,https://orcid.org/0000-0001-8620-5522,Louise Gastonguay,"['L. Gastonguay', 'Louise Gastonguay']",22,477,14,10,Health Sciences,louise,gastonguay,g,louise gastonguay,A5071876761,l gastonguay
A5063128561,,I. Riadi,['I. Riadi'],1,1,1,2,Social Sciences,i.,riadi,r,i. riadi,A5063128561,i riadi
A5052806584,https://orcid.org/0000-0003-1681-7878,Andrew T. Duchowski,"['A. T Duchowski', 'A. T. Duchowski', 'A.T Duchowski', 'A.T. Duchowski', 'Andrew  T. Duchowski', 'Andrew DUCHOWSKI', 'Andrew Duchowski', 'Andrew T Duchowski', 'Andrew T. DUCHOWSKI', 'Andrew T. Duchowski', 'Andrew Tadeusz Duchowski', 'Duchowski, A.', 'Duchowski, Andrew', 'Duchowski, Andrew T', 'Duchowski, Andrew T.']",338,10422,44,8,Physical Sciences,andrew t.,duchowski,d,andrew t. duchowski,A5052806584,a duchowski
A5024874181,https://orcid.org/0000-0002-4843-8410,Joey Lam,['Joey Lam'],2,66,2,3,Social Sciences,joey,lam,l,joey lam,A5024874181,j lam
A5002710023,https://orcid.org/0000-0002-5899-7208,Michael Seear,"['M Seear', 'M. D. SEEAR', 'M. D. Seear', 'M. Seear', 'M.D. Seear', 'MICHAEL D. SEEAR', 'Michael D. Seear', 'Michael Seear']",81,2943,28,15,Health Sciences,michael,seear,s,michael seear,A5002710023,m seear
A5044782690,,A. Fournier,['A. Fournier'],1,5,1,2,Physical Sciences,a.,fournier,f,a. fournier,A5044782690,a fournier
A5100909202,,Mehdi Masoumi,"['Masoud Masoumi', 'Mehdi (Mohammadmehdi) Masoumi', 'Mehdi MASOUMİ', 'Mehdi Masoumi']",30,261,10,12,Physical Sciences,mehdi,masoumi,m,mehdi masoumi,A5100909202,m masoumi
A5062467718,,B. Heinrich,"['B Heinrich', 'B. HEINRICH', 'B. Heinrich', 'Bret Heinrich', 'Heinrich, Bret']",131,5305,35,6,Physical Sciences,b.,heinrich,h,b. heinrich,A5062467718,b heinrich
A5027304911,https://orcid.org/0000-0003-0966-4332,Calum MacRury,"['Calum MacRury', 'Calum Macrury', 'MacRury, Calum']",46,89,4,11,Physical Sciences,calum,macrury,m,calum macrury,A5027304911,c macrury
A5055210733,https://orcid.org/0000-0003-2741-7108,Israel Koren,"['I. Koren', 'I., Koren', 'Israel Koren', 'Israel, Koren', 'Koren, I', 'Koren, Israel', 'И.В. КОРЕНЬ']",360,7886,42,17,Physical Sciences,israel,koren,k,israel koren,A5055210733,i koren
A5134190994,https://orcid.org/0000-0002-7920-9231,Daniel Gan,"['Daniel Gan', 'Gan, Daniel']",5,0,0,1,Social Sciences,daniel,gan,g,daniel gan,A5134190994,d gan
A5054516428,,G. Rossi,['G. Rossi'],1,0,0,1,Health Sciences,g.,rossi,r,g. rossi,A5054516428,g rossi
A5006625444,https://orcid.org/0000-0003-0522-0275,Shiyi Xie,"['S. Xie', 'Shi-yi Xie', 'Shiyi Xie']",135,300,7,13,Health Sciences,shiyi,xie,x,shiyi xie,A5006625444,s xie
A5047598157,https://orcid.org/0000-0001-7998-6455,Sebastián González Hermosillo de la Maza,"['Gonzalez Hermosillo de la Maza S.', 'Sebastian Gonzalez Hermosillo de la Maza', 'Sebastián González Hermosillo de la Maza', 'Sebastián González Hermosillo de\xa0la Maza', 'de la Maza, Sebastián González Hermosillo']",16,61,3,3,Physical Sciences,sebastián gonzález hermosillo de la,maza,m,sebastián gonzález hermosillo de la maza,A5047598157,s maza
A5007341425,https://orcid.org/0000-0002-0489-7703,Joanne Otis,"['J Otis', 'J. Otis', 'JOANNE OTIS', 'Joanne OTIS', 'Joanne Otis', 'Otis, J.', 'Otis, Joanne']",178,2292,26,19,Health Sciences,joanne,otis,o,joanne otis,A5007341425,j otis
A5028075279,https://orcid.org/0000-0002-4635-140X,Lia M. Palileo‐Villanueva,"['L. Palileo-Villanueva', 'Lia  M. Palileo-Villanueva', 'Lia Aileen M. Palileo-Villanueva', 'Lia Aileen Palileo-Villanueva', 'Lia M Palileo-Villanueva', 'Lia M. Palileo-Villanueva', 'Lia M. Palileo-Villanueva, MD, MSc', 'Lia M. Palileo‐Villanueva', 'Lia Palileo-Villanueva', 'Lia Palileo‐Villanueva', 'Palileo-Villanueva, Lia M.']",69,1854,19,6,Health Sciences,lia m.,palileo‐villanueva,p,lia m. palileo‐villanueva,A5028075279,l palileo‐villanueva
A5094737203,,Kirstin Sendur,['Kirstin Sendur'],1,0,0,7,Social Sciences,kirstin,sendur,s,kirstin sendur,A5094737203,k sendur
A5063145574,,Ariel Sherman,"['A. Sherman', 'Alfredo Lopez Sherman', 'Ariel Sherman']",4,31,2,2,Social Sciences,ariel,sherman,s,ariel sherman,A5063145574,a sherman
A5078952563,,Leandro da Silva Corrêa,"['Leandro Correa', 'Leandro Da Silva Correa', 'Leandro da Silva Correa', 'Leandro da Silva Corrêa']",7,55,3,3,Physical Sciences,leandro da silva,corrêa,c,leandro da silva corrêa,A5078952563,l corrêa
A5114530052,,Florian Herla,['Florian Herla'],3,0,0,1,Life Sciences,florian,herla,h,florian herla,A5114530052,f herla
A5091281708,https://orcid.org/0000-0001-6739-3783,Kevin Au,['Kevin Au'],2,0,0,1,Social Sciences,kevin,au,a,kevin au,A5091281708,k au
A5010351825,https://orcid.org/0000-0002-4206-4585,Hannah Potgieter,"['Hannah Potgieter', 'Potgieter, Hannah']",7,0,0,2,Physical Sciences,hannah,potgieter,p,hannah potgieter,A5010351825,h potgieter
A5086642565,https://orcid.org/0000-0003-2792-8055,Barbara S. Mitchell,"['B Mitchell', 'Barbara Mitchell', 'Barbara S. Mitchell']",48,923,15,6,Social Sciences,barbara s.,mitchell,m,barbara s. mitchell,A5086642565,b mitchell
A5090633832,,Brinda Prasad,"['B. Durga Prasad', 'Brinda Prasad']",9,69,4,5,Life Sciences,brinda,prasad,p,brinda prasad,A5090633832,b prasad
A5036882721,,Miguel Alcaide,['Miguel Alcaide'],20,32,2,2,Health Sciences,miguel,alcaide,a,miguel alcaide,A5036882721,m alcaide
A5031789112,,Becky Wei Lin,['Becky Wei Lin'],1,14,1,1,Health Sciences,becky wei,lin,l,becky wei lin,A5031789112,b lin
A5000335953,,Munsub Ali,['Munsub Ali'],3,2,1,2,Physical Sciences,munsub,ali,a,munsub ali,A5000335953,m ali
A5007413816,,Stacy Leigh Pigg,"['S. L. Pigg', 'STACY LEIGH PIGG', 'Stacy Leigh Pigg', 'Stacy Pigg']",62,1986,17,5,Social Sciences,stacy leigh,pigg,p,stacy leigh pigg,A5007413816,s pigg
A5018448128,,Wenli Xu,['Wenli Xu'],5,7,2,4,Physical Sciences,wenli,xu,x,wenli xu,A5018448128,w xu
A5058323325,,Tim Baumeister,"['Baumeister, Tim', 'Tim Baumeister']",3,3,1,1,Physical Sciences,tim,baumeister,b,tim baumeister,A5058323325,t baumeister
A5037662290,https://orcid.org/0000-0002-9894-6966,Dionysis Nikolopoulos,"['D Nikolopoulos', 'D. Nikolopoulos', 'Dionisios Nikolopoulos', 'Dionysios Nikolopoulos', 'Dionysis Nikolopoulos', 'Dionysis S Nikolopoulos', 'Dionysis S. Nikolopoulos', 'Nikolopoulos, Dionysis (author)']",121,1333,21,15,Health Sciences,dionysis,nikolopoulos,n,dionysis nikolopoulos,A5037662290,d nikolopoulos
A5091718668,https://orcid.org/0000-0002-7483-9162,Triston Cooper,"['Cooper, T', 'Triston B. Cooper', 'Triston Cooper']",7,65,4,3,Physical Sciences,triston,cooper,c,triston cooper,A5091718668,t cooper
A5112062797,,M. Winters,"['M. Winters', 'Meghan Winters']",4,26,3,3,Social Sciences,m.,winters,w,m. winters,A5112062797,m winters
A5035977986,,Anastasia Lovtskaya,['Anastasia Lovtskaya'],1,0,0,2,Social Sciences,anastasia,lovtskaya,l,anastasia lovtskaya,A5035977986,a lovtskaya
A5010996110,,Seifi Mohsen,"['Mohsen Seifi', 'Seifi Mohsen', 'Seifi, Mohsen']",12,7,2,2,Physical Sciences,seifi,mohsen,m,seifi mohsen,A5010996110,s mohsen
A5024929830,,M.C. Duncan,['M.C. Duncan'],1,0,0,2,Health Sciences,m.c.,duncan,d,m.c. duncan,A5024929830,m duncan
A5106528578,,Juan Jose Alava Saltos,['Juan Jose Alava Saltos'],1,7,1,1,Life Sciences,juan jose alava,saltos,s,juan jose alava saltos,A5106528578,j saltos
A5111144473,,Ramasesahn Ramani,['Ramasesahn Ramani'],1,1,1,1,Health Sciences,ramasesahn,ramani,r,ramasesahn ramani,A5111144473,r ramani
A5087439130,,S Ferse,['S Ferse'],1,0,0,1,Life Sciences,s,ferse,f,s ferse,A5087439130,s ferse
A5050615368,,Glaucia Salgado,"['Alexis Domeracki', 'Glaucia Nascimento Salgado', 'Glaucia Salgado', 'Gláucia Nascimento Salgado']",28,62,4,7,Social Sciences,glaucia,salgado,s,glaucia salgado,A5050615368,g salgado
A5037796877,,Shelby Elkes,['Shelby Elkes'],3,0,0,1,Health Sciences,shelby,elkes,e,shelby elkes,A5037796877,s elkes
A5076876417,,Diana Hunter,['Diana Hunter'],2,3,1,1,Physical Sciences,diana,hunter,h,diana hunter,A5076876417,d hunter
A5069807843,https://orcid.org/0000-0001-6166-401X,Wangari Tharao,"['Tharao W', 'Tharao W,', 'W. Tharao', 'Wangari E Tharao', 'Wangari E. Tharao', 'Wangari Tharao']",130,3606,30,7,Health Sciences,wangari,tharao,t,wangari tharao,A5069807843,w tharao
A5059293269,https://orcid.org/0009-0007-1338-6474,Leslie Meredith,"['L Meredith', 'Leslie Meredith']",69,1136,15,16,Health Sciences,leslie,meredith,m,leslie meredith,A5059293269,l meredith
A5093687060,,Gavin B. Min,['Gavin B. Min'],4,0,0,1,Life Sciences,gavin b.,min,m,gavin b. min,A5093687060,g min
A5022328570,,D. J. Green,"['D. J. Green', 'D.J. Green', 'Green, David J.']",8,111,5,3,Physical Sciences,d. j.,green,g,d. j. green,A5022328570,d green
A5058053699,https://orcid.org/0000-0002-9483-1766,Broňa Brejová,"['B. Brejova', 'BROŇA BREJOVÁ', 'Brejova, Brona', 'Brejová, Broňa', 'Brian J Raney', 'Brona Bejova', 'Brona Brejova', 'Bronislava Brejová', 'BroŇa Brejová', 'Broňa Brejová']",142,3038,25,11,Life Sciences,broňa,brejová,b,broňa brejová,A5058053699,b brejová
A5004041474,https://orcid.org/0000-0002-5119-121X,Carla van Boxtel,"['C. Van Boxtel', 'C.A.M. van Boxtel', 'Carla A. M. Van Boxtel', 'Carla A. M. van Boxtel', 'Carla A.M. van Boxtel', 'Carla Van Boxtel', 'Carla van Boxtel', 'van Boxtel, C.', 'van Boxtel, C.A.M.', 'van Boxtel, Carla']",171,3875,32,16,Social Sciences,carla van,boxtel,b,carla van boxtel,A5004041474,c boxtel
A5111618673,https://orcid.org/0000-0002-1506-474X,Andrew P. Blaber,"['A P Blaber', 'A P. Blaber', 'A. Blaber', 'A. P. Blaber', 'A.P. Blaber', 'ANDREW P. BLABER', 'Andrew Blaber', 'Andrew P Blaber', 'Andrew P. Blaber', 'Andrew Philip Blaber', 'Blaber, Andrew P']",131,3717,30,12,Health Sciences,andrew p.,blaber,b,andrew p. blaber,A5111618673,a blaber
A5110425840,,D. Stead,"['D Stead', 'D. Stead', 'Dean Stead']",47,2442,14,5,Physical Sciences,d.,stead,s,d. stead,A5110425840,d stead
A5029831289,https://orcid.org/0000-0002-1243-0767,Nabil-Fareed Alikhan,"['Alikhan, Nabil', 'Alikhan, Nabil-Fareed', 'N Alikhan', 'Nabil-Fareed Alikhan']",143,12904,33,17,Health Sciences,nabil-fareed,alikhan,a,nabil-fareed alikhan,A5029831289,n alikhan
A5058919357,https://orcid.org/0000-0003-4569-7529,Kaitlyn McLachlan,"['K. McLachlan', 'Kaitlyn McLachlan']",59,1313,17,8,Health Sciences,kaitlyn,mclachlan,m,kaitlyn mclachlan,A5058919357,k mclachlan
A5038507262,,Evan Caldbick,"['Caldbick, Evan', 'Evan Caldbick']",5,29,1,1,Physical Sciences,evan,caldbick,c,evan caldbick,A5038507262,e caldbick
A5093134119,,Meg Holden,"['Holden, Meg', 'Meg Holden']",4,0,0,2,Social Sciences,meg,holden,h,meg holden,A5093134119,m holden
A5109766592,,Marie-Anne Dussault Gomez,['Marie-Anne Dussault Gomez'],1,13,1,1,Life Sciences,marie-anne dussault,gomez,g,marie-anne dussault gomez,A5109766592,m gomez
A5075311772,https://orcid.org/0000-0002-7130-439X,Zhaopeng Cui,"['Chenxuan Cao', 'Cui, Zhaopeng', 'Z Cui', 'Zhaopeng Cui', 'Zhaoyang Huang']",157,4308,31,14,Physical Sciences,zhaopeng,cui,c,zhaopeng cui,A5075311772,z cui
A5093888240,,Olivia C. Lowe,"['Olivia C Lowe', 'Olivia C. Lowe']",7,21,3,1,Physical Sciences,olivia c.,lowe,l,olivia c. lowe,A5093888240,o lowe
A5003272237,https://orcid.org/0000-0002-3925-5292,Lee Bartel,"['Aslam Khan', 'Bartel, Lee', 'Bartel, Lee R.', 'Lee Bartel', 'Lee R Bartel', 'Lee R. Bartel']",114,874,15,8,Social Sciences,lee,bartel,b,lee bartel,A5003272237,l bartel
A5066212291,https://orcid.org/0000-0003-3050-208X,Md Asaduzzaman,"['Asaduzzaman, Md', 'Asaduzzaman, Md.', 'Md Asaduzzaman', 'Md. Asaduzzaman']",12,57,5,4,Physical Sciences,md,asaduzzaman,a,md asaduzzaman,A5066212291,m asaduzzaman
A5009494019,https://orcid.org/0000-0001-7789-7643,Marjolein Wilke,"['Fien Depaepe', 'Marjolein Wilke', 'Wilke, Marjolein']",11,32,3,11,Social Sciences,marjolein,wilke,w,marjolein wilke,A5009494019,m wilke
A5056588732,https://orcid.org/0000-0002-9941-876X,George Medvedev,"['G Medvedev', 'G. Medvedev', 'George Medvedev', 'Medvedev, George']",64,1089,12,11,Health Sciences,george,medvedev,m,george medvedev,A5056588732,g medvedev
A5119410439,,Aftab Erfan,['Aftab Erfan'],1,0,0,1,Social Sciences,aftab,erfan,e,aftab erfan,A5119410439,a erfan
A5086551641,,Celine Barton,['Celine Barton'],1,0,0,1,Social Sciences,celine,barton,b,celine barton,A5086551641,c barton
A5054543988,https://orcid.org/0000-0001-8249-8364,Haruki Hirasawa,"['Haruki HIRASAWA', 'Haruki Hirasawa', 'Hirasawa, Haruki']",49,129,5,5,Physical Sciences,haruki,hirasawa,h,haruki hirasawa,A5054543988,h hirasawa
A5047739587,https://orcid.org/0000-0003-2223-1240,Nicolas Kerckhove,"['Kerckhove, N.', 'Kerckhove, Nicolas', 'N. Kerckhove', 'Nicolas Kerckhove']",59,1234,18,12,Health Sciences,nicolas,kerckhove,k,nicolas kerckhove,A5047739587,n kerckhove
A5105103566,,Cécile Vigouroux,['Cécile Vigouroux'],1,1,1,1,Social Sciences,cécile,vigouroux,v,cécile vigouroux,A5105103566,c vigouroux
A5016202426,,Neethu Parvathy,['Neethu Parvathy'],1,0,0,1,Social Sciences,neethu,parvathy,p,neethu parvathy,A5016202426,n parvathy
A5050785310,,Rachelle Louden,['Rachelle Louden'],4,5,2,1,Physical Sciences,rachelle,louden,l,rachelle louden,A5050785310,r louden
A5114958230,https://orcid.org/0009-0007-7522-5027,Naod Ayalew Yimam,['Naod Ayalew Yimam'],1,2,1,1,Physical Sciences,naod ayalew,yimam,y,naod ayalew yimam,A5114958230,n yimam
A5072481614,https://orcid.org/0000-0002-9519-7824,Louis Favril,"['Favril, Louis', 'L Favril', 'L. Favril', 'Louis Favril']",89,1522,16,5,Social Sciences,louis,favril,f,louis favril,A5072481614,l favril
A5033617037,https://orcid.org/0000-0001-8969-7630,Edward Thoeng,"['E Thoeng', 'E. Thoeng', 'Edward Thoeng', 'Thoeng, Edward']",33,98,6,5,Physical Sciences,edward,thoeng,t,edward thoeng,A5033617037,e thoeng
A5061223170,https://orcid.org/0000-0002-6943-083X,Spyros Sofos,"['Sofos, Spyros', 'Sofos, Spyros A', 'Sofos, Spyros A.', 'Spyros A Sofos', 'Spyros A. Sofos', 'Spyros Sofos']",106,374,9,10,Social Sciences,spyros,sofos,s,spyros sofos,A5061223170,s sofos
A5064894884,,Vera Yang,"['Vera Yang', 'Yang, Vera']",2,3,1,1,Physical Sciences,vera,yang,y,vera yang,A5064894884,v yang
A5055198520,,Elfituri Lahamer,['Elfituri Lahamer'],1,16,1,1,Health Sciences,elfituri,lahamer,l,elfituri lahamer,A5055198520,e lahamer
A5031160210,https://orcid.org/0000-0002-1961-2408,Mylène Fernet,"['Fernet, Mylène', 'M Fernet', 'M. Fernet', 'Mylene Fernet', 'Mylène FERNET', 'Mylène Fernet']",140,1420,17,3,Social Sciences,mylène,fernet,f,mylène fernet,A5031160210,m fernet
A5033831558,,Preeti Ramadoss,['Preeti Ramadoss'],27,1440,18,6,Physical Sciences,preeti,ramadoss,r,preeti ramadoss,A5033831558,p ramadoss
A5048622314,https://orcid.org/0000-0001-7048-781X,Martin Degeling,"['Degeling, Martin', 'Martin Degeling']",63,1591,17,13,Social Sciences,martin,degeling,d,martin degeling,A5048622314,m degeling
A5113413886,,S An,"['S An', 'Seojin An', 'Siyu An']",4,25,2,2,Life Sciences,s,an,a,s an,A5113413886,s an
A5035252843,,Qiping Zhou,"['Qiping Zhou', '周其平']",20,33,2,10,Social Sciences,qiping,zhou,z,qiping zhou,A5035252843,q zhou
A5003602094,,Hasina Shamji,['Hasina Shamji'],1,34,1,2,Life Sciences,hasina,shamji,s,hasina shamji,A5003602094,h shamji
A5005219831,https://orcid.org/0000-0002-3295-7232,Andrew E. Beaudin,"['A. Beaudin', 'A.E. Beaudin', 'Andrew Beaudin', 'Andrew E Beaudin', 'Andrew E. Beaudin']",85,1804,21,16,Health Sciences,andrew e.,beaudin,b,andrew e. beaudin,A5005219831,a beaudin
A5103266587,https://orcid.org/0000-0002-5516-1704,Andreǐ A. Bulatov,"['A. A. BULATOV', 'A. A. Bulatov', 'A. Bulatov', 'A.A. Bulatov', 'ANDREI BULATOV', 'Andrei A. Bulatov', ""Andrei Arnol'dovich Bulatov"", 'Andrei Bulatov', 'Andreĭ A. Bulatov', 'Andreǐ A. Bulatov', 'Bulatov, Andrei', 'Bulatov, Andrei A.', 'Dadsetan, Amineh']",68,1347,16,4,Physical Sciences,andreǐ a.,bulatov,b,andreǐ a. bulatov,A5103266587,a bulatov
A5033346203,https://orcid.org/0000-0003-0631-3107,Ashley Edwards,['Ashley Edwards'],9,1235,3,1,Life Sciences,ashley,edwards,e,ashley edwards,A5033346203,a edwards
A5113230695,,Anne-Marie Nicol,['Anne-Marie Nicol'],6,12,1,1,Social Sciences,anne-marie,nicol,n,anne-marie nicol,A5113230695,a nicol
A5006370149,,Kenneth P. Lertzman,"['K. Lertzman', 'Kenneth Lertzman', 'Kenneth P Lertzman', 'Kenneth P. Lertzman', 'Lertzman, Kenneth', 'Lertzman, Kenneth P.', 'Lertzman, Kenneth Peter']",37,2862,21,6,Physical Sciences,kenneth p.,lertzman,l,kenneth p. lertzman,A5006370149,k lertzman
A5018600577,https://orcid.org/0000-0001-5053-9344,Matthew Steele‐MacInnis,"['M. Steele-MacInnis', 'M. Steele-Macinnis', 'M. Steele‐MacInnis', 'M.J. Steele-MacInnis', 'Mathew Steele-MacInnis', 'Matthew J. Steele‐MacInnis', 'Matthew Steele-MacInnis', 'Matthew Steele-Macinnis', 'Matthew Steele‐MacInnis']",194,4261,34,9,Physical Sciences,matthew,steele‐macinnis,s,matthew steele‐macinnis,A5018600577,m steele‐macinnis
A5028391218,,Priscilla Shum,"['Priscilla Lok-Chee Shum', 'Priscilla Shum']",3,16,2,3,Social Sciences,priscilla,shum,s,priscilla shum,A5028391218,p shum
A5063703351,https://orcid.org/0000-0002-6746-8340,D.B. Sutton,['D.B. Sutton'],1,14,1,1,Life Sciences,d.b.,sutton,s,d.b. sutton,A5063703351,d sutton
A5017587354,,Gary A. Mauser,"['G A Mauser', 'G. A. Mauser', 'GARY A. MAUSER', 'Gary A. Mauser', 'Gary Mauser']",80,745,13,3,Social Sciences,gary a.,mauser,m,gary a. mauser,A5017587354,g mauser
A5040526530,https://orcid.org/0000-0001-7171-1967,Joshua N. Silberg,"['J. N Silberg', 'Joshua N. Silberg', 'Joshua Neal Silberg']",10,102,3,5,Physical Sciences,joshua n.,silberg,s,joshua n. silberg,A5040526530,j silberg
A5057782240,https://orcid.org/0000-0003-3976-0341,Masood Masjoody,"['Masjoody, Masood', 'Masood Masjoody']",5,12,2,1,Physical Sciences,masood,masjoody,m,masood masjoody,A5057782240,m masjoody
A5048302226,https://orcid.org/0000-0003-0086-993X,Renata Cueto de Souza,"['Renata Cueto De Souza', 'Renata Cueto de Souza']",6,19,2,1,Social Sciences,renata cueto de,souza,s,renata cueto de souza,A5048302226,r souza
A5108350750,,D. R. Haught,"['D Haught', 'D. Haught', 'D. R. Haught', 'D. R. W. Haught', 'Daniel Haught']",16,280,4,3,Physical Sciences,d. r.,haught,h,d. r. haught,A5108350750,d haught
A5048829739,https://orcid.org/0000-0002-9008-4003,N. Azari,"['Azari, N.', 'N. Azari', 'Nasrin Azari']",7,78,4,1,Physical Sciences,n.,azari,a,n. azari,A5048829739,n azari
A5093335163,https://orcid.org/0009-0008-9823-1160,Manéh Rostomyan,['Manéh Rostomyan'],1,1,1,1,Social Sciences,manéh,rostomyan,r,manéh rostomyan,A5093335163,m rostomyan
A5020526682,,Ji Hoon Kwon,['Ji Hoon Kwon'],8,67,3,4,Physical Sciences,ji hoon,kwon,k,ji hoon kwon,A5020526682,j kwon
A5082660511,https://orcid.org/0000-0003-2847-2053,Derek Fujimoto,"['D Fujimoto', 'D. Fujimoto', 'Derek Fujimoto', 'Fujimoto, D.', 'Fujimoto, Derek', 'Fujimoto, Derek Jun']",56,213,9,7,Physical Sciences,derek,fujimoto,f,derek fujimoto,A5082660511,d fujimoto
A5051694952,https://orcid.org/0000-0002-8727-1588,Péter Kovács,"['Kovacs, Péter', 'Kovács, Péter', 'Kovács, Péter 1969-', 'P Kovacs', 'P. Kovács', 'Peter Kovacs', 'Peter Kovács', 'Péter KOVÁCS', 'Péter Kovàcs', 'Péter Kovács']",149,311,9,13,Social Sciences,péter,kovács,k,péter kovács,A5051694952,p kovács
A5016697288,,Tim Swartz Borović,['Tim Swartz Borović'],1,0,0,2,Health Sciences,tim swartz,borović,b,tim swartz borović,A5016697288,t borović
A5021880096,,Sajay Sadasivan,"['S Sadasivan', 'S. Sadasivan', 'Sajay Sadasivan']",20,171,6,4,Physical Sciences,sajay,sadasivan,s,sajay sadasivan,A5021880096,s sadasivan
A5069470163,,William P. Coates,['William P. Coates'],2,0,0,3,Physical Sciences,william p.,coates,c,william p. coates,A5069470163,w coates
A5076969767,,Jayasankar Madusoodhanan Jayakumari,"['Jayakumari, J.', 'Jayasankar Madusoodhanan Jayakumari']",2,15,2,4,Physical Sciences,jayasankar madusoodhanan,jayakumari,j,jayasankar madusoodhanan jayakumari,A5076969767,j jayakumari
A5095451944,,Anthony Samajdar,['Anthony Samajdar'],1,0,0,1,Life Sciences,anthony,samajdar,s,anthony samajdar,A5095451944,a samajdar
A5015428368,,Ewan Brinkman,['Ewan Brinkman'],1,2,1,1,Physical Sciences,ewan,brinkman,b,ewan brinkman,A5015428368,e brinkman
A5023044639,,Lauren Faulkner Rossi,['Lauren Faulkner Rossi'],14,16,2,1,Social Sciences,lauren faulkner,rossi,r,lauren faulkner rossi,A5023044639,l rossi
A5095762501,,Nyx Forth,['Nyx Forth'],1,0,0,1,Social Sciences,nyx,forth,f,nyx forth,A5095762501,n forth
A5083881932,,H. Xie,['H. Xie'],2,1,1,2,Health Sciences,h.,xie,x,h. xie,A5083881932,h xie
A5093048769,,Philippa Mennell,"['P. Mennell', 'Philippa Mennell']",2,5,1,5,Life Sciences,philippa,mennell,m,philippa mennell,A5093048769,p mennell
A5036820825,https://orcid.org/0000-0002-1301-487X,Gillian Russell,"['G. H. RUSSELL', 'G. H. Russell', 'GILLIAN RUSSELL', 'Gillian Russell', 'Russell, Gillian']",60,625,13,7,Social Sciences,gillian,russell,r,gillian russell,A5036820825,g russell
A5109353510,,Ryan O’Neill,"[""Ryan O'Neill"", 'Ryan O’Neill']",22,125,4,5,Social Sciences,ryan,o’neill,o,ryan o’neill,A5109353510,r o’neill
A5083497558,,Allaa Ela-Alim,['Allaa Ela-Alim'],1,0,0,1,Life Sciences,allaa,ela-alim,e,allaa ela-alim,A5083497558,a ela-alim
A5062625796,https://orcid.org/0000-0003-2699-7681,Wen‐Kai Hsiao,"['W-K. Hsiao', 'W. Hsiao', 'W.-K. Hsiao', 'W.K. Hsiao', 'Wen Kai Hsiao', 'Wen-Kai Hsiao', 'Wen‐Kai Hsiao']",62,1326,22,10,Physical Sciences,wen‐kai,hsiao,h,wen‐kai hsiao,A5062625796,w hsiao
A5046708674,,Jennifer Hui Yi Voon,['Jennifer Hui Yi Voon'],1,8,1,1,Health Sciences,jennifer hui yi,voon,v,jennifer hui yi voon,A5046708674,j voon
A5010505758,https://orcid.org/0000-0002-3236-4250,Leah Kelley,"['L.T. Kelley', 'Leah Kelley', 'Leah T. Kelley', 'Leah Taylor Kelley']",17,572,9,5,Health Sciences,leah,kelley,k,leah kelley,A5010505758,l kelley
A5007153873,,P. Shreeves,['P. Shreeves'],1,1,1,1,Physical Sciences,p.,shreeves,s,p. shreeves,A5007153873,p shreeves
A5050548152,https://orcid.org/0000-0001-6800-2000,Edward W. Thommes,"['E. Thommes', 'E. W. Thommes', 'E.W. Thommes', 'Edward  Wolfgang Thommes', 'Edward Thommes', 'Edward W Thommes', 'Edward W. Thommes', 'Edward Wolfgang Thommes', 'Thommes, E.W.', 'Thommes, Edward', 'Thommes, Edward W.']",147,2460,27,20,Health Sciences,edward w.,thommes,t,edward w. thommes,A5050548152,e thommes
A5017511307,https://orcid.org/0000-0003-1972-2268,Marjaana Puurtinen,"['Marjaana Puurtinen', 'Puurtinen, Marjaana']",22,193,7,8,Social Sciences,marjaana,puurtinen,p,marjaana puurtinen,A5017511307,m puurtinen
A5045077630,,Hadi Moeinnia,['Hadi Moeinnia'],14,151,8,2,Physical Sciences,hadi,moeinnia,m,hadi moeinnia,A5045077630,h moeinnia
A5076298294,,Amirreza Kazemi,"['Amirreza Kazemi', 'Kazemi, Amirreza']",3,3,1,2,Life Sciences,amirreza,kazemi,k,amirreza kazemi,A5076298294,a kazemi
A5048204605,,Karène Proulx‐Boucher,"['Karene Proulx-Boucher', 'Karène Proulx-Boucher', 'Karène Proulx‐Boucher']",46,1011,14,11,Health Sciences,karène,proulx‐boucher,p,karène proulx‐boucher,A5048204605,k proulx‐boucher
A5003324911,,Taylor K. Audrey,['Taylor K. Audrey'],1,0,0,1,Physical Sciences,taylor k.,audrey,a,taylor k. audrey,A5003324911,t audrey
A5027634677,,J.I. Little,"['J. I. Little', 'J.I. Little', 'Jack I. Little', 'Jack Little', 'Little, J I', 'Little, J.I.']",85,295,8,3,Social Sciences,j.i.,little,l,j.i. little,A5027634677,j little
A5089775673,,Crey Ackerson,"['Ackerson, Crey M', 'Crey Ackerson']",3,0,0,1,Physical Sciences,crey,ackerson,a,crey ackerson,A5089775673,c ackerson
A5080855587,,N. R. Lee-Hone,"['Lee-Hone, N. R.', 'N. R. Lee-Hone', 'N.\u2009R. Lee-Hone']",5,6,2,1,Physical Sciences,n. r.,lee-hone,l,n. r. lee-hone,A5080855587,n lee-hone
A5071716739,https://orcid.org/0000-0002-6188-7173,Esma Emmioğlu Sarıkaya,"['ESMA EMMİOĞLU', 'Esma EMMİOGLU', 'Esma EMMİOGLU SARIKAYA', 'Esma EMMİOĞLU SARIKAYA', 'Esma Emmioglu', 'Esma Emmioglu Sarikaya', 'Esma Emmioglu Sarıkaya', 'Esma Emmioğlu', 'Esma Emmioğlu SARIKAYA', 'Esma Emmioğlu Sarikaya', 'Esma Emmioğlu Sarıkaya', 'Esma Emmioğlu-Sarıkaya', 'Sarıkaya, Esma']",27,604,8,3,Physical Sciences,esma emmioğlu,sarıkaya,s,esma emmioğlu sarıkaya,A5071716739,e sarıkaya
A5118116197,,Nicole Chan,['Nicole Chan'],1,0,0,1,Social Sciences,nicole,chan,c,nicole chan,A5118116197,n chan
A5045294917,,M. Sonker,['M. Sonker'],1,0,0,1,,m.,sonker,s,m. sonker,A5045294917,m sonker
A5119431295,,Michael Maser,['Michael Maser'],1,0,0,1,Physical Sciences,michael,maser,m,michael maser,A5119431295,m maser
A5015526055,https://orcid.org/0000-0002-8434-1712,Aaron Lyons,"['Aaron D. Lyons', 'Aaron Lyons', 'Lyons, Aaron', 'Lyons, Aaron D']",25,218,6,6,Physical Sciences,aaron,lyons,l,aaron lyons,A5015526055,a lyons
A5021495029,,Camille Jordan,['Camille Jordan'],56,807,13,1,Physical Sciences,camille,jordan,j,camille jordan,A5021495029,c jordan
A5111470051,,Margaret-Anne D. Storey,"['MARGARET-ANNE D. STOREY', 'Margaret-Anne D. Storey', 'Margaret-Anne Storey', 'Storey, Margaret-Anne', 'Storey, Margaret-Anne D.']",42,863,15,4,Physical Sciences,margaret-anne d.,storey,s,margaret-anne d. storey,A5111470051,m storey
A5110237721,,Nicholas Trân,"['NICHOLAS Q. TRAN', 'NICHOLAS TRAN', 'Nicholas Q. Tran', 'Nicholas Q. Trân', 'Nicholas Tran', 'Nicholas Trân', 'Tran, Nicholas Q.']",68,582,10,14,Physical Sciences,nicholas,trân,t,nicholas trân,A5110237721,n trân
A5052445913,,Guillaume Colley,"['G Colley', 'G. Colley', 'Guillaume Colley']",27,904,12,6,Health Sciences,guillaume,colley,c,guillaume colley,A5052445913,g colley
A5113281996,,Mohamad Hasan Sadri Karami,['Mohamad Hasan Sadri Karami'],1,0,0,1,Physical Sciences,mohamad hasan sadri,karami,k,mohamad hasan sadri karami,A5113281996,m karami
A5047700742,https://orcid.org/0000-0002-0995-3444,Stephen Melczer,"['Baryshnikov, Yuliy', 'Melczer, Stephen', 'S. Melczer', 'STEPHEN MELCZER', 'Stephen Melczer']",67,1279,9,13,Physical Sciences,stephen,melczer,m,stephen melczer,A5047700742,s melczer
A5099983532,,Samuel To,['Samuel To'],1,0,0,1,Physical Sciences,samuel,to,t,samuel to,A5099983532,s to
A5108926989,,Rochelle Nocos,['Rochelle Nocos'],1,6,1,1,Health Sciences,rochelle,nocos,n,rochelle nocos,A5108926989,r nocos
A5088965506,,Cécile Sabatier,"['Cecile Nathalie Sabatier', 'Cecile Sabatier', 'CÉCILE SABATIER', 'Cécile Sabatier', 'SABATIER BULLOCK, CÉCILE', 'Sabatier, Cécile']",39,238,7,2,Social Sciences,cécile,sabatier,s,cécile sabatier,A5088965506,c sabatier
A5039749912,https://orcid.org/0000-0003-0383-8856,Arne Ø. Mooers,"['A. O. Mooers', 'A. Ø. MOOERS', 'A. Ø. Mooers', 'A.Ø. Mooers', 'ARNE O. MOOERS', 'ARNE Ø. MOOERS', 'Arne Mooers', 'Arne O Mooers', 'Arne O. Mooers', 'Arne Ø Mooers', 'Arne Ø. Mooers', 'Arne Øyvind Mooers', 'Arne �. Mooers', 'Arne\xa0O. Mooers', 'Mooers, Arne', 'Mooers, Arne O', 'Mooers, Arne O.', 'Mooers, Arne Ø', 'Mooers, Arne Ø.']",226,18907,53,9,Physical Sciences,arne ø.,mooers,m,arne ø. mooers,A5039749912,a mooers
A5061796648,,Elder Doris Fox,['Elder Doris Fox'],2,39,1,5,Social Sciences,elder doris,fox,f,elder doris fox,A5061796648,e fox
A5112846872,,Sarina Taheri,['Sarina Taheri'],2,1,1,1,Physical Sciences,sarina,taheri,t,sarina taheri,A5112846872,s taheri
A5045857676,https://orcid.org/0000-0003-4721-9571,Quincy Q. Wang,['Quincy Q. Wang'],6,304,3,1,Social Sciences,quincy q.,wang,w,quincy q. wang,A5045857676,q wang
A5057868025,,Akiko Watanabe,"['Akiko WATANABE', 'Akiko Watanabe', 'WATANABE, Akiko']",44,1034,11,12,Social Sciences,akiko,watanabe,w,akiko watanabe,A5057868025,a watanabe
A5081784654,,Janine Hostettler Schärer,"['Hostettler Schärer, Janine', 'Janine Hostettler Scharer', 'Janine Hostettler Schärer']",14,46,4,2,Social Sciences,janine hostettler,schärer,s,janine hostettler schärer,A5081784654,j schärer
A5059192663,,Marilyn L. Bowman,"['Bowman, Marilyn Laura', 'M Bowman', 'M. Bowman', 'M. L. Bowman', 'Marilyn Bowman', 'Marilyn L Bowman', 'Marilyn L. Bowman', 'Marilyn Laura Bowman']",29,754,12,3,Social Sciences,marilyn l.,bowman,b,marilyn l. bowman,A5059192663,m bowman
A5109939586,,Herbert G. Grubel,"['GRUBEL, H.G.', 'H. G. GRUBEL', 'H. G. Grubel', 'H. Grubel*', 'H. Grübel', 'H.G. Grubel', 'HERBERT G. GRUBEL', 'Herbert  G. Grubel', 'Herbert G Grubel', 'Herbert G. Grubel', 'Herbert Grubel']",253,6420,30,17,Social Sciences,herbert g.,grubel,g,herbert g. grubel,A5109939586,h grubel
A5024681955,https://orcid.org/0000-0002-4992-7662,Helen Novak Lauscher,"['H. Novak Lauscher', 'Helen J. Novak Lauscher', 'Helen Novak Lauscher', 'Helen Novak-Lauscher', 'Lauscher, Helen Novak']",60,1998,15,17,Health Sciences,helen novak,lauscher,l,helen novak lauscher,A5024681955,h lauscher
A5012880700,,Ayesha Kirmani,['Ayesha Kirmani'],4,5,1,6,Health Sciences,ayesha,kirmani,k,ayesha kirmani,A5012880700,a kirmani
A5042044256,,Shanshan Xie,['Shanshan Xie'],3,28,3,5,Physical Sciences,shanshan,xie,x,shanshan xie,A5042044256,s xie
A5076107902,,Christine Wallsworth,['Christine Wallsworth'],28,884,9,7,Social Sciences,christine,wallsworth,w,christine wallsworth,A5076107902,c wallsworth
A5055687264,,Debbie Sheenan,['Debbie Sheenan'],1,8,1,1,Social Sciences,debbie,sheenan,s,debbie sheenan,A5055687264,d sheenan
A5006213206,https://orcid.org/0000-0002-8384-4158,Julie K. Nielsen,"['J. K. Nielsen', 'J. Nielsen', 'J.K. Nielsen', 'JULIE NIELSEN', 'Julie K. Nielsen', 'Julie Nielsen', 'Nielsen, Julie K.']",33,429,13,9,Physical Sciences,julie k.,nielsen,n,julie k. nielsen,A5006213206,j nielsen
A5000313027,,M. Donelan,['M. Donelan'],1,0,0,1,Health Sciences,m.,donelan,d,m. donelan,A5000313027,m donelan
A5050381120,,Sadaf Tahmasebi,"['S. Tahmasebi', 'Sadaf Tahmasebi']",13,215,9,3,Physical Sciences,sadaf,tahmasebi,t,sadaf tahmasebi,A5050381120,s tahmasebi
A5074627917,https://orcid.org/0000-0001-5822-8807,Mohammadjavad Nouri,['Mohammadjavad Nouri'],8,51,2,2,Health Sciences,mohammadjavad,nouri,n,mohammadjavad nouri,A5074627917,m nouri
A5034368663,,Denise Oleksijczuk,['Denise Oleksijczuk'],7,29,1,1,Social Sciences,denise,oleksijczuk,o,denise oleksijczuk,A5034368663,d oleksijczuk
A5005389012,https://orcid.org/0000-0001-8610-7287,Priya Muralidharan,['Priya Muralidharan'],26,617,9,8,Health Sciences,priya,muralidharan,m,priya muralidharan,A5005389012,p muralidharan
A5056266983,https://orcid.org/0000-0001-9879-7414,Frank Steinicke,"['F. STEINICKE', 'F. Steinicke', 'Frank STEINICKE', 'Frank Steinicke', 'Steinicke, F.', 'Steinicke, Frank', 'Steinicke, \xa0Frank']",442,8179,48,19,Physical Sciences,frank,steinicke,s,frank steinicke,A5056266983,f steinicke
A5082745401,,Max Donelan,['Max Donelan'],1,0,0,1,Physical Sciences,max,donelan,d,max donelan,A5082745401,m donelan
A5076154696,https://orcid.org/0000-0003-3115-8989,Gerhard Gries,"['G Gries', 'G. GRIES', 'G. Gries', 'GERHARD GRIES', 'Gerhard GRIES', 'Gerhard Gries', 'Gries, Gerhard', 'Kelvin Lau']",412,7562,44,13,Life Sciences,gerhard,gries,g,gerhard gries,A5076154696,g gries
A5010721008,,Stephanie Joyce,"['S. Joyce', 'Stephanie Joyce']",6,4,1,1,Social Sciences,stephanie,joyce,j,stephanie joyce,A5010721008,s joyce
A5038242735,https://orcid.org/0000-0003-4360-1343,Brian de Vries,"['B Vries', 'B. De Vries', 'B. de Vries', 'Brian D. De Vries', 'Brian De Vries', 'Brian Vries', 'Brian de Vries', 'De Vries, Brian', 'de Vries, B.']",151,3787,35,15,Social Sciences,brian de,vries,v,brian de vries,A5038242735,b vries
A5075000677,https://orcid.org/0000-0002-4397-2497,S. Bruce Archibald,"['Archibald, S. Bruce', 'S Bruce Archibald', 'S. B. Archibald', 'S. BRUCE ARCHIBALD', 'S. Bruce Archibald', 'S.B. ARCHIBALD']",87,2410,21,14,Life Sciences,s. bruce,archibald,a,s. bruce archibald,A5075000677,s archibald
A5060357580,https://orcid.org/0009-0006-1164-5025,Shelby Marozoff,"['Marozoff, Shelby', 'S. Marozoff', 'Shelby Marozoff']",20,146,6,8,Health Sciences,shelby,marozoff,m,shelby marozoff,A5060357580,s marozoff
A5071995937,,Nilofar Shidmehr,['Nilofar Shidmehr'],3,2,1,1,Social Sciences,nilofar,shidmehr,s,nilofar shidmehr,A5071995937,n shidmehr
A5052354413,https://orcid.org/0000-0001-9720-332X,Adam Hawkes,"['A D Hawkes', 'A HAWKES', 'A Hawkes', 'A. D. Hawkes', 'A. Hawkes', 'A.D. Hawkes', 'Adam D. Hawkes', 'Adam Hawkes', 'F David', 'Hawkes, Adam', 'Hawkes, Adam D.']",295,15946,56,17,Physical Sciences,adam,hawkes,h,adam hawkes,A5052354413,a hawkes
A5093865058,,Am Johal,['Am Johal'],1,0,0,1,,am,johal,j,am johal,A5093865058,a johal
A5000276420,https://orcid.org/0000-0001-7627-3994,Andrew von Nordenflycht,"['A. von Nordenflycht', 'ANDREW VON NORDENFLYCHT', 'Andrew Nordenflycht', 'Andrew Von Nordenflycht', 'Andrew von Nordenflycht']",56,1991,15,4,Social Sciences,andrew von,nordenflycht,n,andrew von nordenflycht,A5000276420,a nordenflycht
A5105063902,https://orcid.org/0009-0004-6105-5950,Mia Fitzpatrick,['Mia Fitzpatrick'],1,0,0,1,Physical Sciences,mia,fitzpatrick,f,mia fitzpatrick,A5105063902,m fitzpatrick
A5114211742,,Raminder Kaur,['Raminder Kaur'],4,8,2,3,Health Sciences,raminder,kaur,k,raminder kaur,A5114211742,r kaur
A5044499951,https://orcid.org/0009-0007-4313-9984,Derek Cronmiller,"['Cronmiller, Derek', 'Derek C. Cronmiller', 'Derek Cronmiller']",19,6,2,4,Physical Sciences,derek,cronmiller,c,derek cronmiller,A5044499951,d cronmiller
A5104181771,,D. J. Green,"['D. J. Green', 'David Green']",2,0,0,1,Life Sciences,d. j.,green,g,d. j. green,A5104181771,d green
A5018959173,,Svitlana Matviyenko,"['Matviyenko, Svitlana', 'Matviyenko, Svitlana 1976-', 'Svitlana Matviyenko']",20,56,5,6,Social Sciences,svitlana,matviyenko,m,svitlana matviyenko,A5018959173,s matviyenko
A5008848944,,Maximilian Junius,['Maximilian Junius'],2,11,1,7,Social Sciences,maximilian,junius,j,maximilian junius,A5008848944,m junius
A5053445753,,J. E. Sonier,"['J E Sonier', 'J SONIER', 'J Sonier', 'J. E. Sonier', 'J. Sonier', 'J.E Sonier', 'J.E. Sonier', 'Sonier, J. E.']",46,1321,14,7,Physical Sciences,j. e.,sonier,s,j. e. sonier,A5053445753,j sonier
A5099983478,,Chihiro Mabohang,['Chihiro Mabohang'],1,3,1,1,Physical Sciences,chihiro,mabohang,m,chihiro mabohang,A5099983478,c mabohang
A5081312292,https://orcid.org/0000-0001-8166-1182,Jephat Chifamba,"['Annika Rosengren', 'Chifamba, Jephat', 'J CHIFAMBA', 'J Chifamba', 'J. Chifamba', 'J. M. Chifamba', 'Jephat Chifamba', 'OD Cadigal', 'Thandi Puoane']",167,22687,62,15,Health Sciences,jephat,chifamba,c,jephat chifamba,A5081312292,j chifamba
A5007096248,https://orcid.org/0000-0002-9609-1108,Margaret Jamieson,"['Jamieson, Margaret.', 'M N Jamieson', 'Margaret Jamieson']",41,586,14,15,Life Sciences,margaret,jamieson,j,margaret jamieson,A5007096248,m jamieson
A5108717311,,GP McTaggart-Cowan,['GP McTaggart-Cowan'],1,13,1,1,Physical Sciences,gp,mctaggart-cowan,m,gp mctaggart-cowan,A5108717311,g mctaggart-cowan
A5101256946,,Zixuan Gu,"['<p>Zixuan Gu</p>', 'Gu, Zixuan', 'ZiXuan Gu', 'Zixuan Gu']",9,12,2,4,Physical Sciences,zixuan,gu,g,zixuan gu,A5101256946,z gu
A5020366192,https://orcid.org/0000-0002-9649-5268,Ouldooz Baghban Karimi,"['O.B. Karimi', 'Ouldooz Baghban Karimi', 'Ouldooz Karimi']",30,324,8,3,Physical Sciences,ouldooz baghban,karimi,k,ouldooz baghban karimi,A5020366192,o karimi
A5092091032,,Makaela Prentice,['Makaela Prentice'],1,3,1,1,Social Sciences,makaela,prentice,p,makaela prentice,A5092091032,m prentice
A5040940303,,Clifford G Atleo,['Clifford G Atleo'],1,17,1,1,Health Sciences,clifford g,atleo,a,clifford g atleo,A5040940303,c atleo
A5037509232,https://orcid.org/0000-0002-8702-5694,Alissa Greer,"['A Greer', 'A. Greer', 'Alissa Greer', 'Alissa M Greer', 'Alissa M. Greer', 'Alissa Merielle Greer']",60,1151,21,10,Health Sciences,alissa,greer,g,alissa greer,A5037509232,a greer
A5083095466,https://orcid.org/0000-0002-1110-1291,Andrea D. Olmstead,"['A Olmstead', 'A. Olmstead', 'Andrea D Olmstead', 'Andrea D. Olmstead', 'Andrea Olmstead', 'Olmstead, Andrea D.']",54,839,15,8,Health Sciences,andrea d.,olmstead,o,andrea d. olmstead,A5083095466,a olmstead
A5035767726,https://orcid.org/0000-0002-8475-0903,İpek Eren Vural,"['Ipek Eren Vural', 'Ipek Eren-Vural', 'İpek Eren Vural']",14,130,5,3,Social Sciences,i̇pek eren,vural,v,i̇pek eren vural,A5035767726,i vural
A5024744199,https://orcid.org/0000-0002-6237-5102,Timothy van den Brink,"['Timothy van Den Brink', 'Timothy van den Brink', 'Timothy van\xa0den\xa0Brink', 'van den Brink, Timothy']",17,5,1,4,Social Sciences,timothy van den,brink,b,timothy van den brink,A5024744199,t brink
A5069902903,,Luke Spooner,"['L J Spooner', 'Luke Spooner', 'Spooner, Luke']",3,32,1,3,Life Sciences,luke,spooner,s,luke spooner,A5069902903,l spooner
A5055555263,,Bonnie Corradetti,"['B. Corradetti', 'Bonnie Corradetti']",10,106,4,7,Health Sciences,bonnie,corradetti,c,bonnie corradetti,A5055555263,b corradetti
A5108830512,,Bernhard Rieke,['Bernhard Rieke'],1,1,1,1,Physical Sciences,bernhard,rieke,r,bernhard rieke,A5108830512,b rieke
A5069666333,,David McVea,"['David A. McVea', 'David McVea']",26,321,5,3,Health Sciences,david,mcvea,m,david mcvea,A5069666333,d mcvea
A5010244072,,M Ornowska,"['M Ornowska', 'Marlena Ornowska']",2,0,0,2,Health Sciences,m,ornowska,o,m ornowska,A5010244072,m ornowska
A5091099729,https://orcid.org/0000-0002-3703-0049,Yun Wen,"['Yun Dong Wen', 'Yun Wen']",63,303,8,12,Health Sciences,yun,wen,w,yun wen,A5091099729,y wen
A5118293538,,Alissa Hewton,['Alissa Hewton'],1,0,0,1,Social Sciences,alissa,hewton,h,alissa hewton,A5118293538,a hewton
A5055257365,https://orcid.org/0000-0002-2281-5695,Santiago Benavides,"['Benavides, Santiago', 'Benavides, Santiago J.', 'Benavides, Santiago Jose', 'S Benavides', 'S. Benavides', 'S. J. Benavides', 'Santiago Benavides', 'Santiago J Benavides', 'Santiago J. Benavides', 'Santiago Jose Benavides']",55,433,8,11,Physical Sciences,santiago,benavides,b,santiago benavides,A5055257365,s benavides
A5050621288,,Harriet Chicoine,['Harriet Chicoine'],1,0,0,1,Social Sciences,harriet,chicoine,c,harriet chicoine,A5050621288,h chicoine
A5020756375,,Henrietta C Ezegbe,['Henrietta C Ezegbe'],1,17,1,1,Health Sciences,henrietta c,ezegbe,e,henrietta c ezegbe,A5020756375,h ezegbe
A5085810492,https://orcid.org/0000-0003-4235-0108,Arvin Bhana,"['A Bhana', 'A. Bhana', 'ARVIN BHANA', 'Arvi.n. Bhana', 'Arvin Bhana', 'Arvinkumar Bhana', 'Bhana, Arvin', 'Bhana, Arvinkumar']",218,7722,50,16,Social Sciences,arvin,bhana,b,arvin bhana,A5085810492,a bhana
A5061007955,,N. Zhang,['N. Zhang'],2,21,1,6,Physical Sciences,n.,zhang,z,n. zhang,A5061007955,n zhang
A5000129216,,Darby Roland,['Darby Roland'],1,1,1,1,Social Sciences,darby,roland,r,darby roland,A5000129216,d roland
A5089345360,,Kate McCabe,['Kate McCabe'],11,40,2,4,Life Sciences,kate,mccabe,m,kate mccabe,A5089345360,k mccabe
A5084958422,,Jorma Jyrkkanen,['Jorma Jyrkkanen'],4,3,1,3,Life Sciences,jorma,jyrkkanen,j,jorma jyrkkanen,A5084958422,j jyrkkanen
A5107666522,,L. B. Thaddeus,"['L. B. Thaddeus', 'Thaddeus L. B.']",1,4,1,1,Social Sciences,l. b.,thaddeus,t,l. b. thaddeus,A5107666522,l thaddeus
A5023943592,,Milad Ibrahimipour,['Milad Ibrahimipour'],1,2,1,1,Physical Sciences,milad,ibrahimipour,i,milad ibrahimipour,A5023943592,m ibrahimipour
A5093134123,,Par Meg Holden,['Par Meg Holden'],2,0,0,1,Social Sciences,par meg,holden,h,par meg holden,A5093134123,p holden
A5094185396,,Dorin Vaez Mahdavi,"['Dorin Mahdavi', 'Dorin Vaez Mahdavi']",2,3,1,1,Social Sciences,dorin vaez,mahdavi,m,dorin vaez mahdavi,A5094185396,d mahdavi
A5021993752,,Ivan Fong,"['Ivan Fong', 'Ivan Yu Hang Fong']",11,103,4,3,Life Sciences,ivan,fong,f,ivan fong,A5021993752,i fong
A5093740987,,Pablo Napomnaschy,['Pablo Napomnaschy'],1,0,0,1,Physical Sciences,pablo,napomnaschy,n,pablo napomnaschy,A5093740987,p napomnaschy
A5078824232,,Breanna Fraser-Hevlin,['Breanna Fraser-Hevlin'],2,2,1,1,Health Sciences,breanna,fraser-hevlin,f,breanna fraser-hevlin,A5078824232,b fraser-hevlin
A5052550301,,M.A.N. Dewapriya,['M.A.N. Dewapriya'],1,0,0,2,Social Sciences,m.a.n.,dewapriya,d,m.a.n. dewapriya,A5052550301,m dewapriya
A5103151044,https://orcid.org/0009-0000-0875-5334,Xue Bin Peng,"['Peng Xue', 'Peng Xue -', 'Peng, Xue Bin', 'Xi, Pengcheng', 'Xue Bin Peng', 'Xue Peng', 'Xue, Peng']",36,672,11,12,Physical Sciences,xue bin,peng,p,xue bin peng,A5103151044,x peng
A5109673885,,Cécile Bullock,['Cécile Bullock'],9,13,2,2,Social Sciences,cécile,bullock,b,cécile bullock,A5109673885,c bullock
A5021641760,https://orcid.org/0000-0002-0314-8778,John Jose,"['John Jose', 'Jose, John']",111,711,12,15,Physical Sciences,john,jose,j,john jose,A5021641760,j jose
A5011827489,,Sebastian H. Eberhardt,"['Eberhardt, Sebastian H.', 'S. H. Eberhardt', 'Sebastian Eberhardt', 'Sebastian H Eberhardt', 'Sebastian H. Eberhardt']",23,393,8,4,Physical Sciences,sebastian h.,eberhardt,e,sebastian h. eberhardt,A5011827489,s eberhardt
A5107514503,,Radha Vishwanathappa,['Radha Vishwanathappa'],1,0,0,1,Physical Sciences,radha,vishwanathappa,v,radha vishwanathappa,A5107514503,r vishwanathappa
A5113412320,,Tom Gunton,['Tom Gunton'],3,5,1,1,Physical Sciences,tom,gunton,g,tom gunton,A5113412320,t gunton
A5114800444,,Ryan T. deKergommeaux,"['Ryan T. deKergommeaux', 'deKergommeaux, Ryan']",3,0,0,1,Physical Sciences,ryan t.,dekergommeaux,d,ryan t. dekergommeaux,A5114800444,r dekergommeaux
A5101688198,,Kevin Lam,"['K. S. Jimmy Lam', 'Katherine Lam', 'Kevin Lam', 'Lam, K.', 'Lam, Kevin']",31,316,6,7,Physical Sciences,kevin,lam,l,kevin lam,A5101688198,k lam
A5092302587,,Ariel Krisnaputra,['Ariel Krisnaputra'],4,5,1,1,Social Sciences,ariel,krisnaputra,k,ariel krisnaputra,A5092302587,a krisnaputra
A5112857475,,Tim Woinoski,['Tim Woinoski'],1,2,1,1,Physical Sciences,tim,woinoski,w,tim woinoski,A5112857475,t woinoski
A5114907478,,Kimia Rezaeian,['Kimia Rezaeian'],2,0,0,1,Life Sciences,kimia,rezaeian,r,kimia rezaeian,A5114907478,k rezaeian
A5098997830,,Tsz Ki Venus Heung,['Tsz Ki Venus Heung'],1,0,0,1,Life Sciences,tsz ki venus,heung,h,tsz ki venus heung,A5098997830,t heung
A5049951927,https://orcid.org/0000-0002-5163-026X,Patrick Lombardo,['Patrick Lombardo'],6,362,3,3,Social Sciences,patrick,lombardo,l,patrick lombardo,A5049951927,p lombardo
A5113599614,,B. Heinrich,"['B Heinrich', 'B. Heinrich', 'Ben Heinrich']",79,2560,24,9,Physical Sciences,b.,heinrich,h,b. heinrich,A5113599614,b heinrich
A5056543952,https://orcid.org/0000-0003-0709-0160,Richard Bent,"['Bent, Richard', 'R. R. BENT', 'Richard Bent']",53,372,10,4,Social Sciences,richard,bent,b,richard bent,A5056543952,r bent
A5045631153,https://orcid.org/0000-0003-0822-5776,Christopher R. McMaster,"['C McMaster', 'C R McMaster', 'C. R. McMaster', 'C.R. McMaster', 'CHRISTOPHER R. MCMASTER', 'Chris R McMaster', 'Christopher McMaster', 'Christopher R McMaster', 'Christopher R. MCMASTER', 'Christopher R. McMASTER', 'Christopher R. McMaster', 'Christopher\xa0R. McMASTER', 'McMaster, C.R.', 'McMaster, Christopher', 'Mcmaster, Christopher R']",148,9287,45,14,Life Sciences,christopher r.,mcmaster,m,christopher r. mcmaster,A5045631153,c mcmaster
A5108988979,,Akhmedkhan Ahan Shabanov,['Akhmedkhan Ahan Shabanov'],1,3,1,1,Physical Sciences,akhmedkhan ahan,shabanov,s,akhmedkhan ahan shabanov,A5108988979,a shabanov
A5031216243,,Muyun Li,"['Madeleine Li', 'Maoyuan Li', 'Mengdan Li', 'Muyun Li']",7,24,3,7,Social Sciences,muyun,li,l,muyun li,A5031216243,m li
A5068381218,https://orcid.org/0000-0003-2755-9915,Tara Holland,"['Holland, Tara', 'T Holland', 'Tara Holland']",24,560,9,8,Social Sciences,tara,holland,h,tara holland,A5068381218,t holland
A5072370021,,Kattie Sepheri,['Kattie Sepheri'],1,1,1,1,Life Sciences,kattie,sepheri,s,kattie sepheri,A5072370021,k sepheri
A5074128059,https://orcid.org/0000-0002-2801-0767,Dalia A. Alghamdi,"['Dalia A. Alghamdi', 'Dalia Alghamdi']",5,3,1,5,Life Sciences,dalia a.,alghamdi,a,dalia a. alghamdi,A5074128059,d alghamdi
A5119417628,,Natasha Mhuriro,['Natasha Mhuriro'],1,1,1,1,Social Sciences,natasha,mhuriro,m,natasha mhuriro,A5119417628,n mhuriro
A5104436829,,Chelsea L. Little,"['Chelsea L. Little', 'Little, Chelsea, L']",2,4,1,2,Physical Sciences,chelsea l.,little,l,chelsea l. little,A5104436829,c little
A5015504789,,Jeff Larimer,"['Jeff E. Larimer', 'Jeff Larimer']",4,5,1,1,Physical Sciences,jeff,larimer,l,jeff larimer,A5015504789,j larimer
A5064667304,https://orcid.org/0009-0006-5169-0437,Parsa Alan,"['Alan, Parsa', 'Parsa Alan']",12,62,4,5,Health Sciences,parsa,alan,a,parsa alan,A5064667304,p alan
A5013558329,,Sonja Aicha van der Putten,"['Sonja Aicha Van Der Putten', 'Sonja Aicha van der Putten']",3,1,1,1,Social Sciences,sonja aicha van der,putten,p,sonja aicha van der putten,A5013558329,s putten
A5078002280,,Masayuki Yagasaki,"['Masayuki Yagasaki', 'Yagasaki, Masayuki']",19,17,2,9,Social Sciences,masayuki,yagasaki,y,masayuki yagasaki,A5078002280,m yagasaki
A5046828309,,E. Ruth Harder,"['E. Ruth Harder', 'Harder, Elaine']",2,0,0,1,Social Sciences,e. ruth,harder,h,e. ruth harder,A5046828309,e harder
A5089049797,https://orcid.org/0009-0001-6819-8282,Sai Raj Kishore Perla,"['Perla, Sai Raj Kishore', 'Sai Raj Kishore Perla']",7,15,2,1,Physical Sciences,sai raj kishore,perla,p,sai raj kishore perla,A5089049797,s perla
A5109627628,,Gaëlle Issa,['Gaëlle Issa'],1,0,0,4,Social Sciences,gaëlle,issa,i,gaëlle issa,A5109627628,g issa
A5081134663,https://orcid.org/0000-0002-1564-4197,Stanley Carries,"['Stanley Carries', 'Stanley Carries (21172287)']",21,47,4,5,Social Sciences,stanley,carries,c,stanley carries,A5081134663,s carries
A5067538914,https://orcid.org/0000-0002-5209-8471,Sandeep Dhillon,"['Dhillon, Sandeep', 'S. S. Dhillon', 'S.S. Dhillon', 'SANDEEP DHILLON', 'Sandeep Dhillon', 'Sandeep K. Dhillon']",27,881,11,14,Health Sciences,sandeep,dhillon,d,sandeep dhillon,A5067538914,s dhillon
A5002323493,https://orcid.org/0000-0002-2457-1559,Plaban Jyoti Sarma,"['P.J. Sarma', 'Plaban J. Sarma', 'Plaban Jyoti Sarma', 'Sarma, Plaban J.', 'Sarma, Plaban Jyoti']",42,243,10,5,Physical Sciences,plaban jyoti,sarma,s,plaban jyoti sarma,A5002323493,p sarma
A5052141105,https://orcid.org/0000-0002-6861-1540,Fernando Sánchez-Figueroa,"['Eva-Maria Remberger', 'F. Sanchez', 'F. Sanchez Figueroa', 'F. Sanchez-Figueroa', 'F. Sánchez', 'F. Sánchez-Figueroa', 'FERNANDO SÁNCHEZ', 'Fernando Figueroa', 'Fernando Sanchez', 'Fernando Sanchez Figueroa', 'Fernando Sanchez-Figueroa', 'Fernando Snchez', 'Fernando Sánchez', 'Fernando Sánchez Figueroa', 'Fernando Sánchez-Figueroa', 'Figueroa, Fernando', 'Sánchez-Figueroa, Fernando']",119,1232,17,10,Physical Sciences,fernando,sánchez-figueroa,s,fernando sánchez-figueroa,A5052141105,f sánchez-figueroa
A5034514284,,Ker C. Thomson,"['K. C. Thomson', 'K.C. Thomson', 'KER C. THOMSON', 'Ker C. Thomson', 'Ker. C. Thomson', 'Thomson, Ker C.', 'Thomson,Ker C.']",18,126,6,3,Social Sciences,ker c.,thomson,t,ker c. thomson,A5034514284,k thomson
A5102000843,https://orcid.org/0000-0003-4537-4180,Isabelle Côté,"['Côté, Isabelle', 'I Côté', 'Isabelle Cote', 'Isabelle Côté']",35,315,11,6,Social Sciences,isabelle,côté,c,isabelle côté,A5102000843,i côté
A5031716786,,Z. Lin,"['Z. Lin', 'Zihao Lin']",2,0,0,5,Physical Sciences,z.,lin,l,z. lin,A5031716786,z lin
A5067698309,,Bhargav Gadhavi,"['Bhargav Gadhavi', 'Gadhavi, Bhargav']",3,3,1,1,Physical Sciences,bhargav,gadhavi,g,bhargav gadhavi,A5067698309,b gadhavi
A5078228945,,Jenna Lussier,['Jenna Lussier'],1,2,1,3,Social Sciences,jenna,lussier,l,jenna lussier,A5078228945,j lussier
A5112972685,,M. Herrera,"['M. Herrera', 'Maria Mercedes Guzman Herrera', 'Mariana Villarreal Herrera']",4,31,2,7,Social Sciences,m.,herrera,h,m. herrera,A5112972685,m herrera
A5071577683,https://orcid.org/0000-0003-0883-7545,Benoît Gendreau-Berthiaume,"['B. Gendreau-Berthiaume', 'Benoit Gendreau-Berthiaume', 'Benoit Gendreau‐Berthiaume', 'Benoît Gendreau-Berthiaume', 'Gendreau-Berthiaume, Benoit']",24,695,12,6,Life Sciences,benoît,gendreau-berthiaume,g,benoît gendreau-berthiaume,A5071577683,b gendreau-berthiaume
A5022158567,https://orcid.org/0000-0002-2483-243X,Mika Akesaka,"['Akesaka, Mika', 'Mika Akesaka']",26,107,4,10,Social Sciences,mika,akesaka,a,mika akesaka,A5022158567,m akesaka
A5101082637,,Angela Paul,"['Angela Paul', 'Paul, Angela']",6,37,4,5,Life Sciences,angela,paul,p,angela paul,A5101082637,a paul
A5028499492,,Leslie Bonshor,['Leslie Bonshor'],2,39,1,5,Social Sciences,leslie,bonshor,b,leslie bonshor,A5028499492,l bonshor
A5083922083,,Suzanne Therrien,"['Suzanne Therrien', 'Therrien, Suzanne']",10,145,7,4,Social Sciences,suzanne,therrien,t,suzanne therrien,A5083922083,s therrien
A5082546051,,Kessey Jemmott,['Kessey Jemmott'],3,4,1,1,Social Sciences,kessey,jemmott,j,kessey jemmott,A5082546051,k jemmott
A5002878273,https://orcid.org/0000-0002-6113-0859,Ruohong Li,"['Li, R.', 'Li, Ruohong', 'R Li', 'R. LI', 'R. Li', 'Ruohong Li']",94,820,17,20,Physical Sciences,ruohong,li,l,ruohong li,A5002878273,r li
A5088861162,https://orcid.org/0000-0001-7065-7129,Mirela Krešić,"['M. Kresić', 'Mirela Krešić']",55,41,3,3,Social Sciences,mirela,krešić,k,mirela krešić,A5088861162,m krešić
A5088013281,https://orcid.org/0000-0001-7696-5894,Chris G. Gill,"['C Gill', 'C. G. Gill', 'C. Gill', 'C.G. Gill', 'Chris G Gill', 'Chris G. Gill', 'Chris Gill', 'Chris\xa0G. Gill', 'Gill, Chris G.']",115,1748,25,16,Life Sciences,chris g.,gill,g,chris g. gill,A5088013281,c gill
A5017115099,,Simon Tavener,"['S J Tavener', 'S Tavener', 'S. J Tavener', 'S. J. TAVENER', 'S. J. Tavener', 'S. Tavener', 'S.J Tavener', 'S.J. Tavener', 'SIMON J. TAVENER', 'Simon J. Tavener', 'Simon Tavener', 'Tavener, S. J.', 'Tavener, Simon', 'Tavener, Simon J.']",145,2148,26,11,Physical Sciences,simon,tavener,t,simon tavener,A5017115099,s tavener
A5061800776,https://orcid.org/0000-0001-6917-3784,Gerry Veenstra,"['G Veenstra', 'G. Veenstra', 'GERRY VEENSTRA', 'Gerry Veenstra']",123,4996,35,12,Social Sciences,gerry,veenstra,v,gerry veenstra,A5061800776,g veenstra
A5047356504,https://orcid.org/0000-0002-2228-2809,Tobias Junginger,"['Junginger, T', 'Junginger, T.', 'Junginger, Tobias', 'T Junginger', 'T. Junginger', 'Tobias Junginger']",86,294,9,13,Physical Sciences,tobias,junginger,j,tobias junginger,A5047356504,t junginger
A5090567967,,Kyogo Kanazawa,"['Kanazawa, Kyogo', 'Kyogo Kanazawa']",10,69,4,10,Social Sciences,kyogo,kanazawa,k,kyogo kanazawa,A5090567967,k kanazawa
A5024868933,https://orcid.org/0000-0003-2788-7484,Philipp Kolb,"['Kolb, Philipp', 'Kolb, Philipp Ulrich', 'P. Kolb', 'Philipp Kolb']",46,431,7,9,Physical Sciences,philipp,kolb,k,philipp kolb,A5024868933,p kolb
A5035663492,,Chloe Papalazarou,['Chloe Papalazarou'],1,0,0,1,Physical Sciences,chloe,papalazarou,p,chloe papalazarou,A5035663492,c papalazarou
A5119416168,,Laila Benkrima,['Laila Benkrima'],2,0,0,1,Social Sciences,laila,benkrima,b,laila benkrima,A5119416168,l benkrima
A5110286108,,Sandra Allison,"['S Allison', 'S.F. Allison', 'Sandra Allison']",35,452,11,9,Social Sciences,sandra,allison,a,sandra allison,A5110286108,s allison
A5053523610,https://orcid.org/0000-0001-6177-7049,M. Natasha Rajah,"['M Natasha Rajah', 'M.  Natasha Rajah', 'M. N. Rajah', 'M. Natasha Rajah', 'M.N. Rajah', 'M.Natasha Rajah', 'Maria Natasha Rajah', 'MeganR. Rajah', 'Rajah, M. Natasha']",137,4685,30,16,Life Sciences,m. natasha,rajah,r,m. natasha rajah,A5053523610,m rajah
A5041213619,https://orcid.org/0000-0001-5606-9179,Olessya Akimenko,['Olessya Akimenko'],1,0,0,1,Social Sciences,olessya,akimenko,a,olessya akimenko,A5041213619,o akimenko
A5060328033,https://orcid.org/0000-0002-2755-8042,R. Krüecken,"['Kruecken, R', 'Kruecken, R.', 'Kruecken, Reiner', 'Krüecken, Reiner', 'R. KRUECKEN', 'R. Kruecken', 'R. Krücken', 'R. Krüecken', 'Reiner Kruecken', 'Reiner Krücken']",87,550,9,9,Physical Sciences,r.,krüecken,k,r. krüecken,A5060328033,r krüecken
A5110464053,,Abdul Rehman,"['Abdul Rehman', 'Rehman, Abdul']",3,2,1,2,Physical Sciences,abdul,rehman,r,abdul rehman,A5110464053,a rehman
A5029186556,,Susan Own,['Susan Own'],1,0,0,1,Physical Sciences,susan,own,o,susan own,A5029186556,s own
A5093430415,https://orcid.org/0000-0002-4674-2048,Micheal Obakhavbaye,['Micheal Obakhavbaye'],2,1,1,1,Social Sciences,micheal,obakhavbaye,o,micheal obakhavbaye,A5093430415,m obakhavbaye
A5070934381,https://orcid.org/0000-0001-8952-6292,Cheryl Koehn,"['C Koehn', 'C. Koehn', 'C.L. Koehn', 'Cheryl Koehn', 'Cheryl L Koehn', 'Cheryl L. Koehn']",76,541,14,8,Health Sciences,cheryl,koehn,k,cheryl koehn,A5070934381,c koehn
A5008054625,,Larissa J. Teng,"['Larissa J. Teng', 'Larissa Teng']",2,29,2,4,Health Sciences,larissa j.,teng,t,larissa j. teng,A5008054625,l teng
A5092710573,,Adriano C. D’ Alessandro,['Adriano C. D’ Alessandro'],1,1,1,1,Physical Sciences,adriano c. d’,alessandro,a,adriano c. d’ alessandro,A5092710573,a alessandro
A5079539900,,Kenyi D Igwacho,"['K. Igwacho', 'Kenyi D Igwacho']",2,4,1,1,Health Sciences,kenyi d,igwacho,i,kenyi d igwacho,A5079539900,k igwacho
A5026657850,https://orcid.org/0000-0002-2865-874X,Christian Mathis,"['C. K. Mathis', 'Christian Mathis', 'Mathis, Christian']",56,131,6,20,Social Sciences,christian,mathis,m,christian mathis,A5026657850,c mathis
A5091761869,,Hy V. Luong,"['HY V. LUONG', 'HY VAN LUONG', 'HY Van Luong', 'Hy V Luong', 'Hy V. Luong', 'Hy Van Luong', 'Hy van Luong', 'Hy. V. Luong']",89,679,14,5,Social Sciences,hy v.,luong,l,hy v. luong,A5091761869,h luong
A5083104668,,Christophe Huau,"['C. Huau', 'Christophe Huau', 'HUAU C., (1)', 'Huau, C.', 'Huau, Christophe']",34,180,6,8,Life Sciences,christophe,huau,h,christophe huau,A5083104668,c huau
A5049918049,,Graham Greig,['Graham Greig'],1,0,0,2,Physical Sciences,graham,greig,g,graham greig,A5049918049,g greig
A5108828590,,Misha Jain,['Misha Jain'],1,3,1,1,Social Sciences,misha,jain,j,misha jain,A5108828590,m jain
A5035873436,,Baharak Yousefi,"['Baharak Yousefi', 'Yousefi, Baharak']",7,13,1,1,Social Sciences,baharak,yousefi,y,baharak yousefi,A5035873436,b yousefi
A5016821064,https://orcid.org/0009-0007-2273-2658,Abdul Rahman Diab,"['A Diab', 'Abdul Rahman Al Diab', 'Abdul Rahman Diab', 'Diab, Abdul Rahman']",15,539,7,6,Health Sciences,abdul rahman,diab,d,abdul rahman diab,A5016821064,a diab
A5075809007,,Clifton Bright Davies,['Clifton Bright Davies'],2,7,1,1,Physical Sciences,clifton bright,davies,d,clifton bright davies,A5075809007,c davies
A5083809068,,Angela Starnaman,['Angela Starnaman'],1,0,0,1,Social Sciences,angela,starnaman,s,angela starnaman,A5083809068,a starnaman
A5037308900,https://orcid.org/0000-0002-6519-274X,Miranda Dennis,"['Miranda Dennis', 'Miranda T. Dennis']",2,0,0,1,Physical Sciences,miranda,dennis,d,miranda dennis,A5037308900,m dennis
A5080374821,https://orcid.org/0000-0002-1440-0799,Juan Manuel Mesa,"['Juan M. Mesa', 'Juan Manuel Mesa', 'Juan Manuel Mesa Bruno']",5,18,3,2,Life Sciences,juan manuel,mesa,m,juan manuel mesa,A5080374821,j mesa
A5001462958,https://orcid.org/0000-0003-0429-6067,Juan Pablo Rud,"['Juan Pablo Rud', 'Juan Rud', 'Rud, Juan Pablo']",70,1603,13,15,Physical Sciences,juan pablo,rud,r,juan pablo rud,A5001462958,j rud
A5062945775,,M.A. Brockman,"['M Brockman', 'M. Brockman', 'M.A. Brockman', 'MarkA Brockman']",5,0,0,2,Health Sciences,m.a.,brockman,b,m.a. brockman,A5062945775,m brockman
A5006986010,https://orcid.org/0000-0002-4673-2376,Mattia Talpo,"['Mattia Talpo', 'TALPO, MATTIA', 'Talpo M.', 'Talpo, M.', 'Talpo, Mattia']",32,117,6,10,Physical Sciences,mattia,talpo,t,mattia talpo,A5006986010,m talpo
A5001322539,https://orcid.org/0000-0002-9196-2189,Hamza Hanif,"['H. Hanif', 'Hamza Hanif', 'Hamzah Hanif']",48,218,7,15,Health Sciences,hamza,hanif,h,hamza hanif,A5001322539,h hanif
A5104313813,https://orcid.org/0000-0002-9829-0610,Allison Plourde,['Allison Plourde'],2,0,0,1,Physical Sciences,allison,plourde,p,allison plourde,A5104313813,a plourde
A5071448022,https://orcid.org/0009-0006-6772-0186,Monika Gyöngyi Macias-Honti,"['Monika Gyongyi Macias Honti', 'Monika Gyöngyi Macias-Honti']",2,73,2,4,Life Sciences,monika gyöngyi,macias-honti,m,monika gyöngyi macias-honti,A5071448022,m macias-honti
A5012233835,,Christian Guilbault,"['C. Guilbault', 'Christian Guilbault']",7,2,1,2,Social Sciences,christian,guilbault,g,christian guilbault,A5012233835,c guilbault
A5090509767,,Matt Hern,"['MATT HERN', 'Matt Hern']",47,49,5,3,Social Sciences,matt,hern,h,matt hern,A5090509767,m hern
A5100592332,,Wen Yang,['Wen Yang'],1,0,0,1,Life Sciences,wen,yang,y,wen yang,A5100592332,w yang
A5093029620,https://orcid.org/0009-0001-3374-1687,Zoë M. Gilson,"['Zoë Gilson', 'Zoë M. Gilson']",2,17,2,3,Social Sciences,zoë m.,gilson,g,zoë m. gilson,A5093029620,z gilson
A5042843006,https://orcid.org/0000-0002-3290-1343,Judith Sixsmith,"['J Sixsmith', 'J. Sixsmith', 'J.A. Sixsmith', 'J.S. Sixsmith', 'JUDITH SIXSMITH', 'Judith A Sixsmith', 'Judith A. Sixsmith', 'Judith Agnes Sixsmith', 'Judith SIXSMITH', 'Judith Sixsmith', 'Sixsmith J.', 'Sixsmith, Judith']",405,6219,37,20,Social Sciences,judith,sixsmith,s,judith sixsmith,A5042843006,j sixsmith
A5074171911,,Ken Van Wieren,"['K. Van Wieren', 'K. van Wieren', 'Ken Van Wieren']",25,95,6,6,Physical Sciences,ken van,wieren,w,ken van wieren,A5074171911,k wieren
A5113508240,,K. A. O’Donnell,"[""K A O'Donnell"", ""K. A. O'Donnell"", ""K. A. O'donnell"", 'K. A. O’Donnell', 'K. A. O’donnell', ""K.A. O'Donnell"", ""Kevin A O'Donnell"", ""Kevin A. O'Donnell"", 'Kevin A. O’Donnell', ""Kevin O'Donnell"", 'Kevin ODonnell', 'Kevin O’Donnell']",87,1938,22,12,Physical Sciences,k. a.,o’donnell,o,k. a. o’donnell,A5113508240,k o’donnell
A5092835365,,Ramani Remaseshan,['Ramani Remaseshan'],1,10,1,1,Health Sciences,ramani,remaseshan,r,ramani remaseshan,A5092835365,r remaseshan
A5080353462,https://orcid.org/0000-0002-4970-053X,Lisa Goddard,"['Goddard, Lisa', 'L. Goddard', 'Lisa Goddard']",65,1492,15,11,Physical Sciences,lisa,goddard,g,lisa goddard,A5080353462,l goddard
A5093415222,,Gerald Bent,['Gerald Bent'],1,0,0,1,Social Sciences,gerald,bent,b,gerald bent,A5093415222,g bent
A5013692065,,Isabelle Palhière,"['I Palhière', 'I. PALHIERE', 'I. PALHIÈRE', 'I. Palhiere', 'I. Palhière', 'Isabelle PALHIÈRE', 'Isabelle Palhiere', 'Isabelle Palhière', 'PALHIERE, I.', 'Palhiere, Isabelle', 'Palhière, I.', 'Palhière, Isabelle', 'Palhière, Isabelle,', 'Palhière, Isabelle, Palhiere']",193,1827,22,14,Life Sciences,isabelle,palhière,p,isabelle palhière,A5013692065,i palhière
A5045731644,,Vivian Neal,['Vivian Neal'],4,2,1,1,Social Sciences,vivian,neal,n,vivian neal,A5045731644,v neal
A5075265579,https://orcid.org/0000-0003-3270-1533,Chirag Vashist,"['Chirag Vashist', 'Vashist, Chirag']",8,17,1,2,Physical Sciences,chirag,vashist,v,chirag vashist,A5075265579,c vashist
A5039603220,https://orcid.org/0000-0002-8472-043X,Abel Ruiz-Giralt,"['Abel Ruiz-Giralt', 'Ruiz-Giralt, Abel']",39,201,7,9,Life Sciences,abel,ruiz-giralt,r,abel ruiz-giralt,A5039603220,a ruiz-giralt
A5113722611,,Donald L. Nelson,"['D L Nelson', 'D. L. Nelson', 'Donald L Nelson', 'Donald L. Nelson']",26,150,7,6,Life Sciences,donald l.,nelson,n,donald l. nelson,A5113722611,d nelson
A5056053166,,Vitalis Mbah Nankobe,['Vitalis Mbah Nankobe'],5,2,1,1,Social Sciences,vitalis mbah,nankobe,n,vitalis mbah nankobe,A5056053166,v nankobe
A5076330236,https://orcid.org/0000-0002-1077-876X,Sugandha Agarwal,"['Dr. Sugandha Agarwal', 'S. Agarwal', 'Sugandha Agarwal']",46,1124,9,17,Physical Sciences,sugandha,agarwal,a,sugandha agarwal,A5076330236,s agarwal
A5078749183,https://orcid.org/0000-0001-6504-1100,Suzanne de Castell,"['De Castell, Suzanne', 'SUZANNE DE CASTELL', 'SUZANNE de CASTELL', 'Suzanne Castell', 'Suzanne De Castell', 'Suzanne de Castell', 'de Castell, Suzanne']",153,3063,30,8,Social Sciences,suzanne de,castell,c,suzanne de castell,A5078749183,s castell
A5057404284,,Darien Allan,"['D Allan', 'Darien Allan']",9,182,3,2,Social Sciences,darien,allan,a,darien allan,A5057404284,d allan
A5049187287,,M. Tiffany,"['M. Tiffany', 'Muo Tiffany']",7,63,4,2,Physical Sciences,m.,tiffany,t,m. tiffany,A5049187287,m tiffany
A5071499192,,Michael De Danann Sitka-Sage,"['Michael De Danann Sitka-Sage', 'Michael Sitka-Sage', 'Sitka-Sage, Michael D.']",9,143,5,2,Physical Sciences,michael de danann,sitka-sage,s,michael de danann sitka-sage,A5071499192,m sitka-sage
A5033818862,,Francy Kiabiya Ntamboudila,"['Francy Kiabiya Ntamboudila', 'Kiabiya Ntamboudila, Francy']",12,102,4,8,Social Sciences,francy kiabiya,ntamboudila,n,francy kiabiya ntamboudila,A5033818862,f ntamboudila
A5049929366,https://orcid.org/0000-0003-3239-1256,Jay Maloney,"['J. E. Maloney', 'Jay Maloney', 'Maloney, Jay']",16,47,3,17,Health Sciences,jay,maloney,m,jay maloney,A5049929366,j maloney
A5029887113,,Emmanuel Guy,"['E. Guy', 'E.E. Guy', 'Emmanuel Guy', 'Guy, Emmanuel', 'Guy, Emmanuel 1983-']",53,342,9,13,Social Sciences,emmanuel,guy,g,emmanuel guy,A5029887113,e guy
A5064609941,https://orcid.org/0000-0001-9484-6223,Nick P.G. Gauthier,"['Gauthier, Nick', 'N. Gauthier', 'Nick Gauthier', 'Nick P G Gauthier', 'Nick P. G. Gauthier', 'Nick P. Gauthier', 'Nick P.G. Gauthier']",17,164,7,5,Health Sciences,nick p.g.,gauthier,g,nick p.g. gauthier,A5064609941,n gauthier
A5006262991,,Sara Arias Palacio,['Sara Arias Palacio'],3,0,0,1,Social Sciences,sara arias,palacio,p,sara arias palacio,A5006262991,s palacio
A5013346237,https://orcid.org/0000-0001-6703-3497,Suresh Saminathan,"['S Saminathan', 'S. Saminathan', 'Saminathan, S.', 'Saminathan, Suresh', 'Suresh Saminathan']",40,68,5,6,Physical Sciences,suresh,saminathan,s,suresh saminathan,A5013346237,s saminathan
A5011132991,,Maryam Al Shirawi,['Maryam Al Shirawi'],1,15,1,5,Life Sciences,maryam al,shirawi,s,maryam al shirawi,A5011132991,m shirawi
A5110538120,,Helen Chong,"['H Chong', 'H.C. Chong', 'Helen C. Chong', 'Helen Chong', 'Helen Christina Chong', 'Ho Chong']",14,79,6,3,Health Sciences,helen,chong,c,helen chong,A5110538120,h chong
A5106015268,,Ravneet Mundi,['Ravneet Mundi'],1,0,0,1,Social Sciences,ravneet,mundi,m,ravneet mundi,A5106015268,r mundi
A5033458739,,Julia Luba Meyers,"['Julia Luba Meyers', 'Julia Meyers']",2,1,1,1,Social Sciences,julia luba,meyers,m,julia luba meyers,A5033458739,j meyers
A5107707304,,Moninder Lalli,['Moninder Lalli'],1,0,0,1,Physical Sciences,moninder,lalli,l,moninder lalli,A5107707304,m lalli
A5072267673,https://orcid.org/0000-0002-9332-1262,Kubilay Karşıdağ,"['K Karşidağ', 'K Karşidaǧ', 'K Karşıdağ', 'K. Karşidağ', 'K. Karşidaǧ', 'K. Karşıdağ', 'K. Karşıdaǧ', 'Karşıdağ, Kubilay', 'Kubilay KARSIDAG', 'Kubilay KARŞIDAĞ', 'Kubilay Karsidag', 'Kubilay Karsıdag', 'Kubilay Karşıdağ', 'Kubilay Karşidağ', 'Kubilay Karşıdağ', 'Kubilay Karșıdağ', 'See Kendall']",108,3218,20,8,Health Sciences,kubilay,karşıdağ,k,kubilay karşıdağ,A5072267673,k karşıdağ
A5039287543,https://orcid.org/0000-0002-3072-5657,Deirdre Weymann,"['D Weymann', 'D. Weymann', 'Deirdre Weymann', 'Weymann, Deirdre']",67,1177,18,10,Life Sciences,deirdre,weymann,w,deirdre weymann,A5039287543,d weymann
A5055362758,,W. Jesse Hahm,['W. Jesse Hahm'],2,0,0,1,Physical Sciences,w. jesse,hahm,h,w. jesse hahm,A5055362758,w hahm
A5029157609,,Jami Reimer,"['Jami Reimer', 'Reimer, Jami']",3,0,0,1,Life Sciences,jami,reimer,r,jami reimer,A5029157609,j reimer
A5028604888,,Sonja Luehrmann,"['Luehrmann, Sonja', 'SONJA LUEHRMANN', 'Sonja Luehrmann']",71,613,12,5,Social Sciences,sonja,luehrmann,l,sonja luehrmann,A5028604888,s luehrmann
A5052538971,https://orcid.org/0000-0001-5209-5150,Mikko Kainulainen,['Mikko Kainulainen'],11,73,3,8,Social Sciences,mikko,kainulainen,k,mikko kainulainen,A5052538971,m kainulainen
A5020850904,https://orcid.org/0000-0003-1915-9663,Bhairavi Warke,['Bhairavi Warke'],1,1,1,1,Life Sciences,bhairavi,warke,w,bhairavi warke,A5020850904,b warke
A5018746033,,Jorge Martínez Compains,['Jorge Martínez Compains'],1,2,1,1,Social Sciences,jorge martínez,compains,c,jorge martínez compains,A5018746033,j compains
A5112102265,,Hossein Sharifi Noghabi,"['Hossein Sharifi Noghabi', 'Noghabi, H. Sharifi', 'Noghabi, Hossein Sharifi']",16,60,3,2,Life Sciences,hossein sharifi,noghabi,n,hossein sharifi noghabi,A5112102265,h noghabi
A5086045857,https://orcid.org/0009-0004-2486-7765,Andrea Muehlebach,"['ANDREA MUEHLEBACH', 'Andrea Karin Muehlebach', 'Andrea Muehlebach', 'Muehlebach, Andrea']",52,1977,12,14,Social Sciences,andrea,muehlebach,m,andrea muehlebach,A5086045857,a muehlebach
A5053408951,,Lucía Del Carpio,"['Del Carpio, Lucía', 'Lucia Del Carpio', 'Lucía Del Carpio']",27,73,4,11,Social Sciences,lucía del,carpio,c,lucía del carpio,A5053408951,l carpio
A5081841761,https://orcid.org/0000-0003-4154-3557,Brett T. van Poorten,"['B. T. Van Poorten', 'B. T. van Poorten', 'Brett Poorten', 'Brett T. Poorten', 'Brett T. van Poorten', 'Brett Van Poorten', 'Brett van Poorten', 'Van Poorten, Brett', 'van Poorten, Brett']",64,1187,20,9,Physical Sciences,brett t. van,poorten,p,brett t. van poorten,A5081841761,b poorten
A5100307880,,Cao Liang,"['Cao Liang', 'Liang Cao']",65,19,1,6,Social Sciences,cao,liang,l,cao liang,A5100307880,c liang
A5112601932,,Christopher Bataille,"['Bataille, Christopher', 'Christopher Bataille', 'Christopher G. F. Bataille']",19,835,9,8,Physical Sciences,christopher,bataille,b,christopher bataille,A5112601932,c bataille
A5021128859,https://orcid.org/0000-0002-7359-0721,S. P. Watkins,"['S P Watkins', 'S. P. Watkins', 'S. Watkins', 'S.P Watkins', 'S.P. Watkins', 'Simon P Watkins', 'Simon P. Watkins', 'Simon Watkins', 'Simon Watkins (18027076)', 'Watkins, S.', 'Watkins, S.P.']",196,3137,30,7,Physical Sciences,s. p.,watkins,w,s. p. watkins,A5021128859,s watkins
A5051351244,,Brett C. DiNatale,"['B. DINATALE', 'Brett C. DiNatale', 'Brett DiNatale', 'Brett Dinatale']",23,1631,11,6,Health Sciences,brett c.,dinatale,d,brett c. dinatale,A5051351244,b dinatale
A5079892838,,H. U. Özdemir,"['H. U. Özdemir', 'HATICE OZDEMIR', 'Hatice Özdemіr', 'Hatice özdemir', 'Ozdemir, H. U.', 'Özdemir, H. U.']",11,115,6,3,Physical Sciences,h. u.,özdemir,ö,h. u. özdemir,A5079892838,h özdemir
A5087576726,https://orcid.org/0000-0003-0353-8255,J. van Drie,"['J. Van Drie', 'J. van Drie', 'J.P. van Drie', 'Jannet P. van Drie', 'Jannet Van Drie', 'Jannet van Drie', 'van Drie, J.', 'van Drie, Jannet']",107,1864,18,11,Social Sciences,j. van,drie,d,j. van drie,A5087576726,j drie
A5090338539,,E. Rugel,['E. Rugel'],1,0,0,1,Health Sciences,e.,rugel,r,e. rugel,A5090338539,e rugel
A5115731523,https://orcid.org/0009-0002-1886-9997,Nushaiba Nanjiba,['Nushaiba Nanjiba'],4,0,0,1,Health Sciences,nushaiba,nanjiba,n,nushaiba nanjiba,A5115731523,n nanjiba
A5045101026,,M. Kau'i Keliipio,"[""M. Kau'i Keliipio""]",1,0,0,1,Social Sciences,m. kau'i,keliipio,k,m. kau'i keliipio,A5045101026,m keliipio
A5098752003,,L.R. Braid,['L.R. Braid'],1,0,0,2,Physical Sciences,l.r.,braid,b,l.r. braid,A5098752003,l braid
A5054008935,,Theo Odufuwa,['Theo Odufuwa'],1,0,0,1,Social Sciences,theo,odufuwa,o,theo odufuwa,A5054008935,t odufuwa
A5009973876,,H. Wang,"['H. Wang', 'Wang, H.']",4,13,2,2,Life Sciences,h.,wang,w,h. wang,A5009973876,h wang
A5003742308,,Laurenna Peters,['Laurenna Peters'],6,51,3,9,Health Sciences,laurenna,peters,p,laurenna peters,A5003742308,l peters
A5079680842,https://orcid.org/0000-0002-8057-7103,Mayra Donaji Barrera Machuca,"['Machuca, Mayra Donaji Barrera', 'Mayra D. Barrera Machuca', 'Mayra Donaji Barrera Machuca', 'Mayra Donaji Barrera\xa0Machuca', 'Mayra Machuca']",53,734,15,4,Physical Sciences,mayra donaji barrera,machuca,m,mayra donaji barrera machuca,A5079680842,m machuca
A5011765578,https://orcid.org/0000-0002-4828-7085,Simon Overstall,"['S. Overstall', 'Simon L. Overstall', 'Simon Lysander Overstall', 'Simon M. Overstall', 'Simon Overstall']",25,92,5,13,Physical Sciences,simon,overstall,o,simon overstall,A5011765578,s overstall
A5088595935,,Rhys Kesselman,"['Kesselman, Rhys', 'Rhys Kesselman']",1,5,1,1,Social Sciences,rhys,kesselman,k,rhys kesselman,A5088595935,r kesselman
A5012442091,https://orcid.org/0009-0006-5818-5302,Julie Le Hegarat,['Julie Le Hegarat'],2,1,1,2,Social Sciences,julie le,hegarat,h,julie le hegarat,A5012442091,j hegarat
A5095550598,,Wendy Hui,['Wendy Hui'],1,0,0,2,,wendy,hui,h,wendy hui,A5095550598,w hui
A5012466903,,Jason Stearns,"['Jason Stearns', 'Stearns, Jason']",17,192,4,3,Social Sciences,jason,stearns,s,jason stearns,A5012466903,j stearns
A5039756500,,Marquisa Zrymiak,['Marquisa Zrymiak'],1,2,1,1,Health Sciences,marquisa,zrymiak,z,marquisa zrymiak,A5039756500,m zrymiak
A5069200251,,Denise Oleksijczuk,['Denise Oleksijczuk'],2,32,1,1,Physical Sciences,denise,oleksijczuk,o,denise oleksijczuk,A5069200251,d oleksijczuk
A5075458228,,Megan MacKenzie,"['M. MacKenzie', 'Megan A. MacKenzie', 'Megan Ashley MacKenzie', 'Megan MacKenzie', 'Megan Mackenzie']",13,70,4,5,Social Sciences,megan,mackenzie,m,megan mackenzie,A5075458228,m mackenzie
A5038294012,https://orcid.org/0000-0003-4831-8088,Henry Lee-Six,"['H Lee-Six', 'H. Lee-Six', 'H. Lee‐Six', 'Henry Lee-Six', 'J. Ciaran Hutchinson', 'Lee-Six, Henry', 'Ming Ta Michael Lee']",163,21878,46,19,Life Sciences,henry,lee-six,l,henry lee-six,A5038294012,h lee-six
A5007462158,https://orcid.org/0000-0001-6764-4992,Elaine de Fatima Beltran-Sellitti,"['Elaine Beltran-Sellitti', 'Elaine de Fatima Beltran-Sellitti']",3,2,1,2,Social Sciences,elaine de fatima,beltran-sellitti,b,elaine de fatima beltran-sellitti,A5007462158,e beltran-sellitti
A5076469158,,Steve Pye,"['Pye, Steve', 'Steve Pye']",5,18,3,6,Physical Sciences,steve,pye,p,steve pye,A5076469158,s pye
A5093577963,,Marina Toptchiian,['Marina Toptchiian'],1,0,0,1,Social Sciences,marina,toptchiian,t,marina toptchiian,A5093577963,m toptchiian
A5056704479,,Richard Peregoy,"['Richard P. Peregoy', 'Richard Peregoy']",14,25,2,3,Social Sciences,richard,peregoy,p,richard peregoy,A5056704479,r peregoy
A5111482026,,Emily O’Brien,"[""Emily O'Brien"", 'Emily O’Brien', 'Emily O’Brien (book author)', 'Emily O’Brien (review author)', ""O'Brien, Emily L.""]",41,127,5,6,Social Sciences,emily,o’brien,o,emily o’brien,A5111482026,e o’brien
A5017199418,,Gregory Haljan,"['G Haljan', 'Gregory Haljan', 'Gregory J. Haljan']",24,561,8,13,Health Sciences,gregory,haljan,h,gregory haljan,A5017199418,g haljan
A5101766630,https://orcid.org/0000-0003-3320-7414,Shinhye Kim,"['Joo-Hyun Park', 'Shin-Hye Kim', 'Shinhye Kim']",28,571,12,20,Health Sciences,shinhye,kim,k,shinhye kim,A5101766630,s kim
A5113339056,,Devan Gill,"['Devan Gill', 'Gill D S']",4,1,1,4,Life Sciences,devan,gill,g,devan gill,A5113339056,d gill
A5038142998,,Joshua Fritsch,['Joshua Fritsch'],1,13,1,1,Physical Sciences,joshua,fritsch,f,joshua fritsch,A5038142998,j fritsch
A5051792332,,J. F. Ogilvie,['J. F. Ogilvie'],1,0,0,1,Physical Sciences,j. f.,ogilvie,o,j. f. ogilvie,A5051792332,j ogilvie
A5046399128,https://orcid.org/0000-0002-9234-0605,Philipp Eibl,"['Eibl, Philipp', 'P. Eibl', 'Philipp Eibl']",20,41,4,7,Physical Sciences,philipp,eibl,e,philipp eibl,A5046399128,p eibl
A5109174717,,Michael G. Kenny,"['Kenny, Michael G.', 'M. G. Kenny', 'MICHAEL G. KENNY', 'Michael G Kenny', 'Michael G. Kenny', 'Michael Kenny', 'Michael\xa0G. Kenny']",81,1085,17,8,Social Sciences,michael g.,kenny,k,michael g. kenny,A5109174717,m kenny
A5001693103,https://orcid.org/0000-0002-1065-9197,John Shadarevian,['John Shadarevian'],5,65,3,8,Social Sciences,john,shadarevian,s,john shadarevian,A5001693103,j shadarevian
A5029438719,,Z.K. Punja,['Z.K. Punja'],1,14,1,1,Life Sciences,z.k.,punja,p,z.k. punja,A5029438719,z punja
A5084084779,,J. R. Newton,"['J. R. Newton', 'Jack Newton']",3,1,1,1,Social Sciences,j. r.,newton,n,j. r. newton,A5084084779,j newton
A5088418098,,David Moscrop,"['David Moscrop', 'David R. H. Moscrop', 'David RH Moscrop', 'Moscrop, David']",7,62,3,3,Social Sciences,david,moscrop,m,david moscrop,A5088418098,d moscrop
A5095550597,,Autor Innen,['Autor Innen'],1,0,0,2,,autor,innen,i,autor innen,A5095550597,a innen
A5002462619,https://orcid.org/0000-0002-7668-0693,R. Picker,"['Picker, R.', 'Picker, Ruediger', 'R. PICKER', 'R. Picker', 'Ruediger Picker', 'Rüdiger Picker']",47,569,13,6,Physical Sciences,r.,picker,p,r. picker,A5002462619,r picker
A5033805174,,Margaret de Groh,"['M Groh', 'M de Groh', 'M. de Groh', 'Margaret De Groh', 'Margaret de Groh', 'de Groh, Margaret']",121,2411,27,12,Health Sciences,margaret de,groh,g,margaret de groh,A5033805174,m groh
A5050352013,,S. Cressman,['S. Cressman'],1,0,0,1,Health Sciences,s.,cressman,c,s. cressman,A5050352013,s cressman
A5058753827,,Mohammad Zaki Rezwan,['Mohammad Zaki Rezwan'],2,0,0,1,Social Sciences,mohammad zaki,rezwan,r,mohammad zaki rezwan,A5058753827,m rezwan
A5111107380,,L. Matthias,"['L. Matthias', 'Leschke Matthias']",3,24,2,2,Health Sciences,l.,matthias,m,l. matthias,A5111107380,l matthias
A5015254452,,Pratik Ringshia,"['Pratik Ringshia', 'Ringshia, Pratik']",6,222,4,2,Physical Sciences,pratik,ringshia,r,pratik ringshia,A5015254452,p ringshia
A5109559835,,L. E. Ballentine,"['Ballentine, Leslie', 'Ballentine, Leslie E.', 'L E Ballentine', 'L. E. BALLENTINE', 'L. E. Ballentine', 'L.E Ballentine', 'L.E. BALLENTINE', 'L.E. Ballentine', 'Leslie Ballentine', 'Leslie E Ballentine', 'Leslie E. Ballentine']",103,10269,31,5,Physical Sciences,l. e.,ballentine,b,l. e. ballentine,A5109559835,l ballentine
A5018909583,,Lieke Laura Ten Brummelhuis,['Lieke Laura Ten Brummelhuis'],6,0,0,1,Social Sciences,lieke laura ten,brummelhuis,b,lieke laura ten brummelhuis,A5018909583,l brummelhuis
A5093389964,,David Yin,['David Yin'],1,0,0,1,Social Sciences,david,yin,y,david yin,A5093389964,d yin
A5019189705,https://orcid.org/0000-0003-2432-5451,Christopher McMaster,"['C. McMaster', 'C. Mcmaster', 'Chris McMaster', 'Christopher McMaster', 'Christopher Mcmaster', 'Christopher R McMaster', 'Christopher R. McMaster']",45,499,10,16,Health Sciences,christopher,mcmaster,m,christopher mcmaster,A5019189705,c mcmaster
A5010105037,,Robline Davey,['Robline Davey'],4,0,0,3,Social Sciences,robline,davey,d,robline davey,A5010105037,r davey
A5032522288,https://orcid.org/0000-0002-3519-7849,Rickesh Patel,['Rickesh Patel'],3,58,2,6,Social Sciences,rickesh,patel,p,rickesh patel,A5032522288,r patel
A5109611455,,Makaela Prentice,"['M A Prentice', 'Makaela Prentice']",8,16,2,1,Social Sciences,makaela,prentice,p,makaela prentice,A5109611455,m prentice
A5101503710,https://orcid.org/0009-0000-7505-8969,Masoud Rafiee,['Masoud Rafiee'],3,36,2,2,Health Sciences,masoud,rafiee,r,masoud rafiee,A5101503710,m rafiee
A5109579986,,Nancy Khalil,['Nancy Khalil'],5,37,2,3,Physical Sciences,nancy,khalil,k,nancy khalil,A5109579986,n khalil
A5104015115,,MirzaFaisal Beg,"['Mirza Faisal Beg', 'MirzaFaisal Beg']",1,0,0,1,Health Sciences,mirzafaisal,beg,b,mirzafaisal beg,A5104015115,m beg
A5100494467,,Zana Nicolaou,['Zana Nicolaou'],1,0,0,1,Social Sciences,zana,nicolaou,n,zana nicolaou,A5100494467,z nicolaou
A5101428943,https://orcid.org/0000-0002-0236-9683,Aditi Jain,"['Aditi Jain', 'JAIN, ADITI']",23,86,5,10,Health Sciences,aditi,jain,j,aditi jain,A5101428943,a jain
A5111115981,https://orcid.org/0000-0002-9506-1695,Loretta Fung,"['Fung, Loretta', 'L. Fung', 'LORETTA FUNG', 'Loretta Fung']",28,678,10,5,Social Sciences,loretta,fung,f,loretta fung,A5111115981,l fung
A5041466014,https://orcid.org/0000-0001-6815-2391,Lucy Le Mare,"['Le Mare, Lucy', 'Lucy Le Mare']",24,1079,15,2,Social Sciences,lucy le,mare,m,lucy le mare,A5041466014,l mare
A5107624137,,Amanjot Grewal,"['Amanjot Grewal', 'Grewal, Amanjot']",3,0,0,1,Physical Sciences,amanjot,grewal,g,amanjot grewal,A5107624137,a grewal
A5100615641,https://orcid.org/0000-0002-3784-1060,Junwoo Kim,"['Jun-Woo Kim', 'Junwoo Kim']",64,351,10,14,Physical Sciences,junwoo,kim,k,junwoo kim,A5100615641,j kim
A5025532912,,Ghazal Saheb Jam,['Ghazal Saheb Jam'],1,11,1,1,Social Sciences,ghazal saheb,jam,j,ghazal saheb jam,A5025532912,g jam
A5101738811,https://orcid.org/0000-0002-7310-8608,Zhenyu Cheryl Qian,"['Cheryl Qian', 'Cheryl Z Qian', 'Cheryl Z. Qian', 'Cheryl Zhenyu Qian', 'Zhenyu Cheryl Qian', 'Zhenyu Qian']",95,522,12,13,Physical Sciences,zhenyu cheryl,qian,q,zhenyu cheryl qian,A5101738811,z qian
A5110301419,,Biruté M. F. Galdikas,"['B. Galdikas', 'B. M. F. GALDIKAS', 'B. M. F. Galdikas', 'B.M.F. Galdikas', 'Birute Galdikas', 'Birute M. F. Galdikas', 'Birute M. Galdikas', 'Birute M.F. Galdikas', 'Biruté Galdikas', 'Biruté M. F. Galdikas', 'Biruté M.F. Galdikas', 'Galdikas, Biruté M. F.', 'J Froehlich']",66,3498,28,8,Social Sciences,biruté m. f.,galdikas,g,biruté m. f. galdikas,A5110301419,b galdikas
A5003414139,,Marianne Jacquet,"['M. Pierre A. Jacquet', 'Marianne Jacquet']",45,256,9,5,Social Sciences,marianne,jacquet,j,marianne jacquet,A5003414139,m jacquet
A5022871139,,Glenys M. Webster,"['G Webster', 'Glenys M. Webster', 'Glenys Webster', 'Glenys Webster*', 'Webster, Glenys Muriel']",63,3978,35,6,Physical Sciences,glenys m.,webster,w,glenys m. webster,A5022871139,g webster
A5088639771,,L. K. Hilton,['L. K. Hilton'],1,0,0,1,Health Sciences,l. k.,hilton,h,l. k. hilton,A5088639771,l hilton
A5109045939,,Gillian Russell,"['G. J. Russell', 'G.J. Russell', 'GILLIAN RUSSELL', 'Gillian Russell']",19,205,5,8,Social Sciences,gillian,russell,r,gillian russell,A5109045939,g russell
A5138147120,https://orcid.org/0009-0005-1484-5703,Andrew Gardener,"['Andrew Gardener', 'Gardener, Andrew']",2,0,0,1,Social Sciences,andrew,gardener,g,andrew gardener,A5138147120,a gardener
A5085224403,,Steven Nuss,"['Nuss, Steven', 'Steven Nuss']",4,21,2,1,Social Sciences,steven,nuss,n,steven nuss,A5085224403,s nuss
A5088579911,https://orcid.org/0000-0001-5730-6498,Eric Y. Mah,"['Eric Mah', 'Eric Y Mah', 'Eric Y. Mah', 'Mah, Eric', 'Mah, Eric Y']",40,145,6,4,Social Sciences,eric y.,mah,m,eric y. mah,A5088579911,e mah
A5066969715,,Scott Bernard,"['Scott A. Bernard', 'Scott Bernard']",12,120,4,5,Social Sciences,scott,bernard,b,scott bernard,A5066969715,s bernard
A5051625020,,Brian Freer,"['Brian Freer', 'Freer, Brian']",8,58,3,6,Social Sciences,brian,freer,f,brian freer,A5051625020,b freer
A5093029619,https://orcid.org/0009-0007-0755-4259,Brittany Skov,"['B. Skov', 'Brittany  Catharina Skov', 'Brittany Skov']",7,18,2,3,Social Sciences,brittany,skov,s,brittany skov,A5093029619,b skov
A5065312527,https://orcid.org/0000-0001-6143-7888,Mahmoud Alashi,"['Mahmoud Al Ashi', 'Mahmoud Alashi']",10,75,4,2,Physical Sciences,mahmoud,alashi,a,mahmoud alashi,A5065312527,m alashi
A5066779521,,Deb Connolly,['Deb Connolly'],1,6,1,1,Social Sciences,deb,connolly,c,deb connolly,A5066779521,d connolly
A5106863180,,Claire Shapton,['Claire Shapton'],1,2,1,1,Social Sciences,claire,shapton,s,claire shapton,A5106863180,c shapton
A5112862217,,Card Kiffer,['Card Kiffer'],1,1,1,1,Social Sciences,card,kiffer,k,card kiffer,A5112862217,c kiffer
A5062162771,,Zohreh Dehghani Champiri,"['Z Dehghani Champiri', 'Zohreh Champiri', 'Zohreh D. Champiri', 'Zohreh Dehghani Champiri']",10,219,4,4,Physical Sciences,zohreh dehghani,champiri,c,zohreh dehghani champiri,A5062162771,z champiri
A5029384322,https://orcid.org/0000-0001-5250-7127,Hadi Balouei Jamkhaneh,['Hadi Balouei Jamkhaneh'],46,473,11,6,Social Sciences,hadi balouei,jamkhaneh,j,hadi balouei jamkhaneh,A5029384322,h jamkhaneh
A5046714003,https://orcid.org/0000-0002-3358-0043,Robert Laxdal,"['Laxdal, R', 'Laxdal, R E', 'Laxdal, R.', 'Laxdal, R. E.', 'Laxdal, Robert', 'Laxdal, Robert E.', 'R E Laxdal', 'R Laxdal', 'R. E. Laxdal', 'R. E. Laxdal R. E. Laxdal', 'R. Laxdal', 'R.E. Laxdal', 'R.\u2009E. Laxdal', 'Robert E Laxdal', 'Robert E. Laxdal', 'Robert Laxdal']",250,918,15,9,Physical Sciences,robert,laxdal,l,robert laxdal,A5046714003,r laxdal
A5029138466,https://orcid.org/0000-0001-6757-0129,Lea Antesz,['Lea Antesz'],1,0,0,2,Physical Sciences,lea,antesz,a,lea antesz,A5029138466,l antesz
A5058139207,https://orcid.org/0000-0002-8291-5233,Nicolás Salcedo-Porras,"['Nicolas Salcedo-Porras', 'Nicolás Salcedo', 'Nicolás Salcedo-Porras']",10,185,6,3,Life Sciences,nicolás,salcedo-porras,s,nicolás salcedo-porras,A5058139207,n salcedo-porras
A5109758900,,SP Cox,['SP Cox'],3,27,2,2,Physical Sciences,sp,cox,c,sp cox,A5109758900,s cox
A5059252983,,Nicole Kirsh,['Nicole Kirsh'],1,0,0,1,Health Sciences,nicole,kirsh,k,nicole kirsh,A5059252983,n kirsh
A5071800035,https://orcid.org/0000-0001-9189-967X,Florence Ashley,"['F. Ashley', 'Florence Ashley']",72,1927,23,11,Social Sciences,florence,ashley,a,florence ashley,A5071800035,f ashley
A5017248675,,Ignacio Calderon de la Barca,['Ignacio Calderon de la Barca'],1,28,1,2,Physical Sciences,ignacio calderon de la,barca,b,ignacio calderon de la barca,A5017248675,i barca
A5077892929,https://orcid.org/0009-0002-2194-3625,Deniz Ugur,['Deniz Ugur'],11,49,4,2,Physical Sciences,deniz,ugur,u,deniz ugur,A5077892929,d ugur
A5086371059,,Patrick M. Ritchie,"['Patrick  M. Ritchie', 'Patrick M. Ritchie']",1,1,1,1,Social Sciences,patrick m.,ritchie,r,patrick m. ritchie,A5086371059,p ritchie
A5025923486,,Douglas W. Allen,"['Allen, Douglas W.', 'D ALLEN', 'D Allen', 'DOUGLAS ALLEN', 'DOUGLAS W. ALLEN', 'Douglas Allen', 'Douglas W Allen', 'Douglas W. Allen']",50,1408,16,9,Life Sciences,douglas w.,allen,a,douglas w. allen,A5025923486,d allen
A5125911757,,Chelsea J. Little,"['Chelsea J. Little', 'Little, Chelsea J.']",3,0,0,1,,chelsea j.,little,l,chelsea j. little,A5125911757,c little
A5014002771,https://orcid.org/0000-0002-1924-4721,Rackeb Tesfaye,"['Lee, Kelley', 'R Tesfaye', 'Rackeb Tesfaye', 'Tesfaye R', 'Tesfaye, Rackeb']",28,277,8,4,Social Sciences,rackeb,tesfaye,t,rackeb tesfaye,A5014002771,r tesfaye
A5016377628,https://orcid.org/0000-0002-4810-0495,Michael J. Bradford,"['Bradford, Michael J.', 'M J Bradford', 'M. Bradford', 'M. J. Bradford', 'M.J. Bradford', 'MICHAEL J BRADFORD', 'MICHAEL J. BRADFORD', 'Michael Bradford', 'Michael J Bradford', 'Michael J. Bradford']",121,3327,34,16,Physical Sciences,michael j.,bradford,b,michael j. bradford,A5016377628,m bradford
A5093389965,,Mikaela V. Engracia,"['Mikaela Engracia', 'Mikaela V. Engracia']",2,1,1,2,Physical Sciences,mikaela v.,engracia,e,mikaela v. engracia,A5093389965,m engracia
A5015684951,,Amal Ghazal,"['Amal Ghazal', 'Amal Ghazal أمل غزال', 'Amal N Ghazal', 'Amal N. Ghazal', 'GHAZAL, AMAL', 'Ghazal, Amal Nadim.']",30,190,5,2,Social Sciences,amal,ghazal,g,amal ghazal,A5015684951,a ghazal
A5073664466,https://orcid.org/0000-0003-3908-9834,Gerard Docherty,"['Docherty, Gerard', 'Docherty, Gerard J', 'G DOCHERTY', 'G. Docherty', 'G. J. Docherty', 'GERARD J. DOCHERTY', 'Gerard Docherty', 'Gerard J. Docherty', 'Gerrard Docherty', 'Gerry Docherty']",76,3347,25,17,Social Sciences,gerard,docherty,d,gerard docherty,A5073664466,g docherty
A5101964988,,David Alexander,"['Alexander, David', 'David Alexander']",15,48,4,4,Social Sciences,david,alexander,a,david alexander,A5101964988,d alexander
A5070457971,,Jonathan Halter,"['Halter, Jonathan', 'J Halter', 'J M Halter', 'J. Halter', 'J. M. Halter', 'Jonathan Halter']",34,247,8,7,Physical Sciences,jonathan,halter,h,jonathan halter,A5070457971,j halter
A5101371170,,Shujian Jin,"['Jin, Shujian', 'Shujian Jin']",2,0,0,1,Life Sciences,shujian,jin,j,shujian jin,A5101371170,s jin
A5078044716,,Brian R. Gordon,"['B Gordon', 'B. Gordon', 'Brian Gordon', 'Brian R Gordon', 'Brian R. Gordon']",19,516,5,4,Social Sciences,brian r.,gordon,g,brian r. gordon,A5078044716,b gordon
A5018170382,,SC Anderson,['SC Anderson'],4,44,3,3,Physical Sciences,sc,anderson,a,sc anderson,A5018170382,s anderson
A5056468452,https://orcid.org/0000-0003-2774-4395,Megan Barker,"['Barker, Megan', 'M Barker', 'Megan Barker', 'Megan K. Barker', 'Megan Kayte Barker']",22,523,9,8,Social Sciences,megan,barker,b,megan barker,A5056468452,m barker
A5104209233,,Shanhui Qiu,['Shanhui Qiu'],1,13,1,1,Physical Sciences,shanhui,qiu,q,shanhui qiu,A5104209233,s qiu
A5113986242,,Tianbu Wu,['Tianbu Wu'],1,2,1,2,Life Sciences,tianbu,wu,w,tianbu wu,A5113986242,t wu
A5025294763,https://orcid.org/0009-0007-4003-8045,Karsten Jedamzik,"['Jedamzik K.', 'Jedamzik, K', 'Jedamzik, K.', 'Jedamzik, Karsten', 'K Jedamzik', 'K. JEDAMZIK', 'K. Jedamzik', 'KARSTEN JEDAMZIK', 'Karsten Jedamzik', 'Karsten Jedamzikb']",105,7679,40,14,Physical Sciences,karsten,jedamzik,j,karsten jedamzik,A5025294763,k jedamzik
A5026811404,,Tristan Thrush,"['David Adelani', 'Newsha Ardalani', 'Thrush, Tristan', 'Tristan Thrush']",45,898,14,10,Physical Sciences,tristan,thrush,t,tristan thrush,A5026811404,t thrush
A5065127982,,Jamie Thomas‐Pavanel,"['Jamie Thomas-Pavanel', 'Jamie Thomas‐Pavanel']",11,314,5,3,Social Sciences,jamie,thomas‐pavanel,t,jamie thomas‐pavanel,A5065127982,j thomas‐pavanel
A5039104542,,Kristen J. Kong,['Kristen J. Kong'],1,1,1,1,Life Sciences,kristen j.,kong,k,kristen j. kong,A5039104542,k kong
A5099436668,,Rebekah Domingo,['Rebekah Domingo'],1,0,0,1,Social Sciences,rebekah,domingo,d,rebekah domingo,A5099436668,r domingo
A5119422241,,Felicity Fu,['Felicity Fu'],1,0,0,1,Social Sciences,felicity,fu,f,felicity fu,A5119422241,f fu
A5025114845,,Leyao Lin,['Leyao Lin'],4,0,0,3,Physical Sciences,leyao,lin,l,leyao lin,A5025114845,l lin
A5033332676,,Tomas Bourassa,['Tomas Bourassa'],1,13,1,1,Physical Sciences,tomas,bourassa,b,tomas bourassa,A5033332676,t bourassa
A5093865082,,Am Johal,['Am Johal'],15,0,0,2,Social Sciences,am,johal,j,am johal,A5093865082,a johal
A5001082639,,Luna K.C.,"['K C Luna', 'K.C. Luna', 'Luna K C', 'Luna K. C.', 'Luna K.C.', 'Luna K\xa0C']",18,215,8,6,Social Sciences,luna,k.c.,k,luna k.c.,A5001082639,l k.c.
A5102554945,,Yaze Sun,['Yaze Sun'],1,0,0,1,Social Sciences,yaze,sun,s,yaze sun,A5102554945,y sun
A5138711974,,Robert Anderson,['Robert Anderson'],4,0,0,1,Social Sciences,robert,anderson,a,robert anderson,A5138711974,r anderson
A5063297401,,Anita Tino,"['A Tino', 'A. Tino', 'Anita Tino']",19,78,5,4,Physical Sciences,anita,tino,t,anita tino,A5063297401,a tino
A5050272578,https://orcid.org/0000-0002-7013-1482,Jeffrey B. Joy,"['J. B. Joy', 'J. Joy', 'J.B. Joy', 'Jeffrey B Joy', 'Jeffrey B. Joy', 'Jeffrey Joy', 'Jeffrey\xa0B. Joy', 'Joy, Jeffrey', 'Joy, Jeffrey B', 'Joy, Jeffrey B.']",112,8059,30,12,Life Sciences,jeffrey b.,joy,j,jeffrey b. joy,A5050272578,j joy
A5089196349,https://orcid.org/0000-0003-1882-8132,Shahzad Ghanbarian,"['S Ghanbarian', 'S. Ghanbarian', 'Shahzad Ghanbarian']",16,141,5,9,Health Sciences,shahzad,ghanbarian,g,shahzad ghanbarian,A5089196349,s ghanbarian
A5099593964,,Brian Hayden,['Brian Hayden'],1,0,0,2,Life Sciences,brian,hayden,h,brian hayden,A5099593964,b hayden
A5114055326,,M.N. Prentice,"['M. N. Prentice', 'M.N. Prentice', 'Makaela Prentice']",8,281,6,6,Physical Sciences,m.n.,prentice,p,m.n. prentice,A5114055326,m prentice
A5032627041,,James E. Marcia,"['J. E. Marcia', 'J. Marcia', 'J.E. Marcia', 'James E Marcia', 'James E. Marcia', 'James Marcia']",84,11944,40,4,Social Sciences,james e.,marcia,m,james e. marcia,A5032627041,j marcia
A5036006797,,Sikandir Aftab,['Sikandir Aftab'],1,38,1,1,Physical Sciences,sikandir,aftab,a,sikandir aftab,A5036006797,s aftab
A5019334129,,Grace Mwashigadi,"['Grace M Mwashigadi', 'Grace M. Mwashigadi', 'Grace Mwashigadi', 'Mwashigadi, Grace']",30,341,10,12,Social Sciences,grace,mwashigadi,m,grace mwashigadi,A5019334129,g mwashigadi
A5102673643,,Alexander Beyer,['Alexander Beyer'],5,36,1,3,Social Sciences,alexander,beyer,b,alexander beyer,A5102673643,a beyer
A5100568021,,Ziyu Guo,"['Guo Ziyu', 'Guo, Ziyu', 'Ziyu (Zoe) Guo', 'Ziyu Guo']",4,6,1,3,Social Sciences,ziyu,guo,g,ziyu guo,A5100568021,z guo
A5099058488,,Gahyun Son,['Gahyun Son'],1,1,1,1,Physical Sciences,gahyun,son,s,gahyun son,A5099058488,g son
A5114958229,https://orcid.org/0009-0004-4443-6161,Jonathan Posada Loaiza,['Jonathan Posada Loaiza'],1,2,1,1,Physical Sciences,jonathan posada,loaiza,l,jonathan posada loaiza,A5114958229,j loaiza
A5092117482,,Ruth Ormiston,"['Ormiston, Ruth', 'Ruth Ormiston']",3,1,1,1,Physical Sciences,ruth,ormiston,o,ruth ormiston,A5092117482,r ormiston
A5106945613,,Jeffrey A. van Santen,['Jeffrey A. van Santen'],1,390,1,1,Life Sciences,jeffrey a. van,santen,s,jeffrey a. van santen,A5106945613,j santen
A5006446293,,Tamila L. McMullan,['Tamila L. McMullan'],1,1,1,1,Social Sciences,tamila l.,mcmullan,m,tamila l. mcmullan,A5006446293,t mcmullan
A5046405628,https://orcid.org/0000-0003-3723-3177,Melissa B. Glier,"['Glier, Melissa Beth', 'M.B. Glier', 'MB Glier', 'Melissa B Glier', 'Melissa B. Glier', 'Melissa Glier']",29,522,12,6,Health Sciences,melissa b.,glier,g,melissa b. glier,A5046405628,m glier
A5101902534,https://orcid.org/0000-0002-8307-021X,Ke Wang,"['Ke Wang', 'Ke Wang -', 'Wang Ke', 'Wang, Ke', 'Xiangyang Wu']",34,2663,14,11,Physical Sciences,ke,wang,w,ke wang,A5101902534,k wang
A5109355143,,Vicki L. Marlatt,"['V. L. Marlatt', 'V.L. Marlatt', 'Vicki L. Marlatt', 'Vicki Marlatt']",21,790,13,5,Life Sciences,vicki l.,marlatt,m,vicki l. marlatt,A5109355143,v marlatt
A5012731211,https://orcid.org/0009-0001-1549-8409,M Muhammad,"['M Muhammad', 'Mahmud Muhammad', 'Mubarak Muhammad', 'Muhammad, M.J.']",7,15,3,2,Physical Sciences,m,muhammad,m,m muhammad,A5012731211,m muhammad
A5023834485,https://orcid.org/0000-0001-7428-0461,Emillie de Keulenaar,"['Emillie De Keulenaar', 'Emillie V. de Keulenaar', 'Emillie de Keulenaar']",21,131,6,5,Social Sciences,emillie de,keulenaar,k,emillie de keulenaar,A5023834485,e keulenaar
A5033694856,https://orcid.org/0000-0001-8470-6833,Mohammad Mahdavian,"['Bahram Ramezanzadeh', 'M.  M. Mahdavian', 'M. M. Mahdavian', 'M. Mahdavian', 'M. Mahdavian A.', 'M.M. Mahdavian', 'Mahdavian, M.', 'Mahdavian, Mohammad', 'Mohammad Mahdavian', 'Mohammad Mahdavian-Ahadi']",290,15561,69,14,Physical Sciences,mohammad,mahdavian,m,mohammad mahdavian,A5033694856,m mahdavian
A5110810484,,W. A. Cupples,"['W A Cupples', 'W Cupples', 'W. A. Cupples', 'W. CUPPLES', 'W. Cupples', 'W.A. Cupples', 'Will A Cupples', 'Will A. Cupples', 'Will Cupples']",40,975,16,8,Health Sciences,w. a.,cupples,c,w. a. cupples,A5110810484,w cupples
A5024236031,https://orcid.org/0000-0001-5637-9513,Karim M. Abadir,"['Abadir Karim M.', 'Abadir, Karim', 'Abadir, Karim M.', 'Abadir, Karim, M.', 'K M Abadir', 'K.M. Abadir', 'Karim Abadir', 'Karim M Abadir', 'Karim M. Abadir', 'Karim Maher Abadir']",166,1548,20,15,Social Sciences,karim m.,abadir,a,karim m. abadir,A5024236031,k abadir
A5035220166,https://orcid.org/0000-0003-1389-7921,Janelle Jenstad,"['JANELLE JENSTAD', 'Janelle Day Jenstad', 'Janelle Jenstad', 'Jenstad, Janelle']",35,36,3,4,Social Sciences,janelle,jenstad,j,janelle jenstad,A5035220166,j jenstad
A5034355956,,Maria Juanita Mora,['Maria Juanita Mora'],1,0,0,1,Health Sciences,maria juanita,mora,m,maria juanita mora,A5034355956,m mora
A5003592328,,Deborah Harford,['Deborah Harford'],13,287,6,1,Social Sciences,deborah,harford,h,deborah harford,A5003592328,d harford
A5025399630,https://orcid.org/0000-0002-1764-1467,Christina Stoiber,"['C. Stoiber', 'Christina Stoiber', 'Stoiber, Christina']",42,311,11,14,Physical Sciences,christina,stoiber,s,christina stoiber,A5025399630,c stoiber
A5044982519,,Albert Adserias,['Albert Adserias'],2,0,0,1,Physical Sciences,albert,adserias,a,albert adserias,A5044982519,a adserias
A5080809971,,Marzieh Alishahi,['Marzieh Alishahi'],11,53,4,3,Physical Sciences,marzieh,alishahi,a,marzieh alishahi,A5080809971,m alishahi
A5114186747,,April Houweling,['April Houweling'],3,2,1,2,Life Sciences,april,houweling,h,april houweling,A5114186747,a houweling
A5083139109,,Kamyar Razavi,"['Kamyar Razavi', 'Razavi, Kamyar']",10,0,0,2,Social Sciences,kamyar,razavi,r,kamyar razavi,A5083139109,k razavi
A5088156087,,Stewart Prest,"['Prest, Stewart', 'Stewart Prest']",36,304,7,3,Social Sciences,stewart,prest,p,stewart prest,A5088156087,s prest
A5102830539,https://orcid.org/0000-0002-3001-7538,B. Minh,"['B. Minh', 'Bui Quang Minh', 'Bui, Minh', 'Bùi Quang Minh', 'Minh Bui', 'Minh Q. Bui', 'Minh, Bui Quang', 'Quang Minh Bui']",18,200,7,9,Physical Sciences,b.,minh,m,b. minh,A5102830539,b minh
A5048441271,https://orcid.org/0000-0002-4653-525X,Juan Nicolás Peña-Sánchez,"['J -N Pena-Sanchez', 'J N Peña-Sánchez', 'J Pena-Sanchez', 'J Peña-Sánchez', 'J.N. Peña-Sánchez', 'Juan Nicolas Pena-Sanchez', 'Juan Nicolas Peña-Sánchez', 'Juan Nicolás Peña Sánchez', 'Juan Nicolás Peña-Sánchez', 'Juan-Nicolas Pena-Sanchez', 'Juan-Nicolás Peña-Sánchez', 'Juan‐Nicolás Peña‐Sánchez']",128,1880,22,16,Life Sciences,juan nicolás,peña-sánchez,p,juan nicolás peña-sánchez,A5048441271,j peña-sánchez
A5079206065,https://orcid.org/0000-0003-2684-7560,Sterling Ray,['Sterling Ray'],2,4,1,1,Social Sciences,sterling,ray,r,sterling ray,A5079206065,s ray
A5118116196,,Laurens Bosman,['Laurens Bosman'],1,0,0,1,Social Sciences,laurens,bosman,b,laurens bosman,A5118116196,l bosman
A5007023601,https://orcid.org/0000-0003-4854-2725,Zili Yi,"['Yi, Zili', 'Zili Yi']",39,2958,8,10,Physical Sciences,zili,yi,y,zili yi,A5007023601,z yi
A5061843952,https://orcid.org/0000-0002-9773-8030,A.M. Haiblen,"['A M Haiblen', 'A. Haiblen', 'A. M. Haiblen', 'A.M Haiblen', 'A.M. Haiblen', 'Anna M. Haiblen', 'Haiblen, Anna Macdonald']",11,21,3,4,Physical Sciences,a.m.,haiblen,h,a.m. haiblen,A5061843952,a haiblen
A5101097235,,Zhang Yanshu,"['Yanshu Zhang', 'Zhang Yanshu', 'Zhang, Yanshu']",11,10,1,3,Physical Sciences,zhang,yanshu,y,zhang yanshu,A5101097235,z yanshu
A5020892699,https://orcid.org/0000-0002-8822-6789,Jennifer Zerkee,"['Jennifer Zerkee', 'Jennifer Zerkee, Stephanie Savage', 'Zerkee, Jennifer']",20,15,2,1,Social Sciences,jennifer,zerkee,z,jennifer zerkee,A5020892699,j zerkee
A5078934712,,Zhang Xueying,"['Xueying Zhang', 'Zhang Xueying']",6,12,1,3,Social Sciences,zhang,xueying,x,zhang xueying,A5078934712,z xueying
A5019624692,,Daniel King,"['D.G. King', 'Daniel King']",2,37,1,2,Life Sciences,daniel,king,k,daniel king,A5019624692,d king
A5041495322,https://orcid.org/0000-0002-3772-5588,Katarzyna Zatońska,"['K Zatonska', 'K Zatońska', 'K. Zatonska', 'K. Zatońska', 'Katarzyna Zatonska', 'Katarzyna Zatońska', 'Koon Teo', 'Raman Kutty', 'W Zatonski', 'Zatońska, Katarzyna']",177,15222,41,14,Health Sciences,katarzyna,zatońska,z,katarzyna zatońska,A5041495322,k zatońska
A5053111557,https://orcid.org/0000-0002-8127-2643,Farinaz Safavi,['Farinaz Safavi'],39,2396,17,20,Health Sciences,farinaz,safavi,s,farinaz safavi,A5053111557,f safavi
A5061294801,,Robert Manery,['Robert Manery'],2,6,1,1,Social Sciences,robert,manery,m,robert manery,A5061294801,r manery
A5011198718,,Morgan Braglewicz,['Morgan Braglewicz'],3,43,2,1,Physical Sciences,morgan,braglewicz,b,morgan braglewicz,A5011198718,m braglewicz
A5044064540,,Aman Dheri,"['A Dheri', 'Aman Dheri', 'Aman K Dheri', 'Aman K. Dheri', 'Dheri, Aman']",9,159,5,7,Physical Sciences,aman,dheri,d,aman dheri,A5044064540,a dheri
A5011812189,,Arun Rodrigues,"['A. F. Rodrigues', 'A. Rodrigues', 'A.F. Rodrigues', 'Arun F Rodrigues', 'Arun F. Rodrigues', 'Arun Rodrigues', 'Gutierrez', 'RODRIGUES, ARUN', 'Rodrigues, Arun', 'Rodrigues, Arun F.', 'Rodrigues, Arun F.; Cook, Jeanine; Hammond, Simon David; Hemmert, Karl Scott', 'Rodrigues, Arun F.; Donofrio, David', 'Rodrigues, Arun F.; Jayaraj, Jagan; Hammond, Simon David; Voskuilen, Gwendolyn Renae', 'Rodrigues, Arun F.; Moore, Branden J.', 'Rodrigues, Arun F.; Moore, Branden J.; Hammond, Simon David; Hemmert, Karl Scott; Voskuilen, Gwendolyn Renae', 'Rodrigues, Arun F.; Voskuilen, Gwendolyn Renae; Hammond, Simon David']",106,1234,17,9,Physical Sciences,arun,rodrigues,r,arun rodrigues,A5011812189,a rodrigues
A5099161400,,Allen Tung,['Allen Tung'],1,0,0,3,Social Sciences,allen,tung,t,allen tung,A5099161400,a tung
A5001547040,https://orcid.org/0000-0002-2331-5991,Daniel Daly‐Grafstein,"['Daly-Grafstein, Daniel', 'Daniel Daly-Grafstein', 'Daniel Daly‐Grafstein']",29,226,7,14,Health Sciences,daniel,daly‐grafstein,d,daniel daly‐grafstein,A5001547040,d daly‐grafstein
A5031598855,https://orcid.org/0000-0001-5214-4776,Kate Smolina,"['K Smolina', 'K. Smolina', 'Kate Smolina', 'Smolina, Kate']",68,2194,23,19,Health Sciences,kate,smolina,s,kate smolina,A5031598855,k smolina
A5092568587,,Marguerite Fauquenory,['Marguerite Fauquenory'],1,0,0,3,Social Sciences,marguerite,fauquenory,f,marguerite fauquenory,A5092568587,m fauquenory
A5047891141,,Dasha Gluhareva,['Dasha Gluhareva'],2,2,1,1,Social Sciences,dasha,gluhareva,g,dasha gluhareva,A5047891141,d gluhareva
A5020176467,https://orcid.org/0000-0001-6786-1946,Brett D. Hollingshead,"['B.\xa0D. Hollingshead', 'Brett D Hollingshead', 'Brett D. Hollingshead', 'Brett D. Hollingshead (336200)', 'Brett Hollingshead']",33,1808,14,3,Life Sciences,brett d.,hollingshead,h,brett d. hollingshead,A5020176467,b hollingshead
A5113723884,,M Momtahen,"['M Momtahen', 'M. Momtahen', 'Mahmud Momtahen']",14,5,1,3,Health Sciences,m,momtahen,m,m momtahen,A5113723884,m momtahen
A5114142588,,Abhishek Shivakumar,"['A. Shivakumar', 'A.R. Shivakumar', 'Abhishek Shivakumar', 'Shivakumar A', 'Shivakumar, A.', 'Shivakumar, Abhishek']",91,1545,19,14,Physical Sciences,abhishek,shivakumar,s,abhishek shivakumar,A5114142588,a shivakumar
A5056727262,,Eldritch Priest,"['ELDRITCH PRIEST', 'Eldritch Priest', 'eldritch Priest']",18,147,4,2,Social Sciences,eldritch,priest,p,eldritch priest,A5056727262,e priest
A5102712070,https://orcid.org/0000-0003-4261-5583,Martin Nitsche,"['Martin Nitsche', 'Nitsche, Martin']",68,161,8,12,Social Sciences,martin,nitsche,n,martin nitsche,A5102712070,m nitsche
A5065523228,https://orcid.org/0000-0002-2915-2652,Victoria L. Karner,"['Dr Victoria Karner', 'Karner, Victoria', 'Karner, Victoria L.', 'Karner, Victoria Louise', 'V L Karner', 'V. L. Karner', 'V.L. Karner', 'V.\u2009L. Karner', 'Victoria Karner', 'Victoria L. Karner']",64,254,10,7,Physical Sciences,victoria l.,karner,k,victoria l. karner,A5065523228,v karner
A5044200406,https://orcid.org/0000-0002-5636-9056,Marinko V. Šarunic,"['M V Sarunic', 'M. V. Sarunic', 'Marinko  V. Sarunic', 'Marinko Sarunic', 'Marinko V Sarunic', 'Marinko V. Sarunic', 'Marinko V. Šarunic', 'Marinko Šarunic', 'Sarunic, Marinko', 'Sarunic, Marinko V.']",303,7625,47,18,Physical Sciences,marinko v.,šarunic,š,marinko v. šarunic,A5044200406,m šarunic
A5053295150,,Aki Ayukawa Avis,['Aki Ayukawa Avis'],2,3,1,2,Physical Sciences,aki ayukawa,avis,a,aki ayukawa avis,A5053295150,a avis
A5061444400,,G. Wang,"['G. Wang', 'Gu Jeng Wang']",5,32,3,4,Physical Sciences,g.,wang,w,g. wang,A5061444400,g wang
A5050542412,,Alma Krilic,['Alma Krilic'],6,3,1,3,Social Sciences,alma,krilic,k,alma krilic,A5050542412,a krilic
A5089545170,,Madeleine Sauvé,"['Madeleine Sauve', 'Madeleine Sauvé']",7,0,0,2,Social Sciences,madeleine,sauvé,s,madeleine sauvé,A5089545170,m sauvé
A5014880083,,Anand Gramopadhye,"['A Gramopadhye', 'A nand K Gramopadhye', 'Anand Gramopadhye']",27,107,6,7,Physical Sciences,anand,gramopadhye,g,anand gramopadhye,A5014880083,a gramopadhye
A5079851267,,Francis Tran,['Francis Tran'],2,1,1,1,Health Sciences,francis,tran,t,francis tran,A5079851267,f tran
A5081659624,,Jennifer Kandjii,['Jennifer Kandjii'],3,0,0,1,Social Sciences,jennifer,kandjii,k,jennifer kandjii,A5081659624,j kandjii
A5082713680,https://orcid.org/0000-0003-3193-7253,Ahmed Sayed Ahmed,['Ahmed Sayed Ahmed'],3,28,2,1,Life Sciences,ahmed sayed,ahmed,a,ahmed sayed ahmed,A5082713680,a ahmed
A5049644851,https://orcid.org/0000-0002-9393-3170,Anna Marie Prentiss,"['ANNA MARIE PRENTISS', 'Anna M. Prentiss', 'Anna Marie Prentiss', 'Anna Prentiss', 'Prentiss, Anna M.', 'Prentiss, Anna Marie']",126,1366,18,7,Social Sciences,anna marie,prentiss,p,anna marie prentiss,A5049644851,a prentiss
A5079766012,https://orcid.org/0000-0003-3236-5234,Pengcheng Xi,"['P. Xi', 'PeiYan Xi', 'Peng-Cheng Xi', 'Peng-cheng Xi', 'Pengcheng XI', 'Pengcheng Xi', 'Pengju Xi', 'Shu, Chang', 'Xi, P.', 'Xi, Pengcheng']",117,1196,16,17,Physical Sciences,pengcheng,xi,x,pengcheng xi,A5079766012,p xi
A5010621090,,PratikKamlesh Sanghavi,['PratikKamlesh Sanghavi'],1,1,1,1,Health Sciences,pratikkamlesh,sanghavi,s,pratikkamlesh sanghavi,A5010621090,p sanghavi
A5093029621,https://orcid.org/0000-0003-2385-6242,Calvin Heise,['Calvin Heise'],1,15,1,2,Social Sciences,calvin,heise,h,calvin heise,A5093029621,c heise
A5024626708,,J. F. Ogilvie,"['J. F. Ogilvie', 'Ogilvie, John F.']",7,3,1,3,Physical Sciences,j. f.,ogilvie,o,j. f. ogilvie,A5024626708,j ogilvie
A5067568629,https://orcid.org/0000-0002-6026-082X,Markus von der Heyde,"['M. Heyde', 'M. von der Heyde', 'Markus Von Der Heyde', 'Markus von der Heyde', 'Von Der Heyde, Markus', 'von der Heyde, Markus']",113,845,14,9,Physical Sciences,markus von der,heyde,h,markus von der heyde,A5067568629,m heyde
A5096738052,,Gandesha,['Gandesha'],2,0,0,1,Social Sciences,,gandesha,g,gandesha,A5096738052, gandesha
A5110366202,,Wenli Xu,['Wenli Xu'],10,24,2,4,Social Sciences,wenli,xu,x,wenli xu,A5110366202,w xu
A5110967919,,David V. Godin,"['D V Godin', 'D. Godin', 'DAVID V. GODIN', 'David Godin', 'David V Godin', 'David V. Godin', 'Godin, David']",96,3849,32,10,Health Sciences,david v.,godin,g,david v. godin,A5110967919,d godin
A5037011271,,Samuel Kapon,['Samuel Kapon'],4,6,2,11,Social Sciences,samuel,kapon,k,samuel kapon,A5037011271,s kapon
A5025170574,https://orcid.org/0000-0001-8602-7068,Jorge Calderón,"['Calderón, Jorge', 'E Calderon', 'Jorge Caldern', 'Jorge Calderón', 'Jorge E. Arias-Calderón', 'Jorge Enrique Arias Calderón', 'Jorge Enrique Calderón']",30,78,3,10,Social Sciences,jorge,calderón,c,jorge calderón,A5025170574,j calderón
A5104191102,,Joshua Chow,['Joshua Chow'],3,0,0,2,Health Sciences,joshua,chow,c,joshua chow,A5104191102,j chow
A5093134116,,Par Ashley Armitage,['Par Ashley Armitage'],1,1,1,1,Social Sciences,par ashley,armitage,a,par ashley armitage,A5093134116,p armitage
A5088184105,,Cathy Son,['Cathy Son'],5,101,4,3,Social Sciences,cathy,son,s,cathy son,A5088184105,c son
A5055615843,,Keith Hamilton,['Keith Hamilton'],3,1,1,1,Social Sciences,keith,hamilton,h,keith hamilton,A5055615843,k hamilton
A5035254678,,Michael D. Hathaway,"['Hathaway, Michael D.', 'M. D. Hathaway', 'M. HATHAWAY', 'M. Hathaway', 'M.D. Hathaway', 'Michael D. Hathaway', 'Michael Dale Hathaway', 'Michael Hathaway', 'Michael J. Hathaway']",74,1772,22,12,Physical Sciences,michael d.,hathaway,h,michael d. hathaway,A5035254678,m hathaway
A5115067275,,Chaopeng Peng,['Chaopeng Peng'],1,0,0,1,Social Sciences,chaopeng,peng,p,chaopeng peng,A5115067275,c peng
A5107189584,,Allan Zuckermann Cynamon,['Allan Zuckermann Cynamon'],3,1,1,1,Physical Sciences,allan zuckermann,cynamon,c,allan zuckermann cynamon,A5107189584,a cynamon
A5093542508,,Elina Blomley,"['Blomley, Elina', 'Elina Blomley']",3,0,0,1,Life Sciences,elina,blomley,b,elina blomley,A5093542508,e blomley
A5090222248,https://orcid.org/0000-0001-5237-2218,Andrew T. Calvert,"['A. Calvert', 'A. T. Calvert', 'A.T. Calvert', 'ANDREW CALVERT', 'Andrew Calvert', 'Andrew Calvert (6883949)', 'Andrew T. Calvert', 'Andrew T. Calvert (8758257)']",176,6089,35,20,Physical Sciences,andrew t.,calvert,c,andrew t. calvert,A5090222248,a calvert
A5096084559,https://orcid.org/0000-0003-0819-5036,Diego Martinez-Lugo,"['Diego Martinez-Lugo', 'Diego Martinez‐Lugo']",3,5,1,2,Social Sciences,diego,martinez-lugo,m,diego martinez-lugo,A5096084559,d martinez-lugo
A5102235402,,Cary Chi‐Liang Tsai,"['Cary Chi-Liang Tsai', 'Cary Chi-liang Tsai', 'Cary Chi‐Liang Tsai', 'Cary Chi‐liang Tsai']",44,678,15,3,Social Sciences,cary chi‐liang,tsai,t,cary chi‐liang tsai,A5102235402,c tsai
A5012645580,,L Elliot,"['L Elliot', 'Lee-Anne Elliot']",9,226,6,9,Health Sciences,l,elliot,e,l elliot,A5012645580,l elliot
A5083663995,https://orcid.org/0000-0002-1399-0520,Prem Mony,"['Mony, Prem', 'P K Mony', 'P Mony', 'P. Mony', 'PREM MONY', 'Prem K Mony', 'Prem K. Mony', 'Prem Kumar Mony', 'Prem Mony', 'PremK Mony', 'T David']",143,15629,46,16,Social Sciences,prem,mony,m,prem mony,A5083663995,p mony
A5111148189,,Duo Lü,"['Duo Lu', 'Duo Lü', 'Lu, Duo']",54,1352,19,19,Life Sciences,duo,lü,l,duo lü,A5111148189,d lü
A5100405601,https://orcid.org/0000-0003-2107-4765,Hong Xie,"['H. Xie', 'Hong Xie']",26,86,6,13,Life Sciences,hong,xie,x,hong xie,A5100405601,h xie
A5085376161,,M. Yakovlev,"['M. Yakovlev', 'Yakovlev, M.']",10,54,3,1,Physical Sciences,m.,yakovlev,y,m. yakovlev,A5085376161,m yakovlev
A5012716490,https://orcid.org/0009-0004-9710-9121,Soyean Kim,"['Soyean (Julia) Kim', 'Soyean Kim', '김소연']",29,124,6,5,Life Sciences,soyean,kim,k,soyean kim,A5012716490,s kim
A5113817933,,Rong-Xue Mu,"['R. X. Mu', 'Rong-Xue Mu', 'Ruichao Mu', 'Runzhi Mu']",4,7,2,4,Life Sciences,rong-xue,mu,m,rong-xue mu,A5113817933,r mu
A5094130030,https://orcid.org/0009-0005-8674-8152,Hoda Taeb,['Hoda Taeb'],3,1,1,1,Life Sciences,hoda,taeb,t,hoda taeb,A5094130030,h taeb
A5081667728,,Jesse Hahm,['Jesse Hahm'],3,0,0,1,Physical Sciences,jesse,hahm,h,jesse hahm,A5081667728,j hahm
A5061952631,,Erina Cho,['Erina Cho'],3,146,3,2,Social Sciences,erina,cho,c,erina cho,A5061952631,e cho
A5055001297,,Jayson Shurgold,"['Jayson H. Shurgold', 'Jayson Shurgold']",17,459,9,5,Health Sciences,jayson,shurgold,s,jayson shurgold,A5055001297,j shurgold
A5004989555,https://orcid.org/0000-0003-0941-4333,Neil J. Ross,"['Neil J. Ross', 'Ross, N. J.', 'Ross, N.J.', 'Ross, Neil J.']",49,1698,13,6,Physical Sciences,neil j.,ross,r,neil j. ross,A5004989555,n ross
A5028980319,,Gates D. Byron,['Gates D. Byron'],1,0,0,1,Physical Sciences,gates d.,byron,b,gates d. byron,A5028980319,g byron
A5029099898,https://orcid.org/0009-0009-5180-4782,Danica Reid,['Danica Reid'],3,5,1,1,Social Sciences,danica,reid,r,danica reid,A5029099898,d reid
A5018438145,,Ankita Sakhuja,"['Ankita Sakhuja', 'Sakhuja, Ankita']",3,0,0,1,Physical Sciences,ankita,sakhuja,s,ankita sakhuja,A5018438145,a sakhuja
A5014706926,,M. Rajesh Kannan,"['Kannan M', 'Kannan, M. Rajesh', 'M Kannan', 'M. Kannan', 'M. Rajesh Kannan', 'Mithra Kannan']",95,390,8,10,Physical Sciences,m. rajesh,kannan,k,m. rajesh kannan,A5014706926,m kannan
A5025956683,,Conor Hoekstra,['Conor Hoekstra'],6,3,1,2,Physical Sciences,conor,hoekstra,h,conor hoekstra,A5025956683,c hoekstra
A5083084430,https://orcid.org/0000-0002-6871-6633,Wadood Abdul,"['Abdul Wadood', 'Abdul, Wadood M', 'W. Abdul', 'Wadood Abdul']",107,3929,31,7,Physical Sciences,wadood,abdul,a,wadood abdul,A5083084430,w abdul
A5061918895,https://orcid.org/0000-0002-4019-9363,N. Benjamin,"['B Ma', 'Benjamin Ma', 'Benjamin N. Ma', 'M A Benjamin', 'N Benjamin', 'N. Benjamin']",15,331,9,6,Physical Sciences,n.,benjamin,b,n. benjamin,A5061918895,n benjamin
A5051128953,https://orcid.org/0000-0002-7031-5863,Amit G. Deshwar,"['A. Deshwar', 'AMIT G. DESHWAR', 'Amit Deshwar', 'Amit G Deshwar', 'Amit G. Deshwar', 'Deshwar, Amit G.', 'Vikram Deshpande']",98,17169,35,18,Life Sciences,amit g.,deshwar,d,amit g. deshwar,A5051128953,a deshwar
A5067709073,,Joel Heng Hartse,"['Heng Hartse, Joel', 'Joel Hartse', 'Joel Heng Hartse', 'Joel Heng. Hartse']",30,302,5,2,Social Sciences,joel heng,hartse,h,joel heng hartse,A5067709073,j hartse
A5076424458,https://orcid.org/0000-0003-3051-3985,Milton Campos,"['Milton Campos', 'Milton N. Campos', 'Milton Nunes Campos', 'Milton. Campos']",43,184,7,6,Social Sciences,milton,campos,c,milton campos,A5076424458,m campos
A5061615290,https://orcid.org/0000-0001-7096-7290,Melanie Benson Marshall,"['Marshall, Melanie', 'Melanie Benson Marshall']",13,4,1,6,Social Sciences,melanie benson,marshall,m,melanie benson marshall,A5061615290,m marshall
A5056607452,,Milica Videnovic,['Milica Videnovic'],5,9,2,1,Social Sciences,milica,videnovic,v,milica videnovic,A5056607452,m videnovic
A5008305528,https://orcid.org/0000-0003-3090-3334,Jwalin Patel,"['Jwalin Nishith Patel', 'Jwalin Patel', 'Patel, Jwalin']",38,85,5,7,Social Sciences,jwalin,patel,p,jwalin patel,A5008305528,j patel
A5107377267,,Ephrem Belaineh Mekonnen,"['Ephrem B. Mekonnen', 'Ephrem Belaineh Mekonnen']",6,0,0,1,Health Sciences,ephrem belaineh,mekonnen,m,ephrem belaineh mekonnen,A5107377267,e mekonnen
A5017757200,https://orcid.org/0000-0002-4842-9047,Monica T. Ly,"['M Ly', 'Monica Ly', 'Monica T Ly', 'Monica T. Ly']",49,288,8,20,Health Sciences,monica t.,ly,l,monica t. ly,A5017757200,m ly
A5016330282,,Farnak Farzan,['Farnak Farzan'],1,8,1,1,Health Sciences,farnak,farzan,f,farnak farzan,A5016330282,f farzan
A5047773602,,Benyamin Schwarz,"['B SCHWARZ', 'B Schwarz', 'B. Schwarz', 'Benyamin Schwarz']",82,406,11,5,Social Sciences,benyamin,schwarz,s,benyamin schwarz,A5047773602,b schwarz
A5113283180,,JM Goh,['JM Goh'],1,0,0,1,Social Sciences,jm,goh,g,jm goh,A5113283180,j goh
A5080683263,,Ian Chunn,['Ian Chunn'],5,4,1,1,Social Sciences,ian,chunn,c,ian chunn,A5080683263,i chunn
A5029894289,https://orcid.org/0000-0002-9364-933X,Fausto Carnevale Neto,"['F C Neto', 'F Carnevale Neto', 'F. Carnevale Neto', 'F. Carnevale-Neto', 'Fausto Carnevale Neto', 'Fausto Carnevale-Neto', 'Fausto Carnevale\xa0Neto', 'Fausto Neto', 'Neto, Fausto Carnevale']",62,1727,22,11,Life Sciences,fausto carnevale,neto,n,fausto carnevale neto,A5029894289,f neto
A5053771245,https://orcid.org/0000-0003-1724-5947,Chuancong Gao,['Chuancong Gao'],10,134,7,3,Physical Sciences,chuancong,gao,g,chuancong gao,A5053771245,c gao
A5091216307,https://orcid.org/0000-0001-5157-0968,Monika Waldis,"['Monika Waldis', 'Waldis, Monika']",78,373,10,17,Social Sciences,monika,waldis,w,monika waldis,A5091216307,m waldis
A5033635480,https://orcid.org/0000-0002-2118-3278,Qingli Lei,['Qingli Lei'],27,136,7,11,Physical Sciences,qingli,lei,l,qingli lei,A5033635480,q lei
A5029696619,https://orcid.org/0000-0002-9804-0574,C. W. Bingham,"['Bingham, Charles', 'C. W. Bingham', 'CHARLES BINGHAM', 'Charles Bingham', 'Charles W. Bingham']",117,827,12,9,Social Sciences,c. w.,bingham,b,c. w. bingham,A5029696619,c bingham
A5043490606,https://orcid.org/0000-0002-2742-348X,Wahyu Fuadi,"['W Fuadi', 'W. Fuadi', 'Wahyu Fuadi']",56,147,5,2,Physical Sciences,wahyu,fuadi,f,wahyu fuadi,A5043490606,w fuadi
A5106756372,,Preety Nijjar,['Preety Nijjar'],1,0,0,3,Health Sciences,preety,nijjar,n,preety nijjar,A5106756372,p nijjar
A5070975154,,F. Martinez-Mckinney,['F. Martinez-Mckinney'],3,14,3,3,Physical Sciences,f.,martinez-mckinney,m,f. martinez-mckinney,A5070975154,f martinez-mckinney
A5022796523,,Sam Doesburg,['Sam Doesburg'],1,73,1,1,Health Sciences,sam,doesburg,d,sam doesburg,A5022796523,s doesburg
A5050462008,https://orcid.org/0000-0003-2717-6236,John Lowman,"['J D Lowman', 'J Lowman', 'J. Lowman', 'J.D. Lowman', 'JD Lowman', 'JOHN LOWMAN', 'John D Lowman', 'John D. Lowman', 'John Lowman', 'Lowman, J.D.', 'Lowman, John', 'Lowman, John, 1950-']",114,2365,22,10,Health Sciences,john,lowman,l,john lowman,A5050462008,j lowman
A5087730138,,Alex Ciok,"['Alex Ciok', 'Ciok, Alex']",5,7,1,1,Social Sciences,alex,ciok,c,alex ciok,A5087730138,a ciok
A5086131135,,Mark N. Mahadeo,['Mark N. Mahadeo'],1,3,1,1,Health Sciences,mark n.,mahadeo,m,mark n. mahadeo,A5086131135,m mahadeo
A5083922191,,Peter Buk,['Peter Buk'],2,13,1,3,Physical Sciences,peter,buk,b,peter buk,A5083922191,p buk
A5109608250,,Rina Chadha,"['Chadha, R.J.', 'Rina Chadha']",2,13,1,6,Health Sciences,rina,chadha,c,rina chadha,A5109608250,r chadha
A5107501493,https://orcid.org/0000-0003-2883-7016,Vicki L. Marlatt,"['V. Marlatt', 'V.L. Marlatt', 'Vicki L. Marlatt', 'Vicki Lee Marlatt', 'Vicki Marlatt']",26,899,14,7,Life Sciences,vicki l.,marlatt,m,vicki l. marlatt,A5107501493,v marlatt
A5003418262,https://orcid.org/0000-0003-4747-4660,Sümercan Bozkurt Güngen,"['Sumercan Bozkurt Gungen', 'Sümercan Bozkurt Güngen']",2,6,2,1,Social Sciences,sümercan bozkurt,güngen,g,sümercan bozkurt güngen,A5003418262,s güngen
A5050320756,https://orcid.org/0009-0007-3077-8285,Lauren De Souza,['Lauren De Souza'],5,92,3,3,Social Sciences,lauren de,souza,s,lauren de souza,A5050320756,l souza
A5030752031,,Marilyn Gates,"['Gates, Marilyn', 'Gates, Marilyn G.', 'MARILYN GATES', 'Marilyn Gates']",26,254,8,2,Life Sciences,marilyn,gates,g,marilyn gates,A5030752031,m gates
A5033063450,,Nicole Gkaleni,['Nicole Gkaleni'],1,2,1,1,Physical Sciences,nicole,gkaleni,g,nicole gkaleni,A5033063450,n gkaleni
A5005355207,https://orcid.org/0000-0001-5762-1869,Wolfgang Aigner,"['Aigner Wolfgang', 'Aigner, W.', 'Aigner, Wolfgang', 'W. Aigner', 'Wol Aigner', 'Wolfgang Aigner']",197,4383,33,16,Physical Sciences,wolfgang,aigner,a,wolfgang aigner,A5005355207,w aigner
A5112929889,,M. Prentice,"['M G Prentice', 'M. Prentice', 'M.G. Prentice', 'Makaela Prentice']",7,12,2,3,Health Sciences,m.,prentice,p,m. prentice,A5112929889,m prentice
A5115910521,,Behdad Bahrani,['Behdad Bahrani'],1,0,0,1,Health Sciences,behdad,bahrani,b,behdad bahrani,A5115910521,b bahrani
A5027099717,https://orcid.org/0000-0002-0082-3969,Chunxue Wang,['Chunxue Wang'],8,0,0,8,Social Sciences,chunxue,wang,w,chunxue wang,A5027099717,c wang
A5085864593,,Andrew Tyler Rushmere,"['Andrew Rushmere', 'Andrew Tyler Rushmere']",4,6,1,2,Social Sciences,andrew tyler,rushmere,r,andrew tyler rushmere,A5085864593,a rushmere
A5058236297,https://orcid.org/0000-0002-9518-2323,K. Fernández,"['K Fernandez', 'K. Fernandez', 'K. Fernández', 'Karen Jee Fernandez', 'Karl C. Fernandez', 'Karl Fernandez']",61,162,6,17,Health Sciences,k.,fernández,f,k. fernández,A5058236297,k fernández
A5009980299,,Jessica E. M. Burch,['Jessica E. M. Burch'],1,2,1,1,Social Sciences,jessica e. m.,burch,b,jessica e. m. burch,A5009980299,j burch
A5108220854,,D. H. C. Wilton,"['D H C Wilton', 'D Wilton', 'D. H. C. Wilton', 'D. H. Wilton', 'D. H.C. Wilton', 'D. Wilton', 'D.H.C. Wilton', 'Drew Wilton']",65,639,14,8,Physical Sciences,d. h. c.,wilton,w,d. h. c. wilton,A5108220854,d wilton
