,name1,name2,id1,id2,similarity_score
0,robert s anderson,robert a anderson,A5082959453,A5110421473,94
1,robert s anderson,robert anderson,A5082959453,A5109465847,94
2,robert a anderson,robert anderson,A5110421473,A5109465847,94
3,muhammad arshad,muhammad asjad,A5100730164,A5062236313,90
4,robert andrews,i robert andrews,A5101814632,A5111622140,93
5,d m allen,d w allen,A5054654443,A5105422337,89
6,ahmed al‐rawi,ahmed al-rawi,A5050245548,A5101544105,92
7,sikandar aftab,sikander aftab,A5010456395,A5104020592,93
8,sikandar aftab,sikandir aftab,A5010456395,A5036006797,93
9,usman ahmed,ausama ahmed,A5091198094,A5010962102,87
10,usman ahmed,simran ahmed,A5091198094,A5065397864,87
11,thomas archibald,tom archibald,A5039253521,A5110009414,90
12,carla l atkinson,laura l atkinson,A5042440760,A5008971788,88
13,gail s anderson,gail anderson,A5046194198,A5111367944,93
14,ali arya,ali arab,A5063242852,A5027487569,88
15,lara b aknin,lara aknin,A5027537535,A5099266254,91
16,ryan w allen,r w allen,A5039444427,A5110176535,86
17,ryan w allen,ryan allen,A5039444427,A5075584709,91
18,don alexander,diana alexander,A5029268334,A5038555022,86
19,mohammad amani,mohammad ahadi,A5049575126,A5081310781,86
20,benjamin m anderson,benjamin anderson,A5102767692,A5009879968,94
21,r w allen,r e allen,A5110176535,A5113839449,89
22,r w allen,d w allen,A5110176535,A5105422337,89
23,sarah k anderson,sarah l anderson,A5075739123,A5102875952,94
24,jillian anderson,ian anderson,A5042564012,A5037293675,86
25,jillian anderson,gillian andersen,A5042564012,A5069603536,88
26,ivan aguilar,ivan a aguliar,A5023806007,A5035463939,85
27,clifford gordon atleo,clifford g atleo,A5041286599,A5040940303,86
28,ian anderson,aspen anderson,A5037293675,A5019882570,85
29,ian anderson,kieran anderson,A5037293675,A5130962923,89
30,joshua d alampi,josh alampi,A5005530879,A5064096264,85
31,a m anderson,sam anderson,A5043746917,A5033020866,92
32,pouya ahmadvand,payam ahmadvand,A5000174243,A5060052428,87
33,caitlyn andres,kaitlyn andres,A5068467297,A5001797791,93
34,sc anderson,sean c anderson,A5018170382,A5101957746,85
35,sc anderson,sam anderson,A5018170382,A5033020866,87
36,quiana r ang,quiana ang,A5021774910,A5119928065,91
37,sikander aftab,sikandir aftab,A5104020592,A5036006797,93
38,robert s brown,robert c brown,A5091130570,A5026791771,93
39,john h borden,j h borden,A5074800507,A5078233358,87
40,david h bailey,david n bailey,A5081580336,A5010258270,93
41,robert w butler,robert g boutilier,A5083865478,A5005154927,85
42,angela brooks‐wilson,angela brooks-wilson,A5003358207,A5126470113,95
43,angela brooks‐wilson,angela r brooks-wilson,A5003358207,A5122482003,90
44,éric beauregard,eric beauregarda,A5059754376,A5117506029,90
45,michael boyle,michael byrne,A5100763335,A5021894365,85
46,michael boyle,michael h boyle,A5100763335,A5052503374,93
47,majid bahrami,majid bagheri,A5046695460,A5089113551,85
48,t brunner,todd brunner,A5061723548,A5079113240,86
49,peter brang,peter berg,A5001103795,A5101827934,86
50,william f bennett,william r bennett,A5077574182,A5103435725,94
51,richard boyer,richard buote,A5111926095,A5005367658,85
52,s bose,s k bose,A5003323418,A5052789698,86
53,michael berg,michael bamberg,A5057617939,A5019184400,89
54,christine e bear,christine barr,A5085975282,A5021670415,87
55,robert britton,robert bittner,A5014010162,A5026847234,86
56,sue black,samuel black,A5011131688,A5112748761,86
57,mark a brockman,ma brockman,A5021397351,A5062945775,85
58,fiona s l brinkman,fiona sl brinkman,A5050197558,A5128200123,97
59,john bechhoefer,john bechoeffer,A5060042191,A5025288966,93
60,jörg bohlmann,jöerg bohlmann,A5109230535,A5064304551,96
61,thomas a brown,thomas c brown,A5077918162,A5103278178,93
62,andrew j bennet,andrew bennett,A5064385050,A5084601970,90
63,ryan bradley,dan bradley,A5087562579,A5002299458,87
64,thomas c brown,tom c brown,A5103278178,A5112796676,88
65,christopher l brown,christopher bone,A5025022914,A5000064508,86
66,joseph k bailey,joseph p bailey,A5036840080,A5013276159,93
67,binay bhattacharya,rianka bhattacharya,A5021157679,A5007756444,86
68,e j brash,e brash,A5076484456,A5068942078,88
69,jamie boyd,jamie d boyd,A5110784566,A5111559791,91
70,william r bennett,william ralph bennett,A5103435725,A5056999168,89
71,christopher bell,christopher bone,A5064470641,A5000064508,88
72,christopher bell,christopher beh,A5064470641,A5012256170,90
73,christopher bell,christopher buse,A5064470641,A5118970217,88
74,karen brown,lauren brown,A5080832542,A5061102182,87
75,karen brown,karen n brown,A5080832542,A5103575716,92
76,s bishop,s g bishop,A5012058270,A5113642924,89
77,matthew brown,matthew bowes,A5041724055,A5052068787,85
78,jean‐christophe bélisle‐pipon,jean-christophe belisle-pipon,A5082500576,A5127781859,90
79,jean‐christophe bélisle‐pipon,jean‐christophe belisle‐pipon,A5082500576,A5133561051,97
80,jean‐christophe bélisle‐pipon,jean-christophe bélisle-pipon,A5082500576,A5125489798,93
81,j a behr,ja behr,A5055703344,A5103726926,93
82,christopher bone,christopher beh,A5000064508,A5012256170,90
83,christopher bone,christopher beaton,A5000064508,A5048841600,88
84,christopher bone,christopher buse,A5000064508,A5118970217,88
85,michael j best,micah j best,A5052345210,A5000078339,85
86,andreǐ a bulatov,andreĭ a bulatov,A5103266587,A5108247017,94
87,andreǐ a bulatov,andrei a bulatov,A5103266587,A5126827439,94
88,tom c brown,tom brown,A5112796676,A5078745916,90
89,alexander bernier,alexander beyer,A5024587035,A5109744249,88
90,sudeep bhattacharyya,sandeep bhattacharya,A5068476777,A5041052057,90
91,andreĭ a bulatov,andrei a bulatov,A5108247017,A5126827439,94
92,lieke l ten brummelhuis,lieke laura ten brummelhuis,A5024395537,A5018909583,92
93,russell w bradley,russell bradley,A5109098186,A5109559143,94
94,christopher beh,christopher beaton,A5012256170,A5048841600,85
95,christopher beh,christopher buse,A5012256170,A5118970217,90
96,matthew bowes,matt bowes,A5052068787,A5114151945,87
97,ph beauchemin,p h beauchemin,A5105938816,A5118899211,96
98,alison bailie,alison beale,A5013394710,A5041424489,88
99,sam black,samuel black,A5112834231,A5112748761,86
100,megan barker,megan k barker,A5056468452,A5054202306,92
101,christine barr,christie barron,A5021670415,A5089588289,90
102,tim u h baumeister,tim baumeister,A5019595229,A5058323325,88
103,andreea bratu,andreea barbu,A5064542404,A5098667658,85
104,sarah l brown,sarah brown,A5103398045,A5080535134,92
105,maryam bari,maryam bavarian,A5108198440,A5005074374,85
106,sara bavarian,maryam bavarian,A5013660449,A5005074374,86
107,ian bushfield,ian bushfeld,A5039683738,A5066128999,96
108,jil a busmann,jil busmann,A5072224327,A5074527350,92
109,amin bahrami,m bahrami,A5077834707,A5074492767,86
110,jeremy r brown,jeremy brown,A5109653577,A5102838917,92
111,scott e bernstein,scott bernstein,A5057881599,A5002125273,94
112,alishba bibal,alishba bilal,A5115512232,A5112957369,92
113,angela brooks-wilson,angela r brooks-wilson,A5126470113,A5122482003,95
114,joão l bastos,joão luiz bastos,A5133659538,A5076619980,90
115,ignacio calderon de la barca,igacio calderon de la barca,A5017248675,A5050733708,98
116,z brumme,zl brumme,A5075252668,A5084001641,94
117,mirzafaisal beg,mirza faisal beg,A5104015115,A5000972836,97
118,jean-christophe belisle-pipon,jean‐christophe belisle‐pipon,A5127781859,A5133561051,93
119,jean-christophe belisle-pipon,jean-christophe bélisle-pipon,A5127781859,A5125489798,97
120,tanya brown,tanya m brown,A5133541008,A5102916892,92
121,jean‐christophe belisle‐pipon,jean-christophe bélisle-pipon,A5133561051,A5125489798,90
122,hong chen,hongwen chen,A5100420388,A5082579130,86
123,hong chen,cong chen,A5100420388,A5100427128,89
124,hong chen,long chen,A5100420388,A5100336427,89
125,qing chen,ning chen,A5100371368,A5100446681,89
126,qing chen,qinghua chen,A5100371368,A5100745137,86
127,qing chen,ling chen,A5100371368,A5100411084,89
128,qing chen,jing chen,A5100371368,A5046422844,89
129,qing chen,ying chen,A5100371368,A5063849486,89
130,ji‐xin cheng,xin cheng,A5086153927,A5101587732,86
131,lieping chen,ling chen,A5035295243,A5100411084,86
132,lin cai,yin cai,A5061150224,A5045522569,86
133,john j clague,j j clague,A5090873433,A5000296592,87
134,john j clague,john clague,A5090873433,A5110164742,92
135,david campbell,david a campbell,A5065534835,A5022135015,93
136,m campbell,a campbell,A5023748369,A5042030650,90
137,daniel t chang,daniel chiang,A5084612623,A5006979877,89
138,daniel t chang,daniel chang,A5084612623,A5044668950,92
139,yi‐ting chen,yi-ting chen,A5100348260,A5100348255,92
140,yi‐ting chen,yiting chen,A5100348260,A5125353864,96
141,yi‐ting chen,ying chen,A5100348260,A5063849486,86
142,xin chen,xin cheng,A5100363059,A5101587732,94
143,xin chen,xi chen,A5100363059,A5100329932,93
144,xin chen,xing cheng,A5100363059,A5101846669,89
145,xin chen,xiwen chen,A5100363059,A5100657341,89
146,li chen,li cheng,A5100379262,A5100753413,93
147,li chen,lei chen,A5100379262,A5100333516,93
148,li chen,ling chen,A5100379262,A5100411084,88
149,li chen,xi chen,A5100379262,A5100329932,86
150,li chen,si chen,A5100379262,A5100366165,86
151,david w chan,david w cheung,A5075070960,A5108756735,85
152,david w chan,david chang,A5075070960,A5037084000,87
153,matthew c cheung,matthew p cheng,A5024269299,A5033873670,90
154,jeffrey chan,jeffrey chu,A5071422010,A5024509996,87
155,jennifer a chan,jennifer chang,A5067228740,A5101455429,90
156,jennifer a chan,jennifer c y chan,A5067228740,A5029500670,88
157,yu‐chun chen,yi‐chun chen,A5054214375,A5100688437,92
158,yu‐chun chen,yuchun chen,A5054214375,A5101769288,96
159,michael b cohen,michael c chen,A5013326292,A5101903942,90
160,michael b cohen,michael chen,A5013326292,A5100705941,89
161,bo chen,yubo chen,A5100427253,A5101939525,88
162,bo chen,b chen,A5100427253,A5121488345,92
163,bo chen,mo chen,A5100427253,A5100387253,86
164,bo chen,sibo chen,A5100427253,A5101582225,88
165,li cheng,lü cheng,A5100753413,A5103675248,88
166,li cheng,lei chen,A5100753413,A5100333516,88
167,ning chen,ling chen,A5100446681,A5100411084,89
168,ning chen,jing chen,A5100446681,A5046422844,89
169,ning chen,ying chen,A5100446681,A5063849486,89
170,isabelle m côté,isabelle côté,A5048073547,A5087962548,93
171,jie chen,j chen,A5072575185,A5107886267,86
172,andrew cox,andrew chow,A5037580930,A5012879127,86
173,bernard j crespi,bernard crespi,A5089912926,A5130864836,93
174,colin d campbell,colin campbell,A5030090181,A5110199596,93
175,caroline colijn,caroline coljin,A5091754800,A5019122524,93
176,caroline colijn,caroline colijin,A5091754800,A5092252314,97
177,yu chen,yuxi chen,A5100402071,A5100764265,88
178,yu chen,yubo chen,A5100402071,A5101939525,88
179,yu chen,yue chen,A5100402071,A5054088513,93
180,david e crowley,david k coley,A5065698482,A5023399809,86
181,yingjie chen,ying chen,A5100409186,A5063849486,86
182,h j crawford,h l crawford,A5017561360,A5015359452,92
183,weitian chen,tian chen,A5013602825,A5039200178,86
184,stephen j choi,stephen choi,A5085892614,A5046677225,92
185,christine w chan,christine m chan,A5041653123,A5102445316,94
186,andrew r chapman,andrew chapman,A5071519732,A5101887957,93
187,yasheng chen,nan-sheng chen,A5023707205,A5049486494,85
188,yasheng chen,nansheng chen,A5023707205,A5101610338,88
189,peter christensen,erik christensen,A5104313321,A5038054341,85
190,david chen,david chang,A5100675680,A5037084000,86
191,douglas cheyne,douglas cohen,A5039557394,A5059465741,89
192,lihan chen,liang chen,A5030104017,A5014807339,90
193,andrew t calvert,andrew j calvert,A5090222248,A5030736348,94
194,theodore d cosco,theodore cosco,A5068364602,A5134952042,93
195,allan cunningham,alan cunningham,A5021259958,A5023383407,97
196,andrés m cisneros‐montemayor,andrés m cisneros-montemayor,A5041047135,A5123238429,96
197,andrés m cisneros‐montemayor,andrés  m cisneros-montemayor,A5041047135,A5124135382,95
198,michael carney,michael carver,A5073228306,A5070474140,86
199,yuxi chen,xi chen,A5100764265,A5100329932,88
200,jun chen,j chen,A5019378283,A5107886267,86
201,yuxuan chen,yixuan chen,A5100342244,A5100725680,91
202,brian e conway,brian conway,A5109163734,A5109381574,92
203,jian chai,jia cai,A5027244342,A5110633917,88
204,david c clarke,dave c clarke,A5062270975,A5112840346,89
205,david c clarke,david clarke,A5062270975,A5059649947,92
206,joseph a clark,joseph clare,A5082373398,A5040697946,85
207,ruiwen chen,xiwen chen,A5082582375,A5100657341,86
208,a chester,a n chester,A5072118739,A5111930657,90
209,a chester,anne chester,A5072118739,A5066105849,86
210,wuyang chen,wang chen,A5013562664,A5100340757,90
211,thomas chapman,tom chapman,A5075725085,A5061531518,88
212,jingyun chen,jing chen,A5016433401,A5046422844,86
213,susan crawford,susan m crawford,A5109575871,A5049833360,93
214,liang chen,xiang cheng,A5014807339,A5030167129,86
215,liang chen,ling chen,A5014807339,A5100411084,95
216,shaohua chen,shaohuang chen,A5100335688,A5075269359,92
217,allison a campbell,allison campbell,A5074690063,A5103199277,94
218,allison a campbell,allison j campbell,A5074690063,A5083399757,94
219,zhuang chen,zihua chen,A5101447904,A5058110931,86
220,michael o’neal campbell,michael o’neil campbell,A5036309802,A5079713005,96
221,michael chang,michael chen,A5101827388,A5100705941,88
222,michael chang,michelle chan,A5101827388,A5113170352,85
223,jiayue chen,jiayi chen,A5067159163,A5108137477,86
224,jiaqi chen,jiayi chen,A5100434210,A5108137477,90
225,jeffrey b cheng,jeffrey c f cheung,A5043939880,A5060707155,85
226,tom clark,thomas clark,A5062159739,A5101823642,86
227,wang chen,gang chen,A5100340757,A5100389302,89
228,a campbell,lara campbell,A5042030650,A5102801207,87
229,a campbell,cary campbell,A5042030650,A5039106314,87
230,teresa cheung,teresa p cheung,A5077739432,A5079537793,93
231,george w chang,george h cheng,A5103528259,A5064055251,86
232,david chang,dave chang,A5037084000,A5011390842,86
233,anita t coté,anita coté,A5072214202,A5066224186,91
234,chao chen,hao chen,A5100408353,A5100353673,94
235,cong chen,long chen,A5100427128,A5100336427,89
236,imin chen,qimin chen,A5024124555,A5076517151,95
237,christiana l cheng,christina cheung,A5075079856,A5037997565,88
238,alan cunningham,dylan s cunningham,A5023383407,A5080741864,85
239,christina cheung,christina chiu,A5037997565,A5000089897,87
240,christina cheung,christine chuong,A5037997565,A5083724661,88
241,siqi chen,si chen,A5100460986,A5100366165,88
242,lara campbell,cary campbell,A5102801207,A5039106314,85
243,leo chen,lei chen,A5112905098,A5100333516,88
244,michael chambers,michael g chambers,A5102781332,A5113600431,94
245,nicole catherine,nicole la catherine,A5072737913,A5133212535,91
246,j j clague,j a clague,A5000296592,A5031901245,90
247,tom calvert,thomas calvert,A5110505169,A5077925873,88
248,john chan,john f chant,A5112284649,A5010169014,86
249,john corlett,jon corbett,A5010768972,A5047019938,87
250,elise chenier,el chenier,A5075084733,A5116881146,87
251,xiang cheng,xin cheng,A5030167129,A5101587732,90
252,xiang cheng,xing cheng,A5030167129,A5101846669,95
253,stephen choi,stephen collis,A5046677225,A5015481958,85
254,stephanie chin,stephanie chang,A5112768554,A5101559111,90
255,stephanie chin,stephanie chu,A5112768554,A5108662676,89
256,michelle cua,michelle chan,A5032139111,A5113170352,88
257,joanna chen,joanna che,A5021005948,A5000749234,95
258,andrew cheng,andrew j chang,A5069723543,A5112074881,85
259,daniel cohn,daniel chang,A5046643391,A5044668950,87
260,jiyi chen,jiayi chen,A5014688370,A5108137477,95
261,stephanie w chang,stephanie chang,A5107869730,A5101559111,94
262,yi-ting chen,yiting chen,A5100348255,A5125353864,96
263,yi-ting chen,ying chen,A5100348255,A5063849486,86
264,a n chester,anne chester,A5111930657,A5066105849,87
265,aleena chia,leena chau,A5026668088,A5125081361,86
266,anqi chen,anqi a chen,A5100625001,A5035150383,90
267,stephanie chang,stephanie chu,A5101559111,A5108662676,86
268,x k chen,xk chen,A5057638476,A5034896114,93
269,ivy chow,ivy choi,A5028051779,A5039326233,88
270,leena w chau,leena chau,A5064634241,A5125081361,91
271,allison campbell,allison j campbell,A5103199277,A5083399757,94
272,zixuan chen,zihua chen,A5102906085,A5058110931,86
273,zixuan chen,yixuan chen,A5102906085,A5100725680,91
274,guillermo caballero‐garcía,guillermo caballero-garcía,A5059549026,A5130065846,96
275,rachel chimuka,v rachel chimuka,A5074381164,A5055696136,93
276,emily a cameron,emily e cameron,A5090630451,A5066336976,93
277,michael c chen,michael chen,A5101903942,A5100705941,92
278,maude comtois‐cabana,maude comtois cabana,A5071955961,A5007654876,95
279,jason connelly,jason p connelly,A5004724427,A5133309891,93
280,danielle chin,daniel chiang,A5020649609,A5006979877,85
281,angel xuan chang,angel x chang,A5103619575,A5135220366,90
282,xk chen,xi chen,A5034896114,A5100329932,86
283,a carr,a carter,A5081082111,A5004107679,86
284,xin cheng,xi chen,A5101587732,A5100329932,88
285,xin cheng,xing cheng,A5101587732,A5101846669,95
286,stephanie j cooper,stephanie cooper,A5103638663,A5069552167,94
287,nan-sheng chen,nansheng chen,A5049486494,A5101610338,96
288,tyler cole,tyler r cole,A5108295940,A5113399058,91
289,a cisneros-montemayor,andrés m cisneros-montemayor,A5062836176,A5123238429,86
290,dave clarke,dave c clarke,A5075735110,A5112840346,92
291,dave clarke,david clarke,A5075735110,A5059649947,87
292,alexander ciok,alexander clow,A5106492693,A5047783624,86
293,daniel chiang,daniel chang,A5006979877,A5044668950,96
294,caroline coljin,caroline colijin,A5019122524,A5092252314,97
295,julien chopinb,julien chopin,A5117506030,A5088922176,96
296,yiting chen,ying chen,A5125353864,A5063849486,90
297,hugo f v cardoso,hugo fv cardoso,A5128743736,A5078265907,97
298,hugo f v cardoso,hugo cardoso,A5128743736,A5120668369,86
299,kieran d cox,kieran cox,A5130806629,A5031419507,91
300,hao chen,h chen,A5100353673,A5016870454,86
301,lei chen,fei chen,A5100333516,A5100405410,88
302,ling chen,long chen,A5100411084,A5100336427,89
303,ling chen,jing chen,A5100411084,A5046422844,89
304,ling chen,ying chen,A5100411084,A5063849486,89
305,xi chen,si chen,A5100329932,A5100366165,86
306,k m chan,k chan,A5106296584,A5062304618,86
307,yi‐chun chen,yuchun chen,A5100688437,A5101769288,87
308,wen chen,bowen chen,A5100344143,A5100675175,89
309,wen chen,xiwen chen,A5100344143,A5100657341,89
310,wen chen,w chen,A5100344143,A5002960083,86
311,si chen,sibo chen,A5100366165,A5101582225,88
312,victor chen,victor cheung,A5078297482,A5055399971,92
313,jing chen,ying chen,A5046422844,A5063849486,89
314,hugo fv cardoso,hugo cardoso,A5078265907,A5120668369,89
315,yuchi chen,yuchun chen,A5101824630,A5101769288,86
316,andrés m cisneros-montemayor,andrés  m cisneros-montemayor,A5123238429,A5124135382,98
317,paul deane,paul delany,A5043341053,A5016079579,86
318,paul deane,paul dancey,A5043341053,A5004228996,86
319,paul a demers,paul demers,A5074591005,A5060986747,92
320,iain davidson,ian g davison,A5086553616,A5020594160,85
321,peter dickinson,p dickinson,A5110108030,A5110875616,85
322,richard h day,richard day,A5091654993,A5102726304,92
323,steven j davis,steven davis,A5071904703,A5102301191,92
324,jian dong,jianghu dong,A5053518365,A5022468710,86
325,jian dong,jiang dong,A5053518365,A5011646320,95
326,jane dawson,janis dawson,A5068884738,A5057204373,87
327,zhiwei deng,ziwei ding,A5101529579,A5075589776,86
328,james p delgrande,james p delgado,A5002046734,A5087861481,88
329,christopher m davis,christopher davis,A5035263072,A5102927802,94
330,sam m doesburg,sam doesburg,A5081393957,A5022796523,92
331,john dickinson,john c dickinson,A5079448410,A5004307798,93
332,john dickinson,joël dickinson,A5079448410,A5066652982,86
333,michael donaldson,michael dobinson,A5080381206,A5003319157,85
334,gj davidson,s davidson,A5029736495,A5112924661,86
335,jonathan c driver,jonathan driver,A5069378403,A5129518471,94
336,megan j donahue,megan donahue,A5041923620,A5125610390,93
337,j maxwell donelan,maxwell donelan,A5069056622,A5113857065,94
338,j maxwell donelan,james maxwell donelan,A5069056622,A5121342277,89
339,sheíla delany,sheila delany,A5053163006,A5124739813,92
340,garth w p davies,garth davies,A5061377171,A5104079126,86
341,christopher davis,christopher dircks,A5102927802,A5062089002,86
342,stephanie dawson,stephanie e dawson,A5001264567,A5103810967,94
343,andréanne doyon,andré doyon,A5020845547,A5066893131,85
344,christine dreyer,christine dyrager,A5108213475,A5072354686,85
345,jorge andrés delgado‐ron,jorge andres delgado-ron,A5009877121,A5110662574,92
346,ian dyck,a dyck,A5033663516,A5109667132,86
347,a catherine d’andrea,catherine d’andrea,A5101688213,A5013868450,95
348,jianghu dong,jiang dong,A5022468710,A5011646320,91
349,jason j dickinson,john c dickinson,A5044978016,A5004307798,85
350,thomas donaldson,tom donaldson,A5002800300,A5046128130,90
351,davide donati,davide donatti,A5103059132,A5110760144,96
352,michael w dobson,michael dobinson,A5112732293,A5003319157,88
353,sandeep dhillon,sandeep k dhillon,A5067538914,A5021903302,94
354,m duncan,mc duncan,A5080050509,A5024929830,94
355,jiang dong,yiyang dong,A5011646320,A5014682431,86
356,danielle denley,danielle downey,A5070640066,A5051529400,87
357,siying duan,ying duan,A5032056032,A5101185528,90
358,nuwan dewapriya,man dewapriya,A5114224866,A5039747194,86
359,anand devireddy,anand divereddy,A5092439335,A5116830785,87
360,maxwell donelan,max donelan,A5113857065,A5024297629,85
361,brandon m drucker,brandon drucker,A5009957159,A5134457535,94
362,evan donahue,megan donahue,A5047877404,A5125610390,88
363,mark j edwards,marc edwards,A5078261834,A5001118221,85
364,donald estep,don estep,A5040558337,A5124455973,86
365,stephan f van eeden,stephan van eeden,A5001910203,A5113731295,94
366,matthew r evans,matthew ens,A5026890836,A5014281073,85
367,lloyd t elliott,lloyd elliott,A5088544768,A5129487964,93
368,d estep,don estep,A5036663902,A5124455973,88
369,sara ejtemaee,s ejtemaee,A5056214096,A5039492474,87
370,henrietta chinelo ezegbe,henrietta c ezegbe,A5034239796,A5020756375,86
371,l elliot,lt elliott,A5012645580,A5114020486,89
372,dan esler,daniel esler,A5046469331,A5023211355,86
373,clara vada etter,clara v etter,A5077611536,A5068946645,90
374,richard g frank,richard frank,A5018486913,A5030367930,93
375,richard frayne,richard frank,A5085398611,A5030367930,89
376,david feldman,david freeman,A5005236939,A5049478989,85
377,ji feng,j feng,A5040535359,A5066047485,92
378,gwenn e flowers,gwenn flowers,A5045013234,A5133812247,93
379,li fang,le fang,A5100710377,A5000950850,86
380,kathleen fitzpatrick,kathleen a fitzpatrick,A5056155053,A5044298370,95
381,susanne fietz,susanne w fietz,A5030588961,A5093010858,93
382,susanne fietz,w susanne fietz,A5030588961,A5052771299,93
383,karen ferguson,arron ferguson,A5032262644,A5037222281,86
384,robin fisher,robin s fisher,A5015809193,A5103487308,92
385,t friesen,j friesen,A5076493109,A5112376179,89
386,greg feldman,gregory feldman,A5055740265,A5045813821,89
387,yizeng fan,yimeng fan,A5016945507,A5100311024,90
388,ron l ferguson,arron ferguson,A5113563288,A5037222281,86
389,henry a finn,henry finn,A5029860397,A5080374417,91
390,jane friesen,j friesen,A5112605355,A5112376179,86
391,jane fowler,s jane fowler,A5015575272,A5122380582,92
392,lindsey a freeman,lindsey freeman,A5067369475,A5116179906,94
393,jennifer fane,jennifer fang,A5034011180,A5082679333,92
394,sina fatolahzadeh,s fatolahzadeh,A5028619456,A5106384340,90
395,claire h fergusson,claire fergusson,A5058269475,A5135527859,94
396,santiago isaac flores-alonso,santiago i flores-alonso,A5054800359,A5116231142,92
397,belen febres-cordero,belén febres-cordero,A5074367828,A5048111055,95
398,andrei frolov,andrei v frolov,A5106634120,A5036300411,93
399,susanne w fietz,w susanne fietz,A5093010858,A5052771299,87
400,farnak farzan,faranak farzan,A5016330282,A5015821361,96
401,felicity yao fu,felicity fu,A5042935099,A5119422241,85
402,wendy fleming,wendy l fleming,A5130588076,A5134589129,93
403,david grant,david guan,A5027387690,A5056685601,86
404,daniel guay,daniel gan,A5053489523,A5134190994,86
405,john c gordon,joshua c gordon,A5080632985,A5052917385,86
406,michael green,michael e green,A5100628986,A5103116568,93
407,robert s green,robert e greene,A5016391692,A5039105675,90
408,eli gibson,elaine gibson,A5025274219,A5102047801,87
409,jin guo,xin guo,A5100300852,A5016055499,86
410,jin guo,jian gu,A5100300852,A5101535677,86
411,paul e garfinkel,paul garfinkel,A5112524992,A5055490054,93
412,charles h goldsmith,charlie h goldsmith,A5112098673,A5006802149,95
413,jean‐françois godbout,jean-françois godbout,A5108545982,A5026558581,95
414,a kurt gamperl,a k gamperl,A5020184311,A5112734321,88
415,farid golnaraghi,f golnaraghi,A5054537100,A5121094088,86
416,r a gordon,r s gordon,A5039441724,A5042631092,90
417,yu guo,ziyu guo,A5071489649,A5100568021,86
418,qian‐ping gu,qianping gu,A5104064156,A5101079430,96
419,caroline greaves,carolyn graves,A5086581430,A5042757888,87
420,daniel j gibson,daniel gibson,A5001286110,A5035122787,93
421,daniel j gibson,h daniel gibson,A5001286110,A5022558865,87
422,barbara godard,barbara gordon,A5030070241,A5058634388,86
423,daniel gibson,h daniel gibson,A5035122787,A5022558865,93
424,daniel granot,daniel gan,A5081368387,A5134190994,87
425,eduardo gonzález,edward gonzález,A5035662663,A5055581780,90
426,anna gottschlich,daniela gottschlich,A5023228396,A5115847198,86
427,todd j green,d j green,A5101760885,A5022328570,86
428,biruté m f galdikas,birute mary f galdikas,A5110301419,A5110389729,88
429,h daniel gibson,h dan gibson,A5022558865,A5062475859,89
430,yue gong,yu gong,A5080008811,A5110380634,93
431,yue gong,ye gong,A5080008811,A5066345561,93
432,yue gao,yu gao,A5029712294,A5101992667,92
433,yu gao,yuan gao,A5101992667,A5030405098,86
434,john m gaspar,john g gaspar,A5101748742,A5101748741,92
435,christopher gilbert,christopher giles,A5113576395,A5110249475,89
436,layla gould,anya gould,A5011649577,A5121363972,86
437,daniel r y gan,daniel ry gan,A5075926575,A5091261371,96
438,samantha m gray,samantha l gray,A5069146109,A5008724367,93
439,christopher giles,christopher g gill,A5110249475,A5111594503,86
440,kristen b gorman,kristen f gorman,A5007294920,A5072719509,94
441,ivan gill,ivan s gill,A5050665017,A5090703054,90
442,jian gu,jiaxin gu,A5101535677,A5014257393,88
443,david gaertner,david gerber,A5068329091,A5101199550,85
444,yu gong,ye gong,A5110380634,A5066345561,86
445,shreemouna gurung,sheemouna gurung,A5088826260,A5114125674,97
446,alissa m greer,alissa greer,A5102942084,A5037509232,92
447,bhargav gadhvi,bhargav gadhavi,A5024718097,A5067698309,97
448,einar gabbassov,einar gabbasov,A5056580459,A5068923651,97
449,daniel gan,daniel ry gan,A5134190994,A5091261371,87
450,daria gluhareva,dasha gluhareva,A5006100808,A5047891141,87
451,tom gunton,thomas gunton,A5113412320,A5059560375,87
452,wanhaoyi geng,wanhayoi geng,A5069750402,A5058844042,92
453,avi gupta,arvind gupta,A5133355755,A5041186798,86
454,david green,david j green,A5100340819,A5102960584,92
455,f h garcia,fh garcia,A5006750915,A5032436796,95
456,david g huntsman,david huntsman,A5085086748,A5052397113,93
457,trevor hart,trevor hardy,A5056784469,A5069725119,87
458,dan hawkins,daniel hawkins,A5073918892,A5030201776,88
459,david j hunter,david m hunter,A5034486810,A5018917248,93
460,felix henningsen,f henningsen,A5020847142,A5031207941,86
461,p richard harrigan,richard harrigan,A5036502017,A5020846975,94
462,z huang,zhi huang,A5087309766,A5014439401,88
463,z huang,x huang,A5087309766,A5016009910,86
464,z huang,f huang,A5087309766,A5087190172,86
465,mark harrison,emma harrison,A5059399152,A5029921834,85
466,huaxiong huang,hailong huang,A5101870028,A5001819715,89
467,igor f herbut,igor herbut,A5023970139,A5067401663,92
468,david harrison,d a harrison,A5101965471,A5088000879,85
469,jonathan hu,jonathan huang,A5009333684,A5079026336,88
470,jonathan hu,jonathan han,A5009333684,A5014032927,87
471,jonathan huang,jonathan han,A5079026336,A5014032927,92
472,yuan he,yang he,A5089965343,A5101932345,86
473,dong han,dongqi han,A5039592281,A5065639418,89
474,wen huang,wenlei huang,A5067819595,A5114204763,86
475,david a huntley,david huntley,A5022120071,A5024239109,93
476,william c hsiao,william hsiao,A5110021811,A5019488638,93
477,william c hsiao,william wl hsiao,A5110021811,A5124182926,90
478,hailong huang,haifang huang,A5001819715,A5112510031,85
479,hailong huang,kaisong huang,A5001819715,A5031090776,85
480,jing huang,jingbo huang,A5033343038,A5111927056,91
481,jing huang,jian huang,A5033343038,A5076222782,90
482,william hsiao,will hsiao,A5019488638,A5110512586,87
483,william hsiao,william wl hsiao,A5019488638,A5124182926,90
484,elizabeth hampson,elizabeth harrison,A5090926153,A5048093763,86
485,rui huang,hui huang,A5022571340,A5034304352,89
486,john hughes,john f hughes,A5058355517,A5103145708,92
487,zhi huang,hui huang,A5014439401,A5034304352,89
488,jan van den heuvel,j van den heuvel,A5018271059,A5110189284,94
489,jing hu,bing hu,A5101421877,A5102459162,86
490,chloé e hill,chloe hill,A5017461803,A5037662785,91
491,yifeng huang,yifan huang,A5103158590,A5060624342,87
492,j adam holbrook,adam holbrook,A5111476707,A5066430652,93
493,l maaike helmus,maaike helmus,A5054661768,A5116871591,93
494,michael d hathaway,michael j hathaway,A5035254678,A5006660476,94
495,morad hameed,s morad hameed,A5108296579,A5002963401,92
496,leo harrington,elise harrington,A5103437344,A5053041078,87
497,m holmes,j holmes,A5005499279,A5110877475,88
498,yuchuan huang,yu chuan huang,A5109246957,A5059271878,96
499,yuchuan huang,yu‐chuan huang,A5109246957,A5005200270,96
500,michael v hayes,michael hayes,A5109862292,A5067686760,93
501,michael v hayes,michael gb hayes,A5109862292,A5000880078,90
502,sophia han,sophia huang,A5083123877,A5132544006,91
503,jian huang,mian huang,A5076222782,A5102784479,90
504,jian huang,janet huang,A5076222782,A5051236809,86
505,jian huang,yifan huang,A5076222782,A5060624342,86
506,he huang,zhen huang,A5014679832,A5100522712,89
507,ian hutchinson,jim hutchinson,A5050605968,A5063358608,86
508,ian hutchinson,olivia n hutchinson,A5050605968,A5081612703,85
509,allan hovan,alan hovan,A5075848871,A5114045550,95
510,mian huang,mina huang,A5102784479,A5037442368,90
511,mian huang,yifan huang,A5102784479,A5060624342,86
512,zheng huang,zhen huang,A5105531010,A5100522712,95
513,michael hayes,michael gb hayes,A5067686760,A5000880078,90
514,yu chuan huang,yu‐chuan huang,A5059271878,A5005200270,93
515,jian he,qijian he,A5102094611,A5100594939,88
516,jonathan han,jonathan hartt,A5014032927,A5093496417,85
517,stephen r harrigan,steven r harrigan,A5007755421,A5070393371,91
518,linying hu,xinying hu,A5058715507,A5102514528,90
519,ahmed m hamza,ahmed hamza,A5102009986,A5102009987,92
520,carlos a sierra hernandez,carlos sierra hernandez,A5019781908,A5002843048,96
521,abdul hasib,abdul haseeb,A5047631848,A5103859434,87
522,john f hughes,jonathan f hughes,A5103145708,A5104220332,87
523,diana v hunter,diana hunter,A5041577609,A5076876417,92
524,x huang,f huang,A5016009910,A5087190172,86
525,hamzah s hanif,hamza hanif,A5105721207,A5001322539,88
526,joan hu,x joan hu,A5111259476,A5045961414,88
527,k hudson,kh hudson,A5006846901,A5035794293,94
528,jesse hahm,w jesse hahm,A5081667728,A5087269603,91
529,kassia hayek,kassia hyek,A5009358287,A5086460354,96
530,jiawen han,jiawei han,A5101394937,A5019539533,90
531,william w l ho,william wl hsiao,A5113237959,A5124182926,87
532,cathlin jiaqi han,cathlin j han,A5128818329,A5135731242,87
533,ric hohn,ric e hohn,A5082680867,A5110946665,89
534,matt horrigan,matthew horrigan,A5092953252,A5035229155,90
535,robert hogg,robert s hogg,A5128266714,A5034865907,92
536,jiawei han,jiawei huang,A5019539533,A5100601282,91
537,roumiana ilieva,roumi ilieva,A5074058563,A5059056746,89
538,mohammad hadi izadi,mohammad izadi,A5068284335,A5103136213,85
539,ehsan iranmanesh,mohsen iranmanesh,A5011087859,A5120363934,85
540,anika l islam,anika islam,A5072758532,A5103793630,92
541,p jackson,k p jackson,A5050242178,A5113616937,90
542,richard a jones,richard jones,A5028433460,A5054478132,93
543,richard a jones,richard h jones,A5028433460,A5027446018,93
544,kevin c jones,kelvin e jones,A5036542477,A5048163527,89
545,bin jiang,lin jiang,A5019157263,A5089819411,89
546,richard jones,richard h jones,A5054478132,A5027446018,93
547,jacob l jones,jacob jones,A5003785721,A5000563727,92
548,liwen jiang,lin jiang,A5002465763,A5089819411,90
549,david jackson,david s jacks,A5018445732,A5016438974,85
550,ying jiang,qiang jiang,A5100537364,A5103071131,86
551,ying jiang,ming jiang,A5100537364,A5074014221,90
552,michael c jennings,michael r jennings,A5012804768,A5049051360,94
553,michael c jennings,michael jennings,A5012804768,A5005717308,94
554,thomas johansson,thomas johnson,A5019956193,A5000562446,93
555,weilin jiang,lin jiang,A5005167826,A5089819411,86
556,yi jin,yili jin,A5033896100,A5014168147,86
557,robert jones,bernt jones,A5014676147,A5038488100,87
558,robert jones,robert johnsen,A5014676147,A5033496859,85
559,ben jones,bernt jones,A5055696357,A5038488100,90
560,michael johnson,michael r johnson,A5049401183,A5101943012,94
561,huijun jiang,jun jiang,A5012353814,A5108051022,86
562,mark s johnson,mark johnson,A5064478793,A5068528879,92
563,l e jackson,kyle jackson,A5025580865,A5055729770,87
564,james e johnson,james r johnson,A5112462865,A5101697811,93
565,yifan jian,yifan jing,A5005163561,A5027897853,90
566,michael r jennings,michael jennings,A5049051360,A5005717308,94
567,zhifeng jiang,feng jiang,A5103210498,A5032337854,87
568,samuel a johnson,samuel d n johnson,A5075677636,A5005264190,88
569,brad johnson,f brad johnson,A5004794883,A5057596396,92
570,nathaniel c johnson,nathaniel j johnson,A5018091851,A5074311826,95
571,qiang jiang,ming jiang,A5103071131,A5074014221,86
572,john d jones,j d jones,A5109115158,A5038302440,86
573,faming jiang,ming jiang,A5046756449,A5074014221,91
574,lee johnson,lee m johnston,A5050241606,A5069062267,88
575,dan l johnson,daniel johnson,A5079908778,A5060631149,89
576,alireza mosavi jarrahi,seyed alireza mosavi jarrahi,A5103477832,A5070619094,88
577,patrick johnson,patricia m johnson,A5007390808,A5052030580,85
578,c h w jones,c h jones,A5111521678,A5112098774,90
579,yong jin,tong jin,A5036587412,A5109814078,88
580,han jiang,shuhan jiang,A5042776419,A5041065053,86
581,han jiang,hao jiang,A5042776419,A5053349677,89
582,bocheng jing,cheng jin,A5040424385,A5033751420,86
583,wen jin,weina jin,A5100506974,A5014940551,88
584,margaret a jackson,margaret jackson,A5112296843,A5028877946,94
585,valentin jaumouillé,valentin jamouille,A5001004675,A5108922685,92
586,margaret jamieson,margaret jackson,A5007096248,A5028877946,85
587,michael r jones,michael l w jones,A5102720368,A5041088193,88
588,michael r jones,michael r johnson,A5102720368,A5101943012,88
589,carly jackson,karla jackson,A5086371481,A5109351473,85
590,hye-jin jo,hyejin jo,A5102254407,A5127151262,95
591,bp jaeger,b p jaeger,A5107904910,A5105788722,95
592,worawee janpongsri,worawee japongsori,A5062405993,A5001455481,94
593,dominic j jaworski,dominic jaworski,A5085766291,A5116235460,94
594,dominic j jaworski,dominic jaworiski,A5085766291,A5119544262,91
595,mohammad mahdi jahanara,mohammadmahdi jahanara,A5069061274,A5089156226,98
596,dominic jaworski,dominic jaworiski,A5116235460,A5119544262,97
597,dongho kim,dongwoo kim,A5100444288,A5100357237,86
598,in ho kim,inho kim,A5100783614,A5100649696,94
599,michael l klein,michael l kent,A5068247471,A5019875891,90
600,michael l klein,michael klein,A5068247471,A5109113585,93
601,taekyun kim,taeyoung kim,A5100653780,A5100412358,87
602,yong‐hoon kim,yong‐woo kim,A5100621255,A5100604637,88
603,yong‐hoon kim,jong‐heon kim,A5100621255,A5083945808,85
604,michael krausz,michael katz,A5067159385,A5101424898,85
605,michael a kennedy,michael kenny,A5069241881,A5109639153,87
606,michael a kennedy,michael g kenny,A5069241881,A5109174717,88
607,jeong‐bon kim,jong‐heon kim,A5019704910,A5083945808,85
608,jeong‐bon kim,jeong-bon kim,A5019704910,A5135449022,92
609,su‐young kim,suyoung kim,A5101835407,A5101531875,96
610,angela kaida,angela kaidaon,A5091089188,A5095333481,92
611,david r kaufman,david kauffman,A5087062738,A5038849395,90
612,david r kaufman,david kaufman,A5087062738,A5058548957,93
613,yong‐woo kim,dongwoo kim,A5100604637,A5100357237,87
614,michael c kelly,michael kelly,A5017823342,A5070258242,93
615,michael c kelly,michael p kelley,A5017823342,A5020105607,90
616,michael c kelly,michael l kelly,A5017823342,A5129511127,93
617,jong‐heon kim,jonghyeok kim,A5083945808,A5055692067,85
618,anna kim,anny kim,A5028735533,A5061449294,88
619,michael kenny,michael klein,A5109639153,A5109113585,85
620,michael kenny,michael keane,A5109639153,A5101567721,85
621,michael kenny,michael kelly,A5109639153,A5070258242,85
622,michael kenny,michael g kenny,A5109639153,A5109174717,93
623,steve kanters,steven kates,A5056574916,A5109815162,88
624,michael j katz,michael katz,A5050019138,A5101424898,92
625,dong sik kim,dong in kim,A5100617792,A5022649488,87
626,karim s karim,karim karim,A5041808628,A5009115696,92
627,william l ko,william l kocay,A5010030093,A5033480112,89
628,dong wook kim,dongwoo kim,A5103246480,A5100357237,92
629,harpreet kaur,manpreet kaur,A5036775014,A5110573815,85
630,harpreet kaur,navpreet kaur,A5036775014,A5100589662,85
631,brianne a kent,brianne kent,A5070481457,A5135583877,92
632,mandeep kaur,ramandeep kaur,A5031017199,A5100778417,92
633,mandeep kaur,sandeep kaur,A5031017199,A5101778816,92
634,michael klein,michael keane,A5109113585,A5101567721,85
635,r j kennedy,cj kennedy,A5046711624,A5042556048,86
636,elizabeth keating,elizabeth m king,A5113787976,A5015826134,85
637,thomas kühn,thomas kuehn,A5014488122,A5014440493,87
638,michael kelly,michael p kelley,A5070258242,A5020105607,90
639,michael kelly,michael l kelly,A5070258242,A5129511127,93
640,sian kou‐giesbrecht,sian kou-giesbrecht,A5077389532,A5129044575,95
641,cj kennedy,c d kennedy,A5042556048,A5016551769,86
642,shin hye kim,shinhye kim,A5101941713,A5101766630,96
643,junwoo kim,jun woo kim,A5100615641,A5101847607,95
644,alexandra kitson,alexandra king,A5013912198,A5103005589,87
645,dustin t king,justin j king,A5056122200,A5084466037,85
646,michael p kelley,michael l kelly,A5020105607,A5129511127,90
647,helen kang,helen kwan,A5053319039,A5063051271,90
648,ramandeep kaur,sandeep kaur,A5100778417,A5101778816,85
649,david kauffman,david kaufman,A5038849395,A5058548957,96
650,daniel kwon,daniel kwan,A5001536243,A5044657340,91
651,jihoon kwon,ji hoon kwon,A5101582307,A5020526682,96
652,yj kim,j kim,A5109427733,A5070841883,91
653,min-ju kim,minjung kim,A5100462916,A5100333889,86
654,min-ju kim,minju kim,A5100462916,A5100462915,95
655,manpreet kaur,navpreet kaur,A5110573815,A5100589662,85
656,manpreet kaur,ms sanpreet kaur,A5110573815,A5100556986,90
657,masoumeh kalantari khandani,mehdi kalantari khandani,A5090586161,A5060056650,86
658,zoha khawaja,zoha khawa,A5049431562,A5134966869,91
659,a t k kurkjian,alex t k kurkjian,A5003332094,A5024339045,90
660,shakiba kheradmand,shima kheradmand,A5105707320,A5071523386,88
661,katrina koehn,katerina kwon,A5013903764,A5113195379,85
662,joshua kanaganayagam,josh kanaganayagam,A5039370835,A5034727559,95
663,avi kulkarni,avinash kulkarni,A5109587571,A5050750176,86
664,kristen y s kong,kristen j kong,A5054127129,A5039104542,87
665,nikola r klassen,nikola klassen,A5049847578,A5112848069,93
666,raminder kaur,raminderjeet kaur,A5114211742,A5028102520,87
667,jacob kemp,jacob m kemp,A5103256265,A5087289082,91
668,nn kinloch,n kinloch,A5055547267,A5071349214,95
669,kauʻi keliipio,m kaui keliipio,A5059859936,A5045101026,90
670,amanda dawn klassen,amanda klassen,A5039570945,A5134057303,85
671,eric kirby,eric d kirby,A5130384932,A5113155667,91
672,tae-ho kim,tae‐ho kim,A5133260493,A5100452164,90
673,minjung kim,minju kim,A5100333889,A5100462915,90
674,qing li,ping li,A5100404176,A5100435469,86
675,qing li,qilong li,A5100404176,A5019345418,88
676,qing li,ying li,A5100404176,A5100414342,86
677,qing li,ling li,A5100404176,A5101921776,86
678,qing li,qing liu,A5100404176,A5100345153,93
679,qing li,ming li,A5100404176,A5100351409,86
680,qing li,jing li,A5100404176,A5100336982,86
681,jing liu,ling liu,A5100374998,A5100343991,88
682,jing liu,jinge li,A5100374998,A5079733021,88
683,jing liu,qing liu,A5100374998,A5100345153,88
684,jing liu,jing li,A5100374998,A5100336982,93
685,jing liu,jiping liu,A5100374998,A5109448683,89
686,ling liu,li liu,A5100343991,A5100418783,86
687,ling liu,ligang liu,A5100343991,A5100635702,89
688,ling liu,ling li,A5100343991,A5101921776,93
689,ling liu,qing liu,A5100343991,A5100345153,88
690,x liu,x li,A5100781966,A5106716334,89
691,ping li,ying li,A5100435469,A5100414342,86
692,ping li,ling li,A5100435469,A5101921776,86
693,ping li,ming li,A5100435469,A5100351409,86
694,ping li,jing li,A5100435469,A5100336982,86
695,jia li,jian li,A5100405681,A5100402609,92
696,jianwei liu,jianbei liu,A5100425107,A5107881578,91
697,jianwei liu,xinwei liu,A5100425107,A5002589687,86
698,j d little,j i little,A5100766900,A5103728808,90
699,h liu,h li,A5115589767,A5057770566,89
700,h liu,hg liu,A5115589767,A5037364902,91
701,c d lin,c y lin,A5065113373,A5019992403,86
702,daniel b leznoff,daniel b legoff,A5035673972,A5067681849,90
703,dong liu,hong liu,A5100407381,A5100410334,88
704,dong liu,yudong liu,A5100407381,A5107248181,89
705,dong liu,yong liu,A5100407381,A5115602420,88
706,dong liu,rong liu,A5100407381,A5076740610,88
707,bo li,bo liu,A5100374360,A5114831643,91
708,sheng li,zheng li,A5100359839,A5101777606,88
709,sheng li,heng li,A5100359839,A5100338779,93
710,sheng li,cheng li,A5100359839,A5100354297,88
711,sheng li,heng liu,A5100359839,A5100392542,88
712,li liu,lei liu,A5100418783,A5089831302,92
713,daniel lee,daniel c lee,A5100392980,A5100392989,91
714,c w liu,y w liu,A5100681944,A5115597550,86
715,brian lee,brian lew,A5100371434,A5061794521,89
716,william li,william leiss,A5072161328,A5021217627,87
717,jianxin liu,jiaxing li,A5100627020,A5100636534,86
718,jianxin liu,jianxiong li,A5100627020,A5100759593,87
719,jonathan m loree,jonathan lee,A5066894564,A5100348024,86
720,gang liu,ligang liu,A5108047616,A5100635702,89
721,gang liu,tang liu,A5108047616,A5100764959,88
722,gang liu,ang li,A5108047616,A5100413608,86
723,xiaoxing li,xiaobin li,A5049408398,A5079728262,86
724,xiaoxing li,jiaxing li,A5049408398,A5100636534,86
725,linda li,belinda li,A5100614771,A5041821621,89
726,christopher leckie,christopher le,A5076014464,A5101847999,88
727,yingfu li,ying li,A5081367802,A5100414342,88
728,jin‐wook lee,jin wook lee,A5100608704,A5073805763,92
729,ying lü,ying li,A5100382886,A5100414342,86
730,ying lü,ying lu,A5100382886,A5101735597,86
731,chong li,hong liu,A5100424935,A5100410334,88
732,chong li,cong lin,A5100424935,A5035508811,88
733,chong li,cheng li,A5100424935,A5100354297,88
734,scott a lear,scott lear,A5043684388,A5096847086,91
735,yuning li,ying li,A5035017369,A5100414342,88
736,xiaoyun liu,xiaoyu liu,A5100776315,A5049545408,95
737,xiaoyun liu,xiyun liu,A5100776315,A5041092293,90
738,hui li,hui liu,A5100712362,A5108048592,92
739,frank lee,frank js lee,A5044435315,A5005020676,86
740,mark lee,mark leier,A5100620082,A5048951440,89
741,hong liu,xuhong liu,A5100410334,A5101828076,89
742,hong liu,hongxu liu,A5100410334,A5061439936,89
743,hong liu,hg liu,A5100410334,A5037364902,86
744,hong liu,yahong liu,A5100410334,A5046908384,89
745,hong liu,yong liu,A5100410334,A5115602420,88
746,hong liu,heng liu,A5100410334,A5100392542,88
747,hong liu,rong liu,A5100410334,A5076740610,88
748,jun liu,jun lu,A5100361668,A5101746798,92
749,jun liu,kun liu,A5100361668,A5100398804,86
750,victor ling,victor lun,A5051827745,A5052344592,86
751,peng lin,feng lin,A5049088847,A5101414835,88
752,k g leach,g leach,A5064004820,A5000464508,88
753,zhongli liu,zhong‐li liu,A5061231533,A5109183225,96
754,wei luo,wei liu,A5090419741,A5100431792,86
755,anthony lee,anthony m d lee,A5044171245,A5057705554,85
756,chao liu,chao lei,A5100719626,A5034157762,88
757,chao liu,chao li,A5100719626,A5100323170,93
758,david leake,david lee,A5048427371,A5104040205,90
759,feng li,feng lin,A5046967154,A5101414835,93
760,feng li,feng liu,A5046967154,A5100415289,93
761,feng li,heng li,A5046967154,A5100338779,86
762,bryan lau,ryan lu,A5009147564,A5006123246,88
763,xiaochun li,xiaohan li,A5100413889,A5065439988,86
764,gary e leach,gary w leach,A5112771113,A5045818046,92
765,chao lei,chao li,A5034157762,A5100323170,93
766,jiayi liu,jiaqi liu,A5100370772,A5100390378,89
767,d liu,d li,A5045567097,A5080516928,89
768,ze liu,z liu,A5100349457,A5107888999,91
769,jeong hun lee,jeonghun lee,A5075102456,A5100637496,96
770,xiulong liu,xuhong liu,A5009324770,A5101828076,86
771,feng lin,feng liu,A5101414835,A5100415289,88
772,feng lin,fengke lin,A5101414835,A5013559106,89
773,le liang,le lin,A5066151952,A5057105150,86
774,le liang,l ling,A5066151952,A5103742068,86
775,yifeng liu,feng liu,A5115589054,A5100415289,89
776,kin fun li,kin f li,A5011071752,A5020893265,89
777,yuan li,yuan liao,A5026828495,A5073335927,88
778,yuan li,jiyuan li,A5026828495,A5100645782,88
779,yuan li,yan li,A5026828495,A5067976360,92
780,yuan li,yang li,A5026828495,A5100421591,86
781,yuan li,yun li,A5026828495,A5058882471,92
782,m ruth lavergne,ruth lavergne,A5111024816,A5110494420,93
783,feng liu,heng liu,A5100415289,A5100392542,88
784,michael lee,michael lu,A5009291467,A5003041846,86
785,michael a lebowitz,michael lebowitz,A5011193408,A5061149743,94
786,lingyi li,ling li,A5059624803,A5101921776,88
787,lingyi li,linyi li,A5059624803,A5075538321,94
788,mingxi liu,mingxin li,A5101558192,A5100674540,90
789,xiaoyu liu,xiaoxue liu,A5049545408,A5100713678,86
790,lily li,lily lin,A5100361075,A5108356232,93
791,richard lockhart,richard loat,A5035238514,A5052159696,86
792,yanyi li,manyi li,A5015976016,A5101734954,88
793,yanyi li,yan li,A5015976016,A5067976360,86
794,cong lin,song lin,A5035508811,A5112059942,88
795,jinge li,jing li,A5079733021,A5100336982,93
796,chaocheng liu,chao chun liu,A5085315212,A5054337431,85
797,yuxin li,xin li,A5100321607,A5100353780,86
798,yuxin li,yun li,A5100321607,A5058882471,86
799,yen‐yi lin,yen-yi lin,A5048247983,A5112341917,90
800,yuchen liu,chen liu,A5100373058,A5100322151,89
801,sha li,shan li,A5101783096,A5100324734,92
802,james livingston,jason livingston,A5076952220,A5048445575,88
803,ji little,j i little,A5027634677,A5103728808,95
804,jun lu,yijun lu,A5101746798,A5101066241,86
805,r liang,r lange,A5111280643,A5052500380,86
806,ta-wei liu,ta‐wei liu,A5101895208,A5083967913,90
807,xiaofeng lu,xiaocen lu,A5101525448,A5037533745,86
808,dennis liu,dennis y liu,A5038304841,A5030050971,91
809,li‐ling lin,i‐ling lin,A5080167052,A5053152591,95
810,wenzao li﻿,wenzao li,A5102715800,A5001742936,95
811,annika lutz,annika e lutz,A5020746438,A5076125960,92
812,james lin,james liu,A5083112512,A5100785600,89
813,haiming li,shiming liu,A5100601770,A5106920586,86
814,ying li,ling li,A5100414342,A5101921776,86
815,ying li,ying lu,A5100414342,A5101735597,86
816,ying li,ying lei,A5100414342,A5071997927,93
817,ying li,yang li,A5100414342,A5100421591,86
818,ying li,ming li,A5100414342,A5100351409,86
819,ying li,jing li,A5100414342,A5100336982,86
820,sang hyeon lee,janghyeon lee,A5101498433,A5066874418,89
821,jianan li,jian li,A5100448294,A5100402609,88
822,yi li,y li,A5100421687,A5002365880,89
823,yi li,yi liu,A5100421687,A5100330618,91
824,adrian lai,adrian lim,A5033374805,A5052371087,90
825,jiaqi liu,jiaqi lei,A5100390378,A5100904643,89
826,ryan lu,yan lu,A5006123246,A5100756584,92
827,yudong liu,yudong luo,A5107248181,A5101833585,90
828,yudong liu,yong liu,A5107248181,A5115602420,89
829,xinru li,xin li,A5100671306,A5100353780,86
830,tianyi li,tian li,A5100460612,A5100345568,88
831,david lyon,david long,A5046779518,A5063683133,90
832,dechao li,chao li,A5101474113,A5100323170,88
833,wenjie liu,wenjie li,A5100428671,A5100408983,95
834,m y lin,c y lin,A5102755596,A5019992403,86
835,eric lin,eric liu,A5012158443,A5101694199,88
836,justin longo,justin long,A5022292064,A5070548182,96
837,lisa y lin,lisa lin,A5015428749,A5109597087,89
838,victor lun,victor lau,A5052344592,A5029037373,90
839,jessica lee,jessica li,A5100685635,A5100625282,86
840,lynn lee,lynn c lee,A5102680284,A5082258170,89
841,anjian li,jian li,A5064485244,A5100402609,88
842,zi lin,z lin,A5110229964,A5031716786,91
843,sabrina s m lee,sabrina sm lee,A5080857003,A5079701172,97
844,michelle lu,michelle leung,A5100732229,A5040981978,88
845,michelle lu,michael lu,A5100732229,A5003041846,86
846,ling li,ming li,A5101921776,A5100351409,86
847,ling li,jing li,A5101921776,A5100336982,86
848,tingan li,tian li,A5034308738,A5100345568,88
849,brian li,bin li,A5101800884,A5100365204,86
850,luya li,luyao lin,A5077169082,A5062615947,88
851,shan li,shawn liu,A5100324734,A5102261877,88
852,shan li,han liu,A5100324734,A5100349032,86
853,chelsey lee,kelsey lee,A5037459113,A5047999240,86
854,jason lee,jan lee,A5100657722,A5077741523,88
855,christoph lülfesmann,christoph luelfesmann,A5025796629,A5040393327,93
856,tang liu,ang li,A5100764959,A5100413608,86
857,suemin lee,sunmin lee,A5011091962,A5100720259,90
858,jaeyong lee,jae-young lee,A5036970976,A5100334527,92
859,qian liu,qikang liu,A5100318545,A5031973982,89
860,qian liu,qing liu,A5100318545,A5100345153,88
861,chen liu,cheng li,A5100322151,A5100354297,88
862,chen liu,heng liu,A5100322151,A5100392542,88
863,chen liu,cheng lu,A5100322151,A5024288211,88
864,emily lam,emily leaman,A5103014806,A5054120493,86
865,qiu lin,qi lin,A5112308129,A5101438335,92
866,hongwei liang,hongfei lian,A5061309521,A5110005839,88
867,ying lu,bing lu,A5101735597,A5055319860,86
868,daniel lam,daniel law,A5111970144,A5133962086,90
869,careesa c liu,careesa chang liu,A5001853550,A5008567382,87
870,careesa c liu,careesa liu,A5001853550,A5001157322,92
871,zhipeng li,zheng li,A5022317603,A5101777606,89
872,zheng li,heng li,A5101777606,A5100338779,93
873,zheng li,cheng li,A5101777606,A5100354297,88
874,zheng li,heng liu,A5101777606,A5100392542,88
875,zheng li,zhen li,A5101777606,A5062396931,93
876,lynn c lee,lynn chi lee,A5082258170,A5012759791,91
877,jiyuan li,jian li,A5100645782,A5100402609,88
878,angel mei yi lin,angel m y lin,A5111389929,A5110895011,90
879,pei li,apei li,A5100439843,A5076067152,92
880,em g lim,em lim,A5011360718,A5007096401,86
881,em g lim,eg lim,A5011360718,A5111195228,86
882,brian lew,brian lewis,A5061794521,A5089983989,90
883,w li,wu li,A5006601247,A5100326384,89
884,shawn liu,han liu,A5102261877,A5100349032,88
885,alison y li,alison yueh li,A5033213554,A5069561722,88
886,juliana li,juliana lisik,A5059590454,A5080368835,87
887,muyun li,yun li,A5031216243,A5058882471,86
888,samantha lung,samantha lauson,A5046407369,A5061767399,86
889,sujin lee,su-jin lee,A5100383378,A5100383379,95
890,yan li,yang li,A5067976360,A5100421591,92
891,heng li,cheng lit,A5100338779,A5094001550,88
892,heng li,cheng li,A5100338779,A5100354297,93
893,heng li,heng liu,A5100338779,A5100392542,93
894,heng li,zhen li,A5100338779,A5062396931,86
895,paul ch li,paul c h li,A5103551436,A5088254081,95
896,elfituri s lahemer,elfituri lahamer,A5032341373,A5055198520,88
897,leyao lin,luyao lin,A5025114845,A5062615947,89
898,qikang liu,qing liu,A5031973982,A5100345153,89
899,c l,c li,A5111759534,A5017873395,86
900,y li,y liu,A5002365880,A5100376040,89
901,c li,c liu,A5017873395,A5023030747,89
902,hg liu,heng liu,A5037364902,A5100392542,86
903,ya song li,yasong li,A5089640569,A5101533578,95
904,yahong liu,yong liu,A5046908384,A5115602420,89
905,cheng lit,cheng li,A5094001550,A5100354297,94
906,chelsea l little,chelsea little,A5104436829,A5135449085,93
907,chelsea l little,chelsea j little,A5104436829,A5063198063,94
908,jiangchuang liu,jiangchuan liu,A5112860399,A5039311485,97
909,yiwen liu,yiwei liu,A5056872356,A5107043699,89
910,b lu,b liu,A5067826387,A5114378471,89
911,yiwei liu,wei liu,A5107043699,A5100431792,88
912,chengxi li,cheng li,A5132681651,A5100354297,89
913,wei lin,wei liu,A5133169642,A5100431792,86
914,wei lin,wei li,A5133169642,A5100317994,92
915,chelsea little,chelsea j little,A5135449085,A5063198063,93
916,b liu,bo liu,A5114378471,A5114831643,91
917,y liu,yi liu,A5100376040,A5100330618,91
918,wei liu,wei li,A5100431792,A5100317994,92
919,wei liu,lei liu,A5100431792,A5089831302,86
920,yang li,ang li,A5100421591,A5100413608,92
921,yang li,yasong li,A5100421591,A5101533578,88
922,cheng li,heng liu,A5100354297,A5100392542,88
923,cheng li,cheng lu,A5100354297,A5024288211,88
924,yong liu,rong liu,A5115602420,A5076740610,88
925,jian li,jing li,A5100402609,A5100336982,86
926,jian li,tian li,A5100402609,A5100345568,86
927,ming li,jing li,A5100351409,A5100336982,86
928,bruce p lanphear,bruce lanphear,A5080164344,A5132949373,93
929,yi liu,yi lu,A5100330618,A5080429583,91
930,jiaxing li,jianxiong li,A5100636534,A5100759593,91
931,heng liu,cheng lu,A5100392542,A5024288211,88
932,kelley lee,kelsey lee,A5019363540,A5047999240,90
933,n lehmann,k lehmann,A5031981808,A5105764596,89
934,r w moore,r d moore,A5047007168,A5017206677,89
935,richard d moore,richard o moore,A5074418085,A5060297602,93
936,richard d moore,richard a moore,A5074418085,A5103016993,93
937,li mao,li ma,A5100355203,A5103106214,91
938,torsten möller,torsten moeller,A5060664606,A5110271351,90
939,ryan d morin,r d morin,A5081644676,A5027417971,86
940,nicola mulder,nicola mulberry,A5080377820,A5088612495,86
941,john f mcdonald,john j mcdonald,A5101764290,A5077824553,93
942,john f mcdonald,john k mcdonald,A5101764290,A5103440555,93
943,john f mcdonald,john a macdonald,A5101764290,A5103468821,90
944,robert t menzies,robert j menzies,A5000613164,A5108475760,94
945,robert t menzies,robert menzies,A5000613164,A5057824802,93
946,mehrdad moallem,mehdi moallem,A5031639432,A5028709152,86
947,kevin mitchell,devon mitchell,A5080781092,A5071260876,86
948,w a macfarlane,g macfarlane,A5070714748,A5121606743,85
949,c a miller,a miller,A5112057222,A5040362775,89
950,c a miller,c miller,A5112057222,A5071120956,89
951,nicholas murray,nicola j murray,A5062117667,A5102869719,87
952,g d morris,gd morris,A5017930902,A5036314945,95
953,jonathan w moore,jonathan d moore,A5070014514,A5101837122,94
954,dugald macpherson,donald macpherson,A5033212640,A5042387035,88
955,james mclean,amie mclean,A5070348738,A5048753514,87
956,robert j menzies,robert menzies,A5108475760,A5057824802,93
957,fernando de maio,fernando g de maio,A5026898655,A5052389821,94
958,alexander a moiseev,alexander moise,A5008694512,A5013134550,88
959,alexander a moiseev,alexander moiseev,A5008694512,A5103429954,94
960,christopher r mcmaster,christopher mcmaster,A5045631153,A5019189705,95
961,iain mckenzie,iain mckechnie,A5069964985,A5061319955,89
962,diane martin,anne martin,A5034664427,A5101866288,87
963,j s macdonald,r s mcdonald,A5003074522,A5015380776,88
964,j s macdonald,j steve macdonald,A5003074522,A5111900709,87
965,j s macdonald,ja macdonald,A5003074522,A5000418425,88
966,yuan ma,ziyuan ma,A5024604489,A5102739231,88
967,murray j munro,murray munro,A5074908809,A5130633601,92
968,gary macgillivray,tanya macgillivray,A5006272762,A5086901548,86
969,a miller,jay miller,A5040362775,A5111158864,89
970,a miller,c miller,A5040362775,A5071120956,88
971,john j mcdonald,john k mcdonald,A5077824553,A5103440555,93
972,john j mcdonald,john a macdonald,A5077824553,A5103468821,90
973,james d mcghee,james macgee,A5026767883,A5008660069,85
974,margaret macdonald,margaret y macdonald,A5034867632,A5102925288,95
975,peter mayr,peter major,A5031760577,A5006680837,86
976,paul b mackenzie,paul j mackenzie,A5070995287,A5054041606,94
977,nicolas marceau,nicolas marie,A5021023451,A5101733291,86
978,aisling murray,kaitlin murray,A5052454223,A5035989483,86
979,gordon mctaggart-cowan,gp mctaggart-cowan,A5040189249,A5108717311,85
980,peter d mcdonald,peter m mcdonald,A5103217956,A5029779000,94
981,michael j martin,michael martin,A5101814829,A5087144056,93
982,ali mahdavi‐amiri,ali mahdavi-amiri,A5021862056,A5125220110,94
983,lionel martin,lainey martin,A5113833948,A5104260442,85
984,helen mctaggart‐cowan,helen mctaggart-cowan,A5034664713,A5126416856,95
985,alexander moens,alexander moise,A5025859917,A5013134550,87
986,lisa matthias,l matthias,A5066880338,A5111107380,87
987,r meyer,p meyer,A5089471037,A5109005649,86
988,alexandra maslova,alexander maslov,A5059996143,A5023315483,91
989,john k mcdonald,john a macdonald,A5103440555,A5103468821,90
990,s mehta,m mehta,A5109231954,A5119010954,86
991,heather l major,heather l more,A5011005714,A5001197353,90
992,richard o moore,richard a moore,A5060297602,A5103016993,93
993,brooke l mcneil,brooke mcneil,A5006901902,A5133654124,93
994,barbara s mitchell,barbara mitchell,A5086642565,A5054951117,94
995,payam mousavi,paymon mousavi,A5033906472,A5060663817,89
996,jiang meng,ziang meng,A5041939986,A5051290714,90
997,jiang meng,xiang meng,A5041939986,A5006326057,90
998,jeffrey morgan,jeffrey a morgan,A5103200451,A5005310069,93
999,jeffrey morgan,jeffery j morgan,A5103200451,A5109534489,87
1000,david mclean,david w mclean,A5109374063,A5086194213,92
1001,david mclean,david mcvea,A5109374063,A5069666333,87
1002,kathleen moriarty,kathleen p moriarty,A5112476216,A5014447300,94
1003,katherine mcmanus,katherine manson,A5018791654,A5111507427,85
1004,samantha j mason,samantha g mason,A5025709357,A5128830399,94
1005,ziang meng,xiang meng,A5051290714,A5006326057,90
1006,jeffrey a morgan,jeffery j morgan,A5005310069,A5109534489,88
1007,padmapriya muralidharan,priya muralidharan,A5036222048,A5005389012,88
1008,michael m’gonigle,r michael m’gonigle,A5016440728,A5008647064,94
1009,j stevenson macdonald,j steve macdonald,A5111819521,A5111900709,89
1010,carla l maclean,carla mclean,A5067276133,A5104033501,89
1011,johannes merz,johannes meyer,A5069789969,A5005876058,89
1012,mohammad reza mohammadzadeh,mohammad reza mohammadnia,A5053198715,A5067146107,88
1013,alexander moise,alexander moiseev,A5013134550,A5103429954,94
1014,susan marshall,dan marshall,A5052008469,A5112003754,85
1015,signe maclennan,s maclennan,A5027968830,A5062225419,85
1016,michael-john milloy,michael john milloy,A5102309026,A5109335522,95
1017,sarah mcbain,sarah m mcbain,A5018230923,A5042030181,92
1018,jennifer mcdermid,jenn mcdermid,A5082288060,A5097926596,87
1019,mark mahadeo,mark n mahadeo,A5012970291,A5086131135,92
1020,alexander mikhaylov,alexander maslov,A5053195533,A5023315483,86
1021,klinsmann j coelho silva meneses,klinsmann j coelho silva menes,A5062290806,A5093260777,97
1022,tanveer mahal,manveer mahal,A5062839422,A5018429756,92
1023,finlay c macnab,finlay macnab,A5067609189,A5054475200,93
1024,jennifer mentanko,jenn mentanko,A5038661740,A5097218248,87
1025,evan macdonald,ja macdonald,A5073874737,A5000418425,85
1026,a ø mooers,arne ø mooers,A5014383510,A5039749912,87
1027,j a maceachern,james a maceachern,A5126301488,A5083600826,88
1028,ja macdonald,john a macdonald,A5000418425,A5103468821,86
1029,anthony randal mcintosh,anthony r mcintosh,A5135749155,A5050825978,88
1030,anthony r mcintosh,anthony mcintosh,A5050825978,A5126887112,94
1031,s morgenstern,m morgenstern,A5063547554,A5077818063,92
1032,masahiro niikura,masa niikura,A5089335621,A5108740660,86
1033,anne‐marie nicol,anne-marie nicol,A5110840814,A5113230695,94
1034,anne‐marie nicol,anne marie nicol,A5110840814,A5113313391,94
1035,anne‐marie nicol,anne-marie nicole,A5110840814,A5113360973,91
1036,michelle nicholas,ms michelle nicholas,A5073950770,A5108828256,92
1037,julie s nielsen,julie k nielsen,A5104110172,A5006213206,93
1038,pablo a nepomnaschy,pablo napomnaschy,A5040702978,A5093740987,89
1039,alicia nijdam‐jones,alicia nijdam-jones,A5071664337,A5127866931,95
1040,don nelson,d nelson,A5113804302,A5111945136,89
1041,donald w nelson,donald l nelson,A5113701602,A5113722611,93
1042,anne-marie nicol,anne marie nicol,A5113230695,A5113313391,94
1043,anne-marie nicol,anne-marie nicole,A5113230695,A5113360973,97
1044,anne marie nicol,anne-marie nicole,A5113313391,A5113360973,91
1045,patrick j o’hara,patrick d o’hara,A5056549143,A5004136132,94
1046,susan oneill,susan o’neill,A5075884746,A5039618200,96
1047,william odom,will odom,A5073024818,A5056121536,86
1048,kevin m oneill,kevin o’neill,A5104058973,A5015060939,89
1049,marlena ornowska,ms marlena ornowska,A5064059636,A5109595986,91
1050,kevin o’neill,d kevin o’neill,A5015060939,A5018157254,93
1051,kevin o’neill,kevin o’reilly,A5015060939,A5113735852,89
1052,susan owen,susan own,A5051073958,A5029186556,95
1053,melissa oneill,lisa o’neill,A5023450850,A5012400583,85
1054,pavlo omelchenko,paul omelchenko,A5000073501,A5005870061,90
1055,katherine o’donnell,katherine a o’donnell,A5066229322,A5103123102,95
1056,jf ogilvie,j f ogilvie,A5006142451,A5023738667,95
1057,justin w o’camb,justin ocamb,A5013153419,A5129589909,89
1058,john oneil,john o’neil,A5129139556,A5081310851,95
1059,d c o’neil,dc oneil,A5105299887,A5045650275,89
1060,c j potter,c t potter,A5039975397,A5109233974,90
1061,hyung‐ho park,hyeong‐ho park,A5100630945,A5012176222,89
1062,michael price,michael h h price,A5006173371,A5081796168,87
1063,david j price,david j prime,A5057027392,A5103543042,92
1064,david j price,david price,A5057027392,A5102969601,92
1065,mario petrich,martin petric,A5058534372,A5110100857,85
1066,julie park,julie e park,A5032700223,A5062465541,91
1067,rachael parke,rachel park,A5057368215,A5109588923,92
1068,b d patterson,d patterson,A5087242936,A5110124469,92
1069,b d patterson,da patterson,A5087242936,A5110248522,88
1070,xin peng,xing peng,A5023485380,A5012893548,94
1071,m parameswaran,ash m parameswaran,A5033681602,A5111721362,88
1072,m parameswaran,a parameswaran,A5033681602,A5112876238,93
1073,m parameswaran,a m parmeswaran,A5033681602,A5107021241,90
1074,jeffery s pettis,jeffrey s pettis,A5047384574,A5089104096,94
1075,andrew j park,andrew park,A5101410047,A5100657865,92
1076,sergey pivnenko,sergiy pivnenko,A5110699884,A5110497006,93
1077,michael parent,michael page,A5070692307,A5042932390,85
1078,ann pederson,anna petersson,A5018066720,A5087869307,85
1079,david pimm,david prime,A5038132132,A5009690588,86
1080,stephen peake,stephan j peake,A5086729149,A5113666881,86
1081,eric petersen,e i petersen,A5021260635,A5078633151,88
1082,eric petersen,eric m peters,A5021260635,A5087507860,85
1083,seong hyeon park,seoyeon park,A5063015584,A5121520663,86
1084,angelina j polsinelli,angelina polsinelli,A5011974531,A5135171739,95
1085,catherine proenza,catherine parent,A5087989619,A5073802401,85
1086,colin h peters,colin peters,A5081031628,A5045810832,92
1087,l poley,a poley,A5056932837,A5105504768,86
1088,d patterson,david patterson,A5110124469,A5047414920,85
1089,d patterson,da patterson,A5110124469,A5110248522,96
1090,ash m parameswaran,a parameswaran,A5111721362,A5112876238,88
1091,ash m parameswaran,a m parmeswaran,A5111721362,A5107021241,91
1092,alexis palmer,alison palmer,A5102185460,A5075341168,85
1093,michelle pang,michelle phan,A5057671019,A5111121890,92
1094,a parameswaran,a m parmeswaran,A5112876238,A5107021241,90
1095,david j prime,david prime,A5103543042,A5009690588,92
1096,david patterson,da patterson,A5047414920,A5110248522,89
1097,david patterson,david a patterson,A5047414920,A5077202069,94
1098,thomas pender,thomas pinter,A5008469560,A5039291557,85
1099,david prime,david price,A5009690588,A5102969601,91
1100,mn prentice,m prentice,A5114055326,A5112929889,95
1101,ej park,e j park,A5034789014,A5055391556,93
1102,sarah d power,sarah c power,A5020040573,A5109408842,92
1103,sarah d power,sarah power,A5020040573,A5125494822,92
1104,anish pokhrel,aashish pokhrel,A5111417880,A5112212235,86
1105,zhaokai pang,zhao kai pang,A5002096917,A5004300155,96
1106,sarah c power,sarah power,A5109408842,A5125494822,92
1107,edward park,edward j park,A5056582727,A5027049699,92
1108,qamar qureshi,zafar qureshi,A5076763131,A5013669916,85
1109,qamar qureshi,umar qureshi,A5076763131,A5102712173,88
1110,quratulain qureshi,qurat ul ain qureshi,A5065780235,A5075029715,95
1111,d c richardson,n j richardson,A5001647761,A5007012328,86
1112,d c richardson,c a richardson,A5001647761,A5075347718,86
1113,david a ross,david f ross,A5087975493,A5109030560,92
1114,michael p richards,michael richards,A5005684483,A5019215400,94
1115,michael c roberts,michael j rogers,A5042103088,A5081312172,85
1116,michael j ryan,michael p ryan,A5067054671,A5041777869,93
1117,michael j ryan,michael ryan,A5067054671,A5032566343,92
1118,john s richardson,john h richards,A5072458760,A5113464659,88
1119,john s richardson,john richards,A5072458760,A5067707865,87
1120,wei ren,weiwu ren,A5031165365,A5048516980,88
1121,douglas a ross,douglas e ross,A5109350215,A5043904548,93
1122,t v ramakrishnan,e ramakrishnan,A5067736088,A5110078206,87
1123,bernhard e riecke,bernhard rieke,A5016706227,A5108830512,90
1124,stephanie ross,stephanie a ross,A5111603356,A5066605195,93
1125,john h richards,john richards,A5113464659,A5067707865,93
1126,bernard d roitberg,bernie d roitberg,A5041271758,A5056128562,86
1127,ronald roesch,ron roesch,A5072256519,A5127856703,87
1128,tracey l rogers,tracy l rogers,A5077451282,A5031861605,97
1129,stephen n robinovitch,stephen n robinovich,A5017663407,A5007182790,98
1130,richard routley,richard routledge,A5019611543,A5027424447,88
1131,caterina f ramogida,caterina ramogida,A5016804317,A5133678053,94
1132,steven reynolds,steve reynolds,A5009546214,A5109852452,97
1133,n j richardson,c a richardson,A5007012328,A5075347718,86
1134,kay richardson,c a richardson,A5047325658,A5075347718,86
1135,nicholas roberts,nicholas j roberts,A5090001417,A5030623431,94
1136,nicholas roberts,nicole roberts,A5090001417,A5040805795,87
1137,luis monsonis romero,l monsonis romero,A5107398530,A5107937604,92
1138,david w redding,david reading,A5026870621,A5088948356,86
1139,sarah robinson,sarah j robinson,A5086557273,A5034966587,93
1140,md mahfuzur rahman,mahfuzur rahman,A5100714412,A5031275059,91
1141,william r richards,william d richards,A5056293008,A5009985427,94
1142,jeff reading,jeffrey reading,A5108284514,A5027406715,89
1143,eline a de rooij,eline de rooij,A5021349143,A5053298356,93
1144,stephanie l rayner,stephanie l renkers,A5028857421,A5106797872,86
1145,sean robertson,megan robertson,A5005717291,A5027916663,90
1146,deanna reder,deanna rexe,A5077934746,A5004493484,87
1147,kylie s reale,kylie real,A5038189958,A5009860707,87
1148,ramani ramaseshan,ramani remaseshan,A5103840556,A5092835365,94
1149,ramani ramaseshan,ramani ramaseshen,A5103840556,A5125603940,94
1150,mohamad rezaei,ahmad rezaei,A5015106785,A5091123141,85
1151,a ruiz,ian ruiz,A5110675380,A5037912444,86
1152,lauren faulkner rossi,lauren n faulkner rossi,A5023044639,A5072640534,95
1153,emma rodrigues,emma a rodrigues,A5005912029,A5082166231,93
1154,sc reynolds,s reynolds,A5110683846,A5060207717,95
1155,patrick morgan ritchie,patrick m ritchie,A5040169002,A5086371059,87
1156,alejandro rodriguez-silva,alejandro rodriquez-silva,A5029354056,A5072975618,96
1157,pulindu ratnasekera,pulindu rathnasekara,A5046908479,A5133460161,92
1158,javairia rahim,javaria f rahim,A5006521692,A5055183771,90
1159,ramani remaseshan,ramani ramaseshen,A5092835365,A5125603940,88
1160,chloe ba ross,chloe b a ross,A5113063581,A5128861255,96
1161,chloe ba ross,chloe ross,A5113063581,A5129049670,87
1162,michael p ryan,michael ryan,A5041777869,A5032566343,92
1163,richard j smith,richard l smith,A5014833790,A5054633029,93
1164,richard j smith,richard smith,A5014833790,A5023982706,93
1165,james g scott,james a scott,A5089128381,A5030275285,92
1166,james g scott,jamie k scott,A5089128381,A5045141972,85
1167,eric e smith,erica smith,A5015783013,A5029429899,87
1168,claus m schneider,c m schneider,A5067533820,A5113761831,87
1169,peter smith,peter m smith,A5033881989,A5101629366,92
1170,martín j siegert,martin siegert,A5071686907,A5051620397,87
1171,william small,will small,A5025234993,A5042673268,87
1172,yang shi,hang shi,A5028730873,A5072233763,88
1173,l sun,li sun,A5059481670,A5016308522,91
1174,john c spence,john spencer,A5059164509,A5110383598,88
1175,junde song,jun song,A5046533732,A5101794446,89
1176,s sindhu,gs sidhu,A5114911284,A5109135121,88
1177,s sindhu,s sidhu,A5114911284,A5038940302,93
1178,wolfgang stuerzlinger,wolfgang stürzlinger,A5085460170,A5106113183,93
1179,robert s smith,robert f smith,A5109292029,A5110560617,93
1180,t scott,n scott,A5016245314,A5011600617,86
1181,raunak shrestha,rupak shrestha,A5036712011,A5056900688,90
1182,richard l smith,richard smith,A5054633029,A5023982706,93
1183,j stelzer,b stelzer,A5107930192,A5007584535,89
1184,j stelzer,h j stelzer,A5107930192,A5106660131,90
1185,james a scott,jamie k scott,A5030275285,A5045141972,85
1186,takashi sato,takashi sakamoto,A5101991970,A5037742693,86
1187,xiaoying shen,xiaoyang shan,A5052768263,A5023601874,85
1188,haifeng sun,lifeng sun,A5008194128,A5047712495,86
1189,haifeng sun,haofeng su,A5008194128,A5114296616,86
1190,nadine schuurman,nadine schuurmann,A5071764220,A5014876465,97
1191,jacqueline e schein,jacquie schein,A5105987171,A5056903179,85
1192,prabhjot singh,prabhjot k singh,A5100765233,A5104203328,93
1193,danielle m smith,danielle smith,A5003118407,A5081292856,93
1194,danielle m smith,daniel r smith,A5003118407,A5070701089,87
1195,qian song,huiqian song,A5027353348,A5086238117,86
1196,qian song,ian song,A5027353348,A5086785647,94
1197,doug stead,douglas stead,A5004942062,A5110676472,87
1198,lei sun,li sun,A5014594202,A5016308522,92
1199,daniel shapiro,daniel m shapiro,A5023560002,A5103350719,93
1200,tao sun,hao sun,A5047651657,A5100694346,86
1201,j stewart,t stewart,A5018855718,A5110618641,89
1202,hasina samji,hasina shamji,A5032853894,A5003602094,96
1203,dan h shugar,d h shugar,A5042017701,A5028227749,91
1204,jennifer smit,jennifer smith,A5102833585,A5102920744,96
1205,jennifer smit,jennifer shim,A5102833585,A5110681242,85
1206,tim b swartz,tim swartz,A5051510373,A5127106561,91
1207,hong shi,hang shi,A5083691948,A5072233763,88
1208,s d sokolov,s sokolov,A5067662715,A5002247034,90
1209,stephen j smith,stephen a smith,A5076510990,A5129863129,93
1210,shannan j ho sui,shannan ho sui,A5110721438,A5110636987,93
1211,patricia m smith,patricia smith,A5101943984,A5101655782,93
1212,patricia m smith,tricia h smith,A5101943984,A5024918594,87
1213,nicholas pd smyth,nicholas d smith,A5044793493,A5103821942,91
1214,l saunders,ir saunders,A5088215522,A5090283453,86
1215,l saunders,paul saunders,A5088215522,A5021854606,87
1216,l saunders,l sanderson,A5088215522,A5121457872,86
1217,rylan simpson,rylen sampson,A5034043466,A5113413885,85
1218,amanpreet singh,manpreet singh,A5100672985,A5102708146,97
1219,michael h smith,michael j smith,A5106229409,A5101453839,93
1220,c m schneider,j w schneider,A5113761831,A5110020160,85
1221,m singh,o singh,A5102787916,A5108389203,86
1222,m singh,s singh,A5102787916,A5010848242,86
1223,xiaolin sun,xiaoting sun,A5081946729,A5076953547,87
1224,patricia smith,tricia h smith,A5101655782,A5024918594,86
1225,ian scott,n scott,A5033057164,A5011600617,88
1226,tushar kanti saha,tushar k saha,A5025399722,A5005626134,87
1227,elizabeth silva,elizabeth salvosa,A5003780056,A5107545381,88
1228,tammara soma,tammara somma,A5085365598,A5099474950,96
1229,yun shi,yu shi,A5041881846,A5100328455,92
1230,christina v schwarz,christine r schwartz,A5003874772,A5014667711,87
1231,weiran sun,wenqian sun,A5076368773,A5108852213,86
1232,manpreet singh,jaspreet singh,A5102708146,A5020217719,86
1233,s schneider,jesse schneider,A5102752469,A5020407266,85
1234,jeffrey sommers,jeff sommers,A5112082937,A5035348981,89
1235,heather stewart,heather a stewart,A5062879863,A5072731299,94
1236,oliver stelzer-chilton,o stelzer-chilton,A5108365767,A5083160169,87
1237,natalie sinclair,nathalie sinclair,A5021504145,A5067158484,97
1238,naisha shah,aisha shahid,A5056531569,A5065499179,87
1239,hao sun,haibo sun,A5100694346,A5040575429,88
1240,hao sun,yuhao sun,A5100694346,A5100660850,88
1241,li sun,li su,A5016308522,A5101775156,91
1242,pek-hooi soh,pek hooi soh,A5022750237,A5050816262,92
1243,huiyin song,huiqian song,A5101478789,A5086238117,87
1244,jennifer schneider,jennifer schmeisser,A5101543108,A5059000496,86
1245,cameron c scott,cameron scott,A5052783314,A5030564726,93
1246,yadvinder singh,ravinder singh,A5101988407,A5108442087,90
1247,plaban jyoti sarma,paran jyoti sarma,A5002323493,A5102445620,91
1248,jiaqing song,jialin song,A5103205398,A5071124814,87
1249,maninder singh,ravinder singh,A5007887282,A5108442087,86
1250,michèle schmidt,michelle schmidt,A5091617213,A5039633290,90
1251,jennifer shen,jennifer shutek,A5044213024,A5014807357,86
1252,jennifer shen,jennifer shim,A5044213024,A5110681242,85
1253,cenk sahinalp,s cenk sahinalp,A5113664716,A5091539121,93
1254,o singh,s singh,A5108389203,A5010848242,86
1255,mahabir singh,manohar singh,A5037703009,A5013156219,85
1256,gs sidhu,s sidhu,A5109135121,A5038940302,93
1257,sanam shafaattalab,s shafaattalab,A5021073765,A5124997854,88
1258,danielle smith,daniel r smith,A5081292856,A5070701089,86
1259,debbie sheehan,debbie sheenan,A5109036918,A5055687264,93
1260,nicola s smith,nicholas d smith,A5101539818,A5103821942,87
1261,elisa stone,elise stone,A5072209095,A5121839886,91
1262,victor song,victor y song,A5008590238,A5115025809,92
1263,valia spiliotopoulos,maria spiliotopoulou,A5050693460,A5056935743,85
1264,r sheehan,d sheehan,A5110963386,A5109690710,89
1265,pouyan sajadi,pouya samandi,A5093104336,A5049925786,85
1266,thushani de silva,gl thushani de silva,A5068060581,A5013022283,92
1267,wen shi,ken shi,A5101742182,A5077991730,86
1268,joan sharp,ja sharp,A5009146426,A5014345618,89
1269,lindsay samson,lindsay simpson,A5016835962,A5013910232,90
1270,ji‐hyung shin,jiyoung shin,A5020714461,A5109363537,88
1271,nicolás salcedo-porras,nicolas salcedo-porras,A5058139207,A5112566419,95
1272,jeffrey van santen,jeffrey a van santen,A5058603439,A5071037562,95
1273,diogo silva,diogo da silva,A5100659798,A5056130731,88
1274,akhmedkhan shabanov,akhmedkhan ahan shabanov,A5108762255,A5108988979,88
1275,ian song,ian y song,A5086785647,A5109703294,89
1276,t stead,te stead,A5039734119,A5120707253,93
1277,t stead,d stead,A5039734119,A5110425840,86
1278,k a salters,kate a salters,A5109249088,A5123025824,88
1279,k a salters,kate salters,A5109249088,A5080431297,87
1280,stephanie c stelmaschuk,stephanie c stelmachuk,A5020197736,A5075274634,98
1281,andrew j sixsmith,andrew sixsmith,A5109634693,A5062744892,94
1282,victor ht soares,victor soares,A5113007020,A5113114976,90
1283,kate a salters,kate salters,A5123025824,A5080431297,92
1284,michael a silverman,michael silverman,A5128221253,A5067954882,94
1285,william scott,william a scott,A5055098956,A5001064251,93
1286,w taylor,a taylor,A5106762330,A5085240474,88
1287,robert m townsend,robert townsend,A5081582389,A5108377201,94
1288,a j tanasijczuk,a tanasijczuk,A5111932167,A5106486060,93
1289,j r thompson,j e thompson,A5102732555,A5107913950,92
1290,j r thompson,joe j thompson,A5102732555,A5113625185,85
1291,y tanaka,s tanaka,A5107829893,A5107861692,88
1292,j edward taylor,edward j taylor,A5066308687,A5050206091,87
1293,ljiljana trajković,ljiljana trajkovi,A5063188862,A5099238010,97
1294,peter a thompson,peter r thompson,A5087602408,A5045899607,94
1295,peter a thompson,peter thompson,A5087602408,A5133998592,93
1296,glen f tibbits,g f tibbits,A5028749728,A5125037300,88
1297,r i thompson,ron i thomson,A5071810087,A5086287184,88
1298,d thompson,d b thomson,A5041355502,A5032440696,86
1299,p turner,d turner,A5062054294,A5110547058,88
1300,james thompson,james a thomson,A5101413043,A5110451084,90
1301,james thompson,j e thompson,A5101413043,A5107913950,85
1302,steve thompson,steven k thompson,A5030682589,A5106034896,90
1303,lisa thompson,lisa a thompson,A5008381135,A5108416162,93
1304,david taras,david tran,A5064628617,A5111538062,86
1305,peter r thompson,peter thompson,A5045899607,A5133998592,93
1306,darby j s thompson,darby thompson,A5009887285,A5109927867,88
1307,nicholas m tran,nicholas trân,A5077320906,A5110237721,86
1308,jiaxin tan,jiaxi tang,A5006919028,A5101756369,90
1309,laura mcfarlane tranquilla,laura a mcfarlane tranquilla,A5072615121,A5006864776,96
1310,yiting tang,ying tang,A5100948304,A5068916385,90
1311,laura e tate,laura tate,A5055406017,A5119007221,91
1312,liwei tian,jiawei tian,A5101909422,A5113108714,86
1313,darby thompson,daisy thompson,A5109927867,A5068536973,86
1314,hong tang,hong tan,A5101480487,A5035291687,94
1315,carolyn tayler,carolyn taylor,A5111876113,A5082631069,93
1316,simon tang,sicong tang,A5048472538,A5101444702,86
1317,j e thompson,joe j thompson,A5107913950,A5113625185,85
1318,ryan thomas,rohan thomas,A5049947777,A5111511890,87
1319,ryan thomas,brian thomas,A5049947777,A5109850773,87
1320,michael j trimble,michael trimble,A5059892142,A5114186388,94
1321,david c thompson,david thompson,A5083128208,A5122871501,93
1322,david c thompson,david c thomas,A5083128208,A5077459654,87
1323,carolyn taylor,carole taylor,A5082631069,A5103703681,89
1324,rohan thomas,john thomas,A5111511890,A5056009631,87
1325,paige tuttösí,paige tuttosi,A5064388924,A5020759758,85
1326,ying tang,ying tian,A5068916385,A5110312325,89
1327,mlw thewalt,m l w thewalt,A5067491474,A5007011961,92
1328,omnia taha,omnia m taha,A5089318544,A5055623045,91
1329,huyen thu tran,huyen m tran,A5111251208,A5129759982,85
1330,daisy thompson,david thompson,A5068536973,A5122871501,86
1331,kamala todd,par kamala todd,A5093134137,A5111063660,85
1332,j c vermeulen,a t vermeulen,A5107306852,A5120391072,85
1333,adam vaughan,adam d vaughan,A5033985268,A5032432739,92
1334,olga vasilieva,olga vasileva,A5002332918,A5017822284,96
1335,cécile b vigouroux,cécile vigouroux,A5082631473,A5105103566,94
1336,siamack vosoogh-grayli,sasan vosoogh-grayli,A5071328436,A5079676075,86
1337,mel a v voulgaris,mel voulgaris,A5033089153,A5135654200,87
1338,m vetterli,m c vetterli,A5105238543,A5019316470,91
1339,kai wang,kaili wang,A5100437036,A5018822961,89
1340,xiaogang wang,xiaodong wang,A5100444820,A5100382658,85
1341,xiaogang wang,xiaotong wang,A5100444820,A5107933953,85
1342,xiaogang wang,xiaolan wang,A5100444820,A5100767232,88
1343,xiaogang wang,xiangxiang wang,A5100444820,A5101720263,86
1344,xiaogang wang,xiaoying wang,A5100444820,A5100700839,85
1345,qing wang,ying wang,A5100434915,A5115602710,89
1346,qing wang,ning wang,A5100434915,A5100387096,89
1347,qing wang,qiang wang,A5100434915,A5100366899,95
1348,qing wang,qi wang,A5100434915,A5100341251,88
1349,qing wang,yanqing wang,A5100434915,A5038423562,86
1350,qing wang,jing wang,A5100434915,A5100378538,89
1351,qing wang,xing wang,A5100434915,A5100365513,89
1352,s m wang,s w wang,A5114376519,A5049536854,88
1353,s m wang,s wang,A5114376519,A5089469363,86
1354,s m wang,z m wang,A5114376519,A5025431641,88
1355,xiaodong wang,xiaotong wang,A5100382658,A5107933953,92
1356,xiaodong wang,xiaoying wang,A5100382658,A5100700839,85
1357,jinfeng wang,jing wang,A5100344683,A5100378538,86
1358,jinfeng wang,feng wang,A5100344683,A5060899492,86
1359,dan wang,yan wang,A5100411794,A5100322712,88
1360,ying wang,yian wang,A5115602710,A5115589383,89
1361,ying wang,ning wang,A5115602710,A5100387096,89
1362,ying wang,yanping wang,A5115602710,A5100325747,86
1363,ying wang,yanqing wang,A5115602710,A5038423562,86
1364,ying wang,yong wang,A5115602710,A5100424542,89
1365,ying wang,yang wang,A5115602710,A5100714578,89
1366,ying wang,jing wang,A5115602710,A5100378538,89
1367,ying wang,yi wang,A5115602710,A5115695469,88
1368,ying wang,xing wang,A5115602710,A5100365513,89
1369,ying wang,yitong wang,A5115602710,A5100650007,90
1370,stephen tc wong,stephen wong,A5015077092,A5101727467,89
1371,xiaolin wang,xiaolan wang,A5100395177,A5100767232,92
1372,xiaolin wang,xiaolei wang,A5100395177,A5012106743,92
1373,xiaolin wang,xiaoying wang,A5100395177,A5100700839,88
1374,xiaolin wang,xiao wang,A5100395177,A5100411459,86
1375,rui wang,hui wang,A5100431366,A5100460685,88
1376,rui wang,ruiqi wang,A5100431366,A5100387944,89
1377,shun wang,shujian wang,A5100424610,A5053302353,86
1378,shun wang,huan wang,A5100424610,A5047123961,89
1379,jim williams,j williams,A5009177807,A5037101699,91
1380,jim williams,m williams,A5009177807,A5012451717,91
1381,jim williams,jaime williams,A5009177807,A5101955561,92
1382,r walker,v walker,A5088734060,A5111741114,88
1383,gaofeng wang,feng wang,A5114929531,A5060899492,86
1384,beth wilson,ben wilson,A5103893571,A5027230996,86
1385,jiannong wang,jiannan wang,A5106762839,A5101850961,88
1386,michelle d williams,michele williams,A5069538294,A5030338466,91
1387,michelle d williams,p michele williams,A5069538294,A5086541193,86
1388,suning wang,ning wang,A5057524603,A5100387096,90
1389,suning wang,suxin wang,A5057524603,A5059666140,86
1390,yufei wang,yue wang,A5100374822,A5100372089,89
1391,lei wang,wei wang,A5100436146,A5100392089,88
1392,lei wang,lin wang,A5100436146,A5100403087,88
1393,lei wang,pei wang,A5100436146,A5115593415,88
1394,peter williams,peter w williams,A5031393112,A5104065854,93
1395,peter williams,heather williams,A5031393112,A5061521378,87
1396,richard wright,richard l wright,A5006429520,A5067024044,93
1397,richard wright,richard d wright,A5006429520,A5103294890,93
1398,j webster,john webster,A5069788322,A5112228279,86
1399,s r williams,s n williamson,A5105520746,A5084016100,85
1400,yian wang,yuan wang,A5115589383,A5100344829,89
1401,yian wang,yan wang,A5115589383,A5100322712,94
1402,yian wang,jian wang,A5115589383,A5100696824,89
1403,yian wang,yang wang,A5115589383,A5100714578,89
1404,yian wang,yi wang,A5115589383,A5115695469,88
1405,yian wang,yifan wang,A5115589383,A5101576850,95
1406,yali wang,yi wang,A5100335705,A5115695469,88
1407,zhi wang,yizhi wang,A5100376399,A5101969071,89
1408,zhi wang,hui wang,A5100376399,A5100460685,88
1409,zhi wang,zhu wang,A5100376399,A5100439571,88
1410,zhi wang,zhe wang,A5100376399,A5100407591,88
1411,zhi wang,h wang,A5100376399,A5107877346,86
1412,kelin wang,lin wang,A5100736562,A5100403087,89
1413,ning wang,yanping wang,A5100387096,A5100325747,86
1414,ning wang,yanqing wang,A5100387096,A5038423562,86
1415,ning wang,jing wang,A5100387096,A5100378538,89
1416,ning wang,xing wang,A5100387096,A5100365513,89
1417,fang wang,fangxin wang,A5100321370,A5101686970,86
1418,fang wang,yang wang,A5100321370,A5100714578,89
1419,fang wang,feng wang,A5100321370,A5060899492,89
1420,michael o woods,michael wood,A5047003892,A5038398467,89
1421,james white,james whitehead,A5062046679,A5104008053,85
1422,yanping wang,yanbin wang,A5100325747,A5100716166,87
1423,yanping wang,yanqing wang,A5100325747,A5038423562,92
1424,yanping wang,yang wang,A5100325747,A5100714578,86
1425,andrew wright,andrew g wright,A5049281974,A5040955445,93
1426,zheng wang,zhen wang,A5045214230,A5100422325,95
1427,zheng wang,zhe wang,A5045214230,A5100407591,89
1428,honglun wang,hongjun wang,A5049010169,A5100357117,92
1429,honglun wang,chongquan wang,A5049010169,A5047680985,85
1430,ryan woods,brian woods,A5046710365,A5059775668,86
1431,ryan woods,ryan w woods,A5046710365,A5081728285,91
1432,jane e williamson,vance e williams,A5052982122,A5010948237,85
1433,jing wu,jin wu,A5080341476,A5066514306,92
1434,jing wu,qing wu,A5080341476,A5114130069,86
1435,mengyi wang,mengqin wang,A5019594623,A5074911249,87
1436,qiang wang,qianpu wang,A5100366899,A5051012299,86
1437,xiaotong wang,xiaoying wang,A5107933953,A5100700839,85
1438,s p watkins,simon p watkins,A5021128859,A5078054913,85
1439,xiaolan wang,xiao wang,A5100767232,A5100411459,86
1440,zujian wang,shujian wang,A5036925323,A5053302353,87
1441,zujian wang,jian wang,A5036925323,A5100696824,90
1442,james m wakeling,james wakeling,A5058897622,A5135462954,93
1443,jiaming wang,jian wang,A5100631346,A5100696824,86
1444,jiaming wang,jing wang,A5100631346,A5100378538,86
1445,jin wu,jinze wu,A5066514306,A5015037796,86
1446,sue wilkinson,sl wilkinson,A5113956718,A5133759179,88
1447,douglas j wilson,douglas r wilson,A5030521838,A5111467472,94
1448,xin wei,xin wen,A5050465904,A5102813216,86
1449,yang wu,lang wu,A5059655937,A5101816315,86
1450,changqing wang,yanqing wang,A5101651614,A5038423562,85
1451,changqing wang,zhengqing wang,A5101651614,A5005632299,86
1452,greg williams,g williams,A5102837182,A5090734265,87
1453,hao wang,tao wang,A5100704211,A5100453429,88
1454,hao wang,h wang,A5100704211,A5107877346,86
1455,zhen wang,zhe wang,A5100422325,A5100407591,94
1456,stephen c wright,steven c wright,A5042007466,A5103456564,90
1457,gary wang,g gary wang,A5025935520,A5012067602,90
1458,jason wong,jason wang,A5071577144,A5100700438,90
1459,adina williams,katrina williams,A5062696000,A5053056729,87
1460,alex i wiesman,alex i weismann,A5072572408,A5126496773,90
1461,alex i wiesman,alex wiesman,A5072572408,A5126931502,92
1462,fangxin wang,fangxing wang,A5101686970,A5055564425,96
1463,glyn williams‐jones,glyn williams-jones,A5081559005,A5133302717,95
1464,glyn williams‐jones,g williams-jones,A5081559005,A5133452506,86
1465,shuai wang,hui wang,A5101767105,A5100460685,89
1466,qi wang,yi wang,A5100341251,A5115695469,86
1467,mark wexler,mark n wexler,A5000598729,A5102708571,92
1468,mark wexler,mark weiler,A5000598729,A5003187153,91
1469,michele williams,p michele williams,A5030338466,A5086541193,94
1470,david g t whitehurst,david gt whitehirst,A5045933977,A5113131774,92
1471,jie wang,sijie wang,A5100731879,A5100712619,89
1472,jie wang,j wang,A5100731879,A5064909746,86
1473,a t wilson,a m wilson,A5110882559,A5045074079,90
1474,andrew wong,andrew t wong,A5059078129,A5102263479,92
1475,xianzhong wang,tianzheng wang,A5043793217,A5101598171,86
1476,jiaqi wang,jiayi wang,A5100365355,A5092212559,90
1477,hui wang,zhu wang,A5100460685,A5100439571,88
1478,hui wang,h wang,A5100460685,A5107877346,86
1479,brian woods,brad woods,A5059775668,A5082410578,86
1480,sijie wang,weijie wang,A5100712619,A5029551563,86
1481,sijie wang,shijia wang,A5100712619,A5019595657,86
1482,robert l wilson,robert l williamson,A5107394287,A5041841000,88
1483,hongjun wang,chongquan wang,A5100357117,A5047680985,85
1484,jingya wang,jing wang,A5100639522,A5100378538,90
1485,matthew d white,matthew d whiteside,A5101611665,A5005752445,88
1486,j williams,m williams,A5037101699,A5012451717,90
1487,j williams,vt williams,A5037101699,A5082381907,86
1488,j williams,g williams,A5037101699,A5090734265,90
1489,yiji wang,yi wang,A5085634322,A5115695469,88
1490,mary wilson,gary wilson,A5110278394,A5103499218,91
1491,m williams,vt williams,A5012451717,A5082381907,86
1492,m williams,g williams,A5012451717,A5090734265,90
1493,antony wood,antony w wood,A5108654491,A5108415059,92
1494,yao wu,yuyao wu,A5101617102,A5022999059,86
1495,yuan wang,yuquan wang,A5100344829,A5101515523,90
1496,yuan wang,yan wang,A5100344829,A5100322712,94
1497,yuan wang,yang wang,A5100344829,A5100714578,89
1498,yuan wang,huan wang,A5100344829,A5047123961,89
1499,stephen wong,stephanie wong,A5101727467,A5079712740,85
1500,yawen wang,yan wang,A5100371596,A5100322712,89
1501,christopher j walkey,christopher a walter,A5069476977,A5048552269,85
1502,shangyuan wu,shanyun wu,A5071516479,A5103225353,91
1503,richard l wright,richard d wright,A5067024044,A5103294890,94
1504,bixia wang,bi-xia wang,A5052919764,A5113040768,95
1505,kath webster,kathleen webster,A5112455137,A5111487598,86
1506,hannah watkins,hannah v watkins,A5006348785,A5080278299,93
1507,frederick h willeboordse,frederick willeboordse,A5018038456,A5117125129,96
1508,i williamson,s n williamson,A5040854666,A5084016100,85
1509,chenglei wu,chenglin wu,A5102951891,A5112523784,91
1510,yanbin wang,yanqing wang,A5100716166,A5038423562,87
1511,suxin wang,xin wang,A5059666140,A5022927606,89
1512,j wan,j wang,A5035249484,A5064909746,91
1513,yule wang,yue wang,A5101872740,A5100372089,94
1514,guangyuan wang,guangshun wang,A5088776879,A5019689255,86
1515,guozhen wu,guanzhen wu,A5110290867,A5045904132,86
1516,r g woods,r woods,A5113442220,A5067831979,88
1517,g g wang,g wang,A5023408981,A5061444400,86
1518,yibo wang,yi wang,A5008916568,A5115695469,88
1519,quincy wang,quincy q wang,A5039716183,A5045857676,92
1520,yanqing wang,yang wang,A5038423562,A5100714578,86
1521,c x wang,c wang,A5002123614,A5111593094,86
1522,zhengqing wang,mengqin wang,A5005632299,A5074911249,85
1523,xiaolei wang,xiao wang,A5012106743,A5100411459,86
1524,xiangxiang wang,fangxing wang,A5101720263,A5055564425,86
1525,xiangxiang wang,liangliang wang,A5101720263,A5100462051,87
1526,j wang,jun wang,A5064909746,A5084169778,86
1527,vt williams,g williams,A5082381907,A5090734265,86
1528,jiayi wang,tianyi wang,A5092212559,A5134593965,86
1529,mannan wang,jiannan wang,A5024832076,A5101850961,87
1530,timothy woinoski,tim woinoski,A5112497827,A5112857475,86
1531,s w wang,s wang,A5049536854,A5089469363,86
1532,shujian wang,jian wang,A5053302353,A5100696824,86
1533,shujian wang,huan wang,A5053302353,A5047123961,86
1534,shujian wang,shijia wang,A5053302353,A5019595657,87
1535,xinglu wang,xing wang,A5054813029,A5100365513,90
1536,tianbi wu,tianbu wu,A5077851516,A5113986242,89
1537,justin wong,justin wang,A5121316639,A5125655216,91
1538,cal woodruff,calvert woodruff,A5058077634,A5007490784,86
1539,glyn williams-jones,g williams-jones,A5133302717,A5133452506,91
1540,yan wang,yang wang,A5100322712,A5100714578,94
1541,yan wang,yifan wang,A5100322712,A5101576850,89
1542,wei wang,pei wang,A5100392089,A5115593415,88
1543,lin wang,xin wang,A5100403087,A5022927606,88
1544,yong wang,yang wang,A5100424542,A5100714578,89
1545,yong wang,cong wang,A5100424542,A5100390514,89
1546,yong wang,yitong wang,A5100424542,A5100650007,90
1547,jian wang,jing wang,A5100696824,A5100378538,89
1548,jian wang,jiannan wang,A5100696824,A5101850961,86
1549,yang wang,haiyang wang,A5100714578,A5100438279,86
1550,jing wang,xing wang,A5100378538,A5100365513,89
1551,xin wang,xing wang,A5022927606,A5100365513,94
1552,peng wang,feng wang,A5100396039,A5060899492,89
1553,peng wang,yuepeng wang,A5100396039,A5101979875,86
1554,zhu wang,zhe wang,A5100439571,A5100407591,88
1555,zhu wang,h wang,A5100439571,A5107877346,86
1556,zhe wang,h wang,A5100407591,A5107877346,86
1557,jennifer s wong,jennifer wang,A5018101953,A5100693673,86
1558,z m wang,z-m wang,A5025431641,A5110651825,88
1559,kang xu,fang xu,A5100440745,A5101827751,86
1560,jian xu,jia xu,A5100743369,A5080664799,92
1561,jian xu,jing xu,A5100743369,A5017604391,86
1562,zheng xu,zhen xu,A5101725914,A5100615684,93
1563,zheng xu,cheng xu,A5101725914,A5100430968,88
1564,zhenyu xiao,zheng xiao,A5054957139,A5055914327,86
1565,zheng xie,zhong xie,A5044995870,A5049508168,89
1566,xiaoyan xue,xiaoyuan xu,A5103088826,A5073307355,91
1567,zhong xie,hong xie,A5049508168,A5100405598,94
1568,shiyi xie,huiyi xie,A5006625444,A5102685095,89
1569,haibo xie,hai xie,A5070030950,A5110762402,88
1570,dong xie,hong xie,A5014938635,A5100405598,88
1571,qiang xu,xiang xu,A5101814456,A5101575687,88
1572,xiang xu,xing xu,A5101575687,A5103162315,93
1573,jing xue,jing xu,A5107094414,A5017604391,93
1574,hongyu xie,hong xie,A5022983322,A5100405598,89
1575,xiaoyu xiu,xiaoyuan xu,A5034988224,A5073307355,86
1576,y xiong,yi xiong,A5113156073,A5014672057,93
1577,xing xu,jing xu,A5103162315,A5017604391,86
1578,bicheng xu,cheng xu,A5068992961,A5100430968,89
1579,hai xie,hui xie,A5110762402,A5035823220,86
1580,huiyi xie,hui xie,A5102685095,A5035823220,88
1581,qiang yang,shiqiang yang,A5100636286,A5024669831,87
1582,yan yu,yan yuan,A5100423125,A5066041865,86
1583,yan yu,yang yu,A5100423125,A5100458530,92
1584,wei yu,kewei yu,A5002139930,A5067490405,86
1585,y yamazaki,t yamazaki,A5013476298,A5120644277,90
1586,jane young,james young,A5077401365,A5002307672,86
1587,karen yeates,karen yeats,A5009739177,A5040147498,96
1588,yong yu,hong yu,A5049771866,A5034667645,86
1589,yong yu,ying yu,A5049771866,A5110273945,86
1590,yong yu,yang yu,A5049771866,A5100458530,86
1591,robert n young,robert r young,A5063566841,A5039704210,93
1592,yu yoshida,jun yoshida,A5112271458,A5076483267,86
1593,hong yu,jihong yu,A5034667645,A5065566262,88
1594,bing yan,ming yan,A5029654177,A5089718306,88
1595,qi yang,yi yang,A5015479540,A5100393489,86
1596,peter young,peter j young,A5053679195,A5102453986,92
1597,xing-dong yang,xingdong yang,A5084933066,A5111939848,96
1598,yan yuan,yan yan,A5066041865,A5100395029,93
1599,jian yang,yijian yang,A5017058859,A5035063980,90
1600,jian yang,jing yang,A5017058859,A5103148320,89
1601,ye yuan,yi yuan,A5100337347,A5026507654,86
1602,ye yuan,yue yuan,A5100337347,A5060267456,93
1603,yuan yang,yan yan,A5052594283,A5100395029,88
1604,yijian yang,yifan yang,A5035063980,A5132658725,86
1605,xin yan,xin yang,A5101539993,A5072568935,93
1606,ming yi,ming yin,A5022949390,A5101273683,93
1607,yingchen yang,yichen yan,A5009747369,A5019810767,87
1608,yuping yang,yupin yang,A5103283440,A5014233628,95
1609,yuping yang,yumin yang,A5103283440,A5100297794,86
1610,james young,james d young,A5002307672,A5037331354,92
1611,jian yao,jiayun yao,A5100695409,A5001893229,89
1612,luwei yang,wei yang,A5061887584,A5021532450,89
1613,jingyi yang,jing yang,A5101414403,A5103148320,90
1614,yi yuan,yi yang,A5026507654,A5100393489,86
1615,sen yang,wen yang,A5101842208,A5100592332,88
1616,a yang,hao yang,A5109719472,A5101549433,86
1617,a yang,lan yang,A5109719472,A5100661258,86
1618,a yang,hua yang,A5109719472,A5052179777,86
1619,shuai yang,hua yang,A5101900428,A5052179777,89
1620,hao yang,hua yang,A5101549433,A5052179777,88
1621,m a yakovlev,m yakovlev,A5050510999,A5085376161,91
1622,lillian yang,lilian yang,A5069623565,A5050329563,96
1623,yupin yang,yumin yang,A5014233628,A5100297794,90
1624,siyuan yin,xi yuan yin,A5103269607,A5080394468,86
1625,wei yang,wen yang,A5021532450,A5100592332,88
1626,yiqi yan,yiqiu yang,A5008435885,A5063803367,89
1627,iqra yaseen,iqra m yaseen,A5069110489,A5007166113,92
1628,dongya y yang,dongya yang,A5101882275,A5068449596,92
1629,ying yu,yang yu,A5110273945,A5100458530,86
1630,ming yan,ming yin,A5089718306,A5101273683,88
1631,runyu yang,ruyu yan,A5101788931,A5090764071,89
1632,shujun zhang,jun zhang,A5100658008,A5108140781,86
1633,hao zhang,hao‐li zhang,A5100397026,A5087703044,86
1634,hao zhang,hua zhang,A5100397026,A5100408652,89
1635,hao zhang,han zhang,A5100397026,A5100399276,89
1636,qi zhao,di zhao,A5028355034,A5025337002,86
1637,xiaoxing zhang,xiong zhang,A5100774812,A5107873046,88
1638,xiaoxing zhang,xiaokong zhang,A5100774812,A5057352934,86
1639,xiaoxing zhang,xiaoheng zhang,A5100774812,A5101635865,86
1640,xiaoxing zhang,xiaoli zhang,A5100774812,A5100404549,85
1641,xiaoxing zhang,xiaoning zhang,A5100774812,A5100423526,93
1642,zhihua zhang,hua zhang,A5100393609,A5100408652,86
1643,chenggang zhang,cheng zhang,A5000894136,A5107171363,85
1644,yilin zhang,ying zhang,A5100758230,A5100652122,86
1645,yilin zhang,ruilin zhang,A5100758230,A5004074785,87
1646,yilin zhang,zhilin zhang,A5100758230,A5100723116,87
1647,yilin zhang,lin zhang,A5100758230,A5100351907,90
1648,yilin zhang,yiming zhang,A5100758230,A5100395351,87
1649,ziming zhang,ziying zhang,A5048506332,A5029839968,92
1650,ziming zhang,yiming zhang,A5048506332,A5100395351,92
1651,ting zhang,ying zhang,A5103271184,A5100652122,90
1652,ting zhang,xiong zhang,A5103271184,A5107873046,86
1653,ting zhang,qiong zhang,A5103271184,A5088814508,86
1654,ting zhang,tingyu zhang,A5103271184,A5038286158,91
1655,jianwen zhang,jiawei zhang,A5100666287,A5100462859,88
1656,jianwen zhang,jian zhang,A5100666287,A5100409994,87
1657,ying zhang,yang zhang,A5100652122,A5100354569,90
1658,ying zhang,ziying zhang,A5100652122,A5029839968,91
1659,ying zhang,yanqing zhang,A5100652122,A5059148667,87
1660,ying zhang,yifan zhang,A5100652122,A5100376927,86
1661,ying zhang,yaying zhang,A5100652122,A5048067916,91
1662,ying zhang,xiuying zhang,A5100652122,A5100669325,87
1663,ying zhang,yidong zhang,A5100652122,A5100726467,91
1664,ying zhang,xiong zhang,A5100652122,A5107873046,86
1665,ying zhang,qiong zhang,A5100652122,A5088814508,86
1666,ying zhang,xueying zhang,A5100652122,A5133488002,87
1667,ying zhang,yong zhang,A5100652122,A5100419770,90
1668,ying zhang,yiming zhang,A5100652122,A5100395351,91
1669,ying zhang,yinan zhang,A5100652122,A5100426662,86
1670,yang zhang,liyang zhang,A5100354569,A5100412776,91
1671,yang zhang,yanqing zhang,A5100354569,A5059148667,87
1672,yang zhang,yifan zhang,A5100354569,A5100376927,86
1673,yang zhang,fuyang zhang,A5100354569,A5060032896,91
1674,yang zhang,yaying zhang,A5100354569,A5048067916,91
1675,yang zhang,yuhuang zhang,A5100354569,A5028569452,87
1676,yang zhang,yeyan zhang,A5100354569,A5004754173,86
1677,yang zhang,yong zhang,A5100354569,A5100419770,90
1678,yang zhang,yan zhang,A5100354569,A5100456168,95
1679,yang zhang,haiyang zhang,A5100354569,A5100325587,87
1680,yang zhang,yinan zhang,A5100354569,A5100426662,86
1681,tao zhou,hao zhou,A5043402815,A5081934504,88
1682,li zhang,lu zhang,A5100425680,A5100388667,88
1683,li zhang,di zhang,A5100425680,A5100366387,88
1684,li zhang,qi zhang,A5100425680,A5102846378,88
1685,li zhang,lin zhang,A5100425680,A5100351907,94
1686,li zhang,lei zhang,A5100425680,A5100686609,94
1687,li zhang,l zhang,A5100425680,A5003824887,93
1688,ming‐ming zhou,mingming zhou,A5056104796,A5007469196,96
1689,haojin zhu,haobin zhou,A5039106671,A5108968499,86
1690,luoping zhang,long zhang,A5102774108,A5032399637,87
1691,liyang zhang,lingkang zhang,A5100412776,A5010293860,85
1692,liyang zhang,yan zhang,A5100412776,A5100456168,86
1693,liyang zhang,lin zhang,A5100412776,A5100351907,86
1694,liyang zhang,haiyang zhang,A5100412776,A5100325587,88
1695,chen zhang,zhen zhang,A5100374123,A5090226143,90
1696,chen zhang,yichen zhang,A5100374123,A5100341412,91
1697,chen zhang,cheng zhang,A5100374123,A5107171363,95
1698,chen zhang,chenyi zhang,A5100374123,A5054109702,91
1699,yuxi zhang,yu zhang,A5100779766,A5100433382,89
1700,yuke zhu,yu zhu,A5030826237,A5042002018,86
1701,yu zhang,lu zhang,A5100433382,A5100388667,88
1702,yu zhang,y zhang,A5100433382,A5113096366,93
1703,yu zhang,yuru zhang,A5100433382,A5101471324,89
1704,xiaohua zhang,xiaoya zhang,A5023068474,A5100718904,88
1705,xiaohua zhang,xiao zhang,A5023068474,A5100320842,87
1706,ziying zhang,xiuying zhang,A5029839968,A5100669325,88
1707,jianqiu zhang,jianqin zhuang,A5087249630,A5060161804,89
1708,jianqiu zhang,jian zhang,A5087249630,A5100409994,87
1709,lu zhang,l zhang,A5100388667,A5003824887,93
1710,suiping zhou,ping zhou,A5049798236,A5045031165,86
1711,suiping zhou,qiping zhou,A5049798236,A5035252843,87
1712,ping zhou,jing zhou,A5045031165,A5100650232,89
1713,ping zhou,ming zhou,A5045031165,A5101430305,89
1714,ping zhou,qiping zhou,A5045031165,A5035252843,90
1715,kaizhong zhang,zhong zhang,A5081729547,A5100350965,88
1716,zhen zhang,zhe zhang,A5090226143,A5102834300,95
1717,zhen zhang,zhong zhang,A5090226143,A5100350965,86
1718,zhen zhang,cheng zhang,A5090226143,A5107171363,86
1719,jianbo zhang,jian zhuang,A5100328421,A5076832978,87
1720,jianbo zhang,jin zhang,A5100328421,A5101609304,86
1721,jianbo zhang,jian zhang,A5100328421,A5100409994,91
1722,di zhang,qi zhang,A5100366387,A5102846378,88
1723,di zhang,dayi zhang,A5100366387,A5032333543,89
1724,zhongqiu zhang,zhong zhang,A5010301838,A5100350965,88
1725,yichi zhang,yichen zhang,A5100444195,A5100341412,87
1726,yichi zhang,chi zhang,A5100444195,A5100458183,90
1727,lewei zhang,lei zhang,A5060238314,A5100686609,90
1728,yanqing zhang,yaying zhang,A5059148667,A5048067916,88
1729,yanqing zhang,yan qing zhang,A5059148667,A5015729497,96
1730,yanqing zhang,daqing zhang,A5059148667,A5101710688,88
1731,yanqing zhang,yangqing zhao,A5059148667,A5056020106,85
1732,yifan zhang,yijuan zhang,A5100376927,A5019159624,87
1733,yifan zhang,yutian zhang,A5100376927,A5083565383,87
1734,yifan zhang,yixuan zhang,A5100376927,A5101651437,87
1735,yifan zhang,yan zhang,A5100376927,A5100456168,90
1736,yifan zhang,jian zhang,A5100376927,A5100409994,86
1737,yifan zhang,fan zhang,A5100376927,A5100403535,90
1738,yifan zhang,yinan zhang,A5100376927,A5100426662,91
1739,jian zhao,jinyan zhao,A5072405851,A5068744771,90
1740,jian zhao,jia zhao,A5072405851,A5101724268,94
1741,jiawei zhang,jie zhang,A5100462859,A5066901420,86
1742,jiawei zhang,jialei zang,A5100462859,A5086804323,87
1743,zhongyu zhu,zhongyuan zhou,A5103021613,A5102894028,88
1744,xiao zhou,xiaoan zhou,A5060505275,A5072535733,90
1745,tao zheng,tao zeng,A5065442541,A5102880057,94
1746,tao zheng,yao zheng,A5065442541,A5023473154,89
1747,fuyang zhang,yan zhang,A5060032896,A5100456168,86
1748,fuyang zhang,fan zhang,A5060032896,A5100403535,86
1749,yang zhou,yan zhou,A5100774555,A5100735888,94
1750,yang zhou,yang zou,A5100774555,A5070231827,94
1751,yang zhou,zhiyang zhou,A5100774555,A5101601502,86
1752,yang zhou,hang zhou,A5100774555,A5100707855,89
1753,mingjing zhang,lingling zhang,A5102737663,A5100384142,86
1754,di zhao,da zhao,A5025337002,A5057127247,86
1755,yuping zeng,ying zeng,A5065458081,A5085190039,90
1756,jian zhuang,jin zhang,A5076832978,A5101609304,90
1757,jian zhuang,jianqin zhuang,A5076832978,A5060161804,88
1758,jian zhuang,jian zhang,A5076832978,A5100409994,95
1759,jian zhuang,jian zheng,A5076832978,A5024485550,86
1760,yaying zhang,yan qing zhang,A5048067916,A5015729497,85
1761,yaying zhang,yan zhang,A5048067916,A5100456168,86
1762,zhongchen zhang,zhong zhang,A5083764913,A5100350965,85
1763,xiuying zhang,xueying zhang,A5100669325,A5133488002,92
1764,yijuan zhang,jun zhang,A5019159624,A5108140781,86
1765,yijuan zhang,yixuan zhang,A5019159624,A5101651437,92
1766,yijuan zhang,yan zhang,A5019159624,A5100456168,86
1767,yijuan zhang,yinan zhang,A5019159624,A5100426662,87
1768,ruilin zhang,lin zhang,A5004074785,A5100351907,86
1769,ruilin zhang,rui zhang,A5004074785,A5100422186,86
1770,jing zhou,ming zhou,A5100650232,A5101430305,89
1771,jing zhou,jiang zhu,A5100650232,A5066710849,89
1772,yichen zhang,cheng zhang,A5100341412,A5107171363,87
1773,lijun zhao,liuyan zhao,A5056401979,A5100727560,86
1774,yidong zhang,xiong zhang,A5100726467,A5107873046,87
1775,yidong zhang,qiong zhang,A5100726467,A5088814508,87
1776,yidong zhang,zidong zhang,A5100726467,A5111263867,92
1777,yidong zhang,yong zhang,A5100726467,A5100419770,91
1778,yidong zhang,dong zhang,A5100726467,A5100366117,91
1779,xiao zang,xiaoya zhang,A5035163426,A5100718904,86
1780,xiao zang,xiaoli zhang,A5035163426,A5100404549,86
1781,xiao zang,xiao zhang,A5035163426,A5100320842,95
1782,xinyu zhu,xinyi zhu,A5114549804,A5112316165,89
1783,xiao hong zhao,xiaohong zhao,A5008782297,A5100530796,96
1784,qiang zhu,jiang zhu,A5060686369,A5066710849,89
1785,yutian zhang,yan zhang,A5083565383,A5100456168,86
1786,yutian zhang,yinan zhang,A5083565383,A5100426662,87
1787,jun zou,jun zhu,A5048230614,A5109135386,86
1788,xiong zhang,long zhang,A5107873046,A5032399637,86
1789,xiong zhang,qiong zhang,A5107873046,A5088814508,91
1790,xiong zhang,xiaokong zhang,A5107873046,A5057352934,88
1791,xiong zhang,xiaoheng zhang,A5107873046,A5101635865,88
1792,xiong zhang,zidong zhang,A5107873046,A5111263867,87
1793,xiong zhang,yong zhang,A5107873046,A5100419770,86
1794,xiong zhang,xin zhang,A5107873046,A5110516399,90
1795,xiong zhang,xiao zhang,A5107873046,A5100320842,86
1796,xiong zhang,cong zhang,A5107873046,A5100438374,86
1797,xiong zhang,xiaoning zhang,A5107873046,A5100423526,88
1798,xiong zhang,dong zhang,A5107873046,A5100366117,86
1799,chuxuan zhang,yuxuan zhang,A5039588462,A5100319892,88
1800,xiangyu zhang,tingyu zhang,A5100362454,A5038286158,88
1801,zhilin zhang,lin zhang,A5100723116,A5100351907,86
1802,zhilin zhang,zhitian zhang,A5100723116,A5073491534,88
1803,sida zhao,da zhao,A5049486503,A5057127247,88
1804,zhiqiang zhuang,zhiqing zheng,A5007027633,A5134606579,86
1805,zhiqiang zhuang,zhitian zhang,A5007027633,A5073491534,86
1806,ming zhou,mi zhou,A5101430305,A5002551510,88
1807,xiaoya zhang,xiao zhang,A5100718904,A5100320842,91
1808,jun zhu,anjun zhu,A5109135386,A5055580196,88
1809,jun zhu,zijun zhu,A5109135386,A5017996339,88
1810,jie zhang,jin zhang,A5066901420,A5101609304,89
1811,jie zhang,j zhang,A5066901420,A5070372260,88
1812,jie zhang,meijie zhang,A5066901420,A5043585238,86
1813,yan zhou,yang zou,A5100735888,A5070231827,88
1814,shuhua zhang,hua zhang,A5100394780,A5100408652,86
1815,lishen zhang,lin zhang,A5001547268,A5100351907,86
1816,yuhuang zhang,yuxuan zhang,A5028569452,A5100319892,88
1817,keyi zhang,ke zhang,A5101659460,A5100365746,89
1818,ethan zhang,evan zhang,A5086173776,A5085285758,86
1819,ethan zhang,han zhang,A5086173776,A5100399276,90
1820,zhiyang zhou,hang zhou,A5101601502,A5100707855,86
1821,yan qing zhang,daqing zhang,A5015729497,A5101710688,85
1822,jiayi zheng,jian zheng,A5107748550,A5024485550,86
1823,bin zhao,bin zhou,A5064174757,A5083108695,88
1824,yuguo zhang,yuru zhang,A5103035767,A5101471324,86
1825,jin zhang,jun zhang,A5101609304,A5108140781,89
1826,jin zhang,qin zhang,A5101609304,A5015454834,89
1827,jin zhang,n zhang,A5101609304,A5061007955,88
1828,jin zhang,j zhang,A5101609304,A5070372260,88
1829,jin zhang,xin zhang,A5101609304,A5110516399,89
1830,jin zhang,jian zhang,A5101609304,A5100409994,95
1831,jin zhang,lin zhang,A5101609304,A5100351907,89
1832,jianqin zhuang,jianping zhang,A5060161804,A5100390077,86
1833,hua zhang,han zhang,A5100408652,A5100399276,89
1834,hua zhang,hui zhang,A5100408652,A5079659417,89
1835,hua zhang,tiehua zhang,A5100408652,A5101633338,86
1836,qi zhang,qin zhang,A5102846378,A5015454834,94
1837,jun zhang,n zhang,A5108140781,A5061007955,88
1838,jun zhang,j zhang,A5108140781,A5070372260,88
1839,long zhang,qiong zhang,A5032399637,A5088814508,86
1840,long zhang,yong zhang,A5032399637,A5100419770,90
1841,long zhang,zhong zhang,A5032399637,A5100350965,86
1842,long zhang,cong zhang,A5032399637,A5100438374,90
1843,long zhang,dong zhang,A5032399637,A5100366117,90
1844,han zeng,an zeng,A5022689002,A5024578667,93
1845,qiong zhang,daqing zhang,A5088814508,A5101710688,87
1846,qiong zhang,qin zhang,A5088814508,A5015454834,90
1847,qiong zhang,zidong zhang,A5088814508,A5111263867,87
1848,qiong zhang,yong zhang,A5088814508,A5100419770,86
1849,qiong zhang,cong zhang,A5088814508,A5100438374,86
1850,qiong zhang,dong zhang,A5088814508,A5100366117,86
1851,daqing zhang,qin zhang,A5101710688,A5015454834,86
1852,mohan zhang,han zhang,A5101765506,A5100399276,90
1853,xilun zhang,xin zhang,A5044446295,A5110516399,90
1854,ray zhang,y zhang,A5072911375,A5113096366,88
1855,pingcheng zhang,cheng zhang,A5015372073,A5107171363,85
1856,kaikai zhao,haikai zhao,A5006014924,A5123295005,91
1857,evan zhang,yeyan zhang,A5085285758,A5004754173,86
1858,yixuan zhang,jiaxuan zhang,A5101651437,A5020681326,88
1859,yixuan zhang,yan zhang,A5101651437,A5100456168,86
1860,yixuan zhang,yinan zhang,A5101651437,A5100426662,87
1861,yixuan zhang,yuxuan zhang,A5101651437,A5100319892,92
1862,yangqing zhao,lan qing zhao,A5056020106,A5111292343,85
1863,xiaokong zhang,xiaoheng zhang,A5057352934,A5101635865,86
1864,xiaokong zhang,xiaoning zhang,A5057352934,A5100423526,86
1865,richard zapf,richard zaph,A5083024953,A5119682830,92
1866,xiaoheng zhang,xiaoning zhang,A5101635865,A5100423526,86
1867,z zhang,y zhang,A5009011522,A5113096366,86
1868,z zhang,t zhang,A5009011522,A5008917607,86
1869,z zhang,zhe zhang,A5009011522,A5102834300,88
1870,z zhang,c zhang,A5009011522,A5044171558,86
1871,z zhang,n zhang,A5009011522,A5061007955,86
1872,z zhang,j zhang,A5009011522,A5070372260,86
1873,z zhang,l zhang,A5009011522,A5003824887,86
1874,y zhang,t zhang,A5113096366,A5008917607,86
1875,y zhang,c zhang,A5113096366,A5044171558,86
1876,y zhang,n zhang,A5113096366,A5061007955,86
1877,y zhang,j zhang,A5113096366,A5070372260,86
1878,y zhang,yan zhang,A5113096366,A5100456168,88
1879,y zhang,l zhang,A5113096366,A5003824887,86
1880,tiehan zhao,yihan zhao,A5108577300,A5072357154,86
1881,qin zhang,n zhang,A5015454834,A5061007955,88
1882,qin zhang,xin zhang,A5015454834,A5110516399,89
1883,qin zhang,lin zhang,A5015454834,A5100351907,89
1884,kai zhao,k zhao,A5052335574,A5039171044,86
1885,yeyan zhang,yan zhang,A5004754173,A5100456168,90
1886,yeyan zhang,yanyan zhang,A5004754173,A5100389108,87
1887,zidong zhang,zhong zhang,A5111263867,A5100350965,87
1888,zidong zhang,dong zhang,A5111263867,A5100366117,91
1889,jiaxuan zhang,jian zhang,A5020681326,A5100409994,87
1890,vanja zdjelar,ivana zdjelar,A5025292022,A5114472761,92
1891,t zhang,c zhang,A5008917607,A5044171558,86
1892,t zhang,n zhang,A5008917607,A5061007955,86
1893,t zhang,j zhang,A5008917607,A5070372260,86
1894,t zhang,l zhang,A5008917607,A5003824887,86
1895,lingkang zhang,lingling zhang,A5010293860,A5100384142,86
1896,hh zhang,sh zhang,A5027966459,A5037533851,88
1897,c zhang,n zhang,A5044171558,A5061007955,86
1898,c zhang,j zhang,A5044171558,A5070372260,86
1899,c zhang,chi zhang,A5044171558,A5100458183,88
1900,c zhang,l zhang,A5044171558,A5003824887,86
1901,n zhang,j zhang,A5061007955,A5070372260,86
1902,n zhang,han zhang,A5061007955,A5100399276,88
1903,n zhang,yan zhang,A5061007955,A5100456168,88
1904,n zhang,xin zhang,A5061007955,A5110516399,88
1905,n zhang,fan zhang,A5061007955,A5100403535,88
1906,n zhang,lin zhang,A5061007955,A5100351907,88
1907,n zhang,nan zhang,A5061007955,A5100331317,88
1908,n zhang,l zhang,A5061007955,A5003824887,86
1909,j zhang,l zhang,A5070372260,A5003824887,86
1910,chirong zhang,cong zhang,A5086465326,A5100438374,87
1911,xiaolei zhang,xiaoli zhang,A5108142651,A5100404549,96
1912,xiaolei zhang,xiao zhang,A5108142651,A5100320842,87
1913,weiji zhang,meijie zhang,A5113430723,A5043585238,87
1914,m zhou,mi zhou,A5121040982,A5002551510,92
1915,han zhang,yan zhang,A5100399276,A5100456168,89
1916,han zhang,fan zhang,A5100399276,A5100403535,89
1917,han zhang,nan zhang,A5100399276,A5100331317,89
1918,yong zhang,zhong zhang,A5100419770,A5100350965,86
1919,yong zhang,cong zhang,A5100419770,A5100438374,90
1920,yong zhang,dong zhang,A5100419770,A5100366117,90
1921,yan zhang,fan zhang,A5100456168,A5100403535,89
1922,yan zhang,yanyan zhang,A5100456168,A5100389108,86
1923,yan zhang,nan zhang,A5100456168,A5100331317,89
1924,yan zhang,yinan zhang,A5100456168,A5100426662,90
1925,yan zhang,yuxuan zhang,A5100456168,A5100319892,86
1926,xin zhang,lin zhang,A5110516399,A5100351907,89
1927,chi zhang,hui zhang,A5100458183,A5079659417,89
1928,chi zhang,chenyi zhang,A5100458183,A5054109702,86
1929,jian zhang,jian zheng,A5100409994,A5024485550,90
1930,jian zhang,yinan zhang,A5100409994,A5100426662,86
1931,jianping zhang,xiaoning zhang,A5100390077,A5100423526,86
1932,fan zhang,nan zhang,A5100403535,A5100331317,89
1933,lin zhang,lei zhang,A5100351907,A5100686609,89
1934,lin zhang,l zhang,A5100351907,A5003824887,88
1935,yanyan zhang,nan zhang,A5100389108,A5100331317,86
1936,yanyan zhang,yinan zhang,A5100389108,A5100426662,87
1937,ruonan zhang,nan zhang,A5100666490,A5100331317,86
1938,xiaoli zhang,xiao zhang,A5100404549,A5100320842,91
1939,xiaoli zhang,xiaoning zhang,A5100404549,A5100423526,85
1940,nan zhang,yinan zhang,A5100331317,A5100426662,90
1941,lei zhang,l zhang,A5100686609,A5003824887,88
1942,xiao zhang,miao zhang,A5100320842,A5100376451,90
1943,rui zhang,hui zhang,A5100422186,A5079659417,89
1944,rui zhang,jiarui zhang,A5100422186,A5100363733,86
1945,yuan zhao,haoyuan zhao,A5076476694,A5114832292,86
1946,zhong zhang,cong zhang,A5100350965,A5100438374,86
1947,zhong zhang,dong zhang,A5100350965,A5100366117,86
1948,cong zhang,cheng zhang,A5100438374,A5107171363,86
1949,cong zhang,dong zhang,A5100438374,A5100366117,90
1950,cheng zhang,peng zhang,A5107171363,A5100364188,86
1951,cheng zhang,chenyi zhang,A5107171363,A5054109702,87
1952,zhe george zhang,george zhang,A5055904501,A5100611353,86
1953,öo öncel,ö o öncel,A5107902788,A5105511905,94
