OpenAlex ID,ORCID,Name,Alt Names,Publications,Citations,h-index,Number of Institutions,first_names,last_name,last_init,name_raw,id,fi_ln
A5043607509,,Lauren Fridman,"['Fridman Lauren', 'Fridman, Lauren', 'L. Fridman', 'L. M. Fridman', 'Lauren Fridman']",13,37,3,4,lauren,fridman,f,lauren fridman,A5043607509,l fridman
A5040749724,https://orcid.org/0000-0003-0717-5682,Peter R. Malone,"['P Malone', 'P R Malone', 'P. MALONE', 'P. Malone', 'P. R. MALONE', 'P. R. Malone', 'P.R Malone', 'P.R. MALONE', 'P.R. Malone', 'PETER MALONE', 'PETER R. MALONE', 'Peter Malone', 'Peter R Malone', 'Peter R. Malone']",152,1932,26,34,peter r.,malone,m,peter r. malone,A5040749724,p malone
A5054770258,https://orcid.org/0000-0002-4718-6119,Rotem Kahalon,"['Kahalon, Rotem', 'Rotem Kahalon']",56,645,13,7,rotem,kahalon,k,rotem kahalon,A5054770258,r kahalon
A5057319228,,Enkhtuul Enkhtuya,"['E. Enkhtuya', 'Enkhtuul Enkhtuya']",8,54,4,2,enkhtuul,enkhtuya,e,enkhtuul enkhtuya,A5057319228,e enkhtuya
A5007325522,,Syedvali Pinjari,"['Pinjari Syedvali', 'Pinjari, Syedvali', 'Syedvali Pinjari']",7,177,4,4,syedvali,pinjari,p,syedvali pinjari,A5007325522,s pinjari
A5018486913,https://orcid.org/0000-0003-1551-7072,Richard G. Frank,"['Frank Richard G.', 'Frank, Richard', 'Frank, Richard G.', 'MD', 'R Frank', 'R G Frank', 'R. Frank', 'R. G. Frank', 'RICHARD FRANK', 'RICHARD G. FRANK', 'Richard Frank', 'Richard G Frank', 'Richard G.\n    Frank', 'Richard G. FRANK', 'Richard G. Frank', 'Richard Gabriel Frank']",556,21631,69,70,richard g.,frank,f,richard g. frank,A5018486913,r frank
A5045660668,,Nardia Strydom,"['N. Strydom', 'Nardia Strydom']",12,132,5,5,nardia,strydom,s,nardia strydom,A5045660668,n strydom
A5030201362,https://orcid.org/0000-0002-9474-4865,Nigel Harwood,"['Claire Kramsch', 'N A Harwood', 'N HARWOOD', 'N. Harwood', 'NIGEL HARWOOD', 'Nigel Harwood']",70,3118,27,59,nigel,harwood,h,nigel harwood,A5030201362,n harwood
A5003414139,,Marianne Jacquet,"['M. Pierre A. Jacquet', 'Marianne Jacquet']",45,256,9,5,marianne,jacquet,j,marianne jacquet,A5003414139,m jacquet
A5056543952,https://orcid.org/0000-0003-0709-0160,Richard Bent,"['Bent, Richard', 'R. R. BENT', 'Richard Bent']",53,372,10,4,richard,bent,b,richard bent,A5056543952,r bent
A5054246138,,Ali Rahnama,['Ali Rahnama'],22,121,6,6,ali,rahnama,r,ali rahnama,A5054246138,a rahnama
A5083558198,https://orcid.org/0000-0001-6485-7263,Dan Bilsker,"['D Bilsker', 'D. Bilsker', 'Dan Bilsker']",48,899,16,7,dan,bilsker,b,dan bilsker,A5083558198,d bilsker
A5112232633,,Lisa A. Ronald,"['L A Ronald', 'L Ronald', 'L. A. Ronald', 'Lisa A Ronald', 'Lisa A. Ronald', 'Lisa Ronald', 'Ronald L.', 'Ronald, Lisa A.']",39,1081,22,10,lisa a.,ronald,r,lisa a. ronald,A5112232633,l ronald
A5109831679,,Manuel Rojas,"['M D de Rojas', 'M Rojas', 'Manuel Rojas', 'Rojas, Manuel']",6,7,2,1,manuel,rojas,r,manuel rojas,A5109831679,m rojas
A5039748527,,Lisette Lockhart,"['L Lockhart', 'Lisette Lockhart']",9,47,5,2,lisette,lockhart,l,lisette lockhart,A5039748527,l lockhart
A5005850573,,Haoyao Ruan,['Haoyao Ruan'],11,21,3,2,haoyao,ruan,r,haoyao ruan,A5005850573,h ruan
A5090013218,https://orcid.org/0000-0003-3656-8063,Brendan Mulhern,"['B Mulhern', 'B. Mulhern', 'Brendan J. Mulhern', 'Brendan James Mulhern', 'Brendan Mulhern', 'Brendan Mulhern (6802682)', 'Mulhern, Brendan', 'R Norman']",299,6896,38,25,brendan,mulhern,m,brendan mulhern,A5090013218,b mulhern
A5039671852,https://orcid.org/0000-0002-5206-8416,Annabelle M. K. Hadley,"['Annabelle M. K. Hadley', 'Annabelle M.K. Hadley']",10,17,3,3,annabelle m. k.,hadley,h,annabelle m. k. hadley,A5039671852,a hadley
A5027874476,https://orcid.org/0000-0003-3945-3552,Prasath Pararajalingam,"['P. Pararajalingam', 'Pararajalingam, Prasath', 'Prasath Pararajalingam', 'Sierra Gillis']",25,312,6,3,prasath,pararajalingam,p,prasath pararajalingam,A5027874476,p pararajalingam
A5049760941,https://orcid.org/0000-0003-0390-2803,Sebastian Dille,"['Dille, Sebastian', 'Sebastian Dille']",10,35,2,1,sebastian,dille,d,sebastian dille,A5049760941,s dille
A5103160602,https://orcid.org/0000-0002-3916-8041,Daniel R. Smith,"['D Smith', 'D. R. Smith', 'D. Smith', 'D.R. Smith', 'Daniel R. Smith', 'Daniel Robert Smith', 'Daniel Smith', 'Smith, Daniel Robert']",64,899,18,25,daniel r.,smith,s,daniel r. smith,A5103160602,d smith
A5064183868,,Elder Roberta Price,['Elder Roberta Price'],9,186,5,8,elder roberta,price,p,elder roberta price,A5064183868,e price
A5087897168,,Gamze Akarsu,"['Akarsu, Gamze', 'Gamze Akarsu']",6,17,2,1,gamze,akarsu,a,gamze akarsu,A5087897168,g akarsu
A5101963312,https://orcid.org/0000-0003-2822-5466,Jie Liang,"['Jie Liang', 'Liang, Jie']",43,1013,16,24,jie,liang,l,jie liang,A5101963312,j liang
A5019231871,,Kyeong-min Kim,['Kyeong-min Kim'],7,61,5,3,kyeong-min,kim,k,kyeong-min kim,A5019231871,k kim
A5021833297,https://orcid.org/0000-0002-5845-8634,Vivian R. Ramsden,"['Ramsden, Vivian R.', 'V R Ramsden', 'V Ramsden', 'V. Ramsden', 'Vivian R Ramsden', 'Vivian R. Ramsden', 'Vivian Ramsden', 'Vivian Rose Ramsden']",169,1888,24,30,vivian r.,ramsden,r,vivian r. ramsden,A5021833297,v ramsden
A5069573218,https://orcid.org/0009-0001-8395-8948,Foroozan Daneshzand,"['Daneshzand, Foroozan', 'Foroozan Daneshzand']",20,29,2,5,foroozan,daneshzand,d,foroozan daneshzand,A5069573218,f daneshzand
A5053177492,,Jack Davis,"['Davis, Jack', 'J Davis', 'J. Davis', 'J.W. Davis', 'Jack Davis']",16,669,7,7,jack,davis,d,jack davis,A5053177492,j davis
A5007129329,https://orcid.org/0000-0002-3988-4830,Benett Axtell,['Benett Axtell'],17,183,9,2,benett,axtell,a,benett axtell,A5007129329,b axtell
A5114535272,https://orcid.org/0009-0006-3120-7380,Baiyu Li,"['Bai-yu Li', 'Baiyu LI', 'Baiyu Li', 'Li Baiyu']",17,93,3,10,baiyu,li,l,baiyu li,A5114535272,b li
A5112448401,,Emma Weiss,"['E WEISS', 'E Weiss', 'E. Weiss', 'E.A. Weiss', 'Emma Alexandra Weiss', 'Emma Weiss', 'Weiss, Emma']",61,255,7,14,emma,weiss,w,emma weiss,A5112448401,e weiss
A5079720344,https://orcid.org/0000-0001-8425-1840,Sarah K. Schultz,"['S Schultz', 'S. Schultz', 'Sarah K Schultz', 'Sarah K. Schultz', 'Sarah Kai-Leigh Schultz', 'Sarah Schultz']",37,324,10,11,sarah k.,schultz,s,sarah k. schultz,A5079720344,s schultz
A5043098402,https://orcid.org/0000-0001-6899-8450,Ching-Chiu Lin,['Ching-Chiu Lin'],31,130,7,2,ching-chiu,lin,l,ching-chiu lin,A5043098402,c lin
A5037060995,https://orcid.org/0009-0004-2665-2629,Meihui Li,"['Mei Hui \xadLI', 'Mei-Hui Li', 'Meihui LI', 'Meihui Li']",71,927,18,37,meihui,li,l,meihui li,A5037060995,m li
A5100407591,https://orcid.org/0000-0001-9727-5569,Zhe Wang,"['Wang Zhe', 'Wang, Zhe', 'Zhe WANG', 'Zhe Wang']",189,1677,20,76,zhe,wang,w,zhe wang,A5100407591,z wang
A5100611353,https://orcid.org/0000-0002-8729-1570,George Zhang,"['G. Zhang', 'George Zhang', 'Zhang, George']",31,373,12,12,george,zhang,z,george zhang,A5100611353,g zhang
A5080540757,https://orcid.org/0009-0006-4042-7529,Ka Wo Wong,"['C M Wong', 'C Wong', 'C. Wong', 'Cyrus Ka-Wo Wong', 'Cyrus Wong', 'Ka Wo Wong']",79,327,8,12,ka wo,wong,w,ka wo wong,A5080540757,k wong
A5016121668,https://orcid.org/0000-0002-3765-509X,Silvester B. Pratasik,"['Pratasik, Silvester B.', 'Silvester B Pratasik', 'Silvester B. Pratasik', 'Silvester Benny Pratasik', 'Silvester Pratasik']",47,149,7,5,silvester b.,pratasik,p,silvester b. pratasik,A5016121668,s pratasik
A5040806971,https://orcid.org/0000-0002-6498-8105,Eva-Maria Graf,"['E GRAF', 'E Graf', 'E. GRAF', 'E. Graf', 'EVA-MARIA GRAF', 'Eva Graf', 'Eva-Maria Graf', 'Graf, Eva', 'Graf, Eva-Maria']",155,814,15,26,eva-maria,graf,g,eva-maria graf,A5040806971,e graf
A5080366038,https://orcid.org/0000-0002-5629-9780,Dara Kelly,"['Dara Kelly', 'Dara Kelly-Roy', 'Kelly, Dara']",14,46,4,3,dara,kelly,k,dara kelly,A5080366038,d kelly
A5008162705,https://orcid.org/0000-0002-2616-1561,Anita Fetzer,"['ANITA FETZER', 'Anita Fetzer', 'Fetzer, Anita']",167,2772,31,52,anita,fetzer,f,anita fetzer,A5008162705,a fetzer
A5052022588,,Taranjot Kaur,"['T. Kaur', 'Taranjot Kaur']",12,23,3,2,taranjot,kaur,k,taranjot kaur,A5052022588,t kaur
A5101097235,,Zhang Yanshu,"['Yanshu Zhang', 'Zhang Yanshu', 'Zhang, Yanshu']",11,8,1,3,zhang,yanshu,y,zhang yanshu,A5101097235,z yanshu
A5072862466,https://orcid.org/0000-0001-9184-1208,Connie Liu,"['CONNIE LIU', 'Connie Liu', 'Connie S. Liu']",48,1866,15,22,connie,liu,l,connie liu,A5072862466,c liu
A5001049383,https://orcid.org/0000-0002-0309-129X,Emma L. Williams,"['E L Williams', 'E Williams', 'E. L. Williams', 'E. Williams', 'E.L. Williams', 'EL Williams', 'Emma L Williams', 'Emma L. Williams', 'Emma Louise Williams', 'Emma Williams', 'Emma\xa0L. Williams', 'Williams, Emma']",95,2450,26,31,emma l.,williams,w,emma l. williams,A5001049383,e williams
A5055420269,https://orcid.org/0000-0002-9716-3433,R. F. Kiefl,"['Kiefl, R. F.', 'Kiefl, Robert', 'Kiefl, Robert F.', 'Kiefl, Robert Francis', 'R F Kiefl', 'R. F. KIEFL', 'R. F. Kiefl', 'R. Kiefl', 'R.F Kiefl', 'R.F. Kiefl', 'R.F. Kieﬂ', 'R.\u2009F. Kiefl', 'Robert F. Kiefl']",283,8416,43,37,r. f.,kiefl,k,r. f. kiefl,A5055420269,r kiefl
A5013677887,https://orcid.org/0000-0002-6825-3202,Guojuan Zhang,['Guojuan Zhang'],18,295,10,4,guojuan,zhang,z,guojuan zhang,A5013677887,g zhang
A5062643944,,Simran Basra,['Simran Basra'],6,304,6,1,simran,basra,b,simran basra,A5062643944,s basra
A5104065854,,Peter W. Williams,"['P. W. Williams', 'P.W. Williams', 'PETER W. WILLIAMS', 'Peter W Williams', 'Peter W. Williams', 'Peter\xa0W. Williams', 'Williams, Peter W.']",292,2692,27,11,peter w.,williams,w,peter w. williams,A5104065854,p williams
A5085699901,https://orcid.org/0000-0002-3211-0226,Warren VandeVen,"['VandeVen, Warren', 'Warren VandeVen']",18,25,3,1,warren,vandeven,v,warren vandeven,A5085699901,w vandeven
A5059649947,https://orcid.org/0000-0001-8509-3194,David Clarke,"['Bulent Citgez', 'Clarke', 'Clarke, David', 'Clarke, David B.', 'D B Clarke', 'D CLARKE', 'D Clarke', 'D. B. Clarke', 'D. Clarke', 'D.B. Clarke', 'DAVID CLARKE', 'David B Clarke', 'David B. Clarke', 'David Clarke', 'David Clarke Clarke', 'Dr. David Clarke', 'Elizabeth Tucker', 'Jeffrey Jacobs', 'Robert Ashforth', ""S O'brien""]",434,3856,29,49,david,clarke,c,david clarke,A5059649947,d clarke
A5053445753,,J. E. Sonier,"['J E Sonier', 'J SONIER', 'J Sonier', 'J. E. Sonier', 'J. Sonier', 'J.E Sonier', 'J.E. Sonier', 'Sonier, J. E.']",46,1320,14,7,j. e.,sonier,s,j. e. sonier,A5053445753,j sonier
A5040008860,https://orcid.org/0000-0001-6970-3327,Shelby Fenton,"['S. FENTON', 'S. Fenton', 'Shelby Fenton']",12,109,5,7,shelby,fenton,f,shelby fenton,A5040008860,s fenton
A5061348941,https://orcid.org/0000-0002-6248-1722,Mark Rempel,"['M. A. Rempel', 'M. Rempel', 'M.A. Rempel', 'MARK REMPEL', 'Mark A. Rempel', 'Mark Rempel', 'Rempel, Mark']",33,137,6,8,mark,rempel,r,mark rempel,A5061348941,m rempel
A5112637734,,Cindy Xin,"['C. Xin', 'Cindy Xin', 'Cindy Xuying Xin', 'Xin, C.', 'Xin, Cindy']",28,344,7,6,cindy,xin,x,cindy xin,A5112637734,c xin
A5036324257,,Anurag Piyamrao Wasnik,"['Abhinav Jain', 'Anurag Piyamrao Wasnik', 'Anurag Wasnik', 'Arcan Aydemir']",10,34,4,3,anurag piyamrao,wasnik,w,anurag piyamrao wasnik,A5036324257,a wasnik
A5049486503,https://orcid.org/0000-0002-3145-705X,Sida Zhao,"['Si-Da Zhao', 'Si-da Zhao', 'Sida Zhao', 'Zhao, Sida']",57,694,15,11,sida,zhao,z,sida zhao,A5049486503,s zhao
A5086737870,https://orcid.org/0000-0001-6033-5089,Kate Salters,"['K. Salters', 'Kate  A. Salters', 'Kate A. Salters', 'Kate Salters']",38,691,14,8,kate,salters,s,kate salters,A5086737870,k salters
A5028863136,https://orcid.org/0000-0002-6686-2506,Xin Wen,"['Xin Wen', 'Xinag Wen', 'xin wen']",28,161,7,17,xin,wen,w,xin wen,A5028863136,x wen
A5032739659,https://orcid.org/0000-0003-4978-6756,Nabeel Khan,"['NABEEL KHAN', 'Nabeel Khan', 'Nabeel\xa0M. Khan']",19,256,8,10,nabeel,khan,k,nabeel khan,A5032739659,n khan
A5082142520,https://orcid.org/0000-0003-1956-4917,Jennifer E. Lansford,"['J E Lansford', 'J LANSFORD', 'J. E. Lansford', 'J.E. Lansford', 'JENNIFER E. LANSFORD', 'Jennifer E Lansford', 'Jennifer E. Lansford', 'Jennifer Lansford', 'Lansford, J. E.', 'Lansford, Jennifer', 'Lansford, Jennifer E.']",428,24983,75,15,jennifer e.,lansford,l,jennifer e. lansford,A5082142520,j lansford
A5054236644,https://orcid.org/0000-0002-4185-2002,Alexi Morin,"['Alexi Morin', 'Morin, Alexi']",6,4,1,6,alexi,morin,m,alexi morin,A5054236644,a morin
A5081356061,https://orcid.org/0000-0001-6374-8049,Heather Bliss,"['Bliss, Heather', 'Bliss, Heather Anne', 'Heather Bliss']",34,302,8,5,heather,bliss,b,heather bliss,A5081356061,h bliss
A5011927171,https://orcid.org/0000-0003-1233-3083,Holly Hendrigan,"['Hendrigan, Holly', 'Holly Hendrigan']",48,25,2,1,holly,hendrigan,h,holly hendrigan,A5011927171,h hendrigan
A5015135502,https://orcid.org/0000-0003-3296-515X,C. Michael Hamilton,"['C. Michael Hamilton', 'Christopher Michael Hamilton', 'Hamilton, C. Michael', 'Hamilton, Christopher Michael']",9,201,4,4,c. michael,hamilton,h,c. michael hamilton,A5015135502,c hamilton
A5100338779,https://orcid.org/0000-0001-5143-5061,Heng Li,"['Heng Li', 'Li, Heng']",6,91,4,2,heng,li,l,heng li,A5100338779,h li
A5069828395,https://orcid.org/0000-0003-1477-566X,Marissa O’Neill,"['Marissa L. O’Neill', ""Marissa O'Neill"", 'Marissa O’Neill']",15,193,7,3,marissa,o’neill,o,marissa o’neill,A5069828395,m o’neill
A5070742662,,Mehdi Shirmaleki,"['M. Shirmaleki', 'Mehdi Shirmaleki']",6,116,5,2,mehdi,shirmaleki,s,mehdi shirmaleki,A5070742662,m shirmaleki
A5081260847,,Chie Hanaoka,"['Chie Hanaoka', 'HANAOKA, Chie', 'Hanaoka, Chie']",25,536,6,18,chie,hanaoka,h,chie hanaoka,A5081260847,c hanaoka
A5072440671,https://orcid.org/0000-0001-7832-4994,Daniella LoScerbo,"['Daniella C LoScerbo', 'Daniella LoScerbo', 'LoScerbo, Daniella']",12,107,4,4,daniella,loscerbo,l,daniella loscerbo,A5072440671,d loscerbo
A5100324734,https://orcid.org/0009-0007-2822-2392,Shan Li,"['Li, Shan', 'S.Z. Li', 'Shan LI', 'Shan Li']",35,281,8,21,shan,li,l,shan li,A5100324734,s li
A5012326090,https://orcid.org/0000-0002-0406-0567,Derese T. Nega,"['Derese T. Nega', 'Derese Tekestebrihan Nega']",10,89,6,3,derese t.,nega,n,derese t. nega,A5012326090,d nega
A5035702257,https://orcid.org/0000-0001-8130-4644,Fred Burge,"['Burge, Fred', 'Burge, Frederick', 'F Burge', 'F I Burge', 'F. Burge', 'Fred Burge', 'Fred I Burge', 'Fred I. Burge', 'Frederick Burge', 'Frederick I Burge', 'Frederick I. Burge']",196,5182,40,27,fred,burge,b,fred burge,A5035702257,f burge
A5074660679,https://orcid.org/0000-0002-8126-319X,Timothy R. Forrester,"['Forrester, Timothy R.', 'Timothy R Forrester', 'Timothy R. Forrester']",12,88,3,3,timothy r.,forrester,f,timothy r. forrester,A5074660679,t forrester
A5024106367,https://orcid.org/0000-0001-9302-3348,James Busumtwi‐Sam,"['J. Busumtwi‐Sam', 'James Busumtwi-Sam', 'James Busumtwi‐Sam']",26,166,8,2,james,busumtwi‐sam,b,james busumtwi‐sam,A5024106367,j busumtwi‐sam
A5046535398,https://orcid.org/0000-0002-4065-4151,Diane Lacaille,"['D Lacaille', 'D. Lacaille', 'DIANE LACAILLE', 'Diane Lacaille', 'Diane V. Lacaille']",271,10608,51,60,diane,lacaille,l,diane lacaille,A5046535398,d lacaille
A5050374376,,Jeungeun Song,"['Jeungeun Song', 'Song Jeungeun']",28,1886,15,5,jeungeun,song,s,jeungeun song,A5050374376,j song
A5035240473,https://orcid.org/0009-0001-3048-0661,Kyle M. Kusack,"['Kusack, Kyle', 'Kyle Kusack', 'Kyle M. Kusack']",8,48,2,1,kyle m.,kusack,k,kyle m. kusack,A5035240473,k kusack
A5037118228,,Martin Laba,['Martin Laba'],11,18,2,1,martin,laba,l,martin laba,A5037118228,m laba
A5047352120,,Mahsa Faizrahnemoon,"['Faizrahnemoon, Mahsa', 'M. Faizrahnemoon', 'Mahsa Faizrahnemoon']",18,86,6,5,mahsa,faizrahnemoon,f,mahsa faizrahnemoon,A5047352120,m faizrahnemoon
A5072681799,,Milton McClaren,"['M. McClaren', 'McClaren, Milton', 'Milton McClaren']",23,127,7,1,milton,mcclaren,m,milton mcclaren,A5072681799,m mcclaren
A5000970607,https://orcid.org/0000-0002-0368-4554,Sagar Mehta,"['Mehta, Sonam', 'S. C. Mehta', 'S. Mehta', 'S.C. Mehta', 'Sagar Mehta', 'Sonam Mehta']",12,14,3,4,sagar,mehta,m,sagar mehta,A5000970607,s mehta
A5110442002,,T Y Leung,"['T Y Leung', 'T \xa0Y Leung', 'T. Leung', 'Tsz Yan Leung']",7,221,1,4,t y,leung,l,t y leung,A5110442002,t leung
A5110248522,,DA Patterson,['DA Patterson'],6,50,5,2,da,patterson,p,da patterson,A5110248522,d patterson
A5044392969,https://orcid.org/0000-0003-1718-9244,Ying Zeng,"['ShiShi Song', 'Ying Zeng']",13,103,4,6,ying,zeng,z,ying zeng,A5044392969,y zeng
A5109137694,,Ronald Swanstrom,"['R Swanstrom', 'R. Swanstrom', 'R.I Swanstrom', 'Ronald Swanstrom', 'Swanstrom, R.', 'Swanstrom, Ronald']",89,4247,33,16,ronald,swanstrom,s,ronald swanstrom,A5109137694,r swanstrom
A5100674540,https://orcid.org/0000-0001-8252-2758,Mingxin Li,"['Li Mingxin', 'Li, Ming-Xin', 'Li, Mingxin', 'MINGXIN LI', 'Ming-Xin Li', 'Ming-xin LI', 'Ming-xin Li', 'Mingxin Li', 'Qin Li']",173,2526,27,67,mingxin,li,l,mingxin li,A5100674540,m li
A5065312527,https://orcid.org/0000-0001-6143-7888,Mahmoud Alashi,"['Mahmoud Al Ashi', 'Mahmoud Alashi']",10,75,4,2,mahmoud,alashi,a,mahmoud alashi,A5065312527,m alashi
A5005226126,,Snežana Mitrović-Minić,"['Mitrovic-Minic, Snezana', 'S Mitrovic-Minic', 'Snezana Mitrovic-Minic', 'Snežana Mitrović-Minić']",18,805,10,2,snežana,mitrović-minić,m,snežana mitrović-minić,A5005226126,s mitrović-minić
A5064605550,https://orcid.org/0009-0006-4845-3270,Jiaxing Li,"['J LI', 'Jiaxing Li', 'Jinhan Li', 'Li, Jiaxing', 'Li, Jinhan']",8,3,1,6,jiaxing,li,l,jiaxing li,A5064605550,j li
A5110100857,,Martin Petric,"['Lindsay Nicolle', 'MARTIN PETRIC', 'Martin Petric', 'Petric, Martin', 'Petric, Martin Peter']",153,12987,57,37,martin,petric,p,martin petric,A5110100857,m petric
A5006012390,https://orcid.org/0000-0003-3910-7131,Azadeh Goudarzi,"['A Goudarzi', 'A. Goudarzi', 'Azadeh Goudarzi', 'Goudarzi, Azadeh']",30,341,9,10,azadeh,goudarzi,g,azadeh goudarzi,A5006012390,a goudarzi
A5000622487,https://orcid.org/0000-0002-5489-6880,Peter M. Atkinson,"['Atkinson, P.', 'Atkinson, P.M.', 'Atkinson, Peter', 'Atkinson, Peter M', 'Atkinson, Peter M.', 'Atkinson, Peter Michael', 'M. Peter Atkinson', 'P Atkinson', 'P M Atkinson', 'P. Atkinson', 'P. M. ATKINSON', 'P. M. Atkinson', 'P.M Atkinson', 'P.M. ATKINSON', 'P.M. Atkinson', 'PETER ATKINSON', 'PETER M ATKINSON', 'PETER M. ATKINSON', 'Peter Atkinson', 'Peter M Atkinson', 'Peter M. Atkinson', 'Peter Michael Atkinson', 'Peter.M. Atkinson', 'Qiang Shen', 'Yong Ge']",762,31446,87,33,peter m.,atkinson,a,peter m. atkinson,A5000622487,p atkinson
A5001171032,,Masahiro Minami,"['M. MINAMI', 'Masahiro MINAMI', 'Masahiro Minami', 'Minami, Masahiro']",8,14,2,2,masahiro,minami,m,masahiro minami,A5001171032,m minami
A5112404203,,Gavin Xu,"['Gavin Xu', 'Xu, Gavin']",7,89,2,5,gavin,xu,x,gavin xu,A5112404203,g xu
A5042583736,https://orcid.org/0000-0002-7952-8320,Richard H. Glazier,"['Glazier R', 'Glazier, R.H.', 'Glazier, Richard', 'Nizar N Mahomed', 'R Glazier', 'R H Glazier', 'R. Glazier', 'R. H. Glazier', 'R.H. Glazier', 'RH Glazier', 'RICHARD GLAZIER', 'RICHARD H. GLAZIER', 'Richard  H. Glazier', 'Richard Glazier', 'Richard H Glazier', 'Richard H. Glazier', 'Richard Henry Glazier']",455,20317,75,90,richard h.,glazier,g,richard h. glazier,A5042583736,r glazier
A5100366890,https://orcid.org/0000-0003-3893-715X,Shuo Chen,"['Chen Shuo', 'Chen, Shuo', 'Keren Chen', 'Mingwei Ma', 'Qiao Lin', 'S Chen', 'S. Chen', 'SHUO CHEN', 'Shuo Chen', 'Shuo Chen -', 'Shuo Chen .', 'Zejun Yan', '陈 硕 CHEN Shuo', '陈硕 CHEN Shuo', '陈硕 Chen Shuo']",325,5758,41,141,shuo,chen,c,shuo chen,A5100366890,s chen
A5027749174,,Natalie Williams,"['N. C. Williams', 'Natalie C Williams', 'Natalie C. Williams', 'Natalie Williams']",24,734,11,14,natalie,williams,w,natalie williams,A5027749174,n williams
A5015005629,,Johnny Nguyen,"['J. NGUYEN', 'Johnny Nguyen', 'Johnny Nguyen,']",8,82,4,3,johnny,nguyen,n,johnny nguyen,A5015005629,j nguyen
A5022194848,https://orcid.org/0000-0001-9870-912X,Jose Pizarro,"['J. Pizarro', 'Jose Pizarro', 'Pizarro, J.', 'Pizarro, Jose']",16,40,4,7,jose,pizarro,p,jose pizarro,A5022194848,j pizarro
A5039868255,https://orcid.org/0000-0003-4380-620X,Susan M. Jack,"['Jack, S (15863639)', 'Jack, Susan M.', 'Ruta Valaitis', 'S Jack', 'S. M. Jack', 'Susan Jack', 'Susan M Jack', 'Susan M. Jack', 'Susan Michelle Jack', 'Susan\xa0M. Jack']",246,16768,43,29,susan m.,jack,j,susan m. jack,A5039868255,s jack
A5102000843,https://orcid.org/0000-0003-4537-4180,Isabelle Côté,"['Côté, Isabelle', 'I Côté', 'Isabelle Cote', 'Isabelle Côté']",35,314,11,6,isabelle,côté,c,isabelle côté,A5102000843,i côté
A5033078840,https://orcid.org/0000-0002-2969-0987,Renjie Wang,"['R. J. Wang', 'R.-J. Wang', 'Ren-jie WANG', 'Ren-jie Wang', 'Renjie Wang', 'Wang Ren-jie', 'Wang, Ren-jie', 'Wang, Renjie', 'Yujiang Wang']",116,3038,32,59,renjie,wang,w,renjie wang,A5033078840,r wang
A5110782483,,Jiahui Feng,['Jiahui Feng'],7,4,1,3,jiahui,feng,f,jiahui feng,A5110782483,j feng
A5045230758,,Yaroslav Senyshyn,"['Yaroslav SENYSHYN', 'Yaroslav Senyshyn']",28,85,5,1,yaroslav,senyshyn,s,yaroslav senyshyn,A5045230758,y senyshyn
A5012667753,https://orcid.org/0000-0001-9632-0399,David S. Hall,"['D HALL', 'D Hall', 'D. Hall', 'D. S. Hall', 'D.S. Hall', 'DAVID S. HALL', 'David Hall', 'David S Hall', 'David S. Hall', 'David Scott Hall', 'Hall, D', 'Hall, David', 'Hall, David S', 'Hall, David S.', 'Hall, David Scott']",141,6602,34,29,david s.,hall,h,david s. hall,A5012667753,d hall
A5100327582,https://orcid.org/0000-0003-2000-858X,Xin Zhang,"['Cao, Jian-Jun', 'Chengwei Zhang', 'Guangshe Li', 'Hang Li', 'Hongtao Sun', 'Jiawen Gao', 'Jv Zhang', 'Lihong Duan', 'Mingyu Zhao', 'Peiliang Lei', 'Pu-Guang Ji', 'Qiao Wang', 'Quanquan Liu', 'Rui Liu', 'Sujuan Zhang', 'Ting Wang', 'Tong Li', 'X. ZHANG', 'X. Zhang', 'Xin ZHANG', 'Xin Zhang', 'Xin Zhang (35492)', 'Xin Zhang -', 'Xuemin Jing', 'Yan Chen', 'Yanyu Xiang', 'ZHANG Xin', 'Zehua Zhou', 'Zhang Xin', 'Zhang, Xin', 'Zhang, Xin; Takken, Todd E.; Tian, Shurong; Yao, Yuan', 'Zhen Guo']",1561,33841,83,424,xin,zhang,z,xin zhang,A5100327582,x zhang
A5004349556,https://orcid.org/0000-0002-0271-2816,Ahmad Sedigh Baroughi,"['A. S. Baroughi', 'Ahmad Sadigh Baroughi', 'Ahmad Sedigh Baroughi']",8,81,4,3,ahmad sedigh,baroughi,b,ahmad sedigh baroughi,A5004349556,a baroughi
A5079688435,,Elnaz Moghimi,"['E. Moghimi', 'Elnaz Moghimi', 'Moghimi, Elnaz']",51,341,10,10,elnaz,moghimi,m,elnaz moghimi,A5079688435,e moghimi
A5014706926,,M. Rajesh Kannan,"['Kannan M', 'Kannan, M. Rajesh', 'M Kannan', 'M. Kannan', 'M. Rajesh Kannan', 'Mithra Kannan']",95,389,8,10,m. rajesh,kannan,k,m. rajesh kannan,A5014706926,m kannan
A5110971818,,Steve Reynolds,"['S Reynolds', 'S. Reynolds', 'S.M. Reynolds', 'STEVE REYNOLDS', 'Steve Reynolds']",32,573,8,11,steve,reynolds,r,steve reynolds,A5110971818,s reynolds
A5083414674,https://orcid.org/0000-0003-1377-7444,Amir Safari,"['A. Safari', 'Amir Hosein Safari', 'Amir Safari', 'Safari, A.', 'Safari, Amir', 'Safari, Amir Hosein']",16,176,7,9,amir,safari,s,amir safari,A5083414674,a safari
A5016059440,,Milad Ebadi,['Milad Ebadi'],8,53,3,2,milad,ebadi,e,milad ebadi,A5016059440,m ebadi
A5071862427,,Vernie Aguda,['Vernie Aguda'],21,381,5,12,vernie,aguda,a,vernie aguda,A5071862427,v aguda
A5084039498,https://orcid.org/0000-0001-5369-0410,Cai Feng,"['C. Feng', 'CAI Feng', 'Cai Feng', 'Cai Mitsu Feng', 'Cai ‘Mitsu’ Feng', 'Feng CAI', 'Feng Cai']",101,528,11,29,cai,feng,f,cai feng,A5084039498,c feng
A5005355207,https://orcid.org/0000-0001-5762-1869,Wolfgang Aigner,"['Aigner Wolfgang', 'Aigner, W.', 'Aigner, Wolfgang', 'W. Aigner', 'Wol Aigner', 'Wolfgang Aigner']",196,4375,33,16,wolfgang,aigner,a,wolfgang aigner,A5005355207,w aigner
A5041150754,https://orcid.org/0000-0002-6122-6383,Amin Farjah,"['A. Farjah', 'Amin Farjah']",11,97,4,4,amin,farjah,f,amin farjah,A5041150754,a farjah
A5100431183,https://orcid.org/0000-0002-0461-6940,Feng Wang,"['Feng WANG', 'Feng Wang', 'Feng wang', 'Wang Feng', 'Wang Feng -', 'Wang, Feng']",234,3241,34,101,feng,wang,w,feng wang,A5100431183,f wang
A5059826285,https://orcid.org/0000-0002-0330-5438,Carol Mulder,"['C Mulder', 'Carol Mulder', 'Mulder, C']",24,172,7,13,carol,mulder,m,carol mulder,A5059826285,c mulder
A5056127540,,Yasaman Maaref,"['Maaref, Yasaman', 'Yasaman Maaref']",13,75,5,2,yasaman,maaref,m,yasaman maaref,A5056127540,y maaref
A5101738811,https://orcid.org/0000-0002-7310-8608,Zhenyu Cheryl Qian,"['Cheryl Qian', 'Cheryl Z Qian', 'Cheryl Z. Qian', 'Cheryl Zhenyu Qian', 'Zhenyu Cheryl Qian', 'Zhenyu Qian']",95,521,12,13,zhenyu cheryl,qian,q,zhenyu cheryl qian,A5101738811,z qian
A5090666808,https://orcid.org/0000-0003-1612-8829,Megan E. Graham,"['Megan E Graham', 'Megan E. Graham']",19,129,8,3,megan e.,graham,g,megan e. graham,A5090666808,m graham
A5020350657,https://orcid.org/0009-0008-8637-3647,Ashleigh M. Westphal,['Ashleigh M. Westphal'],7,35,2,3,ashleigh m.,westphal,w,ashleigh m. westphal,A5020350657,a westphal
A5013773955,https://orcid.org/0000-0001-5837-1312,Jannis Androutsopoulos,"['Androutopoulos, Jannis K.', 'Androutsopoulos , Jannis', 'Androutsopoulos, Jannis', 'Androutsopoulos, Jannis K. 1967-', 'J ANDROUTSOPOULOS', 'JANNIS ANDROUTSOPOULOS', 'Jannis Androutsopoulos', 'Jannis K. Androutsopoulos']",166,5681,34,61,jannis,androutsopoulos,a,jannis androutsopoulos,A5013773955,j androutsopoulos
A5101102768,,Jianliang Wu,"['Jianliang Wu', 'Wu, Jianliang']",16,165,8,5,jianliang,wu,w,jianliang wu,A5101102768,j wu
A5024233408,https://orcid.org/0000-0003-4783-6553,Carmen Celestini,['Carmen Celestini'],13,20,2,2,carmen,celestini,c,carmen celestini,A5024233408,c celestini
A5090514631,https://orcid.org/0000-0003-1960-2936,Hugo Ferrari Cardoso,"['Cardoso, Hugo Eckener Dantas de Pereira [UNESP]', 'Cardoso, Hugo F.', 'Cardoso, Hugo Ferrari', 'Cardoso, Hugo Ferrari (Ed.)', 'Cardoso, Hugo Ferrari [UNESP]', 'H.F. Cardoso', 'Hugo Cardoso', 'Hugo F. Cardoso', 'Hugo Ferrari CARDOSO', 'Hugo Ferrari Cardoso']",105,306,9,15,hugo ferrari,cardoso,c,hugo ferrari cardoso,A5090514631,h cardoso
A5068988327,https://orcid.org/0000-0003-2217-109X,Hailey-Thomas Jenkins,['Hailey-Thomas Jenkins'],8,51,4,1,hailey-thomas,jenkins,j,hailey-thomas jenkins,A5068988327,h jenkins
A5052496992,https://orcid.org/0000-0002-1510-3462,Nick Bansback,"['Bansback N', 'Bansback, Nick', 'N Bansback', 'N J Bansback', 'N. Bansback', 'N. J. Bansback', 'N.J. Bansback', 'NICK J. BANSBACK', 'Nick Bansback', 'Nick Bansback*', 'Nick J Bansback', 'Nick J. Bansback']",335,12762,50,72,nick,bansback,b,nick bansback,A5052496992,n bansback
A5103130139,https://orcid.org/0009-0002-9353-429X,Adam Spencer,"['A Spencer', 'A. M. Spencer', 'A. Spencer', 'AM Spencer', 'Adam M. Spencer', 'Adam Spencer', 'Spencer, Adam']",43,1242,17,11,adam,spencer,s,adam spencer,A5103130139,a spencer
A5100614211,https://orcid.org/0000-0002-4808-2637,Ke Wang,"['Islam', 'K WANG', 'KE WANG', 'Ke WANG', 'Ke Wang', 'WANG Ke', 'Wang Ke', 'Wang, Ke', 'Xunpeng Shi', 'Zhixiang Zhou']",417,10383,55,123,ke,wang,w,ke wang,A5100614211,k wang
A5015084838,https://orcid.org/0000-0003-1383-0639,Alyssa Allchurch,"['Allchurch, Alyssa', 'Alyssa Allchurch']",8,59,5,2,alyssa,allchurch,a,alyssa allchurch,A5015084838,a allchurch
A5047372644,https://orcid.org/0000-0001-9812-1537,Ze-Nian Li,"['Li, Ze-Nian', 'ZE-NIAN LI', 'Ze-Nian Li', 'Ze-nian Li', 'Zenian Li']",159,2219,25,10,ze-nian,li,l,ze-nian li,A5047372644,z li
A5078548506,,Suyue Li,"['Li, Suyue', 'Suyue LI', 'Suyue Li', 'Su‐Yue LI']",46,779,14,11,suyue,li,l,suyue li,A5078548506,s li
A5028735533,https://orcid.org/0000-0002-2953-8811,Anna Kim,"['An-Na Kim', 'Anna H. Kim', 'Anna Kim', 'Anna Kim M.D.', 'Kim, Anna']",211,2624,23,52,anna,kim,k,anna kim,A5028735533,a kim
A5079743382,,Jessica Hallenbeck,"['Hallenbeck, Jessica Wynne', 'J. Hallenbeck', 'Jessica Hallenbeck']",16,1050,5,3,jessica,hallenbeck,h,jessica hallenbeck,A5079743382,j hallenbeck
A5063746821,https://orcid.org/0000-0003-4119-0894,Alexandre H. Nott,"['A. H. Nott', 'Alexandre H. Nott', 'Alexandre Nott']",6,13,2,2,alexandre h.,nott,n,alexandre h. nott,A5063746821,a nott
A5083922083,,Suzanne Therrien,"['Suzanne Therrien', 'Therrien, Suzanne']",10,144,7,4,suzanne,therrien,t,suzanne therrien,A5083922083,s therrien
A5038828920,,Chloe K. Boynton,"['Boynton, Chloe K.', 'Chloe Boynton', 'Chloe K Boynton', 'Chloe K. Boynton']",7,51,3,2,chloe k.,boynton,b,chloe k. boynton,A5038828920,c boynton
A5107304098,https://orcid.org/0000-0001-6968-6459,Tony D. Williams,"['T D Williams', 'T David Williams', 'T. D. WILLIAMS', 'T. D. Williams', 'T. DAVID WILLIAMS', 'T. David Williams', 'T.D. Williams', 'Tony D Williams', 'Tony D. Williams', 'Tony Williams', 'Tony\xa0D. Williams', 'Williams, Tony', 'Williams, Tony D.']",44,403,9,7,tony d.,williams,w,tony d. williams,A5107304098,t williams
A5005264190,https://orcid.org/0000-0002-7825-0187,Samuel D. N. Johnson,"['Johnson, Samuel', 'Johnson, Samuel  D N', 'Johnson, Samuel D. N.', 'S. Johnson', 'Samuel D N Johnson', 'Samuel D. N. Johnson', 'Samuel D.N. Johnson', 'Samuel Johnson']",17,108,5,6,samuel d. n.,johnson,j,samuel d. n. johnson,A5005264190,s johnson
A5063051271,,Helen Kwan,"['H. Kwan', 'Helen Kwan', 'Kwan, Helen (Hip Ning)']",13,267,3,2,helen,kwan,k,helen kwan,A5063051271,h kwan
A5059893124,https://orcid.org/0000-0001-5075-540X,Omar Arafa,"['Omar Arafa', 'Omar M. Arafa']",12,678,6,8,omar,arafa,a,omar arafa,A5059893124,o arafa
A5079766012,https://orcid.org/0000-0003-3236-5234,Pengcheng Xi,"['P. Xi', 'PeiYan Xi', 'Peng-Cheng Xi', 'Peng-cheng Xi', 'Pengcheng XI', 'Pengcheng Xi', 'Pengju Xi', 'Shu, Chang', 'Xi, P.', 'Xi, Pengcheng']",117,1195,16,17,pengcheng,xi,x,pengcheng xi,A5079766012,p xi
A5019862119,https://orcid.org/0000-0003-2452-803X,Leya Lopez,"['Leya Lopez', 'Lopez, Leya']",6,27,2,1,leya,lopez,l,leya lopez,A5019862119,l lopez
A5055783023,https://orcid.org/0000-0002-9315-5057,Philip C. Holz,"['Holz, Philip', 'Holz, Philip C.', 'P Holz', 'P. C. Holz', 'P.\u2009C. Holz', 'Philip C. Holz']",21,275,8,4,philip c.,holz,h,philip c. holz,A5055783023,p holz
A5078816085,https://orcid.org/0000-0003-2716-2344,Daniel M. Bernstein,"['Bernstein\n  , \n\tDaniel M.', 'Bernstein, Daniel', 'Bernstein, Daniel M', 'Bernstein, Daniel M.', 'D BERNSTEIN', 'D. Bernstein', 'D.M. Bernstein', 'DANIEL M. BERNSTEIN', 'Daniel Bernstein', 'Daniel M Bernstein', 'Daniel M. Bernstein']",196,3914,37,17,daniel m.,bernstein,b,daniel m. bernstein,A5078816085,d bernstein
A5033884262,https://orcid.org/0000-0002-5431-3446,Lauren Knight,"['Lauren Elizabeth Knight', 'Lauren Knight']",9,38,3,2,lauren,knight,k,lauren knight,A5033884262,l knight
A5077280597,https://orcid.org/0000-0002-0404-8701,J. Taylor Perron,"['J Taylor Perron', 'J. Perron', 'J. T. Perron', 'J. Taylor Perron', 'J. TaylorPerron(Http://Orcid.Org/0000-0002-0404-8701), Myrow', 'J.T. Perron', 'JT Perron', 'Perron, J Taylor', 'Perron, J. Taylor']",215,8090,42,9,j. taylor,perron,p,j. taylor perron,A5077280597,j perron
A5018091851,https://orcid.org/0000-0003-4906-178X,Nathaniel C. Johnson,"['Johnson, Nathaniel', 'N. C. Johnson', 'Nathaniel C Johnson', 'Nathaniel C. Johnson', 'Nathaniel Johnson', 'Nathaniel\xa0C. Johnson']",144,6862,32,17,nathaniel c.,johnson,j,nathaniel c. johnson,A5018091851,n johnson
A5102137892,,Mehran Ahmadi,"['Mehran Ahmadi', 'Mehran Seyed Ahmadi']",37,361,10,8,mehran,ahmadi,a,mehran ahmadi,A5102137892,m ahmadi
A5004975866,https://orcid.org/0000-0002-4625-5426,Alysha van Duynhoven,['Alysha van Duynhoven'],12,155,6,1,alysha van,duynhoven,d,alysha van duynhoven,A5004975866,a duynhoven
A5080178682,,Amir M. Niroumand,"['A. M. Niroumand', 'Amir  M. Niroumand', 'Amir M. Niroumand', 'Amir Niroumand']",18,171,7,3,amir m.,niroumand,n,amir m. niroumand,A5080178682,a niroumand
A5080741864,https://orcid.org/0000-0003-4418-1563,Dylan S. Cunningham,"['Cunningham, Dylan', 'Dylan S. Cunningham']",7,34,2,2,dylan s.,cunningham,c,dylan s. cunningham,A5080741864,d cunningham
A5019812835,https://orcid.org/0000-0002-1667-3803,Gustavo L. Aschidamini,"['Aschidamini, Gustavo L.', 'Gustavo L. Aschidamini', 'Gustavo Lima Aschidamini']",10,52,3,2,gustavo l.,aschidamini,a,gustavo l. aschidamini,A5019812835,g aschidamini
A5024577116,https://orcid.org/0000-0001-8072-2836,Hertzel C. Gerstein,"['Gerstein HC', 'Gerstein, H. C', 'Gerstein, Hertzel C', 'Gerstein, Hertzel C.', 'H C Gerstein', 'H GERSTEIN', 'H Gerstein', 'H. C Gerstein', 'H. C. GERSTEIN', 'H. C. Gerstein', 'H. G. Gerstein', 'H. Gerstein', 'H.C Gerstein', 'H.C. Gerstein', 'HC Gerstein', 'HERTZEL C. GERSTEIN', 'HERTZEL GERSTEIN', 'Harold Gerstein', 'Hertzel  C. Gerstein', 'Hertzel C Gerstein', 'Hertzel C. GERSTEIN', 'Hertzel C. Gerstein', 'Hertzel Chaim Gerstein', 'Hertzel Gerstein', 'Hertzel\xa0C. Gerstein', 'HilaryB. Gerstein', 'Michael D Noseworthy', 'Michael E Miller', 'S Yusuf', 'Yoon Shin Cho', '\xa0H. Gerstein']",764,76598,120,100,hertzel c.,gerstein,g,hertzel c. gerstein,A5024577116,h gerstein
A5032217538,https://orcid.org/0000-0002-6316-9802,Dennys Silva-Reis,"['DENNYS SILVA-REIS', 'Dennys Silva-Reis']",77,69,4,20,dennys,silva-reis,s,dennys silva-reis,A5032217538,d silva-reis
A5044200406,https://orcid.org/0000-0002-5636-9056,Marinko V. Šarunic,"['M V Sarunic', 'M. V. Sarunic', 'Marinko  V. Sarunic', 'Marinko Sarunic', 'Marinko V Sarunic', 'Marinko V. Sarunic', 'Marinko V. Šarunic', 'Marinko Šarunic', 'Sarunic, Marinko', 'Sarunic, Marinko V.']",303,7613,47,18,marinko v.,šarunic,š,marinko v. šarunic,A5044200406,m šarunic
A5029420457,https://orcid.org/0000-0002-5174-104X,Maria Mathews,"['M Mathews', 'M. Mathews', 'Maria Mathews', 'Mathews, Maria.', 'T.S. MATHEWS, M.R.C.P., D.C.H.']",216,2752,28,27,maria,mathews,m,maria mathews,A5029420457,m mathews
A5037662290,https://orcid.org/0000-0002-9894-6966,Dionysis Nikolopoulos,"['D Nikolopoulos', 'D. Nikolopoulos', 'Dionisios Nikolopoulos', 'Dionysios Nikolopoulos', 'Dionysis Nikolopoulos', 'Dionysis S Nikolopoulos', 'Dionysis S. Nikolopoulos', 'Nikolopoulos, Dionysis (author)']",119,1318,20,14,dionysis,nikolopoulos,n,dionysis nikolopoulos,A5037662290,d nikolopoulos
A5104081400,,Megan Fowler,"['Megan FOWLER', 'Megan Fowler']",14,33,4,2,megan,fowler,f,megan fowler,A5104081400,m fowler
A5038978923,https://orcid.org/0000-0003-3416-2713,Barry R. Chiswick,"['B R Chiswick', 'B. R. Chiswick', 'B.R. Chiswick', 'BARRY R. CHISWICK', 'Barry Chiswick', 'Barry R Chiswick', 'Barry R. Chiswick', 'BarryR. Chiswick', 'Barry\xa0R. Chiswick', 'Chiswick, B.R.', 'Chiswick, Barry R.', 'Chiswick, Barry R. 1942-', 'Chriswick, Barry R.']",506,19233,64,24,barry r.,chiswick,c,barry r. chiswick,A5038978923,b chiswick
A5015684951,,Amal Ghazal,"['Amal Ghazal', 'Amal Ghazal أمل غزال', 'Amal N Ghazal', 'Amal N. Ghazal', 'GHAZAL, AMAL', 'Ghazal, Amal Nadim.']",30,190,5,2,amal,ghazal,g,amal ghazal,A5015684951,a ghazal
A5018771218,https://orcid.org/0000-0002-2295-6543,Bong-gi Sohn,"['Bong-Gi Sohn', 'Bong-gi Sohn', 'Bong‐Gi Sohn', 'Sohn, Bong-gi']",16,51,3,3,bong-gi,sohn,s,bong-gi sohn,A5018771218,b sohn
A5052748246,https://orcid.org/0000-0002-9123-3672,Michiel van de Panne,"['M van de Panne', 'M. Panne', 'M. Van de Panne', 'M. van de Panne', 'Michiel Van De Panne', 'Michiel Van de Panne', 'Michiel van de Panne', 'Michiel van\xa0de Panne', 'Panne, Michiel Van De', 'Van De Panne, Michiel', 'Van de Panne, M. (Michiel), 1965-', 'Van de Panne, Michiel', 'van de Panne, Michiel']",192,9270,49,11,michiel van de,panne,p,michiel van de panne,A5052748246,m panne
A5030388445,https://orcid.org/0000-0002-5427-7764,Daniel O. Sánchez,"['D O Sánchez', 'D SANCHEZ', 'D Sanchez', 'D Sánchez', 'D. O. SANCHEZ', 'D. O. Sanchez', 'D. O. Sánchez', 'D. O. Sánchez', 'D. Sanchez', 'D. Sánchez', 'D.O Sánchez', 'D.O. Sanchez', 'D.O. Sánchez', 'DANIEL O. SANCHEZ', 'Daniel O Sanchez', 'Daniel O Sánchez', 'Daniel O. Sanchez', 'Daniel O. Sánchez', 'Daniel O. SÁNCHEZ', 'Daniel O. Sánchez', 'Daniel Oscar Sánchez', 'Daniel Sanchez', 'Daniel Sánchez', 'Jose Fabricio Reyes Flores', 'Sanchez, Daniel', 'Sánchez, Daniel']",106,4365,30,25,daniel o.,sánchez,s,daniel o. sánchez,A5030388445,d sánchez
A5040794159,,Bita Azari,"['Azari, Bita', 'Bita Azari']",8,29,3,2,bita,azari,a,bita azari,A5040794159,b azari
A5024618495,https://orcid.org/0000-0001-9683-2343,Catherine Joan Jackson,"['C. J. Jackson', 'Catherine J Jackson', 'Catherine J. Jackson', 'Catherine Jackson', 'Catherine Jackson (623267)', 'Catherine Joan Jackson']",41,913,16,10,catherine joan,jackson,j,catherine joan jackson,A5024618495,c jackson
A5022328570,,D. J. Green,"['D. J. Green', 'D.J. Green', 'Green, David J.']",8,111,5,3,d. j.,green,g,d. j. green,A5022328570,d green
A5066138111,https://orcid.org/0000-0001-5884-4503,Matteo Montecchi,"['Matteo Montecchi', 'Montecchi, Matteo']",66,1368,13,6,matteo,montecchi,m,matteo montecchi,A5066138111,m montecchi
A5006725311,https://orcid.org/0009-0000-7515-7430,Rimika Chaudhury,['Rimika Chaudhury'],7,19,3,1,rimika,chaudhury,c,rimika chaudhury,A5006725311,r chaudhury
A5102793421,https://orcid.org/0009-0005-2486-0456,Özlem Sensoy,"['O. Sensoy', 'Ozlem Sensoy', 'Sensoy, Özlem', 'ÖZLEM SENSOY', 'Özlem Sensoy']",58,925,15,4,özlem,sensoy,s,özlem sensoy,A5102793421,ö sensoy
A5086900642,,Shannon Joyce,['Shannon Joyce'],7,22,3,2,shannon,joyce,j,shannon joyce,A5086900642,s joyce
A5052482231,https://orcid.org/0000-0002-7344-8565,Amelia V. Hesketh,"['A. V. Hesketh', 'Amelia Hesketh', 'Amelia V. Hesketh', 'Hesketh, Amelia']",24,330,8,5,amelia v.,hesketh,h,amelia v. hesketh,A5052482231,a hesketh
A5102742967,https://orcid.org/0000-0003-3412-1831,Candy Ho,"['Candy Ho', 'Candy T. Y. Ho', 'Ho, Candy']",9,38,3,3,candy,ho,h,candy ho,A5102742967,c ho
A5061833621,,Roy L. Carlson,"['Carlson, Roy L.', 'R. L. Carlson', 'R.L. Carlson', 'ROY L. CARLSON', 'Roy Carlson', 'Roy L Carlson', 'Roy L. Carlson']",108,370,11,13,roy l.,carlson,c,roy l. carlson,A5061833621,r carlson
A5054177195,https://orcid.org/0000-0002-9032-7220,Ji Sun Jang,"['Jang, Ji Sun', 'Ji  Sun Jang', 'Ji Sun Jang']",13,172,6,5,ji sun,jang,j,ji sun jang,A5054177195,j jang
A5082579402,https://orcid.org/0000-0002-7857-9476,Arash Shahin,"['A Shahin', 'A. Shahin', 'ARASH SHAHIN', 'Arash  Shahin', 'Arash SHAHIN', 'Arash Shahin', 'Shahin Arash', 'Shahin, Arash', 'arash Shahin']",341,4573,33,13,arash,shahin,s,arash shahin,A5082579402,a shahin
A5083797457,,Jiaxiong Hu,"['Hu, Jiaxiong', 'J.C. Hu', 'Jiaxiong (Lucas) Hu', 'Jiaxiong Hu']",15,50,4,4,jiaxiong,hu,h,jiaxiong hu,A5083797457,j hu
A5082579130,https://orcid.org/0000-0001-8935-9420,Hongwen Chen,"['Chen Hong-wen', 'Hong-Wen Chen', 'Hong-Wen Chen (152513)', 'Hongwen CHEN', 'Hongwen Chen']",170,2387,29,44,hongwen,chen,c,hongwen chen,A5082579130,h chen
A5056734196,https://orcid.org/0000-0001-9860-941X,Chris Kerslake,"['Chris Kerslake', 'Kerslake, Chris']",6,18,3,1,chris,kerslake,k,chris kerslake,A5056734196,c kerslake
A5033818862,,Francy Kiabiya Ntamboudila,"['Francy Kiabiya Ntamboudila', 'Kiabiya Ntamboudila, Francy']",12,102,4,8,francy kiabiya,ntamboudila,n,francy kiabiya ntamboudila,A5033818862,f ntamboudila
A5007413816,,Stacy Leigh Pigg,"['S. L. Pigg', 'STACY LEIGH PIGG', 'Stacy Leigh Pigg', 'Stacy Pigg']",62,1985,17,5,stacy leigh,pigg,p,stacy leigh pigg,A5007413816,s pigg
A5010169014,,John F. Chant,"['CHANT, J.F.', 'Chant, John', 'Chant, John F.', 'JOHN F. CHANT', 'John Chant', 'John F. Chant']",40,374,11,9,john f.,chant,c,john f. chant,A5010169014,j chant
A5007653103,https://orcid.org/0000-0002-0676-9852,Logan Macnair,['Logan Macnair'],9,175,5,1,logan,macnair,m,logan macnair,A5007653103,l macnair
A5038410890,,Todd D. Nelson,"['Nelson, Todd D. 1966-', 'T.D. Nelson', 'Todd D. Nelson', 'Todd Nelson']",40,3027,13,8,todd d.,nelson,n,todd d. nelson,A5038410890,t nelson
A5003246497,,Eldon Yellowhorn,"['Eldon Yellowhorn', 'Yellowhorn, Eldon']",23,81,4,4,eldon,yellowhorn,y,eldon yellowhorn,A5003246497,e yellowhorn
A5077194569,,Megha Goel,"['M Goel', 'Megha Goel']",7,18,2,4,megha,goel,g,megha goel,A5077194569,m goel
A5059065348,,N. Tavakoli,"['N. Tavakoli', 'Nassrin Tavakoli', 'Tavakoli, Nassrin']",15,39,3,4,n.,tavakoli,t,n. tavakoli,A5059065348,n tavakoli
A5055768664,,Ronald Ignace,"['Ronald E. Ignace', 'Ronald Ignace']",10,704,4,2,ronald,ignace,i,ronald ignace,A5055768664,r ignace
A5027853109,,Louise Meilleur,"['Louise Meilleur', 'Louise R. Meilleur']",22,492,9,5,louise,meilleur,m,louise meilleur,A5027853109,l meilleur
A5101544105,https://orcid.org/0000-0002-1302-7427,Ahmed Al-Rawi,"['AHMED Alrawi', 'Ahmed Al-Rawi', 'Ahmed Alrawi', 'Ahmed K. Al-Rawi', 'Ahmed Khalid Al-Rawi', 'Ahmed al-Rawi']",26,115,5,8,ahmed,al-rawi,a,ahmed al-rawi,A5101544105,a al-rawi
A5102896759,https://orcid.org/0000-0002-2067-3240,Kijin Kim,['Kijin Kim'],37,477,9,17,kijin,kim,k,kijin kim,A5102896759,k kim
A5042564012,,Jillian Anderson,"['J. Anderson', 'J.P. Anderson', 'Jillian Anderson']",25,767,8,13,jillian,anderson,a,jillian anderson,A5042564012,j anderson
A5033634465,https://orcid.org/0000-0001-9077-0700,Joshua D. Wright,"['Joshua D. Wright', 'Joshua David Wright', 'Wright, Joshua D.']",32,407,11,8,joshua d.,wright,w,joshua d. wright,A5033634465,j wright
A5062625796,https://orcid.org/0000-0003-2699-7681,Wen‐Kai Hsiao,"['W-K. Hsiao', 'W. Hsiao', 'W.-K. Hsiao', 'W.K. Hsiao', 'Wen Kai Hsiao', 'Wen-Kai Hsiao', 'Wen‐Kai Hsiao']",62,1323,22,10,wen‐kai,hsiao,h,wen‐kai hsiao,A5062625796,w hsiao
A5072134463,https://orcid.org/0000-0002-9349-1915,Kimberlyn McGrail,"['K M McGrail', 'K McGrail', 'K Mcgrail', 'K. M. McGrail', 'K. McGrail', 'K., McGrail', 'Kim McGrail', 'Kimberlyn M McGrail', 'Kimberlyn M. McGrail', 'Kimberlyn M. Mcgrail', 'Kimberlyn Marie McGrail', 'Kimberlyn McGrail', 'Kimberlyn Mcgrail', 'Kimberlyn\xa0M. McGrail', 'McGrail, Kimberlyn', 'McGrail, Kimberlyn M.', 'McGrail, Kimberlyn Marie', 'Mcgrail, Kimberlyn']",284,4617,36,60,kimberlyn,mcgrail,m,kimberlyn mcgrail,A5072134463,k mcgrail
A5015138190,,Bonnie P. Lo,"['Bonnie Lo', 'Bonnie P Lo', 'Bonnie P. Lo']",15,404,7,3,bonnie p.,lo,l,bonnie p. lo,A5015138190,b lo
A5026562936,https://orcid.org/0000-0003-3530-4728,Marcel Mierwald,['Marcel Mierwald'],19,176,6,8,marcel,mierwald,m,marcel mierwald,A5026562936,m mierwald
A5112601932,,Christopher Bataille,"['Bataille, Christopher', 'Christopher Bataille', 'Christopher G. F. Bataille']",19,827,9,8,christopher,bataille,b,christopher bataille,A5112601932,c bataille
A5100708422,https://orcid.org/0000-0003-2540-2009,Rebecca Lee,"['B Kim', 'Carolyn Eyles', 'Dr. Rebecca Lee', 'Jennifer G. Hill', 'Lee', 'Lee, Rebecca', 'Lee, Rebecca J.', 'R J Lee', 'R Lee', 'R. J. Lee', 'R. Lee', 'R.J. Lee', 'REBECCA LEE', 'Rebecca G. Lee', 'Rebecca J Lee', 'Rebecca J. Lee', 'Rebecca Jane Lee', 'Rebecca Jane. Lee', 'Rebecca Jiyun Lee', 'Rebecca Lee', 'Z Couper']",404,9521,46,126,rebecca,lee,l,rebecca lee,A5100708422,r lee
A5091823728,https://orcid.org/0000-0002-1822-717X,Anthony P. Farrell,"['A P Farrell', 'A. (Tony) P. Farrell', 'A. Farrell', 'A. P. (Tony) Farrell', 'A. P. FARRELL', 'A. P. Farrell', ""A.'P. Farrell"", 'A.P Farrell', 'A.P. (Tony) Farrell', 'A.P. FARRELL', 'A.P. Farrell', 'A.\xa0P. Farrell', 'ANTHONY P. FARRELL', 'Anthony Farrell', 'Anthony P Farrell', 'Anthony P. Farrell', 'Anthony Peter Farrell', 'Anthony\xa0P. Farrell', 'Dr. Anthony P. Farrell', 'Farrell, Anthony', 'Farrell, Anthony P.', 'Farrell, Anthony Peter', 'P. Farrell, Anthony']",581,34864,95,31,anthony p.,farrell,f,anthony p. farrell,A5091823728,a farrell
A5001604675,https://orcid.org/0000-0002-8376-5476,Michael J. Malick,"['MJ Malick', 'Malick, Michael', 'Malick, Michael J.', 'Michael J Malick', 'Michael J. Malick', 'Michael Malick']",42,623,14,9,michael j.,malick,m,michael j. malick,A5001604675,m malick
A5006832289,https://orcid.org/0000-0002-7113-4917,Malcolm R. Sears,"['M R Sears', 'M R. Sears', 'M Sears', 'M. R Sears', 'M. R. SEARS', 'M. R. Sears', 'M. Sears', 'M.R. Sears', 'M.r Sears', 'M.\xa0R. Sears', 'MALCOLM R. SEARS', 'MALCOLM SEARS', 'Malcolm R Sears', 'Malcolm R. SEARS', 'Malcolm R. Sears', 'Malcolm Sears', 'MalcolmR. Sears', 'Malcolm\xa0R. Sears', 'Sears M', 'Sears, Malcolm']",474,36660,93,57,malcolm r.,sears,s,malcolm r. sears,A5006832289,m sears
A5009092993,https://orcid.org/0000-0002-0520-1851,Charlotte Laane,"['C.L.E. Laane', 'Charlotte L. E. Laane', 'Charlotte L.E. Laane', 'Charlotte Laane']",20,120,5,23,charlotte,laane,l,charlotte laane,A5009092993,c laane
A5047909731,https://orcid.org/0000-0003-0709-4460,Abolfazl Eskandarpour,"['Abolfazl Eskandarpour', 'Eskandarpour, Abolfazl']",10,145,3,3,abolfazl,eskandarpour,e,abolfazl eskandarpour,A5047909731,a eskandarpour
A5093969366,https://orcid.org/0009-0007-8777-2781,Claire M Attridge,"['Attridge, Claire M', 'CM Attridge', 'Claire M Attridge', 'Claire M. Attridge']",8,24,3,2,claire m,attridge,a,claire m attridge,A5093969366,c attridge
A5034368663,,Denise Oleksijczuk,['Denise Oleksijczuk'],7,29,1,1,denise,oleksijczuk,o,denise oleksijczuk,A5034368663,d oleksijczuk
A5020179773,,The Alzheimer’s Disease Neuroimaging Initiative,"['Initiative, The Alzheimers Disease Neuroimaging', 'Initiative, The Alzheimer’s Disease Neuroimaging', ""Initiative, the Alzheimer's Disease Neuroimaging"", 'The Alzheimers Disease Neuroimaging Initiative', 'The Alzheimer’s Disease Neuroimaging Initiative', 'The Alzheimer’s Disease Neuroimaging Initiative (ADNI)', ""the Alzheimer's Disease Neuroimaging Initiative"", ""the\xa0Alzheimer's\xa0Disease\xa0Neuroimaging\xa0Initiative""]",18,921,5,10,the alzheimer’s disease neuroimaging,initiative,i,the alzheimer’s disease neuroimaging initiative,A5020179773,t initiative
A5091524549,https://orcid.org/0000-0002-6656-0217,Alexander B. Beams,"['Alexander B. Beams', 'Alexander Beams', 'Beams, A', 'Beams, Alex', 'Beams, Alexander B.']",18,60,4,6,alexander b.,beams,b,alexander b. beams,A5091524549,a beams
A5100319892,https://orcid.org/0000-0001-6205-7684,Yuxuan Zhang,"['Yu-Xuan Zhang', 'Yuxuan (Cicilia) Zhang', 'Yuxuan Zhang', 'Zhang, Yuxuan']",28,90,5,17,yuxuan,zhang,z,yuxuan zhang,A5100319892,y zhang
A5024192852,https://orcid.org/0000-0002-1001-5316,Helena Winata,"['H. Winata', 'Haya Shaalan', 'Helena K. Winata', 'Helena Winata', 'Winata, Helena']",22,108,5,10,helena,winata,w,helena winata,A5024192852,h winata
A5081894748,https://orcid.org/0000-0002-2421-691X,Nancy Wood,"['N Wood', 'N. Wood', 'NANCY E. WOOD', 'Nancy E. Wood', 'Nancy Wood']",85,1789,21,22,nancy,wood,w,nancy wood,A5081894748,n wood
A5061407398,https://orcid.org/0000-0002-9893-8931,Kathleen Higgins,"['Higgins, Kathleen', 'K V Higgins', 'KATHLEEN HIGGINS', 'Kathleen Higgins', 'Kathleen V. Higgins']",20,152,6,11,kathleen,higgins,h,kathleen higgins,A5061407398,k higgins
A5103106663,https://orcid.org/0000-0003-1368-9276,Juan M. Cardenas,"['Cardenas, Juan M.', 'Juan Cardenas', 'Juan M. Cardenas', 'Juan M. Cárdenas']",16,38,3,1,juan m.,cardenas,c,juan m. cardenas,A5103106663,j cardenas
A5080630073,https://orcid.org/0000-0001-6288-8445,Gary H. Perdew,"['G H Perdew', 'G PERDEW', 'G. H. Perdew', 'G. Perdew', 'G.H. Perdew', 'GARY H. PERDEW', 'Gary  H. Perdew', 'Gary H Perdew', 'Gary H. PERDEW', 'Gary H. Perdew', 'Gary H. Perdew (336202)', 'Gary H. Perdew PhD', 'Gary Perdew', 'Gary.H. Perdew', 'Perdew, Gary H', 'Perdew, Gary H.']",258,17440,72,17,gary h.,perdew,p,gary h. perdew,A5080630073,g perdew
A5085218094,https://orcid.org/0000-0003-1454-2233,Sandy Bakos,"['Bakos, Sandy', 'Sandy Bakos']",10,47,5,2,sandy,bakos,b,sandy bakos,A5085218094,s bakos
A5058919357,https://orcid.org/0000-0003-4569-7529,Kaitlyn McLachlan,"['K. McLachlan', 'Kaitlyn McLachlan']",59,1306,17,8,kaitlyn,mclachlan,m,kaitlyn mclachlan,A5058919357,k mclachlan
A5050177481,https://orcid.org/0000-0002-3004-5715,Julie M. Grondin,"['J.M. Grondin', 'Julie Grondin', 'Julie M. Grondin']",17,884,9,6,julie m.,grondin,g,julie m. grondin,A5050177481,j grondin
A5035283659,https://orcid.org/0000-0002-9118-4348,Marcin Jankiewicz,"['Jankiewicz, Marcin', 'M. Jankiewicz', 'Marcin Jankiewicz']",30,353,10,6,marcin,jankiewicz,j,marcin jankiewicz,A5035283659,m jankiewicz
A5003243342,https://orcid.org/0000-0001-5797-1957,Jacob Brockerman,"['Brockerman, Jacob', 'Brockerman, Jacob A.', 'Brockerman, Jacob Arthur', 'J. Brockerman', 'Jacob A. Brockerman', 'Jacob Brockerman']",17,131,7,4,jacob,brockerman,b,jacob brockerman,A5003243342,j brockerman
A5020422884,,Robin Barrow,"['R. St. C. Barrow', 'ROBIN BARROW', 'Robin Barrow', 'Robin St. C. Barrow']",135,1229,21,6,robin,barrow,b,robin barrow,A5020422884,r barrow
A5100734269,https://orcid.org/0000-0001-9415-8252,Z. Yu,"['Strother P', 'Yu Z', 'Yu Zhang', 'Yu 宇 Zhang 张', 'Yu, Zhang', 'Yu, Zhangping', 'Yú Zhang', 'Z Yu', 'Z. Yu', 'ZHANG Yu', 'Zhang Yu', 'Zhang, Yu', 'Zhong-xi Yu']",242,6261,41,55,z.,yu,y,z. yu,A5100734269,z yu
A5006986010,https://orcid.org/0000-0002-4673-2376,Mattia Talpo,"['Mattia Talpo', 'TALPO, MATTIA', 'Talpo M.', 'Talpo, Mattia']",32,117,6,10,mattia,talpo,t,mattia talpo,A5006986010,m talpo
A5013264197,https://orcid.org/0000-0002-4508-2463,Kimberly Thomson,"['K.C. Thomson', 'Kimberly C Thomson', 'Kimberly C. Thomson', 'Kimberly Thomson', 'Thomson, Kimberly', 'Thomson, Kimberly Catherine']",68,3887,26,14,kimberly,thomson,t,kimberly thomson,A5013264197,k thomson
A5045904132,https://orcid.org/0009-0001-7372-0098,Guanzhen Wu,"['G.Y. Wu', 'Guanzhen Wu', 'Wu, Guanzhen']",7,7,1,2,guanzhen,wu,w,guanzhen wu,A5045904132,g wu
A5073781974,https://orcid.org/0000-0001-5455-172X,Courtney G. Collins,"['C Collins', 'C. COLLINS', 'C. Collins', 'Collins, Courtney', 'Courtney Collins', 'Courtney G Collins', 'Courtney G. Collins', 'Courtney G. G. Collins', 'Courtney Grace Collins', 'Courtney\xa0G. Collins', 'L Valsta']",50,2794,12,15,courtney g.,collins,c,courtney g. collins,A5073781974,c collins
A5084100134,https://orcid.org/0000-0002-9862-8298,Khaled M. Arafeh,"['Khaled Arafeh', 'Khaled M. Arafeh']",11,119,5,4,khaled m.,arafeh,a,khaled m. arafeh,A5084100134,k arafeh
A5093043366,https://orcid.org/0000-0001-5863-4768,Anthony S. Iliou,"['Anthony S. Iliou', 'Iliou, Anthony S.']",10,18,2,1,anthony s.,iliou,i,anthony s. iliou,A5093043366,a iliou
A5041354852,https://orcid.org/0000-0003-0864-2924,Srikant Sarangi,"['S. Sarangi', 'SRIKANT SARANGI', 'Sarangi S', 'Sarangi, Srikant', 'Sarangi, Srikant 1956-', 'Sarangi, Srikant Kumar', 'Sarangi, Srikant Kumar; id_orcid 0000-0003-0864-2924', 'Sarangi, Srikant; id_orcid 0000-0003-0864-2924', 'Srikant K. Sarangi', 'Srikant Kumar Sarangi', 'Srikant Sarangi']",277,5434,39,55,srikant,sarangi,s,srikant sarangi,A5041354852,s sarangi
A5035873436,,Baharak Yousefi,"['Baharak Yousefi', 'Yousefi, Baharak']",7,13,1,1,baharak,yousefi,y,baharak yousefi,A5035873436,b yousefi
A5003272237,https://orcid.org/0000-0002-3925-5292,Lee Bartel,"['Aslam Khan', 'Bartel, Lee', 'Bartel, Lee R.', 'Lee Bartel', 'Lee R Bartel', 'Lee R. Bartel']",114,872,15,8,lee,bartel,b,lee bartel,A5003272237,l bartel
A5103014806,https://orcid.org/0000-0002-1196-9429,Emily Lam,"['E Lam', 'EMILY L. LAM', 'Emily L. Lam', 'Emily Lam', 'Emily Lauren Lam']",26,79,5,10,emily,lam,l,emily lam,A5103014806,e lam
A5010458823,,Matt Tradewell,"['M. Tradewell', 'Matt Tradewell', 'Tradewell, Matt']",7,51,4,11,matt,tradewell,t,matt tradewell,A5010458823,m tradewell
A5083998441,,Romain Kunert,"['Kunert, Romain', 'R. Kunert', 'Romain Kunert']",14,52,4,6,romain,kunert,k,romain kunert,A5083998441,r kunert
A5047598157,https://orcid.org/0000-0001-7998-6455,Sebastián González Hermosillo de la Maza,"['Gonzalez Hermosillo de la Maza S.', 'Sebastian Gonzalez Hermosillo de la Maza', 'Sebastián González Hermosillo de la Maza', 'Sebastián González Hermosillo de\xa0la Maza', 'de la Maza, Sebastián González Hermosillo']",16,61,3,3,sebastián gonzález hermosillo de la,maza,m,sebastián gonzález hermosillo de la maza,A5047598157,s maza
A5109107381,,Dan Levitt,['Dan Levitt'],13,17,2,8,dan,levitt,l,dan levitt,A5109107381,d levitt
A5012451717,https://orcid.org/0000-0002-2613-9321,M. Williams,"['M C Williams', 'M Williams', 'M. C. S. Williams', 'M. C. Williams', 'M. Williams', 'M.C. Williams', 'M.C.S. Williams', 'Matthew C. Williams', 'Matthew Williams', 'Williams, M.', 'Williams, Matthew C.']",73,1695,18,16,m.,williams,w,m. williams,A5012451717,m williams
A5100611937,https://orcid.org/0000-0003-1628-2201,Yue Yuan,"['Y. Yuan', 'Yuan Yue', 'Yuan, Yue', 'Yue Yuan']",39,378,10,24,yue,yuan,y,yue yuan,A5100611937,y yuan
A5057241005,https://orcid.org/0000-0002-2690-5735,Chelsea Mills,"['Chelsea Mills', 'Mills, Chelsea']",7,30,3,1,chelsea,mills,m,chelsea mills,A5057241005,c mills
A5113564764,,Kristin Bosse,"['Bosse, Kristin', 'K BOSSE', 'K Bosse', 'K. Bosse', 'Kristin A. Bosse', 'Kristin Bosse']",60,996,16,14,kristin,bosse,b,kristin bosse,A5113564764,k bosse
A5040692140,,Sandra Djwa,"['Djwa, Sandra', 'SANDRA DJWA', 'Sandra Djwa']",48,133,4,1,sandra,djwa,d,sandra djwa,A5040692140,s djwa
A5063718786,https://orcid.org/0000-0001-6724-7559,Dominik Stecuła,"['Dominik A Stecula', 'Dominik A Stecuła', 'Dominik A. Stecula', 'Dominik A. StecuŁa', 'Dominik A. Stecuła', 'Dominik Andrzej Stecula', 'Dominik Stecula', 'Dominik Stecuła', 'Stecula, Dominik', 'Stecula, Dominik A.', 'Stecula, Dominik Andrzej']",92,2358,20,17,dominik,stecuła,s,dominik stecuła,A5063718786,d stecuła
A5102481886,,Xinyi Zhong,"['X.F. Zhong', 'Xin-Yi Zhong', 'Xinyi Zhong', 'Zhong, Xinyi']",41,387,11,23,xinyi,zhong,z,xinyi zhong,A5102481886,x zhong
A5060169499,,Michael Gilraine,"['Gilraine, Michael', 'Gilraine, Michael John', 'Michael Gilraine']",35,178,7,17,michael,gilraine,g,michael gilraine,A5060169499,m gilraine
A5006806369,,David J. Muraki,"['D. J Muraki', 'D. J. MURAKI', 'D. J. Muraki', 'D.J. Muraki', 'DAVID J. MURAKI', 'David J. Muraki']",48,1059,18,5,david j.,muraki,m,david j. muraki,A5006806369,d muraki
A5004942062,https://orcid.org/0000-0003-3512-3708,Doug Stead,"['D Stead', 'D. STEAD', 'D. Stead', 'Doug Stead', 'Stead, D', 'Stead, Doug']",192,8617,50,4,doug,stead,s,doug stead,A5004942062,d stead
A5046804162,https://orcid.org/0000-0002-4392-3935,Pei‐Ling Wang,"['P.-L. Wang', 'Pei Ling WANG', 'Pei Ling Wang', 'Pei-Lin Wang', 'Pei-Ling WANG', 'Pei-Ling Wang', 'Pei-ling Wang', 'Peiling L. Wang', 'Peiling Wang', 'Pei‐Ling Wang', 'Pei‐ling Wang', 'Wang, Pei-Ling']",258,6847,35,43,pei‐ling,wang,w,pei‐ling wang,A5046804162,p wang
A5100636528,https://orcid.org/0000-0001-7048-9284,Jiaxing Li,"['Jia-Xing Li', 'Jiaxing LI', 'Jiaxing Li', 'Li Jia-Xing', 'Li Jiaxing', 'Li, Jiaxing']",73,497,10,37,jiaxing,li,l,jiaxing li,A5100636528,j li
A5020160872,https://orcid.org/0000-0002-4529-3930,Pei‐Wei Wang,"['Pei-Wei Wang', 'Peiwei Wang', 'Pei‐Wei Wang']",30,399,12,16,pei‐wei,wang,w,pei‐wei wang,A5020160872,p wang
A5105764596,https://orcid.org/0000-0002-8590-8231,K. Lehmann,"['Crepe-Renaudin, S', 'Da Via, C', 'K. Lehmann', 'Konstantin Lehmann', 'Lehmann K.', 'Lehmann, K.', 'Lehmann, Konstantin', 'Les, Robert']",146,4063,38,9,k.,lehmann,l,k. lehmann,A5105764596,k lehmann
A5029985194,,Lilach Marom,['Lilach Marom'],9,49,4,2,lilach,marom,m,lilach marom,A5029985194,l marom
A5089961594,https://orcid.org/0000-0001-6078-3957,Victor Ginsburgh,"['Ginsburgh', 'Ginsburgh, Victor', 'Perelman, Sergio', 'V GINSBURGH', 'V Ginsburgh', 'V. A. Ginsburgh', 'V. Ginsburgh', 'V.A. Ginsburgh', 'VICTOR GINSBURGH', 'Victor A Ginsburgh', 'Victor A. Ginsburgh', 'Victor Ginsburgh']",398,4896,37,19,victor,ginsburgh,g,victor ginsburgh,A5089961594,v ginsburgh
A5110676333,,Linda Harasim,"['Harasim, Linda M.', 'L. Harasim', 'Linda Harasim', 'Linda M. Harasim']",74,4395,17,2,linda,harasim,h,linda harasim,A5110676333,l harasim
A5017587354,,Gary A. Mauser,"['G A Mauser', 'G. A. Mauser', 'GARY A. MAUSER', 'Gary A. Mauser', 'Gary Mauser']",80,745,13,3,gary a.,mauser,m,gary a. mauser,A5017587354,g mauser
A5090612513,https://orcid.org/0000-0003-0338-7055,Jehannine Austin,"['Austin, J.', 'Austin, JC', 'Austin, Jehannine', 'Austin, Jehannine C.', 'J Austin', 'J. Austin', 'J. C. Austin', 'J., Austin', 'JC Austin', 'Jehannine (J) Austin', 'Jehannine (J9) Austin', 'Jehannine Austin', 'Jehannine C Austin', 'Jehannine C. Austin']",270,6065,41,28,jehannine,austin,a,jehannine austin,A5090612513,j austin
A5100522712,,Zhen Huang,['Zhen Huang'],7,3,1,6,zhen,huang,h,zhen huang,A5100522712,z huang
A5034173579,https://orcid.org/0000-0002-7167-4649,Sirpa Leppänen,"['SIRPA LEPPÄNEN', 'SIRPA LEPPäNEN', 'Sirpa Leppanen', 'Sirpa Leppnen', 'Sirpa LeppÃ¤nen', 'Sirpa Leppänen']",64,2020,20,54,sirpa,leppänen,l,sirpa leppänen,A5034173579,s leppänen
A5067552153,,María Ignacia Barraza,['María Ignacia Barraza'],7,0,0,6,maría ignacia,barraza,b,maría ignacia barraza,A5067552153,m barraza
A5083177316,https://orcid.org/0000-0002-2483-8102,Dani Chu,['Dani Chu'],6,37,4,1,dani,chu,c,dani chu,A5083177316,d chu
A5109469085,https://orcid.org/0000-0002-9431-4240,Daheng Yin,"['Daheng Yin', 'Yin, Daheng']",14,129,5,6,daheng,yin,y,daheng yin,A5109469085,d yin
A5043388887,https://orcid.org/0000-0002-3431-5911,Zheyi An,"['An, Zheyi', 'Zheyi An']",16,167,7,10,zheyi,an,a,zheyi an,A5043388887,z an
A5077834707,,Amin Bahrami,['Amin Bahrami'],9,4,1,1,amin,bahrami,b,amin bahrami,A5077834707,a bahrami
A5077996097,https://orcid.org/0000-0002-3312-3213,Manon Picard,"['Manon M. M. Picard', 'Manon M.M. Picard', 'Manon Picard', 'Picard, Manon', 'Picard, Manon M M']",9,92,6,6,manon,picard,p,manon picard,A5077996097,m picard
A5009690110,https://orcid.org/0000-0003-2337-5035,M. Elizabeth Snow,"['M Elizabeth Snow', 'M. Elizabeth Snow', 'M.E. Snow', 'Mary Elizabeth Snow', 'Mary Elizabeth Snow (24167668)', 'Snow, Mary Elizabeth']",37,415,9,10,m. elizabeth,snow,s,m. elizabeth snow,A5009690110,m snow
A5050272578,https://orcid.org/0000-0002-7013-1482,Jeffrey B. Joy,"['J. B. Joy', 'J. Joy', 'J.B. Joy', 'Jeffrey B Joy', 'Jeffrey B. Joy', 'Jeffrey Joy', 'Jeffrey\xa0B. Joy', 'Joy, Jeffrey', 'Joy, Jeffrey B', 'Joy, Jeffrey B.']",112,8039,30,12,jeffrey b.,joy,j,jeffrey b. joy,A5050272578,j joy
A5029988658,,Corinne Yvonne Griffing,"['Corinne Griffing', 'Corinne Y. Griffing', 'Corinne Yvonne Griffing', 'Griffing, Corinne Y.']",8,28,3,2,corinne yvonne,griffing,g,corinne yvonne griffing,A5029988658,c griffing
A5109427733,,YJ Kim,"['Kim, Y. J.', 'Y-J Kim', 'Y. J. Kim', 'YJ Kim']",27,117,6,12,yj,kim,k,yj kim,A5109427733,y kim
A5069145596,https://orcid.org/0000-0002-2208-1951,Nathan Sandholtz,"['Nathan Sandholtz', 'Sandholtz, Nathan']",18,79,4,4,nathan,sandholtz,s,nathan sandholtz,A5069145596,n sandholtz
A5014553399,,Helen Bailey,"['Bailey, Helen', 'H. Bailey', 'Helen Bailey']",23,391,10,3,helen,bailey,b,helen bailey,A5014553399,h bailey
A5044050570,https://orcid.org/0009-0000-8434-4182,Sanjana Mishra,['Sanjana Mishra'],15,15,3,3,sanjana,mishra,m,sanjana mishra,A5044050570,s mishra
A5101794167,https://orcid.org/0000-0002-1790-0174,Jeremy A. Ross,"['JEREMY A. ROSS', 'Jeremy A Ross', 'Jeremy A. Ross', 'Jeremy Ross']",20,363,10,10,jeremy a.,ross,r,jeremy a. ross,A5101794167,j ross
A5031239828,https://orcid.org/0000-0003-2754-0085,Elin K. Sober-Williams,"['Elin K. Sober-Williams', 'Elin Kersti Sõber-Williams', 'Elin Sober-Williams', 'Sober-Williams, Elin']",8,26,2,6,elin k.,sober-williams,s,elin k. sober-williams,A5031239828,e sober-williams
A5016835962,https://orcid.org/0000-0002-1448-9885,Lindsay Samson,['Lindsay Samson'],12,214,8,3,lindsay,samson,s,lindsay samson,A5016835962,l samson
A5070457971,,Jonathan Halter,"['Halter, Jonathan', 'J Halter', 'J M Halter', 'J. Halter', 'J. M. Halter', 'Jonathan Halter']",34,247,8,7,jonathan,halter,h,jonathan halter,A5070457971,j halter
A5014655638,https://orcid.org/0000-0002-4721-9881,Hashan Peiris,"['H. N. S. Peiris', 'Hashan Peiris', 'K. G. H. S. Peiris']",9,29,4,2,hashan,peiris,p,hashan peiris,A5014655638,h peiris
A5039706257,https://orcid.org/0000-0002-8339-5516,Stephanie Hunter,"['S. C. Hunter', 'Stephanie C. Hunter', 'Stephanie Hunter']",9,16,2,1,stephanie,hunter,h,stephanie hunter,A5039706257,s hunter
A5018974735,https://orcid.org/0000-0001-7249-2823,Kate Mulligan,"['K Mulligan', 'K. Mulligan', 'Kate Mulligan', 'Mulligan, K.', 'Mulligan, K. A.']",353,1432,16,19,kate,mulligan,m,kate mulligan,A5018974735,k mulligan
A5048951440,,Mark Leier,['Mark Leier'],37,61,4,3,mark,leier,l,mark leier,A5048951440,m leier
A5113523032,,Carole Gerson,"['C Gerson', 'C K Gerson', 'CAROLE GERSON', 'Carole Gerson', 'Gerson, Carole']",117,218,5,5,carole,gerson,g,carole gerson,A5113523032,c gerson
A5114861068,https://orcid.org/0000-0003-2232-2783,Yue Wang,"['C.J. Li', 'Fanying Meng', 'Li Zhang', 'Monica Teta-Bissett', 'Wang Yue', 'Wang, Yue', 'Y. Wang', 'Y.-S. Wang', 'Yu Wang', 'Yue WANG', 'Yue Wang', 'Yue Wang Yue Wang', 'Yue 越 Wang 王', 'Yue-Sheng Wang', 'yue wang', '王 玥 WANG Yue', '王 玥 Wang Yue', '王玥 WANG Yue', '王玥 Wang Yue', '王玥 Yue Wang']",647,7368,41,211,yue,wang,w,yue wang,A5114861068,y wang
A5100700839,https://orcid.org/0000-0003-1029-0358,Xiaoying Wang,"['Dianxin Cui', 'Jue Wang', 'Wang, Xiaoying', 'XIAO-YING WANG', 'Xiao Ying Wang', 'Xiao-Ying Wang', 'Xiao-ying WANG', 'Xiao-ying Wang', 'XiaoYing WANG', 'XiaoYing Wang', 'XiaoYing Wang -', 'Xiaoying WANG', 'Xiaoying Wang', 'Xiao\xa0Ying Wang', 'Xiao‐Ying Wang']",300,2977,31,95,xiaoying,wang,w,xiaoying wang,A5100700839,x wang
A5068690166,,Michael Sjoerdsma,"['M. Sjoerdsma', 'Michael H. Sjoerdsma', 'Michael Sjoerdsma', 'Sjoerdsma, Michael']",12,21,3,2,michael,sjoerdsma,s,michael sjoerdsma,A5068690166,m sjoerdsma
A5080365150,,Rodrigo Finkelstein,"['R.J. Jennifer Finkelstein', 'Rodrigo Finkelstein']",17,64,4,1,rodrigo,finkelstein,f,rodrigo finkelstein,A5080365150,r finkelstein
A5010018624,https://orcid.org/0000-0003-4295-9132,Michael Mueller‐Smith,"['Michael Mueller-Smith', 'Michael Mueller‐Smith', 'Mueller-Smith, Michael', 'Mueller-Smith, Michael George']",47,503,12,16,michael,mueller‐smith,m,michael mueller‐smith,A5010018624,m mueller‐smith
A5071030830,,Shervin Jannesar,['Shervin Jannesar'],6,77,3,2,shervin,jannesar,j,shervin jannesar,A5071030830,s jannesar
A5047307935,https://orcid.org/0000-0002-8506-4657,Riccardo Salvini,"['R Salvini', 'R. SALVINI', 'R. Salvini', 'Riccardo SALVINI', 'Riccardo Salvini', 'SALVINI, R.', 'SALVINI, RICCARDO', 'Salvini', 'Salvini, Riccardo']",178,1865,21,10,riccardo,salvini,s,riccardo salvini,A5047307935,r salvini
A5000276420,https://orcid.org/0000-0001-7627-3994,Andrew von Nordenflycht,"['A. von Nordenflycht', 'ANDREW VON NORDENFLYCHT', 'Andrew Nordenflycht', 'Andrew Von Nordenflycht', 'Andrew von Nordenflycht']",56,1989,15,4,andrew von,nordenflycht,n,andrew von nordenflycht,A5000276420,a nordenflycht
A5100371992,https://orcid.org/0000-0002-0981-935X,Yue Wang,"['Wang Yue', 'Wang, Yue', 'Wang,Yue', 'Wenhu Wang', 'YUE WANG', 'Yue (Emily) Wang', 'Yue WANG', 'Yue Wang', 'Yuze Wang']",643,10736,49,172,yue,wang,w,yue wang,A5100371992,y wang
A5024236031,https://orcid.org/0000-0001-5637-9513,Karim M. Abadir,"['Abadir Karim M.', 'Abadir, Karim', 'Abadir, Karim M.', 'K M Abadir', 'K.M. Abadir', 'Karim Abadir', 'Karim M Abadir', 'Karim M. Abadir', 'Karim Maher Abadir']",164,1546,20,15,karim m.,abadir,a,karim m. abadir,A5024236031,k abadir
A5029895316,,Bohumil Palek,"['B. Palek', 'BOHUMIL PALEK', 'Bohumil Palek', 'Palek, B']",16,31,3,45,bohumil,palek,p,bohumil palek,A5029895316,b palek
A5012435754,https://orcid.org/0000-0003-2595-1665,Stephen D. Kinsey,"['Kinsey, Stephen D.', 'Stephen D Kinsey', 'Stephen D. Kinsey']",8,54,3,1,stephen d.,kinsey,k,stephen d. kinsey,A5012435754,s kinsey
A5101432063,https://orcid.org/0000-0002-0456-8379,Zeyu Huang,"['Huang, Zeyu', 'Yong Nie ZeYu Huang', 'Z Huang', 'Z. Huang', 'Z.Y. Huang', 'ZEYU HUANG', 'Ze Yu Huang', 'Ze-Yu Huang', 'Ze-yu Huang', 'ZeYu HUANG', 'ZeYu Huang', 'Zeyu Huang', 'Ze‐yu Huang']",172,3830,32,40,zeyu,huang,h,zeyu huang,A5101432063,z huang
A5006430249,https://orcid.org/0000-0003-0394-2856,Farah Khan,"['Farah Gul Khan', 'Farah Khan']",16,60,5,12,farah,khan,k,farah khan,A5006430249,f khan
A5064113562,,Xingtu Liu,"['LIU Xingtu', 'Liu, Xingtu', 'Xing-Tu Liu', 'Xing-tu Liu', 'Xingtu Liu']",77,1053,19,10,xingtu,liu,l,xingtu liu,A5064113562,x liu
A5057671019,https://orcid.org/0000-0001-9199-2284,Michelle Pang,"['M Pang', 'Michelle Pang']",22,504,10,13,michelle,pang,p,michelle pang,A5057671019,m pang
A5079390121,,Robert G. Ley,"['ROBERT G. LEY', 'Robert G Ley', 'Robert G. Ley']",14,840,8,2,robert g.,ley,l,robert g. ley,A5079390121,r ley
A5078888395,https://orcid.org/0000-0002-3073-6890,Álvaro Avezum,"['A Avezum', 'A Avezum Junior', ""A'lvaro Avezum Júnior"", 'A. A.', 'A. Avezum', 'ALVARO AVEZUM', 'Adriana vila', 'Alvaro A Avezum', 'Alvaro A. Avezum', 'Alvaro AVEZUM', 'Alvaro Avezum', 'Alvaro Avezum Jr', 'Alvaro Avezum, Jr', 'Alvaro Jr Avezum', 'Avezum, A.', 'Avezum, Alvaro', 'Avezum, Álvaro', 'Avezum,Álvaro', 'Álvaro Avezum', 'Romaina Iqbal', 'lvaro Avezum', 'Àlvaro Avezum', 'Á Avezum', 'Á. AVEZUM', 'Á. Avezum', 'Álvaro Avezum', 'Álvaro Avezum Jr', 'Álvaro Avezum Jr.', 'Álvaro Avezum Junior', 'Álvaro Avezum Júnior', 'Álvaro Avezum, Jr']",524,93673,124,90,álvaro,avezum,a,álvaro avezum,A5078888395,á avezum
A5052337955,https://orcid.org/0000-0001-9278-3863,M. J. Basso,"['A. Bassalat', 'Bartos, Pavol', 'Basan, Alexander', 'Baselga Bacardit, Marta', 'Bashta, Inna', 'Basso, M. J.', 'Basso, M.J.', 'Basso, MJ', 'Basso, Matthew J.', 'Basso, Matthew Joseph', 'Bates, Richard', 'Batlamous, Souad', 'Batley, Richard', 'Batool, Binish', 'Gregersen, K', 'Hanagaki, Kazunori', 'Hansen, E', 'Jakobi, Katharina Bianca', 'M J Basso', 'M. Basso', 'M. J. Basso', 'M.J Basso', 'M.J. Basso', 'M.\u2009J. Basso', 'Matthew J. Basso', 'Matthew Joseph Basso']",447,8577,44,20,m. j.,basso,b,m. j. basso,A5052337955,m basso
A5011273656,,Sumara Stroshein,"['S. D. Stroshein', 'Sumara D. Stroshein', 'Sumara Stroshein']",8,18,3,4,sumara,stroshein,s,sumara stroshein,A5011273656,s stroshein
A5043373988,,Sara Abouali,['Sara Abouali'],6,17,3,1,sara,abouali,a,sara abouali,A5043373988,s abouali
A5078869065,https://orcid.org/0000-0003-4993-7796,Hua Yang,"['H Yang', 'H. L. Yang', 'H. Yang', 'HUA YANG', 'Hua Li Yang', 'Hua YANG', 'Hua Yang', 'Hua, Yang', 'Mengjie Zhang', 'Yang Hua', 'Yang Li Hua', 'Yang, Hua']",244,5229,33,73,hua,yang,y,hua yang,A5078869065,h yang
A5025615428,https://orcid.org/0000-0001-8495-3906,Sha Hu,"['D Goldgof', 'F Hoffmann', 'HU SHA', 'Hu Sha', 'Hu, Sha', 'Hu, Songqiao', 'S HU', 'Sha Hu', 'Shanying Hu']",144,2669,17,35,sha,hu,h,sha hu,A5025615428,s hu
A5101444702,https://orcid.org/0000-0001-6943-0074,Sicong Tang,"['S Tang', 'S. Tang', 'Sicong Tang', 'Tang, Sicong']",15,131,5,5,sicong,tang,t,sicong tang,A5101444702,s tang
A5105519744,https://orcid.org/0000-0001-7140-9813,J. S. Keller,"['B. P. Kerševan', 'Brenner, R', 'Bruscino, N', 'G.V. Kehris', 'J S Keller', 'J. Keller', 'J. Kerr', 'J. S. Keller', 'J.M. Keaveney', 'J.S Keller', 'J.S. Keller', 'J.\u2009S. Keller', 'Jin, Shan', 'John Keller', 'John Stakely Keller', 'Kar, Deepak', 'Karava, Kla', 'Kay, Ellis', 'Keller, J.', 'Keller, J.S.', 'Keller, JS', 'Keller, John', 'Keller, John Stakely', 'Kerridge, Benjamin Philip', 'Kersevan, Borut Paul', 'Khoo, Teng Jian', 'R. Keeler']",491,11762,55,32,j. s.,keller,k,j. s. keller,A5105519744,j keller
A5047132545,https://orcid.org/0000-0002-2667-376X,Tiffany Timbers,"['T. A. Timbers', 'T. Timbers', 'T.A. Timbers', 'Tiffany A Timbers', 'Tiffany A. Timbers', 'Tiffany A. Timbers (2935884)', 'Tiffany Timbers', 'Tiffany\xa0A. Timbers', 'Timbers, Tiffany', 'Timbers, Tiffany A', 'Timbers, Tiffany A.']",61,441,10,5,tiffany,timbers,t,tiffany timbers,A5047132545,t timbers
A5013620497,https://orcid.org/0000-0003-4594-0218,Chris Brace,"['Brace Chris', 'C Brace', 'C J Brace', 'C. Brace', 'C. J. Brace', 'C.J. Brace', 'CJ Brace', 'Chris Brace', 'Chris J Brace', 'Chris J. Brace', 'Christian Brace', 'Christian J Brace', 'Christian J. Brace']",192,2383,24,8,chris,brace,b,chris brace,A5013620497,c brace
A5022314077,https://orcid.org/0000-0002-1081-0061,Elijah Reyes,"['E. Reyes', 'Elijah Reyes', 'Reyes, Elijah']",13,742,5,3,elijah,reyes,r,elijah reyes,A5022314077,e reyes
A5101414501,https://orcid.org/0000-0002-7689-179X,David M. Stevens,"['David M. Stevens', 'David Stevens']",6,26,3,1,david m.,stevens,s,david m. stevens,A5101414501,d stevens
A5071128348,https://orcid.org/0000-0002-5014-4163,Yi Lu,"['Lu Yi', 'Yi Lu']",6,97,4,3,yi,lu,l,yi lu,A5071128348,y lu
A5069893687,https://orcid.org/0000-0003-3729-8915,Harlan Pruden,"['H. Pruden', 'H. Pruden (Dept. of Justice Liaison)', 'Harlan Pruden']",16,130,4,4,harlan,pruden,p,harlan pruden,A5069893687,h pruden
A5052643110,https://orcid.org/0000-0001-5870-6733,Danuta M. Skowronski,"['B Seifert', 'D M Skowronski', 'D SKOWRONSKI', 'D Skowronski', 'D. M Skowronski', 'D. M. Skowronski', 'D. Skowronski', 'D.M. Skowronski', 'DANUTA M. SKOWRONSKI', 'Danuta M Skowronski', 'Danuta M. Skowronski', 'Danuta Skowronski', 'Danuta\xa0M Skowronski', 'Danuta\xa0M. Skowronski', 'Skowronski, Danuta M.']",243,14660,56,38,danuta m.,skowronski,s,danuta m. skowronski,A5052643110,d skowronski
A5113834078,,Md. Rashedul Hoque,"['M. R. Hoque', 'M.R. Hoque', 'Md Hoque', 'Md Rashedul Hoque', 'Md. R. Hoque', 'Md. Rashedul Hoque', 'Md.–Rashedul Hoque', 'Mohammad Rakibul Hoque']",39,264,10,9,md. rashedul,hoque,h,md. rashedul hoque,A5113834078,m hoque
A5071686907,https://orcid.org/0000-0002-0090-4806,Martín J. Siegert,"['H Wanner', 'M J Siegert', 'M SIEGERT', 'M Siegert', 'M. J. Siegert', 'M. SIEGERT', 'M. Siegert', 'M.J Siegert', 'M.J. Siegert', 'MARTIN J. SIEGERT', 'MARTIN SIEGERT', 'Marin Siegert', 'Martin J Siegert', 'Martin J. Siegert', 'Martin John Siegert', 'Martin Siegert', 'Martín J. Siegert', 'S. J.', 'SIEGERT, MARTIN J.', 'Sharon Sophia J', 'Siegert, Martin', 'Siegert, Martin J', 'Siegert, Martin J.', 'Siegert, martin', 'Siergert, Martin', 'Stutts M.J.']",661,21367,70,32,martín j.,siegert,s,martín j. siegert,A5071686907,m siegert
A5088594545,https://orcid.org/0000-0001-5873-4013,Mary Grantham O’Brien,"[""MARY GRANTHAM O'BRIEN"", 'MARY GRANTHAM O’BRIEN', 'Mary G O’Brien', ""Mary G. O'Brien"", ""Mary Grantham O'Brien"", ""Mary Grantham O'brien"", 'Mary Grantham O’Brien', ""Mary O'Brien"", 'Mary O’Brien', ""O'Brien, Mary""]",93,755,16,10,mary grantham,o’brien,o,mary grantham o’brien,A5088594545,m o’brien
A5108047889,https://orcid.org/0000-0001-5697-0717,Yi-Xiang Wang,"['A.H.M. Muntasir Billah', 'Bernard\xa0S. Marasa', 'Bing Yang', 'Binghao Wang', 'Chaoyang Li', 'Chenyu Sun', 'Chi Zhang', 'Chunshui Yu', 'Dangwei Li', 'Daoshun Zhang', 'Dongdong Zhang', 'Feng Wang', 'Guangqiang Liu', 'Gui Wang', 'Guimao Yang', 'Hai-fu Wang', 'Han Ding', 'Han Zhang', 'Hao Chen', 'Hao Ding', 'He Li', 'Hui Zong', 'J Yi-Xiang Wang', 'J. J. Wang', 'J. WANG', 'J. Wang', 'J. Z. Wang', 'J.-F. Wang', 'J.SH. WANG', 'J.W. Wang', 'JIa Wang', 'JQ Wang', 'JUN WANG', 'James Wang', 'Jamie Wang', 'Jane Shih‐Jhen Wang', 'Jane Wang', 'Jann-Tay Wang', 'Jason Wang', 'Jau‐Yi Wang', 'Jeffrey Wang', 'Jennifer Wang', 'Jenny Wang', 'Ji Feng Wang', 'Ji Wang', 'Ji-Dong Wang', 'Ji-Guang WANG', 'Ji-Hung Wang', 'Ji-Jie Wang', 'Ji-Rui Wang', 'Ji-Shen Wang', 'Ji-Yang Wang', 'Ji-Yu Wang', 'Ji-Yuan Wang', 'Ji-an Wang', 'Ji-yan Wang', 'JiJun Wang', 'JiPing. Wang', 'JiShi Wang', 'Jia Qi Wang', 'Jia Wang', 'Jia Xin Wang', 'Jia-Bin Wang', 'Jia-Feng Wang', 'Jia-Guan Wang', 'Jia-Hao Wang', 'Jia-Hui Wang', 'Jia-Jian Wang', 'Jia-Jin Wang', 'Jia-Jun Wang', 'Jia-Kang Wang', 'Jia-Li Wang', 'Jia-Ling Wang', 'Jia-Mei Wang', 'Jia-Nan Wang', 'Jia-Ning Wang', 'Jia-Peng Wang', 'Jia-Ping Wang', 'Jia-Qi Wang', 'Jia-Wang Wang', 'Jia-Wei Wang', 'Jia-Xin Wang', 'Jia-Yang Wang', 'Jia-Yi Wang', 'Jia-Ying Wang', 'Jia-Yu Wang', 'Jia-le Wang', 'Jia-lin Wang', 'Jia-min Wang', 'Jia-ni Wang', 'Jia-wen Wang', 'JiaBo Wang', 'JiaJie Wang', 'JiaLong Wang', 'JiaQi Wang', 'JiaWei Wang', 'JiaYin Wang', 'JiaYing Wang', 'JiaYue Wang', 'Jiabao Wang']",6791,27006,70,1549,yi-xiang,wang,w,yi-xiang wang,A5108047889,y wang
A5052335574,https://orcid.org/0000-0003-3848-7232,Kai Zhao,['Kai Zhao'],8,37,3,6,kai,zhao,z,kai zhao,A5052335574,k zhao
A5055618789,https://orcid.org/0000-0003-2960-8178,Agnes Grudniewicz,"['A Grudniewicz', 'AGNES GRUDNIEWICZ', 'Agnes Grudniewicz', 'Grudniewicz, Agnes']",161,3832,24,28,agnes,grudniewicz,g,agnes grudniewicz,A5055618789,a grudniewicz
A5074751063,https://orcid.org/0000-0002-0568-0098,Ibrahim Issifu,"['I. Issifu', 'ISSIFU, Ibrahim', 'Ibrahim Issifu', 'Issifu, Ibrahim']",38,1113,14,4,ibrahim,issifu,i,ibrahim issifu,A5074751063,i issifu
A5022430586,https://orcid.org/0000-0001-9646-3955,Andrew Chesher,"['A Chesher', 'A. Chesher', 'ANDREW CHESHER', 'Andrew Chesher', 'Andrew D. Chesher', 'Chesher, A', 'Chesher, A.', 'Chesher, Andrew']",174,3992,29,23,andrew,chesher,c,andrew chesher,A5022430586,a chesher
A5042601761,https://orcid.org/0000-0002-7978-6055,Christopher Potts,"['Christopher E. Potts', 'Christopher Potts', 'Potts C', 'Potts, Christopher']",298,26654,48,29,christopher,potts,p,christopher potts,A5042601761,c potts
A5061690400,,Rachel Waterworth,['Rachel Waterworth'],7,25,3,1,rachel,waterworth,w,rachel waterworth,A5061690400,r waterworth
A5049951927,https://orcid.org/0000-0002-5163-026X,Patrick Lombardo,['Patrick Lombardo'],6,360,3,3,patrick,lombardo,l,patrick lombardo,A5049951927,p lombardo
A5022689002,https://orcid.org/0000-0002-5992-8730,Han Zeng,"['Han Zeng', 'Zeng Han', 'Zeng, Han']",31,397,9,20,han,zeng,z,han zeng,A5022689002,h zeng
A5084557132,https://orcid.org/0000-0002-8333-801X,Chloe White,['Chloe White'],8,32,5,3,chloe,white,w,chloe white,A5084557132,c white
A5100713678,https://orcid.org/0000-0002-6439-4665,Xiaoxue Liu,"['Xiao-Xue Liu', 'Xiao-xue LIU', 'Xiao-xue Liu', 'Xiaoxue Liu']",61,634,14,16,xiaoxue,liu,l,xiaoxue liu,A5100713678,x liu
A5074824638,https://orcid.org/0000-0003-2886-126X,Yan Ting Lim,"['LIM, Yan Ting', 'Lim, Yan Ting', 'Yan Lim', 'Yan Ting Lim', 'Yan\xa0Ting Lim']",42,1131,17,6,yan ting,lim,l,yan ting lim,A5074824638,y lim
A5081841761,https://orcid.org/0000-0003-4154-3557,Brett T. van Poorten,"['B. T. Van Poorten', 'B. T. van Poorten', 'Brett Poorten', 'Brett T. Poorten', 'Brett T. van Poorten', 'Brett Van Poorten', 'Brett van Poorten', 'Van Poorten, Brett', 'van Poorten, Brett']",64,1172,20,9,brett t. van,poorten,p,brett t. van poorten,A5081841761,b poorten
A5049666037,,Dmitry Star,"['D. Star', 'Dmitry Star']",9,167,4,1,dmitry,star,s,dmitry star,A5049666037,d star
A5106887681,https://orcid.org/0000-0002-9119-3287,John J. Spinelli,"['J J Spinelli', 'J SPINELLI', 'J Spinelli', 'J. J Spinelli', 'J. J. SPINELLI', 'J. J. Spinelli', 'J. Spinelli', 'J.J. Spinelli', 'JOHN J. SPINELLI', 'JOHN SPINELLI', 'JOHN. J. SPINELLI', 'John J Spinelli', 'John J. Spinelli', 'John Joseph Spinelli', 'John Spinelli', 'John. Spinelli', 'Spinelli, J.J.', 'Spinelli, John J', 'Spinelli, John J.', 'Spinelli, John, 1955-']",330,20654,64,69,john j.,spinelli,s,john j. spinelli,A5106887681,j spinelli
A5088418098,,David Moscrop,"['David Moscrop', 'David R. H. Moscrop', 'David RH Moscrop', 'Moscrop, David']",7,62,3,3,david,moscrop,m,david moscrop,A5088418098,d moscrop
A5086701619,https://orcid.org/0000-0003-1107-5617,Simon Francis Gaine,"['SIMON FRANCIS GAINE', 'Simon Francis Gaine']",46,94,4,6,simon francis,gaine,g,simon francis gaine,A5086701619,s gaine
A5007445340,https://orcid.org/0000-0001-8317-5196,Debby Ianson,"['D Ianson', 'D. Ianson', 'D.C. Ianson', 'Debby Ianson', 'Ianson, Debby', 'Ianson, Debby C.']",82,3049,24,10,debby,ianson,i,debby ianson,A5007445340,d ianson
A5020176467,https://orcid.org/0000-0001-6786-1946,Brett D. Hollingshead,"['B.\xa0D. Hollingshead', 'Brett D Hollingshead', 'Brett D. Hollingshead', 'Brett D. Hollingshead (336200)', 'Brett Hollingshead']",33,1803,14,3,brett d.,hollingshead,h,brett d. hollingshead,A5020176467,b hollingshead
A5103500725,,Patrick K. Taylor,"['P K Taylor', 'P. K. Taylor', 'Patrick K Taylor', 'Patrick K. Taylor', 'Taylor, Patrick Kyle']",25,1022,14,8,patrick k.,taylor,t,patrick k. taylor,A5103500725,p taylor
A5002254419,https://orcid.org/0000-0001-8316-8957,Malcolm Coulthard,"['Coulthard, Malcolm 1943-', 'M Coulthard', 'M G COULTHARD', 'M G Coulthard', 'M G. Coulthard', 'M. Coulthard', 'M. G Coulthard', 'M. G. Coulthard', 'M.G Coulthard', 'M.G. Coulthard', 'Macolm G Coulthard', 'Malcolm Coulthard', 'Malcolm G Coulthard', 'Malcolm G. Coulthard']",196,10638,46,61,malcolm,coulthard,c,malcolm coulthard,A5002254419,m coulthard
A5051765278,https://orcid.org/0000-0002-9969-2689,Sepehr Foroushani,"['S.S.M. Foroushani', 'Sepehr Foroushani']",28,274,8,7,sepehr,foroushani,f,sepehr foroushani,A5051765278,s foroushani
A5075458228,,Megan MacKenzie,"['M. MacKenzie', 'Megan A. MacKenzie', 'Megan Ashley MacKenzie', 'Megan MacKenzie', 'Megan Mackenzie']",13,69,4,5,megan,mackenzie,m,megan mackenzie,A5075458228,m mackenzie
A5114377811,https://orcid.org/0000-0003-0087-830X,Andrea González,"['A Gonzalez', 'A. Gonzalez', 'Andrea Gonzalez', 'Andrea González', 'Andrea González', 'Andrea Gónzalez', 'Andrea Vanesa González', 'Andres Ortega Gonzalez', 'Andrés F Cruz González', 'Eloisa Godoy', 'Gonzalez, Andrea', 'González, Andrea']",282,6344,45,48,andrea,gonzález,g,andrea gonzález,A5114377811,a gonzález
A5018803963,https://orcid.org/0000-0001-6399-6958,Ayelet Kuper,"['A Küper', 'A. Kuper', 'A. Küper', 'Ayelet Kuper']",147,7067,38,37,ayelet,kuper,k,ayelet kuper,A5018803963,a kuper
A5066143275,https://orcid.org/0000-0002-5284-004X,Kenny William Ie,['Kenny William Ie'],13,47,4,3,kenny william,ie,i,kenny william ie,A5066143275,k ie
A5055818872,https://orcid.org/0000-0001-8440-8617,Mark A. Cantu,"['Cantu, Mark', 'Mark A. Cantu']",6,43,4,1,mark a.,cantu,c,mark a. cantu,A5055818872,m cantu
A5071829756,,Connie Yu,['Connie Yu'],15,196,5,9,connie,yu,y,connie yu,A5071829756,c yu
A5022172020,https://orcid.org/0009-0000-9556-0569,C. Yuen,"['C. Yuen', 'Camryn N. Yuen', 'Yuen, Camryn N.']",9,153,3,4,c.,yuen,y,c. yuen,A5022172020,c yuen
A5031194782,https://orcid.org/0000-0002-2959-2949,Cedar Morton,['Cedar Morton'],8,134,4,2,cedar,morton,m,cedar morton,A5031194782,c morton
A5058830515,https://orcid.org/0000-0002-3576-7004,Yi Liu,"['Battaglia, M', 'Liu, Y.', 'Liu, Yi', 'Y LIU', 'Y. Liu', 'Yi Liu', 'Yinchu Liu', '刘义']",344,722,15,37,yi,liu,l,yi liu,A5058830515,y liu
A5052431628,https://orcid.org/0000-0002-8967-513X,Anh Nguyet Pham,"['A. N. PHAM', 'A.N. Pham', 'Anh N Q Pham', 'Anh N. Q. Pham', 'Anh N.Q. Pham', 'Anh NQ Pham', 'Anh Nguyet Pham', 'Anh Pham', 'Pham, Anh']",48,635,9,13,anh nguyet,pham,p,anh nguyet pham,A5052431628,a pham
A5031745550,https://orcid.org/0000-0002-3111-0689,Shrikant I. Bangdiwala,"['Bangdiwala, S. I.', 'Bangdiwala, S.I.', 'Bangdiwala, Shrikant', 'Bangdiwala, Shrikant I', 'Bangdiwala, Shrikant I.', 'I. Bangdiwala, Shrikant', 'S BANGDIWALA', 'S Bangdiwala', 'S I Bangdiwala', 'S I. Bangdiwala', 'S. Bangdiwala', 'S. I. BANGDIWALA', 'S. I. Bangdiwala', 'S.I. Bangdiwala', 'SHRIKANT BANGDIWALA', 'SHRIKANT I BANGDIWALA', 'SHRIKANT I. BANGDIWALA', 'Sadeesh K. Srinathan', 'Sanjit Jolly', 'Shirikant I. Bangdiwala', 'Shrikant  I. Bangdiwala', 'Shrikant Bangdiwala', 'Shrikant I Bangdiwala', 'Shrikant I. Bangdiwala', 'Shrikant Ishver Bangdiwala', 'Shrikant L Bangdiwala', 'Shrikant\xa0I. Bangdiwala']",752,36163,88,89,shrikant i.,bangdiwala,b,shrikant i. bangdiwala,A5031745550,s bangdiwala
A5005370542,https://orcid.org/0000-0003-1095-8303,Raghu S. Nagalingam,"['R. Nagalingam', 'RS Nagalingam', 'Raghu Nagalingam', 'Raghu S Nagalingam', 'Raghu S. Nagalingam', 'Raghu Sundaresan Nagalingam']",40,715,11,9,raghu s.,nagalingam,n,raghu s. nagalingam,A5005370542,r nagalingam
A5027161678,https://orcid.org/0000-0001-6060-5341,Do Quang Tam,"['D. Quang Tam', 'D. Tam', 'Derrick Y. Tam', 'Do Quang Tam', 'Tam, D. Quang', 'Tam, Do Quang']",15,23,4,4,do quang,tam,t,do quang tam,A5027161678,d tam
A5078745916,,Tom Brown,"['BROWN, Tom', 'Tom Brown']",11,71,4,3,tom,brown,b,tom brown,A5078745916,t brown
A5078265907,https://orcid.org/0000-0003-1338-101X,Hugo F.V. Cardoso,"['Cardoso H', 'Cardoso, H. F. V.', 'Cardoso, Hugo', 'Cardoso, Hugo Filipe Violante', 'Cardoso,Hugo', 'H. F. V. Cardoso', 'H.F.V. Cardoso', 'HFV Cardoso', 'Hugo Cardoso', 'Hugo F V Cardoso', 'Hugo F. V. Cardoso', 'Hugo F.V. Cardoso', 'Hugo F.V.. Cardoso', 'Hugo FV Cardoso', 'Hugo Filipe Violante Cardoso']",129,2914,30,16,hugo f.v.,cardoso,c,hugo f.v. cardoso,A5078265907,h cardoso
A5036916687,,Lucía Lorenzi,"['Lorenzi, Lucia', 'Lorenzi, Lucia Marie', 'Lucia Lorenzi', 'Lucía Lorenzi']",12,10,2,4,lucía,lorenzi,l,lucía lorenzi,A5036916687,l lorenzi
A5075129836,https://orcid.org/0000-0002-4823-6210,Nithu Sara John,"['John, Nithu Sara', 'N John', 'Nithu Sara John', 'Nithu\xa0Sara John']",15,1728,6,8,nithu sara,john,j,nithu sara john,A5075129836,n john
A5052596537,https://orcid.org/0009-0000-0434-4693,Am Johal,"['A. Johal', 'Am Johal']",169,29,3,1,am,johal,j,am johal,A5052596537,a johal
A5035270593,,Geoffrey Ng,['Geoffrey Ng'],11,124,3,8,geoffrey,ng,n,geoffrey ng,A5035270593,g ng
A5101967925,https://orcid.org/0000-0002-5510-809X,Ling Yue,"['Ling Yue', 'Yue Ling']",10,64,5,6,ling,yue,y,ling yue,A5101967925,l yue
A5062396931,https://orcid.org/0000-0002-0868-4780,Zhen Li,"['LI Zhen', 'Li Chang Zhen', 'Li Zhen', 'Li, Zhen', 'Z. LI', 'Z. Li', 'Zhen (Lisa) Li', 'Zhen LI', 'Zhen Li', 'Zhengliang Li', 'Zhengling Li', 'zhengliang li']",176,2626,28,49,zhen,li,l,zhen li,A5062396931,z li
A5074253286,https://orcid.org/0000-0002-4310-9511,Sean Tok,"['S S L Tok', 'S. Tok', 'Sean Shui Liang Tok', 'Sean Tok']",11,96,5,5,sean,tok,t,sean tok,A5074253286,s tok
A5079415975,https://orcid.org/0000-0001-7661-5085,Vanessa Shum,"['Shum, Vanessa', 'Vanessa Shum']",14,69,4,2,vanessa,shum,s,vanessa shum,A5079415975,v shum
A5010721008,,Stephanie Joyce,"['S. Joyce', 'Stephanie Joyce']",6,4,1,1,stephanie,joyce,j,stephanie joyce,A5010721008,s joyce
A5044290832,,William Newberry,"['Newberry, William', 'W. B. Newberry', 'WILLIAM B. NEWBERRY', 'William B. Newberry', 'William Newberry']",12,145,4,4,william,newberry,n,william newberry,A5044290832,w newberry
A5091054998,https://orcid.org/0000-0001-7033-7977,Kurt M. Yakimovich,"['K. M. Yakimovich', 'K.M. Yakimovich', 'Kurt  M. Yakimovich', 'Kurt M Yakimovich', 'Kurt M. Yakimovich', 'Kurt Yakimovich', 'Yakimovich, Kurt M']",17,492,10,4,kurt m.,yakimovich,y,kurt m. yakimovich,A5091054998,k yakimovich
A5027431444,,Dong Hao Zhuo,"['DONG Zhuo', 'Dong Hao Zhuo', 'Dong Zhuo']",9,158,5,3,dong hao,zhuo,z,dong hao zhuo,A5027431444,d zhuo
A5020371516,https://orcid.org/0000-0002-1376-5665,Cassia L. McIntyre,"['Cassia L. McIntyre', 'Cassia McIntyre', 'McIntyre, Cassia L.', 'Mcintyre, Cassia']",13,36,3,2,cassia l.,mcintyre,m,cassia l. mcintyre,A5020371516,c mcintyre
A5112723317,https://orcid.org/0000-0001-7978-1310,Saboora M. Roshan,['Saboora M. Roshan'],6,7,2,2,saboora m.,roshan,r,saboora m. roshan,A5112723317,s roshan
A5101984481,https://orcid.org/0000-0001-7706-9020,Hua Yang,"['H Y Yang', 'H Yang', 'H. Yang', 'H.-Y.T. Yang', 'HUA YANG', 'Hua YANG', 'Hua Yang', 'Huanjing Yang', 'Yang, Hua']",277,8466,46,119,hua,yang,y,hua yang,A5101984481,h yang
A5017485323,https://orcid.org/0000-0002-7575-1015,Rabeya Begum,"['Dr. Rabeya Begum', 'R Begum', 'R. Begum', 'Rabeya Begum']",44,55,4,12,rabeya,begum,b,rabeya begum,A5017485323,r begum
A5023292646,https://orcid.org/0000-0001-9314-7375,Varshita Sher,['Varshita Sher'],8,77,4,2,varshita,sher,s,varshita sher,A5023292646,v sher
A5059763575,,Alia Arslanova,"['A Arslanova', 'Alia Arslanova']",15,59,5,2,alia,arslanova,a,alia arslanova,A5059763575,a arslanova
A5101522911,https://orcid.org/0000-0002-3835-9532,Chang Ge,"['C Ge', 'Chang Ge', 'Ge Chang', 'Ge, Chang']",58,313,9,32,chang,ge,g,chang ge,A5101522911,c ge
A5003830006,,S. Victoria Otton,"['S Victoria Otton', 'S. VICTORIA OTTON', 'S. Victoria Otton', 'S.Victoria Otton']",20,911,15,6,s. victoria,otton,o,s. victoria otton,A5003830006,s otton
A5042796151,https://orcid.org/0000-0002-5255-2902,Eliran Mizelman,['Eliran Mizelman'],11,50,3,4,eliran,mizelman,m,eliran mizelman,A5042796151,e mizelman
A5100294547,https://orcid.org/0009-0006-9580-6710,Wenli Xu,"['WENLI XU', 'Wen-Li XU', 'Wen-Li Xu', 'Wen-li Xu', 'WenLi Xu', 'Wenli Xu', 'XU Wenli', 'Xu Wen-li', 'Xu Wenli', 'Xu, Wenli']",290,3339,27,69,wenli,xu,x,wenli xu,A5100294547,w xu
A5048214621,https://orcid.org/0000-0002-2956-3697,Lucian Rinke‐Hardekopf,"['L. Rinke-Hardekopf', 'Lucian Rinke-Hardekopf', 'Lucian Rinke‐Hardekopf']",8,82,5,2,lucian,rinke‐hardekopf,r,lucian rinke‐hardekopf,A5048214621,l rinke‐hardekopf
A5080606714,,Yu-Yen Pan,['Yu-Yen Pan'],10,55,5,3,yu-yen,pan,p,yu-yen pan,A5080606714,y pan
A5082696413,https://orcid.org/0000-0002-1312-6492,Hanwei Sudderuddin,"['H. Sudderuddin', 'Hanwei Sudderuddin']",23,585,12,4,hanwei,sudderuddin,s,hanwei sudderuddin,A5082696413,h sudderuddin
A5046365080,,P. Jackle,"['Jackle, Philip', 'P. Jackle', 'Philip Jackle']",10,16,3,2,p.,jackle,j,p. jackle,A5046365080,p jackle
A5076952899,https://orcid.org/0009-0008-7021-6815,Arash Khoeini,"['Arash Khoeini', 'Khoeini, Arash']",8,9,2,1,arash,khoeini,k,arash khoeini,A5076952899,a khoeini
A5060357580,https://orcid.org/0009-0006-1164-5025,Shelby Marozoff,"['Marozoff, Shelby', 'S. Marozoff', 'Shelby Marozoff']",20,144,6,8,shelby,marozoff,m,shelby marozoff,A5060357580,s marozoff
A5058859610,,Katrina Honigs,"['Honigs, Katrina', 'Katrina Honigs']",25,31,4,4,katrina,honigs,h,katrina honigs,A5058859610,k honigs
A5052273342,https://orcid.org/0000-0003-2068-5150,Jacqueline Maloney,"['J. Maloney', 'Jacqueline E. Maloney', 'Jacqueline Maloney', 'Maloney, Jacqueline Elizabeth']",11,246,6,6,jacqueline,maloney,m,jacqueline maloney,A5052273342,j maloney
A5036504011,,Mostafa S. Ibrahim,"['Ibrahim, Mostafa S.', 'Mostafa S. Ibrahim', 'Mostafa Samy Ibrahim']",12,837,6,4,mostafa s.,ibrahim,i,mostafa s. ibrahim,A5036504011,m ibrahim
A5012466903,,Jason Stearns,"['Jason Stearns', 'Stearns, Jason']",17,192,4,3,jason,stearns,s,jason stearns,A5012466903,j stearns
A5047911076,https://orcid.org/0000-0002-3933-9656,Guillaume Bourque,"['Bourque, G.', 'Bourque, Guillaume', 'G Bourque', 'G. Bourque', 'GUILLAUME BOURQUE', 'Guillaume Bourque', 'Jacqueline Boultwood', 'Karuturi Radha']",422,52520,87,49,guillaume,bourque,b,guillaume bourque,A5047911076,g bourque
A5018230923,,Sarah McBain,"['S. McBain', 'Sarah McBain']",10,69,5,3,sarah,mcbain,m,sarah mcbain,A5018230923,s mcbain
A5102980970,https://orcid.org/0000-0001-7330-2569,Sara Florence Davidson,"['Davidson, Sara Florence', 'Sara Davidson', 'Sara Florence Davidson']",22,163,6,4,sara florence,davidson,d,sara florence davidson,A5102980970,s davidson
A5007790006,https://orcid.org/0000-0002-6163-4993,Sina Nazeri,"['Nazeri, Sina', 'Sina Nazeri']",12,94,5,2,sina,nazeri,n,sina nazeri,A5007790006,s nazeri
A5055210733,https://orcid.org/0000-0003-2741-7108,Israel Koren,"['I. Koren', 'I., Koren', 'Israel Koren', 'Israel, Koren', 'Koren, Israel', 'И.В. КОРЕНЬ']",360,7874,42,17,israel,koren,k,israel koren,A5055210733,i koren
A5028609538,https://orcid.org/0000-0002-5347-5320,Matthew J. Anketell,"['Matthew J Anketell', 'Matthew J. Anketell']",8,89,5,4,matthew j.,anketell,a,matthew j. anketell,A5028609538,m anketell
A5063469613,,Jéssica Soares Ferreira,"['Jessica S. Ferreira', 'Jéssica Soares Ferreira', 'Jéssica Soares Geraldo Ferreira']",6,49,3,2,jéssica soares,ferreira,f,jéssica soares ferreira,A5063469613,j ferreira
A5101203620,,Mahsa Ansari,['Mahsa Ansari'],8,28,3,2,mahsa,ansari,a,mahsa ansari,A5101203620,m ansari
A5053072115,https://orcid.org/0000-0003-3352-1040,Sha Zhu,"['S. Zhu', 'Sha ZHU', 'Sha Zhu', 'Zhu, S.', 'Zhu, Sha']",83,930,19,29,sha,zhu,z,sha zhu,A5053072115,s zhu
A5073382898,https://orcid.org/0000-0001-5835-7238,Sukhpreet K. Tamana,"['S.K. Tamana', 'Sukhpreet K Tamana', 'Sukhpreet K. Tamana', 'Sukhpreet Tamana', 'Tamana, Sukhpreet K']",30,1090,13,4,sukhpreet k.,tamana,t,sukhpreet k. tamana,A5073382898,s tamana
A5040977712,https://orcid.org/0000-0002-3122-2461,R. Blatt,"['Blatt, R', 'Blatt, R.', 'Blatt, Rainer', 'R BLATT', 'R Blatt', 'R J R Blatt', 'R. BLATT', 'R. Blatt', 'RAINER BLATT', 'Rainer Blatt']",489,40554,93,23,r.,blatt,b,r. blatt,A5040977712,r blatt
A5057404284,,Darien Allan,"['D Allan', 'Darien Allan']",9,182,3,2,darien,allan,a,darien allan,A5057404284,d allan
A5028885540,,Éric Gedajlovic,"['E. Gedajlovic', 'ERIC GEDAJLOVIC', 'ERIC R. GEDAJLOVIC', 'Eric Gedajlovic', 'Eric R Gedajlovic', 'Eric R. Gedajlovic', 'Gedajlovic, Eric', 'Éric Gedajlovic']",63,10203,32,7,éric,gedajlovic,g,éric gedajlovic,A5028885540,é gedajlovic
A5074383711,https://orcid.org/0000-0003-2114-6036,Edith Wu,['Edith Wu'],10,107,4,3,edith,wu,w,edith wu,A5074383711,e wu
A5113723884,,M Momtahen,"['M Momtahen', 'M. Momtahen', 'Mahmud Momtahen']",14,5,1,3,m,momtahen,m,m momtahen,A5113723884,m momtahen
A5100405598,https://orcid.org/0000-0002-9165-8515,Hong Xie,"['Fen Li', 'H Xie', 'H. Xie', 'H.B. Xie', 'HONG XIE', 'Hong Bo Xie', 'Hong XIE', 'Hong Xie', 'Shujie Tang', 'Xie H', 'Xie, Hong', 'Xiuyun Zhang']",165,3719,29,66,hong,xie,x,hong xie,A5100405598,h xie
A5073163672,,Azadeh Adibi,['Azadeh Adibi'],6,59,5,2,azadeh,adibi,a,azadeh adibi,A5073163672,a adibi
A5101438335,https://orcid.org/0000-0003-4172-5369,Qi Lin,"['Leilei Qi', 'Lin QI', 'Lin Qi', 'Lin, Qi', 'Q. Lin', 'Q. Q. Lin', 'Qi LiN', 'Qi Lin', 'Qi Quan Lin', 'Qunfang Lin']",150,3379,36,27,qi,lin,l,qi lin,A5101438335,q lin
A5081260908,https://orcid.org/0009-0005-5789-3553,Gabriela Kuczynski,"['Gabriela Kuczynski', 'Kuczynski, Gabriela']",22,9,2,2,gabriela,kuczynski,k,gabriela kuczynski,A5081260908,g kuczynski
A5100904643,,Jiaqi Lei,"['Jia-Qi Lei', 'Jiaqi Lei']",15,435,10,7,jiaqi,lei,l,jiaqi lei,A5100904643,j lei
A5078511975,,Aleksei N. Bunevich,"['A. N. BUNEVICH', 'A.N. Bunevich', 'Aleksei Bunevich', 'Aleksei N Bunevich', 'Aleksei N. Bunevich', 'Bunevich, Aleksei', 'Bunevich, Aleksei N']",20,1121,15,9,aleksei n.,bunevich,b,aleksei n. bunevich,A5078511975,a bunevich
A5018356666,https://orcid.org/0000-0002-9431-8129,R. W. Bradley,"['Bradley, Ryan', 'Bradley, Ryan W', 'R. Bradley', 'R. W. Bradley', 'R.W. Bradley', 'Ryan Bradley', 'Ryan W. Bradley', 'Ryan William Bradley']",42,1210,16,4,r. w.,bradley,b,r. w. bradley,A5018356666,r bradley
A5092049594,https://orcid.org/0000-0003-0277-3755,Kristina K. Castaneto,"['Castaneto, Kristina K.', 'Kristina Castaneto', 'Kristina K. Castaneto']",11,8,2,2,kristina k.,castaneto,c,kristina k. castaneto,A5092049594,k castaneto
A5006850713,https://orcid.org/0000-0001-8780-9299,Kelly Shen,"['K Shen', 'K. Shen', 'Kelly J Shen', 'Kelly Shen', 'Shen, Kelly']",103,2600,27,9,kelly,shen,s,kelly shen,A5006850713,k shen
A5053195533,,Alexander Mikhaylov,"['A. A. Mikhaylov', 'Alexander Mikhaylov']",8,57,5,3,alexander,mikhaylov,m,alexander mikhaylov,A5053195533,a mikhaylov
A5061551647,,James R. Klein,"['J. Klein', 'J. R. Klein', 'J.R. Klein', 'James R Klein', 'James R. Klein', 'James Robert Klein']",42,917,14,6,james r.,klein,k,james r. klein,A5061551647,j klein
A5002944057,https://orcid.org/0000-0003-3102-4462,Jonathan B. Angel,"['&NA; A B', 'A B', 'A. B. Junior', 'Ade Risma Zagina Dewi B', 'Aktas Sezen B', 'Andújar Tenorio B', 'Angel Jonathan B.', 'Angel, Jonathan B.', 'J Angel', 'J B ANGEL', 'J B Angel', 'J E Angel', 'J. Angel', 'J. B. Angel', 'J.B. ANGEL', 'J.B. Angel', 'J.\xa0B. Angel', 'JB Angel', 'JONATHAN B. ANGEL', 'Jonathan Angel', 'Jonathan B Angel', 'Jonathan B. Angel', 'Jonathan Benjamin Angel', 'JonathanB Angel', 'Jonathan\xa0B. Angel']",259,8576,50,50,jonathan b.,angel,a,jonathan b. angel,A5002944057,j angel
A5072231561,https://orcid.org/0000-0003-1912-8349,Stephanie E. Cleland,"['Cleland, Stephanie E', 'Cleland, Stephanie E.', 'S. Cleland', 'Stephanie  E. Cleland', 'Stephanie Cleland', 'Stephanie E Cleland', 'Stephanie E. Cleland']",43,483,8,13,stephanie e.,cleland,c,stephanie e. cleland,A5072231561,s cleland
A5001275453,https://orcid.org/0000-0002-7024-2174,Manuela Martins Cruz,"['Cruz, Manuela Martins', 'M M A DA CRUZ', 'Manuela  Martins Cruz', 'Manuela Cruz', 'Manuela Martins Cruz']",15,110,4,7,manuela martins,cruz,c,manuela martins cruz,A5001275453,m cruz
A5109972106,,Georg Kemmler,"['G Kemmler', 'G. KEMMLER', 'G. Kemmler', 'G. W. Kemmler', 'GEORG KEMMLER', 'Georg Kemmler', 'Georg \xa0Kemmler', 'Georg\xa0Kemmler', 'Kemmler,Georg', 'M Hummer']",483,16888,76,25,georg,kemmler,k,georg kemmler,A5109972106,g kemmler
A5093227469,,hannah holtzclaw,"['Hannah Holtzclaw', 'Holtzclaw, Hannah', 'hannah holtzclaw', 'holtzclaw, hannah']",6,4,1,1,hannah,holtzclaw,h,hannah holtzclaw,A5093227469,h holtzclaw
A5065861312,https://orcid.org/0000-0003-4996-7207,Michael A. Curran,"['Curran, Michael', 'Curran, Michael A.', 'Curran, Michael.', 'M A Curran', 'M CURRAN', 'M Curran', 'M. A. Curran', 'M. Curran', 'M.A. Curran', 'Michael A Curran', 'Michael A. Curran', 'Michael Curran']",453,12390,49,43,michael a.,curran,c,michael a. curran,A5065861312,m curran
A5103263060,https://orcid.org/0000-0003-0451-8838,Jeremy Brown,"['Brown, Jeremy', 'J. A. C. Brown', 'J. Brown', 'J.A. Brown', 'Jeremy Brown']",107,569,9,9,jeremy,brown,b,jeremy brown,A5103263060,j brown
A5024394426,https://orcid.org/0000-0001-8103-7603,Sebastian P. Dys,"['Dys, Sebastian P.', 'S. P. Dys', 'Sebastian Dys', 'Sebastian P Dys', 'Sebastian P. Dys']",32,607,12,8,sebastian p.,dys,d,sebastian p. dys,A5024394426,s dys
A5031861481,https://orcid.org/0000-0001-7871-8977,Craig Mitton,"['C Mitton', 'C. Mitton', 'C. R. Mitton', 'C.R. Mitton', 'CRAIG MITTON', 'Craig Mitton', 'Craig R Mitton', 'Craig R. Mitton', 'Mitton, Craig', 'Mitton, Craig Roy', 'Mitton, Craig, 1972-']",253,7461,43,31,craig,mitton,m,craig mitton,A5031861481,c mitton
A5000594667,,Lucas Y. Wu,"['Lucas Wu', 'Lucas Y. Wu', 'Lucas Yifan Wu', 'Wu, Lucas', 'Wu, Lucas Y.']",7,42,3,1,lucas y.,wu,w,lucas y. wu,A5000594667,l wu
A5070712495,,Carmelina Barone,"['Carmelina Barone', 'Carmelina C. Barone']",15,22,3,1,carmelina,barone,b,carmelina barone,A5070712495,c barone
A5101151848,,Jun Mei,['Jun Mei'],12,81,4,8,jun,mei,m,jun mei,A5101151848,j mei
A5100753908,https://orcid.org/0000-0003-3926-0822,Lihua Hu,"['L. J. Hu', 'LIHUA HU', 'Li-Hua Hu', 'Li-hua Hu', 'LiHua Hu', 'Lihua HU', 'Lihua Hu']",59,989,18,24,lihua,hu,h,lihua hu,A5100753908,l hu
A5035711951,https://orcid.org/0000-0002-7482-2643,Gopolang Mohlabeng,"['Bontle Gopolang', 'Gopolang M. Mohlabeng', 'Gopolang Mohlabeng', 'Mohlabeng, Gopolang']",48,814,16,16,gopolang,mohlabeng,m,gopolang mohlabeng,A5035711951,g mohlabeng
A5036491189,,Addisu Leyew Bailie,"['Addisu Bailie', 'Addisu Leyew Bailie']",9,5,1,4,addisu leyew,bailie,b,addisu leyew bailie,A5036491189,a bailie
A5012723755,https://orcid.org/0000-0002-4693-4453,Alexander Koch,"['A. KOCH', 'A. Koch', 'A. M. Koch', 'ALEXANDER KOCH', 'Alexander Koch', 'Alexander M. Koch', 'Jed O. Kaplan', 'Koch, Alexander', 'Koch, Alexander M.']",77,5341,29,21,alexander,koch,k,alexander koch,A5012723755,a koch
A5101174812,,Qiushi Lin,"['Lin, Qiu-Shi', 'Lin, Qiushi', 'Qiushi Lin']",60,3568,27,24,qiushi,lin,l,qiushi lin,A5101174812,q lin
A5059624803,https://orcid.org/0000-0002-0945-7248,Lingyi Li,"['LI Lingyi', 'Li, Lingyi', 'Ling Wang', 'Ling-Yi Li', 'Lingyi Li', 'Lingyi 令仪 Li 李', 'Ling‐Yi Li']",124,1570,23,62,lingyi,li,l,lingyi li,A5059624803,l li
A5078158827,https://orcid.org/0009-0007-4701-2147,Akesh Sinha,"['Akesh Sinha', 'Sinha, Akesh']",17,287,8,6,akesh,sinha,s,akesh sinha,A5078158827,a sinha
A5061377171,https://orcid.org/0009-0003-7830-7985,Garth W. P. Davies,"['Davies, Garth', 'Garth Davies', 'Garth W. P. Davies', 'Garth W.P. Davies']",89,69,4,6,garth w. p.,davies,d,garth w. p. davies,A5061377171,g davies
A5002878273,https://orcid.org/0000-0002-6113-0859,Ruohong Li,"['Li, R.', 'Li, Ruohong', 'R Li', 'R. LI', 'R. Li', 'Ruohong Li']",94,813,17,20,ruohong,li,l,ruohong li,A5002878273,r li
A5057948756,https://orcid.org/0000-0002-0176-733X,Aidan Bodner,"['A. Bodner', 'AIDAN BODNER', 'Aidan Bodner', 'Bodner, Aidan']",11,122,6,4,aidan,bodner,b,aidan bodner,A5057948756,a bodner
A5064093289,https://orcid.org/0000-0002-9040-7597,Kelvin Lau,"['K K W Lau', 'K Lau', 'K. K. W. Lau', 'K. Lau', 'K.K. LAU', 'Kelvin K W Lau', 'Kelvin K. W. Lau', 'Kelvin K.W. Lau', 'Kelvin KW Lau', 'Kelvin Lau', 'Lau K', 'Lau KL', 'Lau, Kelvin', 'Regine Gries', 'Tracey Horey']",163,5828,36,47,kelvin,lau,l,kelvin lau,A5064093289,k lau
A5058191075,https://orcid.org/0000-0002-1536-8858,Alexandru Paler,"['A. Paler', 'Alexandru Paler', 'Paler, Alexandru']",118,1619,17,9,alexandru,paler,p,alexandru paler,A5058191075,a paler
A5028772059,https://orcid.org/0000-0002-2205-2683,Mary A. De Vera,"['De Vera, Mary', 'De Vera, Mary A.', 'De Vera, Mary Abigail', 'M A De Vera', 'M De Vera', 'M Vera', 'M. A. De Vera', 'M. De Vera', 'M. Vera', 'M.A. De Vera', 'MA De Vera', 'MARY A. De VERA', 'Marina Michelle Rodríguez Vera', 'Mary A De Vera', 'Mary A. De Vera', 'Mary A. De\xa0Vera', 'Mary A. de Vera', 'Mary De Vera', 'Mary Vera', 'Mary de Vera', 'Mildred Vera']",312,5963,43,40,mary a. de,vera,v,mary a. de vera,A5028772059,m vera
A5109079578,,Steven Richter,"['Richter, Steven', 'Steven Richter']",6,91,3,3,steven,richter,r,steven richter,A5109079578,s richter
A5083104668,,Christophe Huau,"['C. Huau', 'Christophe Huau', 'HUAU C., (1)', 'Huau, C.', 'Huau, Christophe']",34,180,6,8,christophe,huau,h,christophe huau,A5083104668,c huau
A5056155053,https://orcid.org/0000-0002-5251-0307,Kathleen Fitzpatrick,"['Alke Boss', 'Fitzpatrick, Kathleen', 'Kathleen Fitzpatrick', 'Kathleen M. Fitzpatrick']",101,1371,17,12,kathleen,fitzpatrick,f,kathleen fitzpatrick,A5056155053,k fitzpatrick
A5070246035,https://orcid.org/0000-0002-8948-2186,Pascal Stegmann,"['Pascal Stegmann', 'Stegmann, P.', 'Stegmann, Pascal']",32,204,7,7,pascal,stegmann,s,pascal stegmann,A5070246035,p stegmann
A5003100413,https://orcid.org/0000-0002-7179-4843,Hui Xie,"['H Q Xie', 'H. K. Xie', 'H. Xie', 'HUI XIE', 'Hui Xie', 'Xie, Hui', 'Zheng-Guang Wang']",139,1981,24,65,hui,xie,x,hui xie,A5003100413,h xie
A5101478789,https://orcid.org/0000-0002-9504-1280,Huiyin Song,"['H Song', 'H.Q. Song', 'Hui-Yin Song', 'Huiyin Song', 'Hui‐Yin Song', 'Song, Huiyin']",45,482,13,8,huiyin,song,s,huiyin song,A5101478789,h song
A5101892640,https://orcid.org/0000-0002-6275-7354,Alex K. Smith,"['A. K. Smith', 'Alex K. Smith', 'Alex Smith']",7,24,3,2,alex k.,smith,s,alex k. smith,A5101892640,a smith
A5056954359,https://orcid.org/0000-0001-6840-2717,D. C. Braun,"['A BRAUN', 'A Braun', 'A. Braun', 'Braun, A.', 'Braun, D.', 'Braun, D. C.', 'Braun, Doug', 'Braun, Douglas C.', 'D Braun', 'D C Braun', 'D. BRAUN', 'D. Braun', 'D. C. Braun', 'D.C. Braun', 'Doug Braun', 'Doug C. Braun', 'Douglas Braun', 'Douglas C Braun', 'Douglas C. Braun']",290,6488,44,39,d. c.,braun,b,d. c. braun,A5056954359,d braun
A5071971529,https://orcid.org/0000-0003-4704-5460,Sarah Coupland,"['Sarah Coupland', 'Sarah H. Coupland']",8,76,4,2,sarah,coupland,c,sarah coupland,A5071971529,s coupland
A5033020866,https://orcid.org/0000-0001-6757-6846,Sam Anderson,"['Anderson, Sam', 'Sam Anderson', 'Sam L. Anderson']",25,633,8,2,sam,anderson,a,sam anderson,A5033020866,s anderson
A5113931434,,Ezzat A. Fattah,"['E. A. Fattah', 'EZZAT A. FATTAH', 'Ezzat A. Fattah', 'Ezzat Abdel Fattah', 'Ezzat Fattah', 'Fattah, Ezzat Abdel']",94,1170,15,6,ezzat a.,fattah,f,ezzat a. fattah,A5113931434,e fattah
A5031585804,https://orcid.org/0000-0003-1876-2209,Hortense Gallois,"['Gallois, Hortense', 'Hortense Gallois']",20,53,4,4,hortense,gallois,g,hortense gallois,A5031585804,h gallois
A5073357101,https://orcid.org/0009-0009-8745-6185,Sarah Henzi,"['Henzi, Sarah', 'Sarah Henzi']",19,71,4,3,sarah,henzi,h,sarah henzi,A5073357101,s henzi
A5049848564,https://orcid.org/0000-0002-9411-3385,Mark Skinner,"['M F Skinner', 'M Skinner', 'M. F. Skinner', 'M. SKINNER', 'M. Skinner', 'M.F. Skinner', 'Mark F. Skinner', 'Mark Fretson Skinner', 'Mark Skinner']",88,2507,28,14,mark,skinner,s,mark skinner,A5049848564,m skinner
A5049546259,,Lydia Odilinye,['Lydia Odilinye'],6,24,3,1,lydia,odilinye,o,lydia odilinye,A5049546259,l odilinye
A5066926793,https://orcid.org/0000-0002-3596-2280,Yue Wang,"['Wang Yue', 'Wang, Yue', 'Y. Wang', 'Yue WANG', 'Yue Wang']",133,1408,18,47,yue,wang,w,yue wang,A5066926793,y wang
A5039192820,https://orcid.org/0000-0001-8308-9730,Yulia Rubanova,"['Edward W. Rowe', 'Rubanova, Yulia', 'Yulia Rubanova']",84,19301,37,17,yulia,rubanova,r,yulia rubanova,A5039192820,y rubanova
A5114142588,,Abhishek Shivakumar,"['A. Shivakumar', 'A.R. Shivakumar', 'Abhishek Shivakumar', 'Richstein, Jörn C.', 'Shivakumar A', 'Shivakumar, A.', 'Shivakumar, Abhishek']",91,1542,19,14,abhishek,shivakumar,s,abhishek shivakumar,A5114142588,a shivakumar
A5020559144,,Malcolm King,"['M. J. King', 'Malcolm King']",7,22,2,3,malcolm,king,k,malcolm king,A5020559144,m king
A5009499082,https://orcid.org/0000-0002-1590-3785,Vahideh Shirmohammadli,"['Shirmohammadli, Vahideh', 'V. Shirmohammadli', 'Vahideh Shirmohammadli']",22,172,8,3,vahideh,shirmohammadli,s,vahideh shirmohammadli,A5009499082,v shirmohammadli
A5016377628,https://orcid.org/0000-0002-4810-0495,Michael J. Bradford,"['Bradford, Michael J.', 'M J Bradford', 'M. Bradford', 'M. J. Bradford', 'M.J. Bradford', 'MICHAEL J BRADFORD', 'MICHAEL J. BRADFORD', 'Michael Bradford', 'Michael J Bradford', 'Michael J. Bradford']",121,3323,34,16,michael j.,bradford,b,michael j. bradford,A5016377628,m bradford
A5034144141,,Grigori Khaskin,"['G. Khaskin', 'GRIGORI KHASKIN', 'Grigori Khaskin']",39,862,17,2,grigori,khaskin,k,grigori khaskin,A5034144141,g khaskin
A5037580930,https://orcid.org/0000-0002-2587-245X,Andrew Cox,"['A COX', 'A. Cox', 'A. M. Cox', 'A.M Cox', 'A.M. Cox', 'ANDREW COX', 'Andrew Cox', 'Andrew M Cox', 'Andrew M. Cox', 'Andrew Martin Cox', 'Cox, A.M.', 'Cox, Andrew', 'Cox, Andrew M.']",314,9388,48,28,andrew,cox,c,andrew cox,A5037580930,a cox
A5065780235,,Quratulain Qureshi,['Quratulain Qureshi'],8,84,3,2,quratulain,qureshi,q,quratulain qureshi,A5065780235,q qureshi
A5050381120,,Sadaf Tahmasebi,"['S. Tahmasebi', 'Sadaf Tahmasebi']",13,213,9,3,sadaf,tahmasebi,t,sadaf tahmasebi,A5050381120,s tahmasebi
A5007193881,https://orcid.org/0000-0001-9201-1249,M. M. Noor,"['K. Kadirgama M. M. Noor', 'M M Noor', 'M. M. Noor', 'M. Noor', 'M.M Noor', 'M.M. Noor', 'M.M.Noor', 'Mahfudzah Mohamed Noor', 'Mashama Noor', 'Miski Noor', 'Mohazan M. Noor', 'Muhamad M Noor', 'Muhamad M. Noor', 'Muhamad Mat Noor']",271,3592,31,7,m. m.,noor,n,m. m. noor,A5007193881,m noor
A5004989555,https://orcid.org/0000-0003-0941-4333,Neil J. Ross,"['Neil J. Ross', 'Ross, N. J.', 'Ross, N.J.', 'Ross, Neil J.']",49,1695,13,6,neil j.,ross,r,neil j. ross,A5004989555,n ross
A5070983367,https://orcid.org/0000-0002-9898-5797,Dawn Rault,['Dawn Rault'],6,86,3,3,dawn,rault,r,dawn rault,A5070983367,d rault
A5080642616,https://orcid.org/0000-0003-2473-4570,Sanjay Jeram,"['Jeram, Sanjay', 'Sanjay Jeram']",20,227,8,4,sanjay,jeram,j,sanjay jeram,A5080642616,s jeram
A5035896927,,Kristina Waclawik,['Kristina Waclawik'],9,128,5,2,kristina,waclawik,w,kristina waclawik,A5035896927,k waclawik
A5028317795,,Olga V. Shipulina,"['Olga Shipulina', 'Olga V. Shipulina']",8,30,3,1,olga v.,shipulina,s,olga v. shipulina,A5028317795,o shipulina
A5069163332,https://orcid.org/0000-0001-9445-9821,Ryan Nichols,"['RYAN NICHOLS', 'Ryan Nichols']",78,665,13,15,ryan,nichols,n,ryan nichols,A5069163332,r nichols
A5089728503,https://orcid.org/0000-0001-6684-2698,Alessandra S. Menandro,"['Alessandra S. Menandro', 'Alessandra Stacchini Menandro']",20,79,4,4,alessandra s.,menandro,m,alessandra s. menandro,A5089728503,a menandro
A5031956224,,Irene Botosaru,"['Botosaru, Irene', 'Irene Botosaru']",34,248,6,16,irene,botosaru,b,irene botosaru,A5031956224,i botosaru
A5109163734,,Brian E. Conway,"['Brian Conway', 'Brian E Conway', 'Brian E. Conway', 'Brian Evans Conway', 'Brian. E. Conway']",134,12494,40,10,brian e.,conway,c,brian e. conway,A5109163734,b conway
A5039102643,https://orcid.org/0000-0003-4084-6425,Michael Favere‐Marchesi,"['Michael Favere-Marchesi', 'Michael Favere‐Marchesi']",19,341,7,2,michael,favere‐marchesi,f,michael favere‐marchesi,A5039102643,m favere‐marchesi
A5063380948,,Eric D. Kirby,"['Eric D. Kirby', 'Eric Kirby']",6,29,3,1,eric d.,kirby,k,eric d. kirby,A5063380948,e kirby
A5001635778,,Mailyn Terrado,"['Mailyn Terrado', 'Terrado, Mailyn']",14,118,6,5,mailyn,terrado,t,mailyn terrado,A5001635778,m terrado
A5012458176,https://orcid.org/0000-0002-8904-0484,Normand A. Richard,"['N. Richard', 'Normand A Richard', 'Normand A. Richard', 'Normand Richard', 'Richard, Normand André']",15,169,5,8,normand a.,richard,r,normand a. richard,A5012458176,n richard
A5058288676,,Mohammad Shojayian,['Mohammad Shojayian'],8,42,2,2,mohammad,shojayian,s,mohammad shojayian,A5058288676,m shojayian
A5081621756,https://orcid.org/0000-0002-4072-8712,Diego Restuccia,"['DIEGO RESTUCCIA', 'Diego Restuccia', 'Restuccia, Diego']",133,8052,36,20,diego,restuccia,r,diego restuccia,A5081621756,d restuccia
A5044408416,https://orcid.org/0009-0005-7757-0508,Kathryn M. Leonard,"['Kathryn M Leonard', 'Kathryn M. Leonard', 'Leonard, Kathryn M.']",8,18,3,1,kathryn m.,leonard,l,kathryn m. leonard,A5044408416,k leonard
A5026348788,https://orcid.org/0000-0002-1426-1274,Navjot Kaur,"['Dr. Navjot Kaur', 'Dr. Navjot kaur', 'Harvinder Singh', 'Kaur Navjot', 'Kaur, Navjot', 'N. Kaur', 'Navjot Kaur', 'Navjot kaur']",178,987,15,49,navjot,kaur,k,navjot kaur,A5026348788,n kaur
A5046492353,https://orcid.org/0009-0009-6595-6883,Erica McAdam,['Erica McAdam'],7,41,3,3,erica,mcadam,m,erica mcadam,A5046492353,e mcadam
A5033540967,https://orcid.org/0000-0002-7856-0804,Tanya M. Brown,"['T M Brown', 'T. M. Brown', 'TANYA MAINES BROWN', 'Tanya Brown', 'Tanya M. Brown', 'Tanya Maines Brown']",58,1848,26,26,tanya m.,brown,b,tanya m. brown,A5033540967,t brown
A5042456517,https://orcid.org/0000-0002-9810-1445,Hooman Homayouni,['Hooman Homayouni'],13,107,6,3,hooman,homayouni,h,hooman homayouni,A5042456517,h homayouni
A5025708590,https://orcid.org/0000-0002-4815-5920,Ahmadreza Shahrokhshahi,"['A. Shahrokhshahi', 'Ahmadreza Shahrokhshahi', 'Shahrokhshahi, Ahmadreza']",8,43,4,2,ahmadreza,shahrokhshahi,s,ahmadreza shahrokhshahi,A5025708590,a shahrokhshahi
A5062162771,,Zohreh Dehghani Champiri,"['Z Dehghani Champiri', 'Zohreh Champiri', 'Zohreh D. Champiri', 'Zohreh Dehghani Champiri']",10,219,4,4,zohreh dehghani,champiri,c,zohreh dehghani champiri,A5062162771,z champiri
A5001547268,https://orcid.org/0000-0002-1704-9551,Lishen Zhang,"['Deming He', 'Li-Shen Zhang', 'Lishen Zhang', 'Zhang, Lishen']",48,3388,19,15,lishen,zhang,z,lishen zhang,A5001547268,l zhang
A5008367537,,Adel Iskandar,['Adel Iskandar'],18,135,5,5,adel,iskandar,i,adel iskandar,A5008367537,a iskandar
A5038675835,https://orcid.org/0000-0002-0704-2997,Anna Potapova,"['Anna Potapova', 'Potapova, Anna']",7,70,3,2,anna,potapova,p,anna potapova,A5038675835,a potapova
A5057407821,https://orcid.org/0000-0003-2589-4955,Peyman Firoozy,"['Firoozy, Peyman', 'Peyman Firoozy']",13,268,6,4,peyman,firoozy,f,peyman firoozy,A5057407821,p firoozy
A5070050719,https://orcid.org/0000-0003-2231-0846,Pardis Sadeghi,"['P. Sadeghi', 'Pardis Sadeghi']",9,36,4,4,pardis,sadeghi,s,pardis sadeghi,A5070050719,p sadeghi
A5037196650,https://orcid.org/0000-0002-0643-7890,Becky L. White,"['B White', 'B. White', 'Becky L White', 'Becky L. White', 'Becky L.White', 'Becky White', 'Becky\xa0L. White', 'White B', 'White, Becky', 'White, Becky L.']",77,1375,21,22,becky l.,white,w,becky l. white,A5037196650,b white
A5049766437,,Weijie Lin,"['Lin, Weijie', 'W.S. Lin', 'Wei-Jie Lin', 'WeiJie Lin', 'Weijie Lin']",12,145,5,5,weijie,lin,l,weijie lin,A5049766437,w lin
A5000695733,https://orcid.org/0000-0002-8947-6093,Lisa Bourque Bearskin,"['Lisa Bourque Bearskin', 'Mona Lisa Bourque Bearskin']",26,566,8,14,lisa bourque,bearskin,b,lisa bourque bearskin,A5000695733,l bearskin
A5091617213,,Michèle Schmidt,"['Michele Schmidt', 'Michèle J. Schmidt', 'Michèle SCHMIDT', 'Michèle Schmidt', 'Schmidt, Michèle']",36,984,13,6,michèle,schmidt,s,michèle schmidt,A5091617213,m schmidt
A5066084411,https://orcid.org/0000-0001-6484-7786,Brandon Heung,"['B. Heung', 'Brandon HEUNG', 'Brandon Heung']",85,2574,23,4,brandon,heung,h,brandon heung,A5066084411,b heung
A5050751545,https://orcid.org/0000-0002-9397-5784,Karen Lawford,"['Dr Karen Lawford', 'Karen Lawford', 'Karen M. Lawford', 'Lawford, Karen']",30,258,10,12,karen,lawford,l,karen lawford,A5050751545,k lawford
A5100692639,https://orcid.org/0000-0003-3225-7962,Ying Tian,"['Li Chen', 'Lisong Shen', 'Tian Y', 'Y Tian', 'Y. Tian', 'Ying TIAN', 'Ying Tian', 'Yinuo Tian']",315,8694,51,74,ying,tian,t,ying tian,A5100692639,y tian
A5070154526,,Shuman Peng,"['Peng, Shuman', 'Shuman Peng']",7,109,3,2,shuman,peng,p,shuman peng,A5070154526,s peng
A5014002771,https://orcid.org/0000-0002-1924-4721,Rackeb Tesfaye,"['Lee, Kelley', 'R Tesfaye', 'Rackeb Tesfaye', 'Tesfaye R', 'Tesfaye, Rackeb']",28,272,8,4,rackeb,tesfaye,t,rackeb tesfaye,A5014002771,r tesfaye
A5057157419,https://orcid.org/0009-0005-6424-6610,Danyang Song,['Danyang Song'],9,52,2,5,danyang,song,s,danyang song,A5057157419,d song
A5045961414,https://orcid.org/0000-0002-1970-2980,X. Joan Hu,"['Hu, X. Joan', 'X Joan Hu', 'X. J. Hu', 'X. Joan Hu', 'Xianrui Hu', 'Xiaoqiong J. Hu', 'Xuefen Hu']",56,626,15,16,x. joan,hu,h,x. joan hu,A5045961414,x hu
A5017287568,,Evan Freeman,"['Evan Freeman', 'Evan J. Freeman']",11,62,4,4,evan,freeman,f,evan freeman,A5017287568,e freeman
A5038209412,https://orcid.org/0000-0002-3161-4254,Mackenzie J. Hart,"['Hart, Mackenzie J.', 'Mackenzie Hart', 'Mackenzie J. Hart']",29,230,8,3,mackenzie j.,hart,h,mackenzie j. hart,A5038209412,m hart
A5061198819,,Hollis Owens,"['H Owens', 'H. Owens', 'Hollis Owens', 'Owens, Hollis']",9,41,3,1,hollis,owens,o,hollis owens,A5061198819,h owens
A5047997753,https://orcid.org/0000-0002-4450-6308,David Murphy,"['D. Murphy', 'DAVID MURPHY', 'David E. Murphy', 'David Murphy']",119,771,12,13,david,murphy,m,david murphy,A5047997753,d murphy
A5043147253,,Kevin Cameron,['Kevin Cameron'],10,17,2,1,kevin,cameron,c,kevin cameron,A5043147253,k cameron
A5002710023,https://orcid.org/0000-0002-5899-7208,Michael Seear,"['M Seear', 'M. D. SEEAR', 'M. D. Seear', 'M. Seear', 'M.D. Seear', 'MICHAEL D. SEEAR', 'Michael D. Seear', 'Michael Seear']",81,2938,28,15,michael,seear,s,michael seear,A5002710023,m seear
A5009982154,https://orcid.org/0000-0002-7557-1540,Roland M. Schulz,"['Roland M. Schulz', 'Roland Schulz']",13,246,8,1,roland m.,schulz,s,roland m. schulz,A5009982154,r schulz
A5039192445,,Kathryn Nurse,"['Kathryn Nurse', 'Nurse, Kathryn']",20,2,1,3,kathryn,nurse,n,kathryn nurse,A5039192445,k nurse
A5039066234,,S.E. Paulsen,"['S.E. Paulsen', 'Sean Paulsen']",7,27,4,3,s.e.,paulsen,p,s.e. paulsen,A5039066234,s paulsen
A5052555886,,Shivaramakrishna Pragada,"['Pragada, Shivaramakrishna', 'Shivaramakrishna Pragada']",31,21,3,4,shivaramakrishna,pragada,p,shivaramakrishna pragada,A5052555886,s pragada
A5010226942,https://orcid.org/0000-0002-7281-7365,Hamid Jafarabadi Ashtiani,['Hamid Jafarabadi Ashtiani'],13,102,5,2,hamid jafarabadi,ashtiani,a,hamid jafarabadi ashtiani,A5010226942,h ashtiani
A5109643215,,Williams Td,"['B Yoffe', 'T D WILLIAMS', 'T D Williams', 'TD Williams', 'Williams Td', 'Williams, T.D.']",13,27,3,1,williams,td,t,williams td,A5109643215,w td
A5077640924,,M Dorton,"['M Dorton', 'Matthew C. Dorton']",9,27,2,4,m,dorton,d,m dorton,A5077640924,m dorton
A5055552568,https://orcid.org/0009-0003-4976-647X,Eric Ye,"['Eric Ye', 'Ye, Eric']",29,288,10,7,eric,ye,y,eric ye,A5055552568,e ye
A5066477230,https://orcid.org/0009-0001-0754-1673,Sarah Miller,"['Miller, Sarah', 'S Miller', 'SJ Miller', 'Sarah J Miller', 'Sarah J. Miller', 'Sarah Marie Miller', 'Sarah Miller']",171,4159,31,44,sarah,miller,m,sarah miller,A5066477230,s miller
A5112279026,,Sung-Il Bang,"['S.I. Bang', 'Sung-Il Bang', 'Sung-il Bang', 'Sungil Bang']",30,124,7,2,sung-il,bang,b,sung-il bang,A5112279026,s bang
A5024609808,,Kevan Hudson,"['K. Hudson', 'K.\u2009A. Hudson', 'Kevan Hudson']",9,53,5,2,kevan,hudson,h,kevan hudson,A5024609808,k hudson
A5102379848,,Ruoyi Zhao,['Ruoyi Zhao'],15,167,6,6,ruoyi,zhao,z,ruoyi zhao,A5102379848,r zhao
A5063502643,,Dane Marijan,"['Dane Marijan', 'Marijan, Dane']",7,115,5,1,dane,marijan,m,dane marijan,A5063502643,d marijan
A5061223170,https://orcid.org/0000-0002-6943-083X,Spyros Sofos,"['Sofos, Spyros', 'Sofos, Spyros A', 'Sofos, Spyros A.', 'Spyros A Sofos', 'Spyros A. Sofos', 'Spyros Sofos']",106,374,9,10,spyros,sofos,s,spyros sofos,A5061223170,s sofos
A5033853494,https://orcid.org/0000-0002-6272-5846,Inger Lassen,"['Inger Lassen', 'Lassen, Inger', 'Lassen, Inger Marie; id_orcid 0000-0002-6272-5846', 'Lassen, Inger; id_orcid 0000-0002-6272-5846']",87,519,10,48,inger,lassen,l,inger lassen,A5033853494,i lassen
A5015344298,https://orcid.org/0000-0002-1842-208X,Kamaria Kuling,"['Kamaria Kuling', 'Kuling, Kamaria']",17,88,4,3,kamaria,kuling,k,kamaria kuling,A5015344298,k kuling
A5010736244,https://orcid.org/0000-0003-4951-0688,Daniela Salas,"['D. R. Salas', 'Daniela A. Salas', 'Daniela Salas', 'Daniela\xa0A. Salas', 'Salas, Daniela']",24,473,12,9,daniela,salas,s,daniela salas,A5010736244,d salas
A5021445324,https://orcid.org/0000-0001-8447-872X,Yixian Shen,"['Shen, Yixian', 'Yi-Xian Shen', 'Yixian Shen']",57,194,8,10,yixian,shen,s,yixian shen,A5021445324,y shen
A5036663902,,D. Estep,"['D Estep', 'D J Estep', 'D. Estep', 'DON ESTEP', 'Don Estep', 'Donald Estep', 'Estep, Don', 'Estep, Donald']",40,1408,15,3,d.,estep,e,d. estep,A5036663902,d estep
A5036756377,https://orcid.org/0000-0002-3358-5426,Andy Yoon,"['Andy K. Yoon', 'Andy Yoon']",21,441,13,2,andy,yoon,y,andy yoon,A5036756377,a yoon
A5020388996,,Shane Harrypersad,"['Harrypersad, S.', 'Harrypersad, Shane', 'Shane Harrypersad']",21,178,6,2,shane,harrypersad,h,shane harrypersad,A5020388996,s harrypersad
A5012970291,https://orcid.org/0000-0002-8911-8835,Mark Mahadeo,['Mark Mahadeo'],8,204,8,2,mark,mahadeo,m,mark mahadeo,A5012970291,m mahadeo
A5052834057,,Xintian Sun,"['Sun, Xintian', 'Xintian Sun']",11,55,4,2,xintian,sun,s,xintian sun,A5052834057,x sun
A5036842204,https://orcid.org/0000-0003-0448-8421,Andrew Longhurst,"['Andrew Longhurst', 'Andrew R. Longhurst']",9,88,5,3,andrew,longhurst,l,andrew longhurst,A5036842204,a longhurst
A5063634420,https://orcid.org/0000-0001-7492-110X,Katrina Jang,['Katrina Jang'],6,8,2,3,katrina,jang,j,katrina jang,A5063634420,k jang
A5101720263,https://orcid.org/0000-0001-7313-3873,Xiangxiang Wang,"['Wang, Xiangxiang', 'Xiangxiang Wang']",8,294,3,4,xiangxiang,wang,w,xiangxiang wang,A5101720263,x wang
A5101582307,https://orcid.org/0000-0003-0046-2304,Jihoon Kwon,"['J. Kwon', 'Ji-Hoon Kwon', 'JiHoon Kwon', 'Jihoon Kwon', 'Ji‐Hoon Kwon', 'Kwon, Jihoon']",31,517,9,11,jihoon,kwon,k,jihoon kwon,A5101582307,j kwon
A5044990006,,Maham Tanveer,"['Maham Tanveer', 'Tanveer, Maham']",6,32,2,1,maham,tanveer,t,maham tanveer,A5044990006,m tanveer
A5092946721,https://orcid.org/0000-0002-8535-833X,Sean K.T. Gaiesky,"['Sean K. T. Gaiesky', 'Sean K.T. Gaiesky']",6,5,1,1,sean k.t.,gaiesky,g,sean k.t. gaiesky,A5092946721,s gaiesky
A5045465660,,Colin Mar,"['C Mar', 'C. Mar', 'Colin Mar', 'Colin R. Mar', 'Mar, Colin']",27,1257,11,13,colin,mar,m,colin mar,A5045465660,c mar
A5076569827,,Jane Pulkingham,"['J. Pulkingham', 'Jane Pulkingham']",33,403,12,1,jane,pulkingham,p,jane pulkingham,A5076569827,j pulkingham
A5011213382,https://orcid.org/0000-0002-8898-0466,Özge Nilay Yalçın,"['Cristina;Cristina Zaga;Zaga', 'Ozge Nilay Yalcin', 'Ozge Yalcin', 'Yalcin, Ozge', 'Yalcin, Ozge Nilay', 'Yalcin, \x7fOzge Nilay', 'Yalçın, Özge', 'Yalçın, Özge Nilay', 'Özge Nilay Yalçin', 'Özge Nilay Yalçın', 'Ӧzge Nilay Yalcin']",57,434,9,5,özge nilay,yalçın,y,özge nilay yalçın,A5011213382,ö yalçın
A5079449017,https://orcid.org/0000-0002-1325-7230,Nathan Worku,['Nathan Worku'],8,19,2,2,nathan,worku,w,nathan worku,A5079449017,n worku
A5031452464,https://orcid.org/0000-0001-8616-1910,Ryan McBride,"['McBride, Ryan', 'R. McBride', 'Ryan McBride', 'Ryan Mcbride']",121,10689,53,17,ryan,mcbride,m,ryan mcbride,A5031452464,r mcbride
A5001438629,https://orcid.org/0000-0002-9400-3151,Emily Salmon,"['Emily J. Salmon', 'Emily Salmon']",14,145,4,4,emily,salmon,s,emily salmon,A5001438629,e salmon
A5021092481,https://orcid.org/0000-0003-1426-689X,Monika Stachura,"['M Stachura', 'M. Stachura', 'Monika Stachura', 'Stachura, Monika', 'Stachura, Monika Kinga']",74,544,13,12,monika,stachura,s,monika stachura,A5021092481,m stachura
A5024011151,https://orcid.org/0000-0002-2306-9276,Paula Fortuna,"['Andrew Skuce', 'Fortuna, Paula', 'Fortuna, Paula Cristina Teixeira', 'P Fortuna', 'Paula Fortuna']",27,1723,11,7,paula,fortuna,f,paula fortuna,A5024011151,p fortuna
A5008344965,https://orcid.org/0000-0003-1206-2340,Allison M. Dennert,"['A.M. Dennert', 'Allison Dennert', 'Allison M. Dennert', 'Dennert, Allison']",11,45,4,4,allison m.,dennert,d,allison m. dennert,A5008344965,a dennert
A5019320412,https://orcid.org/0000-0002-2356-1690,Nattavut Suwanyangyuan,['Nattavut Suwanyangyuan'],12,111,7,3,nattavut,suwanyangyuan,s,nattavut suwanyangyuan,A5019320412,n suwanyangyuan
A5060158985,https://orcid.org/0000-0002-2972-8623,Gwenaëlle André,"['André, Gwenaëlle', 'F Pelluard', 'G Andre', 'G André', 'G. André', 'Gwenaelle Andre', 'Gwenaelle André', 'Gwenaëlle Andre', 'Gwenaëlle André', 'Gwénaëlle André']",45,643,11,12,gwenaëlle,andré,a,gwenaëlle andré,A5060158985,g andré
A5069496773,https://orcid.org/0000-0002-9424-9688,Kristen Walters,"['K.E. Walters', 'Kristen E. Walters', 'Kristen Walters']",7,12,2,2,kristen,walters,w,kristen walters,A5069496773,k walters
A5081784654,,Janine Hostettler Schärer,"['Hostettler Schärer, Janine', 'Janine Hostettler Scharer', 'Janine Hostettler Schärer']",13,46,4,2,janine hostettler,schärer,s,janine hostettler schärer,A5081784654,j schärer
A5023079216,https://orcid.org/0000-0002-5629-7910,Nikola Surjanovic,"['Nikola Surjanovic', 'Surjanovic, Nikola']",24,77,3,2,nikola,surjanovic,s,nikola surjanovic,A5023079216,n surjanovic
A5032658299,https://orcid.org/0009-0009-3353-3712,Yuhua Jin,"['Yu-Hua Jin', 'Yuhua JIN', 'Yuhua Jin']",20,306,10,8,yuhua,jin,j,yuhua jin,A5032658299,y jin
A5090156004,,Amgad Ahmed,"['Ahmed, Amgad', 'Amgad Ahmed', 'Amgad S. Ahmed']",7,11,2,2,amgad,ahmed,a,amgad ahmed,A5090156004,a ahmed
A5082865846,https://orcid.org/0000-0002-6043-4287,Raymond Ho,"['Ho, Raymond', 'R. Y. Ho', 'Raymond Ho', 'Raymond Y. Ho']",31,1096,10,15,raymond,ho,h,raymond ho,A5082865846,r ho
A5087085935,,Gemma R Hoad,"['Gemma Hoad', 'Gemma R Hoad', 'Gemma R. Hoad']",7,4797,7,5,gemma r,hoad,h,gemma r hoad,A5087085935,g hoad
A5037061536,,Matthew Schilling,"['M. Schilling', 'Matthew Schilling']",8,15,2,4,matthew,schilling,s,matthew schilling,A5037061536,m schilling
A5064368977,https://orcid.org/0000-0002-2810-7702,Armando Paulino Preciado Babb,"['A. Babb', 'A. Paulino Preciado Babb', 'Armando Paulino Preciado Babb', 'Armando Paulino Preciado-Babb', 'Armando Preciado Babb', 'Babb, Armando Paulino Preciado', 'Preciado Babb, Armando Paulino']",36,89,6,2,armando paulino preciado,babb,b,armando paulino preciado babb,A5064368977,a babb
A5002181964,https://orcid.org/0000-0002-5699-3529,Yunzhijun Yu,['Yunzhijun Yu'],14,60,3,8,yunzhijun,yu,y,yunzhijun yu,A5002181964,y yu
A5041320483,https://orcid.org/0000-0001-8945-513X,Russell J. de Souza,"['Jennifer Meidinger', 'R J de Souza', 'R de Souza', 'R. De Souza', 'R. J. De Souza', 'R. J. de Souza', 'R. de Souza', 'R.D. Souza', 'R.J. De Souza', 'R.J. de Souza', 'RUSSELL DE SOUZA', 'Russ de Souza', 'Russell D Souza', 'Russell De Souza', 'Russell J de Souza', 'Russell J de\xa0Souza', 'Russell J. De Souza', 'Russell J. de Souza', 'Russell de Souza', 'Russell\xa0J. de Souza', 'de Souza, Russell', 'de Souza, Russell J.']",404,19573,67,73,russell j. de,souza,s,russell j. de souza,A5041320483,r souza
A5077280461,https://orcid.org/0000-0002-7918-146X,Amirabbas Hadizade,['Amirabbas Hadizade'],7,54,4,2,amirabbas,hadizade,h,amirabbas hadizade,A5077280461,a hadizade
A5103728023,,Ian M. Kennedy,"['I M Kennedy', 'I. M. KENNEDY', 'I. M. Kennedy', 'I.M. Kennedy', 'IAN KENNEDY', 'IAN M. KENNEDY', 'IAN M. Kennedy', 'Ian Kennedy', 'Ian M Kennedy', 'Ian M. Kennedy', 'Kennedy, Ian', 'Kennedy, Ian M.']",249,8724,45,38,ian m.,kennedy,k,ian m. kennedy,A5103728023,i kennedy
A5002760032,,Neal R. Norrick,"['Don Nilsen', 'N.R. Norrick', 'NEAL R. NORRICK', 'Neal Norrick', 'Neal R Norrick', 'Neal R. NORRICK', 'Neal R. Norrick', 'Norrick, Neal R.']",142,6074,38,48,neal r.,norrick,n,neal r. norrick,A5002760032,n norrick
A5084098042,,Bret Shandro,"['Bret Shandro', 'Shandro, Bret']",14,79,3,1,bret,shandro,s,bret shandro,A5084098042,b shandro
A5047773602,,Benyamin Schwarz,"['B SCHWARZ', 'B Schwarz', 'B. Schwarz', 'Benyamin Schwarz']",82,406,11,5,benyamin,schwarz,s,benyamin schwarz,A5047773602,b schwarz
A5108370288,,Stephen Braham,"['Braham, S.', 'S. P. Braham', 'S.P. Braham', 'Stephen Braham', 'Stephen P. Braham']",33,147,8,6,stephen,braham,b,stephen braham,A5108370288,s braham
A5111159301,,ZeMing Gong,"['Gong, ZeMing', 'ZeMing Gong', 'Zeming Gong']",17,73,3,1,zeming,gong,g,zeming gong,A5111159301,z gong
A5101839638,https://orcid.org/0000-0002-5239-3235,Joseph M. Braun,"['Anzeige Von Gerhard', 'Braun J', 'Braun, J.', 'Braun, J.M.', 'Braun, Joseph', 'Braun, Joseph M', 'Braun, Joseph M.', 'J BRAUN', 'J Braun', 'J M Braun', 'J. BRAUN', 'J. Braun', 'J. M. Braun', 'J.M. Braun', 'Joseph  M. Braun', 'Joseph Braun', 'Joseph M Braun', 'Joseph M. Braun']",832,25202,80,88,joseph m.,braun,b,joseph m. braun,A5101839638,j braun
A5070925862,https://orcid.org/0000-0003-2340-8714,Cassandra Collins,"['C. Collins', 'Cassandra Collins']",14,414,10,7,cassandra,collins,c,cassandra collins,A5070925862,c collins
A5100625282,https://orcid.org/0000-0003-1869-6117,Jessica Li,"['Jessica L. Li', 'Jessica Li']",89,1681,17,44,jessica,li,l,jessica li,A5100625282,j li
A5100750005,https://orcid.org/0000-0003-3702-1078,Won-Chul Lee,"['Won-Chul Lee', 'Wonchul Lee']",56,1077,14,7,won-chul,lee,l,won-chul lee,A5100750005,w lee
A5101718511,,Paul Goldberg,"['Goldberg, P.', 'Goldberg, Paul', 'P. Goldberg', 'PAUL GOLDBERG', 'Paul Goldberg', 'Paul S. Goldberg']",253,11917,60,43,paul,goldberg,g,paul goldberg,A5101718511,p goldberg
A5012067602,https://orcid.org/0009-0005-7284-1612,G. Gary Wang,"['G. Gary Wang', 'Guancheng Wang', 'Guodong Wang', 'Wang, G. Gary']",95,2968,27,5,g. gary,wang,w,g. gary wang,A5012067602,g wang
A5100731879,https://orcid.org/0000-0001-6423-826X,Jie Wang,"['Caichen Luo', 'Jie Wang', 'WANG Jie', 'Wang Jie', 'Wang, Jie']",107,574,13,54,jie,wang,w,jie wang,A5100731879,j wang
A5065842172,,Jennesia Pedri,"['Jennesia Pedri', 'Pedri, Jennesia']",10,19,2,1,jennesia,pedri,p,jennesia pedri,A5065842172,j pedri
A5055939293,https://orcid.org/0000-0001-9792-539X,Paul Gill,"['Gill, Paul', 'P. S. Gill', 'P.S. Gill', 'PAUL S GILL', 'Paul Gill', 'Paul S Gill', 'Paul S. Gill', 'Paul\xa0S. Gill']",69,985,15,22,paul,gill,g,paul gill,A5055939293,p gill
A5031216243,,Muyun Li,"['Madeleine Li', 'Maoyuan Li', 'Mengdan Li', 'Muyun Li']",7,24,3,7,muyun,li,l,muyun li,A5031216243,m li
A5101651814,https://orcid.org/0000-0002-8515-429X,Nan Zhang,"['N. Zhang', 'Nan Zhang', 'Stanislav P. Kubrin', 'Zhang, N.', 'Zhang, Nan']",153,3386,28,31,nan,zhang,z,nan zhang,A5101651814,n zhang
A5011464526,https://orcid.org/0000-0003-2453-9951,Katherine B. Sims,"['K B Sims', 'K D Sims', 'K Sims', 'K. B. Sims', 'K. Sims', 'K.B. Sims', 'KATHERINE B. SIMS', 'Katherine B Sims', 'Katherine B. Sims', 'Katherine Bustin Sims', 'Katherine Sims', 'Katherine\xa0B. Sims', 'Sims, K']",159,12341,55,49,katherine b.,sims,s,katherine b. sims,A5011464526,k sims
A5061843952,https://orcid.org/0000-0002-9773-8030,A.M. Haiblen,"['A M Haiblen', 'A. Haiblen', 'A. M. Haiblen', 'A.M Haiblen', 'A.M. Haiblen', 'Anna M. Haiblen', 'Haiblen, Anna']",11,21,3,4,a.m.,haiblen,h,a.m. haiblen,A5061843952,a haiblen
A5077984987,https://orcid.org/0009-0002-1904-0830,Arturo Velasco,['Arturo Velasco'],7,4,1,2,arturo,velasco,v,arturo velasco,A5077984987,a velasco
A5089219951,https://orcid.org/0000-0003-0703-3967,David Andolfatto,"['Andolfatto, David', 'Andolfatto, David, Cornélius', 'D Andolfatto', 'Dave Andolfatto', 'David Andolfatto', 'Thornton', 'With Andolfatto, David']",147,2834,22,16,david,andolfatto,a,david andolfatto,A5089219951,d andolfatto
A5072579076,https://orcid.org/0000-0002-3934-026X,Asura Enkhbayar,"['Asura Enkhbayar', 'Enkhbayar, Asura']",41,301,7,4,asura,enkhbayar,e,asura enkhbayar,A5072579076,a enkhbayar
A5051354387,,Derrick OʼKeefe,"[""Derrick O'Keefe"", 'Derrick OʼKeefe']",10,58,3,1,derrick,oʼkeefe,o,derrick oʼkeefe,A5051354387,d oʼkeefe
A5084446589,,Jeffrey Ens,"['Ens, Jeff', 'Ens, Jeffrey', 'Jeffrey Ens', 'Jeffrey John Ens']",11,89,5,1,jeffrey,ens,e,jeffrey ens,A5084446589,j ens
A5053198715,,Mohammad Reza Mohammadzadeh,['Mohammad Reza Mohammadzadeh'],21,494,13,2,mohammad reza,mohammadzadeh,m,mohammad reza mohammadzadeh,A5053198715,m mohammadzadeh
A5014329725,https://orcid.org/0000-0003-3838-4954,Bahareh Nasrollahi,"['Bahareh Nasrollahi', 'Nasrollahi, Bahareh']",8,150,4,4,bahareh,nasrollahi,n,bahareh nasrollahi,A5014329725,b nasrollahi
A5087984351,https://orcid.org/0000-0003-0159-582X,Reka Pataky,"['Pataky, Reka', 'R Pataky', 'R. E. Pataky', 'R. Pataky', 'R.E. Pataky', 'Reka E. Pataky', 'Reka Pataky']",59,1224,18,17,reka,pataky,p,reka pataky,A5087984351,r pataky
A5011827489,,Sebastian H. Eberhardt,"['Eberhardt, Sebastian H.', 'S. H. Eberhardt', 'Sebastian Eberhardt', 'Sebastian H Eberhardt', 'Sebastian H. Eberhardt']",23,392,8,4,sebastian h.,eberhardt,e,sebastian h. eberhardt,A5011827489,s eberhardt
A5084640796,https://orcid.org/0000-0003-1897-7568,Marlene M. Moretti,"['M Moretti', 'M. M. Moretti', 'M.M. MORETTI', 'M.M. Moretti', 'MARLENE MORETTI', 'Marlene M Moretti', 'Marlene M. Moretti', 'Marlene Moretti', 'MarleneM. Moretti', 'Mm Moretti', 'Moretti, Marlene M.']",132,4910,38,9,marlene m.,moretti,m,marlene m. moretti,A5084640796,m moretti
A5108048083,https://orcid.org/0000-0002-0050-1193,Lun Li,['Lun Li'],18,80,4,5,lun,li,l,lun li,A5108048083,l li
A5076523933,https://orcid.org/0000-0002-3544-9225,David G. M. Mitchell,"['D G Mitchell', 'D Mitchell', 'D. G. M. Mitchell', 'D. G. Mitchell', 'D. MITCHELL', 'D. Mitchell', 'D.G. Mitchell', 'D.G.M. Mitchell', 'DAVID MITCHELL', 'David G. M. Mitchell', 'David G. Mitchell', 'David G.M. Mitchell', 'David Mitchell', 'Mitchell, D.', 'Mitchell, David', 'Mitchell, David G', 'Mitchell, David G.', 'Mitchell, David G. M.', 'Mitchell, David. G. M.']",323,5915,32,28,david g. m.,mitchell,m,david g. m. mitchell,A5076523933,d mitchell
A5048613665,https://orcid.org/0000-0001-9638-8035,Jaime M. Chalissery,"['Chalissery, Jaime', 'Jaime M. Chalissery']",8,56,5,2,jaime m.,chalissery,c,jaime m. chalissery,A5048613665,j chalissery
A5035823220,https://orcid.org/0000-0003-3328-7135,Hui Xie,"['H Xie', 'H. Xie', 'H.W Xie', 'HUI XIE', 'Hui W. Xie', 'Hui Wen Xie', 'Hui Xie', 'Huihua Xie', 'Xie, Hui', 'Xui Xie', 'huijuan Xie']",358,4704,34,107,hui,xie,x,hui xie,A5035823220,h xie
A5046399128,https://orcid.org/0000-0002-9234-0605,Philipp Eibl,"['Eibl, Philipp', 'P. Eibl', 'Philipp Eibl']",20,41,4,6,philipp,eibl,e,philipp eibl,A5046399128,p eibl
A5052061612,,Eileen Davidson,"['Eileen Davidson', 'Eileen M. Davidson']",34,349,10,12,eileen,davidson,d,eileen davidson,A5052061612,e davidson
A5077320906,https://orcid.org/0000-0002-4213-3499,Nicholas M. Tran,"['Nicholas   Tran', 'Nicholas  M. Tran', 'Nicholas M Tran', 'Nicholas M. Tran', 'Nicholas Tran', 'Tran, Nicholas', 'Tran, Nicholas Minh Abell']",72,3716,18,12,nicholas m.,tran,t,nicholas m. tran,A5077320906,n tran
A5080317693,https://orcid.org/0000-0002-2949-0176,Paalini Sathiyaseelan,"['Paalini Sathiyaseelan', 'Sathiyaseelan, Paalini']",9,107,5,3,paalini,sathiyaseelan,s,paalini sathiyaseelan,A5080317693,p sathiyaseelan
A5029110065,https://orcid.org/0000-0001-7425-8029,Ludvig af Klinteberg,"['Klinteberg, Ludvig Af', 'Klinteberg, Ludvig af', 'Ludvig Af Klinteberg', 'Ludvig af Klinteberg', 'af Klinteberg, Ludvig']",27,259,10,5,ludvig af,klinteberg,k,ludvig af klinteberg,A5029110065,l klinteberg
A5017203028,https://orcid.org/0000-0002-1665-0759,Mahsa Keikha,"['Keikha, Mahsa', 'Mahsa Keikha']",10,5,1,3,mahsa,keikha,k,mahsa keikha,A5017203028,m keikha
A5069789969,https://orcid.org/0000-0002-3533-2385,Johannes Merz,"['Johannes Merz', 'Merz, Johannes']",23,196,8,3,johannes,merz,m,johannes merz,A5069789969,j merz
A5020559544,https://orcid.org/0000-0001-8390-6948,Mo Chen,"['Chen Mo', 'Chen, Mo', 'Mo Chen']",41,403,10,14,mo,chen,c,mo chen,A5020559544,m chen
A5017511307,https://orcid.org/0000-0003-1972-2268,Marjaana Puurtinen,"['Marjaana Puurtinen', 'Puurtinen, Marjaana']",22,193,7,8,marjaana,puurtinen,p,marjaana puurtinen,A5017511307,m puurtinen
A5048348264,https://orcid.org/0000-0002-4564-6011,Subrata Mandal,"['Mandal, Subrata', 'Subrata Kumar Mandal', 'Subrata Mandal']",24,58,5,5,subrata,mandal,m,subrata mandal,A5048348264,s mandal
A5052543660,https://orcid.org/0000-0003-4480-7984,Ali Gholami,"['A. Gholami', 'Ali Gholami', 'Ali Haji Gholami', 'Gholami, Ali']",32,190,8,6,ali,gholami,g,ali gholami,A5052543660,a gholami
A5073635722,https://orcid.org/0000-0003-0719-8614,Maitland W. Waddell,"['Maitland W. Waddell', 'Maitland William Waddell', 'Waddell, Maitland']",6,3,1,1,maitland w.,waddell,w,maitland w. waddell,A5073635722,m waddell
A5084937819,https://orcid.org/0000-0002-0006-0340,J. Michael Farrell,"['Farrell, Jake', 'J Michael Farrell', 'J. Michael Farrell', 'Jack Farrell', 'Jordan Farrell']",23,119,3,2,j. michael,farrell,f,j. michael farrell,A5084937819,j farrell
A5002845965,https://orcid.org/0000-0001-7254-2456,Habib Daneshpajouh,"['Daneshpajouh, Habib', 'Habib Daneshpajouh']",14,31,4,5,habib,daneshpajouh,d,habib daneshpajouh,A5002845965,h daneshpajouh
A5017923730,https://orcid.org/0000-0001-5880-7518,C. Fruck,"['C Fruck', 'C. FRUCK', 'C. Fruck', 'Christian Fruck', 'Fruck, C.', 'Fruck, Christian', 'Miranda, J. M.']",235,8984,48,51,c.,fruck,f,c. fruck,A5017923730,c fruck
A5067717492,https://orcid.org/0000-0001-6819-8699,B. Jesse Shapiro,"['B J Shapiro', 'B Jesse Shapiro', 'B SHAPIRO', 'B.  Jesse Shapiro', 'B. J. Shapiro', 'B. Jesse Shapiro', 'B. Shapiro', 'B.J. Shapiro', 'B.\xa0Jesse Shapiro', 'F Qadri', 'J Guglielmo', 'Jesse Shapiro', 'Shapiro BJ', 'Shapiro, B. Jesse', 'Shapiro, Jesse', 'Б. Шапиро']",215,7495,37,25,b. jesse,shapiro,s,b. jesse shapiro,A5067717492,b shapiro
A5041723376,https://orcid.org/0009-0008-9403-1567,Weilian Song,"['Song, Weilian', 'Weilian Song', 'Weixuan Song']",11,45,3,3,weilian,song,s,weilian song,A5041723376,w song
A5055555263,,Bonnie Corradetti,"['B. Corradetti', 'Bonnie Corradetti']",10,105,4,7,bonnie,corradetti,c,bonnie corradetti,A5055555263,b corradetti
A5016082339,https://orcid.org/0000-0003-2516-1620,Stephen Chastain,"['Chastain, Stephen', 'Stephen Chastain', 'Stephen G. Chastain']",18,865,7,1,stephen,chastain,c,stephen chastain,A5016082339,s chastain
A5046777734,https://orcid.org/0000-0002-4734-4295,Maani Ghaffari,"['Ghaffari Jadidi, M', 'Ghaffari, Maani', 'Maani Ghaffari', 'Maani Ghaffari Jadidi']",153,1034,14,7,maani,ghaffari,g,maani ghaffari,A5046777734,m ghaffari
A5026664609,,Kangxue Yin,"['Kangxue Yin', 'Yin, Kangxue']",37,1586,16,4,kangxue,yin,y,kangxue yin,A5026664609,k yin
A5023113826,https://orcid.org/0000-0003-0784-8162,Nancy Clark,"['Clark, Nancy', 'Clark, Nancy R.', 'N Clark', 'N. Clark', 'NANCY CLARK', 'Nancy Clark', 'Nancy Ripp Clark']",72,727,15,13,nancy,clark,c,nancy clark,A5023113826,n clark
A5005491943,https://orcid.org/0000-0003-2050-847X,Frédéric Pio,"['F Pio', 'F. Pio', 'Frederic F Pio', 'Frederic Pio', 'Frederick Pio', 'Fredric Pio', 'Frédéric Pio']",48,1801,18,10,frédéric,pio,p,frédéric pio,A5005491943,f pio
A5032465711,,Regiane Garcia,"['Garcia, Regiane', 'Garcia, Regiane Alves', 'Regiane A. Garcia', 'Regiane Alves Garcia', 'Regiane Garcia']",16,52,5,7,regiane,garcia,g,regiane garcia,A5032465711,r garcia
A5005330408,,Alicia Massie,['Alicia Massie'],11,16,2,3,alicia,massie,m,alicia massie,A5005330408,a massie
A5081565503,https://orcid.org/0000-0003-1351-4927,Tiana Gaudette,['Tiana Gaudette'],20,413,6,2,tiana,gaudette,g,tiana gaudette,A5081565503,t gaudette
A5100985816,,Qiqi Peng,"['QiQi Peng', 'Qiqi Peng']",25,354,9,21,qiqi,peng,p,qiqi peng,A5100985816,q peng
A5042319662,https://orcid.org/0000-0002-7276-1832,Alysha McFadden,['Alysha McFadden'],9,84,4,7,alysha,mcfadden,m,alysha mcfadden,A5042319662,a mcfadden
A5023421001,https://orcid.org/0000-0002-2634-4448,Alan Fang,"['A. C. Fang', 'A. C. Y. Fang', 'A. Fang', 'Alan C. Fang', 'Alan Fang', 'Fang, A.', 'Fang, A. C. Y.', 'Fang, A.C.Y.', 'Fang, Alan']",49,1206,12,9,alan,fang,f,alan fang,A5023421001,a fang
A5005020146,,Nadya A. Calderón,"['Nadya A. Calderon', 'Nadya A. Calderón', 'Nadya Calderon']",8,107,6,3,nadya a.,calderón,c,nadya a. calderón,A5005020146,n calderón
A5030682589,https://orcid.org/0000-0001-7674-3685,Steve Thompson,"['S Thompson', 'S W Thompson', 'S. Thompson', 'S. W. N. Thompson', 'S. W. Thompson', 'S. W.N. Thompson', 'S.W. Thompson', 'S.W.N. THOMPSON', 'S.W.N. Thompson', 'STEPHEN W. THOMPSON', 'Stephen Thompson', 'Stephen W. N. Thompson', 'Stephen W. Thompson', 'Stephen W.N Thompson', 'Stephen W.N. Thompson', 'Steve Thompson', 'Steve W Thompson', 'Steve W. Thompson', 'Thompson, Stephen William', 'Thompson, Steve']",112,8358,39,24,steve,thompson,t,steve thompson,A5030682589,s thompson
A5102955657,https://orcid.org/0000-0001-6416-8476,Christopher L. Gardner,"['C Gardner', 'C. Gardner', 'C. L. GARDNER', 'C. L. Gardner', 'C.L. Gardner', 'Christopher Gardner', 'Christopher L Gardner', 'Christopher L. Gardner', 'Gardner, Christopher L.', 'Gardner, Christopher Leonard']",57,671,14,6,christopher l.,gardner,g,christopher l. gardner,A5102955657,c gardner
A5076084094,https://orcid.org/0000-0002-8772-5770,Saeed Ranjbar Alvar,"['Alvar, Saeed R.', 'Alvar, Saeed Ranjbar', 'Ranjbar Alvar, Saeed', 'Saeed Ranjbar Alvar']",37,205,8,4,saeed ranjbar,alvar,a,saeed ranjbar alvar,A5076084094,s alvar
A5016386620,,Adam Warner,"['A. WARNER', 'Adam D. Warner', 'Adam Warner', 'Warner, Adam Dennis']",15,999,8,8,adam,warner,w,adam warner,A5016386620,a warner
A5043317618,,Savannah Gerrish,"['Gerrish, Savannah', 'Savannah Gerrish']",15,152,5,3,savannah,gerrish,g,savannah gerrish,A5043317618,s gerrish
A5076107902,,Christine Wallsworth,['Christine Wallsworth'],28,882,9,7,christine,wallsworth,w,christine wallsworth,A5076107902,c wallsworth
A5045930158,,Natalia Gajdamaschko,"['Gajdamaschko, Natalia', 'N. Gajdamaschko', 'Natalia Gajdamaschko', 'Natalia Gajdamaschko *']",19,248,7,3,natalia,gajdamaschko,g,natalia gajdamaschko,A5045930158,n gajdamaschko
A5022932578,https://orcid.org/0000-0001-9873-5870,Anandharaju Durai Raju,"['Anandharaju Durai Raju', 'Raju, Anandharaju Durai']",10,75,2,1,anandharaju durai,raju,r,anandharaju durai raju,A5022932578,a raju
A5058799460,https://orcid.org/0000-0002-3530-0076,S.V. Mahmoodi-Jezeh,"['S. V. Mahmoodi-Jezeh', 'S.V. Mahmoodi-Jezeh', 'Seyyed V. Mahmoodi-Jezeh']",8,127,6,2,s.v.,mahmoodi-jezeh,m,s.v. mahmoodi-jezeh,A5058799460,s mahmoodi-jezeh
A5021880096,,Sajay Sadasivan,"['S Sadasivan', 'S. Sadasivan', 'Sajay Sadasivan']",20,171,6,4,sajay,sadasivan,s,sajay sadasivan,A5021880096,s sadasivan
A5070069241,https://orcid.org/0000-0001-6059-4857,Matthew P. Abrams,"['M Abrams', 'M. Abrams', 'Mathew Abrams', 'Matthew Abrams', 'Matthew P Abrams', 'Matthew P. Abrams', 'Matthew Phillip Abrams']",46,608,14,15,matthew p.,abrams,a,matthew p. abrams,A5070069241,m abrams
A5076810167,,Sepidehsadat Hosseini,"['Hosseini, Sepidehsadat', 'Sepidehsadat Hosseini']",11,288,6,2,sepidehsadat,hosseini,h,sepidehsadat hosseini,A5076810167,s hosseini
A5053390823,https://orcid.org/0000-0002-3989-0464,Victoria Rose,"['Rose, Victoria', 'Victoria E. Rose', 'Victoria Rose']",10,65,4,5,victoria,rose,r,victoria rose,A5053390823,v rose
A5083939333,,Hadi Esmaeilsabzali,"['H. Esmaeilsabzali', 'Hadi Esmaeilsabzali']",16,317,8,3,hadi,esmaeilsabzali,e,hadi esmaeilsabzali,A5083939333,h esmaeilsabzali
A5014242264,https://orcid.org/0000-0002-2962-0364,Rita McCracken,"['McCracken, Rita Katherine', 'R McCracken', 'R. McCracken', 'R. Mccracken', 'Rita K McCracken', 'Rita K. McCracken', 'Rita McCracken']",111,836,17,23,rita,mccracken,m,rita mccracken,A5014242264,r mccracken
A5072503845,https://orcid.org/0000-0003-4860-5124,Xiaoheng Yan,"['Kitty Yan', 'Xiaoeheng Yan', 'Xiaoheng (Kitty) Yan', 'Xiaoheng Kitty Yan', 'Xiaoheng Yan']",23,83,4,7,xiaoheng,yan,y,xiaoheng yan,A5072503845,x yan
A5114224866,,Nuwan Dewapriya,"['Dewapriya, Nuwan', 'Nuwan Dewapriya']",7,0,0,2,nuwan,dewapriya,d,nuwan dewapriya,A5114224866,n dewapriya
A5110286108,,Sandra Allison,"['S Allison', 'S.F. Allison', 'Sandra Allison']",35,451,10,9,sandra,allison,a,sandra allison,A5110286108,s allison
A5114119193,,Sogol Haji Hosseini,['Sogol Haji Hosseini'],12,23,3,1,sogol haji,hosseini,h,sogol haji hosseini,A5114119193,s hosseini
A5032810944,,Nils J. Lambacher,"['Lambacher, Nils', 'N Lambacher', 'Nils J Lambacher', 'Nils J. Lambacher', 'Nils Lambacher']",14,684,9,8,nils j.,lambacher,l,nils j. lambacher,A5032810944,n lambacher
A5086373411,https://orcid.org/0000-0002-5481-5833,Ashraf Labib,"['A Labib', 'A W Labib', 'A. Labib', 'A. W. Labib', 'A. W. Labib *', 'A.W. Labib', 'Ashraf Labib', 'Ashraf W. Labib', 'Ashraf Wasfi Labib', 'Labib, A.', 'Labib, A.W.', 'Labib, Ashraf', 'ashraf labib']",213,6557,37,14,ashraf,labib,l,ashraf labib,A5086373411,a labib
A5103326748,https://orcid.org/0000-0001-8829-9817,Arifa Akram,"['A Akram', 'A. Akram', 'A.. Akram', 'Akram, A.', 'Akram, Arifa', 'Arifa Akram', 'Asfa Akram']",129,1182,17,40,arifa,akram,a,arifa akram,A5103326748,a akram
A5008613377,https://orcid.org/0000-0001-8157-8952,Sahar Mohsenzadeh Karimi,"['Sahar Mohsenzadeh Karim', 'Sahar Mohsenzadeh Karimi']",15,311,8,4,sahar mohsenzadeh,karimi,k,sahar mohsenzadeh karimi,A5008613377,s karimi
A5006348785,https://orcid.org/0009-0005-8831-3646,Hannah Watkins,"['H. Watkins', 'H.Y. Watkins', 'Hannah Watkins', 'Hannah Yuh Watkins', 'Watkins, Hannah']",41,1035,13,7,hannah,watkins,w,hannah watkins,A5006348785,h watkins
A5101639283,https://orcid.org/0009-0003-9178-4612,Qingxin Zhang,"['Qing-Xin Zhang', 'Qingxin Zhang', 'Zhang Qing-xin', 'Zhang, Qingxin']",168,1803,24,41,qingxin,zhang,z,qingxin zhang,A5101639283,q zhang
A5066969715,,Scott Bernard,"['Scott A. Bernard', 'Scott Bernard']",12,120,4,5,scott,bernard,b,scott bernard,A5066969715,s bernard
A5058325198,https://orcid.org/0000-0002-7756-5005,Fatemeh Torabi Asr,"['Asr, Fatemeh Torabi', 'F.T. Asr', 'Fatemeh Asr', 'Fatemeh Torabi Asr', 'Torabi Asr, Fatemeh']",27,569,11,4,fatemeh torabi,asr,a,fatemeh torabi asr,A5058325198,f asr
A5046962992,https://orcid.org/0000-0002-9742-9481,Matthias Stürm,"['D Schober', 'M Strm', 'M Sturm', 'M. Sturm', 'MATTHIAS STURM', 'Matthias Sturm', 'Matthias Stürm', 'Sturm, Matthias']",86,431,11,19,matthias,stürm,s,matthias stürm,A5046962992,m stürm
A5025636116,https://orcid.org/0000-0003-2269-283X,Ana Laura G. Biancolli,"['Ana L. G. Biancolli', 'Ana L.G. Biancolli', 'Ana Laura G. Biancolli', 'Ana Laura Gonçalves Biancolli', 'Biancolli, Ana Laura Gonçalves']",28,381,10,8,ana laura g.,biancolli,b,ana laura g. biancolli,A5025636116,a biancolli
A5029100601,,Karen Tanenbaum,['Karen Tanenbaum'],43,1171,16,4,karen,tanenbaum,t,karen tanenbaum,A5029100601,k tanenbaum
A5100671306,https://orcid.org/0000-0001-5567-510X,Xinru Li,"['Li Xinru', 'Li, Xinru', 'XINRU LI', 'Xin-Ru Li', 'XinRu Li', 'Xinru Li', 'Xinru Li (297844)']",58,452,12,25,xinru,li,l,xinru li,A5100671306,x li
A5050786677,,Keelan Watkins,"['K. P. Watkins', 'Keelan P. Watkins', 'Keelan Watkins', 'Watkins, Keelan']",6,77,3,1,keelan,watkins,w,keelan watkins,A5050786677,k watkins
A5043506419,https://orcid.org/0000-0002-5664-2059,Emma S. Garlock,"['Emma Garlock', 'Emma S Garlock', 'Emma S. Garlock', 'Garlock, Emma']",11,585,3,2,emma s.,garlock,g,emma s. garlock,A5043506419,e garlock
A5100621255,https://orcid.org/0000-0001-5209-4908,Yong‐Hoon Kim,"['Kim, Yong Hoon', 'Kim, Yong-Hoon', 'Y.-H. Kim', 'YONG-HOON KIM', 'Yong Hoon Kim', 'Yong-Hoon KIM', 'Yong-Hoon Kim', 'YongHoon Kim', 'Yonghoon KIM', 'Yonghoon Kim', 'Yong‐Hoon Kim']",491,8526,51,71,yong‐hoon,kim,k,yong‐hoon kim,A5100621255,y kim
A5049173948,https://orcid.org/0000-0002-5407-6823,Summer Marion,"['Marion, Summer', 'Summer Marion']",12,252,6,8,summer,marion,m,summer marion,A5049173948,s marion
A5088808353,https://orcid.org/0000-0002-3613-0662,Sander Nederveen,"['Nederveen, Sander', 'Sander Nederveen']",6,18,2,2,sander,nederveen,n,sander nederveen,A5088808353,s nederveen
A5004176790,,Lutz Kilian,"['John Keynes', 'Kilian Lutz', 'Kilian, Lutz', 'Killian, Lutz', 'L Kilian', 'LUTZ KILIAN', 'Lutz Kilian', 'Michael D. Plante']",387,28143,75,44,lutz,kilian,k,lutz kilian,A5004176790,l kilian
A5056588732,https://orcid.org/0000-0002-9941-876X,George Medvedev,"['G Medvedev', 'G. Medvedev', 'George Medvedev', 'Medvedev, George']",64,1073,12,11,george,medvedev,m,george medvedev,A5056588732,g medvedev
A5025492673,https://orcid.org/0000-0002-0548-891X,Madeline Iseminger,"['M. Iseminger', 'Madeline Iseminger']",7,6,1,3,madeline,iseminger,i,madeline iseminger,A5025492673,m iseminger
A5103543042,,David J. Prime,"['D. J. Prime', 'David J. Prime', 'Prime, David J.']",20,910,14,6,david j.,prime,p,david j. prime,A5103543042,d prime
A5053121606,https://orcid.org/0009-0003-0587-9296,Natalie Beck,"['N E Beck', 'Natalie Beck']",7,69,3,3,natalie,beck,b,natalie beck,A5053121606,n beck
A5103590183,,Erica Smith,['Erica Smith'],9,318,5,2,erica,smith,s,erica smith,A5103590183,e smith
A5040890155,https://orcid.org/0000-0002-7109-4601,Shabnam Massah,"['S. Massah', 'Shabnam Massah']",40,270,8,5,shabnam,massah,m,shabnam massah,A5040890155,s massah
A5072433116,https://orcid.org/0000-0003-4186-5521,Diana L. Lefebvre,"['D L Lefebvre', 'D Lefebvre', 'D. L. Lefebvre', 'D.L. Lefebvre', 'D.\xa0L. Lefebvre', 'DIANA LEFÉBVRE', 'Diana L Lefebvre', 'Diana L. LEFEBVRE', 'Diana L. Lefebvre', 'Diana Lefebvre', 'Diana\xa0L. Lefebvre']",119,7802,44,23,diana l.,lefebvre,l,diana l. lefebvre,A5072433116,d lefebvre
A5008437652,,Gary Teeple,"['G. Teeple', 'Gary Teeple']",73,2088,11,1,gary,teeple,t,gary teeple,A5008437652,g teeple
A5024744199,https://orcid.org/0000-0002-6237-5102,Timothy van den Brink,"['Timothy van Den Brink', 'Timothy van den Brink', 'Timothy van\xa0den\xa0Brink', 'van den Brink, Timothy']",16,5,1,3,timothy van den,brink,b,timothy van den brink,A5024744199,t brink
A5088139178,,M. Ticu,"['M. Ticu', 'Ticu, M.']",6,74,4,2,m.,ticu,t,m. ticu,A5088139178,m ticu
A5075886691,https://orcid.org/0000-0003-4368-0045,Karen A. Grépin,"['Grepin, Karen', 'Grepin, Karen Ann', 'Grépin, Karen', 'Grépin, Karen Ann', 'K. A. Grepin', 'Karen A Grépin', 'Karen A. Grépin', 'Karen Ann Grépin', 'Karen Grepin', 'Karen Grpin', 'Karen Grépin']",158,4371,36,22,karen a.,grépin,g,karen a. grépin,A5075886691,k grépin
A5009177807,https://orcid.org/0000-0002-1464-2317,Jim Williams,"['Christopher Hunter', 'J . Francis Williams', 'J F A Williams', 'J F Williams', 'J W Williams', 'J WILLIAMS', 'J Williams', 'J. F. A. Williams', 'J. F. WILLIAMS', 'J. F. Williams', 'J. W. Williams', 'J. Williams', 'J.F Williams', 'J.F. Williams', 'J.F.A. Williams', 'JAMES F. WILLIAMS', 'JF Williams', 'Jamelle Williams', 'James F Williams', 'James F Williams  Ii', 'James F. Williams', 'James Francis Williams', 'James W. Williams', 'James Williams', 'Jane Williams', 'Jasmine M. Williams', 'Jennifer L. Williams', 'Jennifer Williams', 'Jf Williams', 'Jim F Williams', 'Jim F. Williams', 'Jim Williams', 'Jim Williams (Ngäi Tahu)', 'John R Williams', 'John Williams', 'Jonathan Williams', 'Joshua T B Williams', 'Joshua T. B. Williams', 'Justin Williams', 'Williams, J. F.', 'Williams, J.F.', 'Williams, JF', 'Williams, James Francis', 'Williams, James; id_orcid 0000-0002-1464-2317', 'Williams, Janet', 'Williams, Jennifer', 'Williams, Jhacolby Dionte', 'Williams, Jim', 'Williams, Jonathan Peter', 'Williams, Jr., Morgan C.', 'Williams, Judy']",825,14394,61,139,jim,williams,w,jim williams,A5009177807,j williams
A5087593050,,Jeff Derksen,"['Derksen, Jeff', 'J. J. V. M. DERKSEN', 'Jeff Derksen']",36,21,2,3,jeff,derksen,d,jeff derksen,A5087593050,j derksen
A5100357241,https://orcid.org/0000-0001-7731-4081,Dongwoo Kim,"['Dong-Woo Kim', 'Dong-woo Kim', 'DongWoo Kim', 'Dongwoo Kim', 'Kim, Dongwoo', '김동우']",78,781,14,16,dongwoo,kim,k,dongwoo kim,A5100357241,d kim
A5064922870,https://orcid.org/0000-0003-0506-7936,C. Andrew Basham,"['Basham, C.', 'Basham, Christopher', 'Basham, Christopher Andrew', 'C Andrew Basham', 'C. A. Basham', 'C. Andrew Basham', 'C.A. Basham', 'C.Andrew Basham', 'Christopher A. Basham', 'Christopher Andrew Basham', 'Christopher Basham']",62,773,12,12,c. andrew,basham,b,c. andrew basham,A5064922870,c basham
A5032352229,https://orcid.org/0000-0003-0515-9267,Hossein Sharifi-Noghabi,"['Hossein Sharifi-Noghabi', 'Sharifi-Noghabi, Hossein']",16,622,7,3,hossein,sharifi-noghabi,s,hossein sharifi-noghabi,A5032352229,h sharifi-noghabi
A5010639686,https://orcid.org/0000-0002-3170-6845,Da-Yuan Huang,"['D Y Huang', 'D. Huang', 'D.-Y. Huang', 'Da-Yuan Huang', 'HUANG, DENG-YUAN', 'Huang,Deng-Yuan']",66,1131,21,13,da-yuan,huang,h,da-yuan huang,A5010639686,d huang
A5021944187,,D. Yung,"['D. Yung', 'Donna Yung', 'Yung, Donna']",40,343,4,1,d.,yung,y,d. yung,A5021944187,d yung
A5010624504,,Joanna Thornborrow,"['J. Thornborrow', 'JOANNA THORNBORROW', 'Joanna Thornborrow', 'Thornborrow, Joanna', 'Thornborrow, Joanna 1957-']",121,2429,26,50,joanna,thornborrow,t,joanna thornborrow,A5010624504,j thornborrow
A5066577175,https://orcid.org/0000-0001-5411-1329,Lianne I. Willems,"['L.I. Willems', 'Lianne I Willems', 'Lianne I. Willems', 'Lianne Irene Willems', 'Lianne Willems', 'Lianne\xa0I. Willems']",54,2102,23,16,lianne i.,willems,w,lianne i. willems,A5066577175,l willems
A5103164647,https://orcid.org/0000-0002-6193-6916,F. Retière,"['F Retiere', 'F Retière', 'F. Retiere', 'F. Retière', 'Fabrice RETIERE', 'Fabrice Retiere', 'Fabrice Retière', 'Retiere, F.', 'Retiere, Fabrice', 'Retière, F.', 'Retière, Fabrice', 'William Hunter']",125,2535,24,16,f.,retière,r,f. retière,A5103164647,f retière
A5015384117,,Tiffany Wun,"['Tiffany Wun', 'Wun, Tiffany']",13,161,7,2,tiffany,wun,w,tiffany wun,A5015384117,t wun
A5109484292,,Michael Howlett,['Michael Howlett'],18,282,3,2,michael,howlett,h,michael howlett,A5109484292,m howlett
A5058734755,https://orcid.org/0000-0001-5162-4743,Lanna E.B. Lucchetti,"['L. E. B. Lucchetti', 'Lanna E. B. Lucchetti', 'Lanna E.B. Lucchetti', 'Lanna Lucchetti', 'Lucchetti, Lanna E. B.']",17,243,9,3,lanna e.b.,lucchetti,l,lanna e.b. lucchetti,A5058734755,l lucchetti
A5027304911,https://orcid.org/0000-0003-0966-4332,Calum MacRury,"['Calum MacRury', 'Calum Macrury', 'MacRury, Calum']",46,89,4,11,calum,macrury,m,calum macrury,A5027304911,c macrury
A5100340810,https://orcid.org/0000-0001-6031-0076,David Green,"['Alan Trimble', 'D S Green', 'D. S. Green', 'David Green', 'David S Green', 'David S. Green', 'David\xa0A. Green', 'Green, David', 'Green, David (Lepidopterist)', 'Green, David A', 'Green, David S', 'Green, David S.']",156,2862,22,37,david,green,g,david green,A5100340810,d green
A5090458959,https://orcid.org/0000-0002-7543-9769,Lorenza Mondada,"['L. Mondada', 'LORENZA MONDADA', 'Lorenza MONDADA', 'Lorenza Mondada', 'Lorenza Mondada,', 'Mondada, Lorenza', 'Mondada, Lorenza 1963-']",510,14033,57,80,lorenza,mondada,m,lorenza mondada,A5090458959,l mondada
A5052592815,,Kavana Ramesh,"['K. Ramesh', 'Kavana Ramesh']",6,7,2,2,kavana,ramesh,r,kavana ramesh,A5052592815,k ramesh
A5072481614,https://orcid.org/0000-0002-9519-7824,Louis Favril,"['Favril, Louis', 'L Favril', 'L. Favril', 'Louis Favril']",89,1512,16,5,louis,favril,f,louis favril,A5072481614,l favril
A5069456666,,Emily M. Livingston,"['Emily Livingston', 'Emily M. Livingston']",7,322,5,2,emily m.,livingston,l,emily m. livingston,A5069456666,e livingston
A5072209095,https://orcid.org/0000-0002-3710-8424,Elisa Stone,"['E M Stone', 'E. Stone', 'Elisa M Stone', 'Elisa M. Stone', 'Elisa Stone']",25,1127,8,9,elisa,stone,s,elisa stone,A5072209095,e stone
A5050542412,,Alma Krilic,['Alma Krilic'],6,3,1,3,alma,krilic,k,alma krilic,A5050542412,a krilic
A5092079942,https://orcid.org/0009-0006-4181-5945,Kiara R. Kattler,"['Kattler, Kiara R', 'Kattler, Kiara R.', 'Kiara Kattler', 'Kiara R Kattler', 'Kiara R. Kattler']",14,13,1,2,kiara r.,kattler,k,kiara r. kattler,A5092079942,k kattler
A5071198716,https://orcid.org/0000-0003-3543-5568,Marlene A. Wagner,"['M Wagner', 'Marlene A. Wagner', 'Marlene Wagner', 'Wagner, Marlene']",8,66,3,4,marlene a.,wagner,w,marlene a. wagner,A5071198716,m wagner
A5094126534,https://orcid.org/0009-0005-7378-3733,Kiera Tsakonas,"['Kiera Tsakonas', 'Tsakonas, Kiera']",6,27,3,1,kiera,tsakonas,t,kiera tsakonas,A5094126534,k tsakonas
A5103007812,https://orcid.org/0000-0003-2369-7077,Jong-In Lee,['Jong-In Lee'],42,332,7,8,jong-in,lee,l,jong-in lee,A5103007812,j lee
A5045948472,https://orcid.org/0000-0003-2110-9075,Xubo Lyu,"['Lyu, Xubo', 'Xubo Lyu']",13,10,2,2,xubo,lyu,l,xubo lyu,A5045948472,x lyu
A5108051022,https://orcid.org/0000-0003-2277-5934,Jun Jiang,"['J. Jiang', 'Jiang, Jun', 'Jun Jiang', 'Jun Zhi Jiang']",39,212,9,21,jun,jiang,j,jun jiang,A5108051022,j jiang
A5018993363,,Lionel Kearns,"['Kearns, Lionel John', 'Lionel Kearns']",17,20,1,3,lionel,kearns,k,lionel kearns,A5018993363,l kearns
A5048880434,https://orcid.org/0000-0003-4485-8511,Alpha Forna,"['A. Forna', 'Aaron Morris', 'Alpha Forna', 'Forna, Alpha']",12,253,6,7,alpha,forna,f,alpha forna,A5048880434,a forna
A5078799785,https://orcid.org/0000-0002-7646-7024,Michael Pin-Chuan Lin,"['Michael P. C. Lin', 'Michael Pin-Chuan Lin', 'Pin-Chuan Lin']",35,609,10,5,michael pin-chuan,lin,l,michael pin-chuan lin,A5078799785,m lin
A5071936861,https://orcid.org/0000-0002-7256-082X,Cheng Xu,"['Cheng Long Xu', 'Cheng XU', 'Cheng Xu', 'Xu, Cheng']",70,1157,16,13,cheng,xu,x,cheng xu,A5071936861,c xu
A5081580336,https://orcid.org/0000-0002-7574-8342,David H. Bailey,"['Bailey, David', 'Bailey, David H', 'Bailey, David H.', 'Bailey, David H. 1948-', 'Bailey, David H.; Borwein, Jonathan M.; Bradley, David M.', 'Bailey, David, BEng', 'Bailey, David, H.', 'D H Bailey', 'D. Bailey', 'D. H. Bailey', 'D.H. Bailey', 'DAVID H. BAILEY', 'David Bailey', 'David H Bailey', 'David H. Bailey', 'David H. bailey']",386,8847,47,23,david h.,bailey,b,david h. bailey,A5081580336,d bailey
A5047701001,https://orcid.org/0009-0009-4480-301X,Kyle Dumont,"['Dumont, Kyle', 'Kyle D. Dumont', 'Kyle Dumont']",13,50,3,3,kyle,dumont,d,kyle dumont,A5047701001,k dumont
A5111699127,,H Gosal,"['H Gosal', 'H. S. Gosal', 'H.S. Gosal', 'Hitika Gosal']",8,74,3,5,h,gosal,g,h gosal,A5111699127,h gosal
A5059192663,,Marilyn L. Bowman,"['Bowman, Marilyn Laura', 'M Bowman', 'M. Bowman', 'M. L. Bowman', 'Marilyn Bowman', 'Marilyn L Bowman', 'Marilyn L. Bowman', 'Marilyn Laura Bowman']",29,753,12,3,marilyn l.,bowman,b,marilyn l. bowman,A5059192663,m bowman
A5100444820,https://orcid.org/0000-0002-7929-5889,Xiaogang Wang,"['A Valenzuela', 'C. Li', 'Congyi Hao', 'Hua Li', 'Jun Yao', 'Li Ai', 'Lipeng Liu', 'M Geier', 'Q Wang', 'Roxanna Pakkar', 'Tianming Lan', 'W Wang', 'W. F. Wang', 'W. Wang', 'W. X. Wang', 'W.P. Wang', 'W.X. Wang', 'W.\u2009X. Wang', 'WANG X.', 'WANG Xiaogang', 'WANG, Xiaogang', 'Wang W', 'Wang X', 'Wang X.', 'Wang Xiaogang', 'Wang, J.', 'Wang, W.', 'Wang, X', 'Wang, X.', 'Wang, X. F.', 'Wang, X. J.', 'Wang, X. L.', 'Wang, Xiao', 'Wang, Xiao-Gang', 'Wang, Xiaogang', 'Wang, Y.', 'Wang, Z', 'Wanotayaroj, C', 'Wei Wang', 'Wei Zhang', 'X F Wang', 'X L Wang', 'X WANG', 'X Wang', 'X. F. Wang', 'X. G. Wang', 'X. L. Wang', 'X. T. Wang', 'X. WANG', 'X. Wang', 'X. 轩 Wang 王', 'X.-G Wang', 'X.-G. Wang', 'X.F. Wang', 'X.G. Wang', 'X.L Wang', 'X.L. Wang', 'X.\u2009F. Wang', 'X.\u2009L. Wang', 'XIAO-GANG WANG', 'XIAOGANG WANG', 'Xiao-Gang WANG', 'Xiao-Gang Wang', 'Xiao-gang WANG', 'Xiao-gang Wang', 'XiaoGang WANG', 'XiaoGang Wang', 'Xiaogang (Steven) Wang', 'Xiaogang G. Wang', 'Xiaogang WANG', 'Xiaogang Wang', 'Xiaogang 晓钢 WANG 王', 'Xiaoyan Wang', 'Xiao‐Gang Wang', 'Yongde Wang', 'Zhi-Heng Fang', '陈王丽 CHEN Wangli']",3824,254001,209,548,xiaogang,wang,w,xiaogang wang,A5100444820,x wang
A5009011522,,Z. Zhang,"['Z. Zhang', 'Ziying Zhang']",14,1,1,2,z.,zhang,z,z. zhang,A5009011522,z zhang
A5013868450,,Catherine D’Andrea,"[""Catherine D'Andrea"", 'Catherine D’Andrea', 'Catherine D’andrea', ""d'Andrea, Catherine""]",16,88,5,8,catherine,d’andrea,d,catherine d’andrea,A5013868450,c d’andrea
A5021641760,https://orcid.org/0000-0002-0314-8778,John Jose,"['John Jose', 'Jose, John']",110,705,12,15,john,jose,j,john jose,A5021641760,j jose
A5101685651,https://orcid.org/0000-0003-1347-9578,Ehsan Sadeghi,"['E. Sadeghi', 'Ehsan Sadeghi']",21,190,8,7,ehsan,sadeghi,s,ehsan sadeghi,A5101685651,e sadeghi
A5022913280,https://orcid.org/0000-0002-0689-0302,Peter Eibich,"['Eibich, P.', 'Eibich, Peter', 'P Eibich', 'P. Eibich', 'Peter Eibich']",116,6956,26,15,peter,eibich,e,peter eibich,A5022913280,p eibich
A5103840556,,Ramani Ramaseshan,"['Ramani Ramaseshan', 'Ramaseshan Ramani']",20,376,7,9,ramani,ramaseshan,r,ramani ramaseshan,A5103840556,r ramaseshan
A5107902399,,J. Hamann,"['Gudmundsson, J. E.', 'Hamann, J', 'Hamann, J.', 'Hamann, Janina', 'J Hamann', 'J. Hamann']",31,51916,23,21,j.,hamann,h,j. hamann,A5107902399,j hamann
A5009378682,,Taylor Filewood,"['Filewood, Taylor', 'Taylor Filewood']",20,95,7,4,taylor,filewood,f,taylor filewood,A5009378682,t filewood
A5024269299,https://orcid.org/0000-0003-3193-5872,Matthew C. Cheung,"['Cheung, Matthew', 'M C Cheung', 'M. C. Cheung', 'M. Cheung', 'M.C. Cheung', 'Matthew C Cheung', 'Matthew C. Cheung', 'Matthew Cheung', 'Matthew Manhin Cheung', 'Matthew Man‐hin Cheung', 'Mr Shing Cheung']",411,5480,36,49,matthew c.,cheung,c,matthew c. cheung,A5024269299,m cheung
A5107194480,https://orcid.org/0009-0002-7452-1952,Yixuan Chen,"['Y. C. Chen', 'Yi-Xuan Chen', 'Yixuan Chen', 'You‐Long Chen']",24,224,8,11,yixuan,chen,c,yixuan chen,A5107194480,y chen
A5081300303,https://orcid.org/0000-0001-9212-4913,Suyoung Kim,"['Kim, Suyoung', 'Suyoung Kim']",6,5,1,1,suyoung,kim,k,suyoung kim,A5081300303,s kim
A5022463577,https://orcid.org/0000-0003-3263-465X,Ghazal Mirabnahrazam,"['Ghazal Mirabnahrazam', 'Mirabnahrazam, Ghazal']",8,50,2,1,ghazal,mirabnahrazam,m,ghazal mirabnahrazam,A5022463577,g mirabnahrazam
A5072049718,https://orcid.org/0000-0001-6692-3340,Michelle Amri,"['Amri M', 'Amri, Michelle', 'Amri, Michelle M.', 'M Amri', 'M. Amri', 'Manal Al Amri', 'Michelle Amri', 'Michelle M Amri', 'Michelle M. Amri']",66,683,14,16,michelle,amri,a,michelle amri,A5072049718,m amri
A5100341412,https://orcid.org/0000-0001-7093-1044,Yichen Zhang,"['Y C Zhang', 'Yi-Chen Zhang', 'Yi-chen Zhang', 'Yichen ZHANG', 'Yichen Zhang', 'Yi‐Chen Zhang']",84,1163,20,31,yichen,zhang,z,yichen zhang,A5100341412,y zhang
A5026655414,,Hayami Lou,"['Hayami Lou', 'Lou, Hayami']",12,167,6,4,hayami,lou,l,hayami lou,A5026655414,h lou
A5012970674,https://orcid.org/0000-0003-3406-3248,Gaelen Snell,['Gaelen Snell'],6,1266,5,2,gaelen,snell,s,gaelen snell,A5012970674,g snell
A5021993752,,Ivan Fong,"['Ivan Fong', 'Ivan Yu Hang Fong']",11,103,4,3,ivan,fong,f,ivan fong,A5021993752,i fong
A5100372052,https://orcid.org/0000-0002-6367-0437,Yue Wang,"['Wang, Yue', 'Yue Wang']",11,103,4,6,yue,wang,w,yue wang,A5100372052,y wang
A5100360129,https://orcid.org/0000-0002-8021-4951,Ke Wang,"['Ke Wang', 'Wang, Ke']",67,3818,22,7,ke,wang,w,ke wang,A5100360129,k wang
A5086053161,https://orcid.org/0000-0001-8749-9489,Zhipeng Mo,"['Mo, Zhipeng', 'Zhipeng Mo']",17,449,6,10,zhipeng,mo,m,zhipeng mo,A5086053161,z mo
A5108755668,,Antonio M. Bento,"['A.M. Bento', 'Antonio Bento', 'Antonio M Bento', 'Antonio M. Bento', 'Bento, Antonio', 'Bento, Antonio M', 'Bento, Antonio M.']",141,3543,28,35,antonio m.,bento,b,antonio m. bento,A5108755668,a bento
A5068381218,https://orcid.org/0000-0003-2755-9915,Tara Holland,"['Holland, Tara', 'T Holland', 'Tara Holland']",24,557,9,8,tara,holland,h,tara holland,A5068381218,t holland
A5015690128,https://orcid.org/0000-0003-2982-4153,Ke Wang,"['K. Wang', 'KE WANG', 'Ke Wang', 'WANG Ke', 'Wang Ke', 'Wang, Ke']",404,838,14,35,ke,wang,w,ke wang,A5015690128,k wang
A5100372109,https://orcid.org/0000-0003-2049-5285,Yue Wang,"['Wang, Yue', 'Y. Wang', 'Yahe Wang', 'Yue WANG', 'Yue Wang', 'Yue Wang -']",258,2544,25,101,yue,wang,w,yue wang,A5100372109,y wang
A5027508220,,Mohammad Shahidzadeh,"['Mohammad Shahidzadeh', 'Shahidzadeh, Mohammad']",9,12,2,2,mohammad,shahidzadeh,s,mohammad shahidzadeh,A5027508220,m shahidzadeh
A5026349064,https://orcid.org/0000-0002-0708-8020,Maryam Rezaie,"['Maryam Rezaie', 'maryam Rezaie', 'maryam rezaie']",40,325,9,11,maryam,rezaie,r,maryam rezaie,A5026349064,m rezaie
A5018908850,https://orcid.org/0000-0002-6929-6124,Girish S. Kulkarni,"['Douglas Cheung', 'G Kulkarni', 'G S Kulkarni', 'G. Kulkarni', 'G. S. Kulkarni', 'G.S. Kulkarni', 'Girish Kulkarni', 'Girish S Kulkarni', 'Girish S. Kulkarni', 'Girish S.Kulkarni', 'Girish kulkarni', 'Kulkarni, Girish', 'R Clark']",629,9477,51,56,girish s.,kulkarni,k,girish s. kulkarni,A5018908850,g kulkarni
A5021527237,https://orcid.org/0000-0001-9054-6055,Sarah Lea,"['Lea,Sarah', 'S J Lea', 'S Lea', 'S. Lea', 'Sarah Lea']",42,480,14,18,sarah,lea,l,sarah lea,A5021527237,s lea
A5059067590,,Jesse Morin,"['Jesse Morin', 'Morin, Jesse']",61,308,9,6,jesse,morin,m,jesse morin,A5059067590,j morin
A5102254407,,Hye-Jin Jo,"['Hye-Jin Jo', 'HyeJin Jo', 'Hyejin Jo']",17,34,4,7,hye-jin,jo,j,hye-jin jo,A5102254407,h jo
A5050917148,https://orcid.org/0000-0003-1946-131X,Minnie Liu,['Minnie Liu'],7,102,3,2,minnie,liu,l,minnie liu,A5050917148,m liu
A5016215308,https://orcid.org/0000-0001-9448-0882,Nicole Armos,['Nicole Armos'],6,3,1,1,nicole,armos,a,nicole armos,A5016215308,n armos
A5028075279,https://orcid.org/0000-0002-4635-140X,Lia M. Palileo‐Villanueva,"['L. Palileo-Villanueva', 'Lia  M. Palileo-Villanueva', 'Lia Aileen M. Palileo-Villanueva', 'Lia Aileen Palileo-Villanueva', 'Lia M Palileo-Villanueva', 'Lia M. Palileo-Villanueva', 'Lia M. Palileo-Villanueva, MD, MSc', 'Lia M. Palileo‐Villanueva', 'Lia Palileo-Villanueva', 'Lia Palileo‐Villanueva', 'Palileo-Villanueva, Lia M.']",69,1840,19,6,lia m.,palileo‐villanueva,p,lia m. palileo‐villanueva,A5028075279,l palileo‐villanueva
A5014108432,https://orcid.org/0000-0002-3567-0798,Kyle Vincent,"['Kyle Shane Vincent', 'Kyle Vincent', 'Sara Woldehanna', 'Vincent, Kyle']",46,159,7,11,kyle,vincent,v,kyle vincent,A5014108432,k vincent
A5053471637,,Nada Hafez,"['N.A. Hafez', 'NADA HAFEZ', 'Nada Hafez']",42,163,8,9,nada,hafez,h,nada hafez,A5053471637,n hafez
A5039980046,https://orcid.org/0000-0002-2116-7040,Pegah Yaghmaie,"['Pegah Yaghmaie', 'YAGHMAIE, Pegah']",9,147,3,4,pegah,yaghmaie,y,pegah yaghmaie,A5039980046,p yaghmaie
A5100395351,https://orcid.org/0000-0001-6450-8485,Yiming Zhang,"['Y.T. Zhang', 'Yi-Ming ZHANG', 'Yi-Ming Zhang', 'Yi-ming ZHANG', 'Yi-ming Zhang', 'Yiming Zhang', 'Yi‐ming Zhang', 'ZHANG Yi-ming', 'Zhang, Yiming']",369,5188,28,135,yiming,zhang,z,yiming zhang,A5100395351,y zhang
A5081793612,https://orcid.org/0000-0003-1904-820X,Parismita Sarma,"['P Sarma', 'P. K. SARMA', 'P. K. Sarma', 'P. Sarma', 'Parismita Sarma', 'Parismita sarma']",75,483,11,9,parismita,sarma,s,parismita sarma,A5081793612,p sarma
A5100725680,https://orcid.org/0000-0002-3424-7605,Yixuan Chen,"['Chen, Yixuan', 'Yi-Xuan Chen', 'Yixuan Chen']",66,897,12,32,yixuan,chen,c,yixuan chen,A5100725680,y chen
A5100353780,https://orcid.org/0000-0002-0041-3134,Xin Li,"['<p>Xin Li, Guoqiang Tang, Yumei Ren, Xuchang Chen</p>', 'Li, Xin', 'Sun, Xin', 'XIN LI', 'Xin LI', 'Xin Li', 'Xin Li -', 'Xin Yan Li', 'Xin li', 'Xin; LI']",1049,14695,54,387,xin,li,l,xin li,A5100353780,x li
A5114195806,,Gleb Glebov,"[""Gleb Evgen'evich Glebov"", 'Gleb Glebov', 'Glebov, Gleb', 'Г.Е. ГЛЕБОВ']",10,13,2,1,gleb,glebov,g,gleb glebov,A5114195806,g glebov
A5109005649,,P. Meyer,"['P. Meyer', 'Paul Meyer']",15,202,5,4,p.,meyer,m,p. meyer,A5109005649,p meyer
A5078335295,,Robert R. Grauer,"['ROBERT R. GRAUER', 'Robert Grauer', 'Robert R Grauer', 'Robert R. Grauer']",51,2544,24,4,robert r.,grauer,g,robert r. grauer,A5078335295,r grauer
A5101939525,https://orcid.org/0000-0002-5485-9916,Yubo Chen,"['Chen, Yubo', 'Yubo Chen', 'author']",125,3425,28,14,yubo,chen,c,yubo chen,A5101939525,y chen
A5084908295,https://orcid.org/0000-0002-7301-5567,Muhammad Sultan,"['M. Moeen Sultan', 'M. Sultan', 'MUHAMMAD SULTAN', 'Mammadova Simuzar Sultan', 'Masud Sultan', 'Mohammed J. Alanazi Sultan', 'Mthael Saad Sultan', 'Muhammad Abid Sultan', 'Muhammad Ali Sultan', 'Muhammad Aqeel Sultan', 'Muhammad Habib Sultan', 'Muhammad Khizar Sultan', 'Muhammad Omer Sultan', 'Muhammad SULTAN', 'Muhammad Sultan', 'SULTAN, M.', 'Sultan, Muhammad', 'Yanping Yuan']",334,7413,44,35,muhammad,sultan,s,muhammad sultan,A5084908295,m sultan
A5082752413,,Evelyn Encalada Grez,"['Evelyn Encalada Grez', 'Evelyn Grez', 'Evelyn\xa0Encalada Grez']",15,168,5,4,evelyn encalada,grez,g,evelyn encalada grez,A5082752413,e grez
A5008862123,https://orcid.org/0000-0001-6192-8687,John Willinsky,"['J Willinsky', 'J. Willinsky', 'John M Willinsky', 'John M. Willinsky', 'John WILLINSKY', 'John Willinsky', 'Willinsky, J', 'Willinsky, J.', 'Willinsky, John']",309,4107,28,19,john,willinsky,w,john willinsky,A5008862123,j willinsky
A5100948304,,Yiting Tang,"['Tang, Yiting', 'Yiting Tang', 'Yi‐Ting TANG']",32,608,11,15,yiting,tang,t,yiting tang,A5100948304,y tang
A5016894592,https://orcid.org/0000-0001-5451-0696,Nima Farzaneh,"['M. Farzaneh', 'N Farzaneh', 'N. Farzaneh', 'NIMA FARZANEH', 'Nima Farzaneh']",72,980,17,6,nima,farzaneh,f,nima farzaneh,A5016894592,n farzaneh
A5062879863,,Heather Stewart,"['H Stewart', 'H. Stewart', 'H.G. Stewart', 'Heather G Stewart', 'Heather G. Stewart', 'Heather Stewart']",54,4902,26,18,heather,stewart,s,heather stewart,A5062879863,h stewart
A5018909583,,Lieke Laura Ten Brummelhuis,['Lieke Laura Ten Brummelhuis'],6,0,0,1,lieke laura ten,brummelhuis,b,lieke laura ten brummelhuis,A5018909583,l brummelhuis
A5061779002,https://orcid.org/0000-0001-5819-6948,Carla Oberth,['Carla Oberth'],6,93,5,4,carla,oberth,o,carla oberth,A5061779002,c oberth
A5005250965,https://orcid.org/0000-0001-5732-2412,Rebecca Latto,"['Latto, Rebecca', 'Latto, Rebecca B', 'Latto, Rebecca B.', 'Rebecca B. Latto', 'Rebecca Latto']",30,103,5,5,rebecca,latto,l,rebecca latto,A5005250965,r latto
A5008175975,https://orcid.org/0000-0003-3531-0941,Tyler Chamberlain,['Tyler Chamberlain'],26,10,1,8,tyler,chamberlain,c,tyler chamberlain,A5008175975,t chamberlain
A5100871946,https://orcid.org/0000-0003-2207-4652,Wenyuan Zhou,"['Wen-Yuan Zhou', 'Wenyuan Zhou', 'Zhou Wen-Yuan']",86,910,17,21,wenyuan,zhou,z,wenyuan zhou,A5100871946,w zhou
A5030005472,https://orcid.org/0000-0002-3057-5257,Kate Fraser,"['Fraser, Kate', 'K. M. Fraser', 'KM Fraser', 'Kate Fraser', 'Kate M. Fraser']",22,199,9,8,kate,fraser,f,kate fraser,A5030005472,k fraser
A5028857421,https://orcid.org/0000-0003-1590-0071,Stephanie L. Rayner,"['S.L. Rayner', 'Stephanie L Rayner', 'Stephanie L. Rayner', 'Stephanie Rayner']",34,937,16,4,stephanie l.,rayner,r,stephanie l. rayner,A5028857421,s rayner
A5058715507,,Linying Hu,"['LinYing Hu', 'Linying Hu']",13,204,7,2,linying,hu,h,linying hu,A5058715507,l hu
A5025294763,https://orcid.org/0009-0007-4003-8045,Karsten Jedamzik,"['Jedamzik K.', 'Jedamzik, K', 'Jedamzik, K.', 'Jedamzik, Karsten', 'K Jedamzik', 'K. JEDAMZIK', 'K. Jedamzik', 'KARSTEN JEDAMZIK', 'Karsten Jedamzik']",105,7656,40,14,karsten,jedamzik,j,karsten jedamzik,A5025294763,k jedamzik
A5103123102,,Katherine A. O’Donnell,"[""K O'Donnell"", 'K O’Donnell', ""K. A. O'Donnell"", ""K.A. O'Donnell"", ""Katherine A O'Donnell"", ""Katherine A. O'Donnell"", 'Katherine A. OʼDonnell', 'Katherine A. O’Donnell', ""Katherine O'Donnell""]",42,871,16,13,katherine a.,o’donnell,o,katherine a. o’donnell,A5103123102,k o’donnell
A5101755183,https://orcid.org/0000-0002-0153-582X,Hua Yang,"['H X Yang', 'H Yang', 'H. Yang', 'Hua YANG', 'Hua Yang', 'Yang, Hua']",176,1183,16,64,hua,yang,y,hua yang,A5101755183,h yang
A5029429899,https://orcid.org/0000-0002-0891-7388,Erica Smith,"['E. Smith', 'Erica Smith', 'P. Smith', 'Smith, E.', 'Smith, Erica']",220,2055,24,21,erica,smith,s,erica smith,A5029429899,e smith
A5045631153,https://orcid.org/0000-0003-0822-5776,Christopher R. McMaster,"['C McMaster', 'C R McMaster', 'C. R. McMaster', 'C.R. McMaster', 'CHRISTOPHER R. MCMASTER', 'Chris R McMaster', 'Christopher McMaster', 'Christopher R McMaster', 'Christopher R. MCMASTER', 'Christopher R. McMASTER', 'Christopher R. McMaster', 'Christopher\xa0R. McMASTER', 'McMaster, C.R.', 'McMaster, Christopher', 'Mcmaster, Christopher R']",148,9275,44,14,christopher r.,mcmaster,m,christopher r. mcmaster,A5045631153,c mcmaster
A5050584017,https://orcid.org/0000-0002-1348-7781,William Copeland,"['Anja Lok', 'Bi', 'Copeland, William', 'Copeland, William E', 'Copeland, William E.', 'N Antonio', 'W Copeland', 'W E Copeland', 'W. Copeland', 'W. E. Copeland', 'W.E. Copeland', 'WILLIAM COPELAND', 'WILLIAM E. COPELAND', 'William Copeland', 'William E Copeland', 'William E. Copeland', 'William L. Copeland', 'William\xa0E. Copeland']",326,24682,67,54,william,copeland,c,william copeland,A5050584017,w copeland
A5040001669,https://orcid.org/0000-0001-7140-9151,Sarah Gravel,"['Gravel, Sarah', 'Sarah Gravel', 'Sarah M. Gravel']",7,463,4,2,sarah,gravel,g,sarah gravel,A5040001669,s gravel
A5008605395,https://orcid.org/0000-0002-8517-9921,Tina Smith,"['Smith, Tina', 'T Smith', 'T. Smith', 'TINA M. SMITH', 'Tina M. Smith', 'Tina Smith']",64,1079,20,24,tina,smith,s,tina smith,A5008605395,t smith
A5013838639,,Brian Krauth,"['B. V. Krauth', 'Brian Krauth', 'Brian V Krauth', 'Brian V. Krauth', 'Krauth, Brian']",34,600,11,1,brian,krauth,k,brian krauth,A5013838639,b krauth
A5031766992,https://orcid.org/0000-0001-6409-1579,Morgan Price,"['M. Price', 'Morgan Price', 'Price Morgan']",101,1698,19,16,morgan,price,p,morgan price,A5031766992,m price
A5027106147,,Anil Donmez,['Anil Donmez'],9,85,2,1,anil,donmez,d,anil donmez,A5027106147,a donmez
A5071260876,https://orcid.org/0000-0002-0892-0069,Devon Mitchell,"['D Mitchell', 'D. MITCHELL', 'D. Mitchell', 'Devon L Mitchell', 'Devon L. Mitchell', 'Devon Mitchell', 'Mitchell, Devon']",27,119,6,7,devon,mitchell,m,devon mitchell,A5071260876,d mitchell
A5036671973,,Петер Келлер,"['Keller, Peter', 'P Keller', 'P. C. Keller', 'P. Keller', 'PETER C. KELLER', 'Peter C Keller', 'Peter C. Keller', 'Peter Keller', 'Петер Келлер']",127,1569,19,18,петер,келлер,к,петер келлер,A5036671973,п келлер
A5003479098,https://orcid.org/0000-0001-9896-1990,B. Kiran Naik,"['B KIRAN NAIK', 'B Kiran Naik', 'B. Kiran Naik', 'B. Naik', 'B.Kiran Naik', 'Bukke Kiran Naik']",82,1100,19,6,b. kiran,naik,n,b. kiran naik,A5003479098,b naik
A5088965506,,Cécile Sabatier,"['Cecile Nathalie Sabatier', 'Cecile Sabatier', 'CÉCILE SABATIER', 'Cécile Sabatier', 'SABATIER BULLOCK, CÉCILE', 'Sabatier, Cécile']",39,238,7,2,cécile,sabatier,s,cécile sabatier,A5088965506,c sabatier
A5064709172,,Khashayar Ebrahimi,"['Ebrahimi, Khashayar', 'Khashayar Ebrahimi']",18,317,8,6,khashayar,ebrahimi,e,khashayar ebrahimi,A5064709172,k ebrahimi
A5005499279,https://orcid.org/0000-0001-5873-2405,M. Holmes,"['Holmes, Martha J.', 'M J Holmes', 'M. Holmes', 'M. J. G. Holmes', 'M. J. Holmes', 'M.J. Holmes', 'Martha Holmes', 'Martha J Holmes', 'Martha J. Holmes']",68,6954,30,17,m.,holmes,h,m. holmes,A5005499279,m holmes
A5078102917,https://orcid.org/0000-0001-9666-3797,Jesús E. Serrano-Negrón,"['Jesus E Serrano‐Negron', 'Jesús E Serrano-Negrón', 'Jesús E. Serrano-Negrón']",9,176,6,5,jesús e.,serrano-negrón,s,jesús e. serrano-negrón,A5078102917,j serrano-negrón
A5034678064,https://orcid.org/0000-0001-5019-8068,Max Hurson,"['Hurson, Max', 'Max Hurson']",13,34,3,3,max,hurson,h,max hurson,A5034678064,m hurson
A5083663995,https://orcid.org/0000-0002-1399-0520,Prem Mony,"['Mony, Prem', 'P K Mony', 'P Mony', 'P. Mony', 'PREM MONY', 'Prem K Mony', 'Prem K. Mony', 'Prem Kumar Mony', 'Prem Mony', 'PremK Mony']",143,15576,46,16,prem,mony,m,prem mony,A5083663995,p mony
A5015976716,https://orcid.org/0000-0003-3498-2543,Yue Ruan,"['Ruan, Y', 'Ruan, Y.', 'Ruan, Yue', 'Y Ruan', 'Y. Ruan', 'YUE RUAN', 'Yue Ruan', 'Yuwen Ruan']",77,1982,20,38,yue,ruan,r,yue ruan,A5015976716,y ruan
A5033226237,https://orcid.org/0000-0003-3650-2961,Emyr Martyn Roberts,"['E. M. Roberts', 'E.M. Roberts', 'EM Roberts', 'Emyr M. Roberts', 'Emyr Martyn Roberts', 'Roberts, Emyr Martyn']",64,533,12,4,emyr martyn,roberts,r,emyr martyn roberts,A5033226237,e roberts
A5025935520,,Gary Wang,"['GARY WANG', 'Gary Wang', 'Wang Gary', 'Wang, Gary', 'Wang, Gary, G.', 'gary wang']",147,19139,29,50,gary,wang,w,gary wang,A5025935520,g wang
A5100407381,https://orcid.org/0000-0001-9100-2906,Dong Liu,"['DONG LIU', 'Dong LIU', 'Dong Liu', 'Dong Liu -', 'LIU DONG', 'Liu Dong', 'Liu, Dong']",671,24485,62,175,dong,liu,l,dong liu,A5100407381,d liu
A5091761869,,Hy V. Luong,"['HY V. LUONG', 'HY VAN LUONG', 'HY Van Luong', 'Hy V Luong', 'Hy V. Luong', 'Hy Van Luong', 'Hy van Luong', 'Hy. V. Luong']",90,732,14,3,hy v.,luong,l,hy v. luong,A5091761869,h luong
A5033635480,https://orcid.org/0000-0002-2118-3278,Qingli Lei,['Qingli Lei'],26,136,7,10,qingli,lei,l,qingli lei,A5033635480,q lei
A5026882392,https://orcid.org/0000-0003-2391-5353,Rebekah Lee,"['R.H. Lee', 'Rebekah H. Y. Lee', 'Rebekah Lee']",7,77,4,3,rebekah,lee,l,rebekah lee,A5026882392,r lee
A5001991354,https://orcid.org/0000-0001-9785-8107,Amanda Bakkum,['Amanda Bakkum'],10,72,5,8,amanda,bakkum,b,amanda bakkum,A5001991354,a bakkum
A5025736512,,Joanna Niezen,"['Joanna Niezen', 'Niezen, Joanna']",6,7,1,2,joanna,niezen,n,joanna niezen,A5025736512,j niezen
A5066874418,https://orcid.org/0000-0002-3860-4470,Janghyeon Lee,"['Donggu Kim', 'Janghyeon Lee']",17,178,7,5,janghyeon,lee,l,janghyeon lee,A5066874418,j lee
A5085738083,https://orcid.org/0009-0004-4410-9523,Gordon L. Rintoul,"['G. L. Rintoul', 'G.L. Rintoul', 'Gordon L Rintoul', 'Gordon L. Rintoul', 'Gordon Rintoul', 'Rintoul, Gordon Leslie']",23,1242,16,3,gordon l.,rintoul,r,gordon l. rintoul,A5085738083,g rintoul
A5041577609,https://orcid.org/0000-0001-6011-0795,Diana V. Hunter,"['Diana E. Hunter', 'Diana Hunter', 'Diana V Hunter', 'Diana V. Hunter']",11,108,4,3,diana v.,hunter,h,diana v. hunter,A5041577609,d hunter
A5003765064,https://orcid.org/0000-0002-7907-1236,Prithviraj Basak,"['Basak, Prithviraj', 'Prithviraj Basak']",9,14,2,2,prithviraj,basak,b,prithviraj basak,A5003765064,p basak
A5032104010,https://orcid.org/0000-0003-2881-1713,Paul M. K. Gordon,"['Gordon, P.', 'Gordon, Paul M. K.', 'Gordon, Paul MK', 'Gordon, Paul, H', 'P. Gordon', 'P. M. Gordon', 'P. M. K. Gordon', 'P.M. Gordon', 'P.M.K. Gordon', 'PAUL GORDON', 'Paul Gordon', 'Paul M Gordon', 'Paul M K Gordon', 'Paul M. Gordon', 'Paul M. K. Gordon', 'Paul M.K. Gordon', 'Paul MK Gordon', 'Paul\xa0M K Gordon']",147,4871,32,27,paul m. k.,gordon,g,paul m. k. gordon,A5032104010,p gordon
A5102753392,https://orcid.org/0000-0001-7033-6632,Emma Lee,"['E Lee', 'E. Lee', 'Emma (I‐Heng) Lee', 'Emma J. Lee', 'Emma Lee', 'Emma R Lee', 'Ethel Lee', 'George Beecher', 'Schiffmacher']",125,5224,25,59,emma,lee,l,emma lee,A5102753392,e lee
A5054587625,https://orcid.org/0000-0001-5723-8958,Nicolas Schmitt,"['N Schmitt', 'N. SCHMITT', 'N. Schmitt', 'Nicolas Schmitt', 'SCHMITT, Nicolas', 'Schmitt, N', 'Schmitt, N.', 'Schmitt, Nicolas']",152,708,14,21,nicolas,schmitt,s,nicolas schmitt,A5054587625,n schmitt
A5066987877,https://orcid.org/0000-0001-8171-3608,Enrique Pedroso,"['E Pedroso', 'E. PEDROSO', 'E. Pedroso', 'ENRIQUE PEDROSO', 'Enrique Pedroso', 'Pedroso, Enrique']",173,3140,32,22,enrique,pedroso,p,enrique pedroso,A5066987877,e pedroso
A5056436257,https://orcid.org/0000-0001-5633-9503,Arefin Mohiuddin,['Arefin Mohiuddin'],6,61,4,2,arefin,mohiuddin,m,arefin mohiuddin,A5056436257,a mohiuddin
A5034656467,https://orcid.org/0000-0001-8320-6271,Christopher Cunada,"['C. L. Cunada', 'Christopher Cunada', 'Christopher L. Cunada', 'Christopher Luke Cunada']",6,47,3,2,christopher,cunada,c,christopher cunada,A5034656467,c cunada
A5010892759,https://orcid.org/0000-0002-2278-5895,Faezeh Bayat,"['Bayat, Faezeh', 'Faezeh Bayat']",6,13,2,2,faezeh,bayat,b,faezeh bayat,A5010892759,f bayat
A5034437717,https://orcid.org/0000-0002-7348-8663,Erin Strumpf,"['C. Strumpf, Erin', 'E Strumpf', 'E. C. Strumpf', 'E. Strumpf', 'E.C. Strumpf', 'ERIN C. STRUMPF', 'ERIN STRUMPF', 'Erin C Strumpf', 'Erin C. Strumpf', 'Erin Strumpf', 'Strumpf, Erin', 'Strumpf, Erin C.']",182,3724,33,34,erin,strumpf,s,erin strumpf,A5034437717,e strumpf
A5018133795,https://orcid.org/0000-0001-7312-2736,Katie A. Berens,"['Berens, Katie', 'Katie A. Berens']",8,8,2,1,katie a.,berens,b,katie a. berens,A5018133795,k berens
A5013903764,https://orcid.org/0000-0001-5842-4808,Katrina Koehn,"['K. Koehn', 'Katrina Koehn']",8,41,4,3,katrina,koehn,k,katrina koehn,A5013903764,k koehn
A5024626708,,J. F. Ogilvie,"['J. F. Ogilvie', 'Ogilvie, John F.']",7,3,1,3,j. f.,ogilvie,o,j. f. ogilvie,A5024626708,j ogilvie
A5021121018,,Xiaobin Chang,"['Chang, Xiaobin', 'Xiaobin Chang']",42,1108,12,12,xiaobin,chang,c,xiaobin chang,A5021121018,x chang
A5085810492,https://orcid.org/0000-0003-4235-0108,Arvin Bhana,"['A Bhana', 'A. Bhana', 'ARVIN BHANA', 'Arvi.n. Bhana', 'Arvin Bhana', 'Arvinkumar Bhana', 'Bhana, Arvin', 'Bhana, Arvinkumar']",217,7706,50,16,arvin,bhana,b,arvin bhana,A5085810492,a bhana
A5101559111,https://orcid.org/0000-0003-0433-6380,Stephanie Chang,"['Chang, Stephanie', 'S Chang', 'Stephanie Chang', 'Stephanie Y Chang', 'Stephanie Y. Chang']",22,51,5,8,stephanie,chang,c,stephanie chang,A5101559111,s chang
A5108572564,,Abby Morgan,"['Abby L. Morgan', 'Abby Morgan']",11,103,5,4,abby,morgan,m,abby morgan,A5108572564,a morgan
A5070526584,,Fabio Bollinger,"['Fabio Bollinger', 'Fabio H. Bollinger']",6,42,3,2,fabio,bollinger,b,fabio bollinger,A5070526584,f bollinger
A5002261297,,Cody A Despins,"['Cody A Despins', 'Cody A. Despins', 'Despins, Cody A.']",13,104,4,5,cody a,despins,d,cody a despins,A5002261297,c despins
A5101494511,https://orcid.org/0000-0002-7939-7367,Guanyu Li,"['Guanyu Li', 'Li Guan-Yu', 'Li Guanyu', 'Li, Guanyu']",63,645,12,25,guanyu,li,l,guanyu li,A5101494511,g li
A5090547184,https://orcid.org/0000-0002-5846-2107,Seyed Milad Vahedi,"['S Vahedi', 'S. Vahedi', 'Seyed Milad Vahedi', 'Vahedi, Seyed Milad']",37,209,9,10,seyed milad,vahedi,v,seyed milad vahedi,A5090547184,s vahedi
A5102078730,,Anchal Jain,"['Anchal Jain', 'Anchal K. Jain', 'Anchal Kumar Jain']",40,378,9,18,anchal,jain,j,anchal jain,A5102078730,a jain
A5021885960,,Ginevra Toniello,['Ginevra Toniello'],10,283,5,3,ginevra,toniello,t,ginevra toniello,A5021885960,g toniello
A5000490425,https://orcid.org/0000-0003-4791-0530,Saeideh Shamsi Kazem Abadi,"['Saeideh Shamsi', 'Saeideh Shamsi Kazem Abadi', 'Saeideh Shamsi\u2005Kazem\u2005Abadi']",15,213,8,3,saeideh shamsi kazem,abadi,a,saeideh shamsi kazem abadi,A5000490425,s abadi
A5112228279,,John Webster,"['J M Webster', 'J WEBSTER', 'J. M. Webster', 'J. Webster', 'J.M. Webster', 'JOHN M WEBSTER', 'JOHN M. WEBSTER', 'JOHN WEBSTER', 'John M Webster', 'John M. WEBSTER', 'John M. Webster', 'John Webster', 'John Webster (book author)', 'John Weester', 'John\xa0M. Webster', 'Webster, John']",422,5949,41,36,john,webster,w,john webster,A5112228279,j webster
A5013181019,https://orcid.org/0000-0001-8920-412X,Narinder Singh Khattra,"['N. S. Khattra', 'N.S. Khattra', 'Narinder Khattra', 'Narinder S. Khattra', 'Narinder Singh Khattra']",12,266,7,5,narinder singh,khattra,k,narinder singh khattra,A5013181019,n khattra
A5009909425,,Suzanne Villeneuve,"['Jean Clottes', 'S. Villeneuve', 'SUZANNE VILLENEUVE', 'Suzanne VILLENEUVE', 'Suzanne Villeneuve', 'Villeneuve, Suzanne']",26,318,6,3,suzanne,villeneuve,v,suzanne villeneuve,A5009909425,s villeneuve
A5051542047,https://orcid.org/0000-0002-9644-8496,C. R. M. Prentice,"['C Prentice', 'C R M Prentice', 'C R M prentice', 'C R Prentice', 'C. Prentice', 'C. R. M Prentice', 'C. R. M. PRENTICE', 'C. R. M. Prentice', 'C. R.M. Prentice', 'C.R.M Prentice', 'C.R.M. PRENTICE', 'C.R.M. Prentice', 'Carolyn Prentice', 'Prentice, C.', 'Prentice, Carolyn']",113,1818,24,21,c. r. m.,prentice,p,c. r. m. prentice,A5051542047,c prentice
A5022291454,https://orcid.org/0000-0002-9705-4624,Ali Mirza,"['Ali I Mirza', 'Ali I. Mirza', 'Ali Mirza', 'Mirza, Ali I.']",24,515,9,8,ali,mirza,m,ali mirza,A5022291454,a mirza
A5039598215,,Kirsten Emiko McAllister,"['K McAllister', 'K. McAllister', 'Kirsten E. McAllister', 'Kirsten Emiko McAllister', 'Kirsten Emiko Mcallister', 'Kirsten McAllister', 'McAllister, Kirsten']",35,163,7,3,kirsten emiko,mcallister,m,kirsten emiko mcallister,A5039598215,k mcallister
A5050113962,,Theodore Lai,['Theodore Lai'],6,25,2,4,theodore,lai,l,theodore lai,A5050113962,t lai
A5052445913,,Guillaume Colley,"['G Colley', 'G. Colley', 'Guillaume Colley']",27,901,12,6,guillaume,colley,c,guillaume colley,A5052445913,g colley
A5067985232,https://orcid.org/0000-0003-4333-2681,Cameron Gunton,"['Cameron Gunton', 'Gunton, Cameron']",9,59,4,1,cameron,gunton,g,cameron gunton,A5067985232,c gunton
A5100709327,https://orcid.org/0000-0003-3179-0386,Heeyoung Lee,"['H. Lee', 'HEE-YOUNG LEE', 'HEEYOUNG LEE', 'Hee-Young LEE', 'Hee-Young Lee', 'HeeYoung Lee', 'Heeyoung LEE', 'Heeyoung Lee', 'Lee, Hee-young', 'Lee, Heeyoung']",268,2724,21,14,heeyoung,lee,l,heeyoung lee,A5100709327,h lee
A5071255378,https://orcid.org/0000-0002-7245-1105,Dolors Poch Olivé,"['Dolors Poch', 'Dolors Poch Olivé', 'Dolors Poch\xa0Olivé', 'Olivé, Dolors Poch']",100,230,8,8,dolors poch,olivé,o,dolors poch olivé,A5071255378,d olivé
A5081662179,,J. H. Verner,"['J. H. Verner', 'J.H. Verner', 'JAMES HAMILTON VERNER', 'James H. Verner']",37,845,14,6,j. h.,verner,v,j. h. verner,A5081662179,j verner
A5010996110,,Seifi Mohsen,"['Mohsen Seifi', 'Seifi Mohsen', 'Seifi, Mohsen']",12,7,2,2,seifi,mohsen,m,seifi mohsen,A5010996110,s mohsen
A5062909466,https://orcid.org/0000-0002-4195-3284,Nadia Fairbairn,"['N Fairbairn', 'N. Fairbairn', 'NADIA FAIRBAIRN', 'Nadia Fairbairn', 'Nadia Fairbairn (8992766)', 'Nadia S. Fairbairn']",144,3950,33,36,nadia,fairbairn,f,nadia fairbairn,A5062909466,n fairbairn
A5078624702,https://orcid.org/0000-0001-9465-5638,Shawn Dove,"['Dove, Shawn', 'Shawn Dove']",17,136,7,8,shawn,dove,d,shawn dove,A5078624702,s dove
A5041554164,,Shaila Shams,['Shaila Shams'],7,18,2,2,shaila,shams,s,shaila shams,A5041554164,s shams
A5022158567,https://orcid.org/0000-0002-2483-243X,Mika Akesaka,"['Akesaka, Mika', 'Mika Akesaka']",26,107,4,10,mika,akesaka,a,mika akesaka,A5022158567,m akesaka
A5035610005,https://orcid.org/0009-0009-1376-7255,Jessica Halverson,"['Halverson, Jessica', 'J Halverson', 'J. Halverson', 'Jessica Halverson', 'Jessica W. Halverson']",24,708,9,8,jessica,halverson,h,jessica halverson,A5035610005,j halverson
A5015102929,https://orcid.org/0000-0002-4873-9467,Riyad B. Abu‐Laban,"['Benjamin Abella', 'James Ducharme', 'James Thompson', 'R Abu-Laban', 'R Abulaban', 'R B Abu-Laban', 'R. Abu-Laban', 'R. B. Abu-Laban', 'R.B. Abu-Laban', 'Renad Abulaban', 'Riyad Abu-Laban', 'Riyad Abu-laban', 'Riyad B Abu-Laban', 'Riyad B. Abu-Laban', 'Riyad B. Abu‐Laban']",143,3066,30,51,riyad b.,abu‐laban,a,riyad b. abu‐laban,A5015102929,r abu‐laban
A5071383903,,Jotham Peters,['Jotham Peters'],8,175,5,2,jotham,peters,p,jotham peters,A5071383903,j peters
A5015013342,,Shannon Leddy,"['Leddy, Shannon', 'Leddy, Shannon C.', 'S Leddy', 'Shannon Carolyn Leddy', 'Shannon Leddy']",20,53,4,4,shannon,leddy,l,shannon leddy,A5015013342,s leddy
A5106084864,,David S. Weber,"['D Weber', 'D.S. Weber', 'DAVID WEBER', 'David S Weber', 'David S. Weber', 'David Weber', 'Weber, David', 'Weber, David S.']",72,3428,24,21,david s.,weber,w,david s. weber,A5106084864,d weber
A5037101699,https://orcid.org/0009-0006-4809-8555,J. Williams,"['E.\u2009J. Williams', 'J. H. C. Williams', 'J. H. Williams', 'J. Williams', 'Jonathan H. Williams', 'Jonathan P. Williams', 'Jonathan Williams', 'Williams, J.', 'Williams, Jonathan']",76,998,14,14,j.,williams,w,j. williams,A5037101699,j williams
A5101021265,,Mina Moeini,"['Mina Moeini', 'mina moeini']",17,195,7,7,mina,moeini,m,mina moeini,A5101021265,m moeini
A5013544176,,Ashley Munoz,['Ashley Munoz'],6,18,2,1,ashley,munoz,m,ashley munoz,A5013544176,a munoz
A5086575407,,Nawal Musleh-Motut,['Nawal Musleh-Motut'],17,8,2,1,nawal,musleh-motut,m,nawal musleh-motut,A5086575407,n musleh-motut
A5037712736,https://orcid.org/0000-0001-9612-4988,T. Koffas,"['Calvet, D', 'Garrido, MDMC', 'Kawamoto, Tatsuo', 'Kazakos, Stergios', 'Kiryunin, Andrei', 'Kishimoto, Tomoe', 'Kita, Sayuka', 'Knue, Andrea Helen', 'Koffas, T', 'Koffas, T.', 'Koffas, Th.', 'Koffas, Thomas', 'Konig, Philipp', 'Konya, Balazs', 'Koperny, Stefan Zenon', 'Korolkov, Ilya', 'Koulouris, Aimilianos', 'M. Kocian', 'P. Kodyš', 'Ruiz Martinez, Arantxa', 'T Koffas', 'T. KOFFAS', 'T. Koffas', 'T. Komarek', 'T. Kono', 'Thomas Koffas']",1671,112904,147,54,t.,koffas,k,t. koffas,A5037712736,t koffas
A5044367647,,Puria Azadi Moghadam,"['Moghadam, Puria Azadi', 'Puria Azadi Moghadam']",10,220,6,3,puria azadi,moghadam,m,puria azadi moghadam,A5044367647,p moghadam
A5042913237,https://orcid.org/0000-0003-3253-3840,Myriam Juda,"['Juda, Myriam', 'M. Juda', 'Myriam JUDA', 'Myriam Juda', 'Myriam N Juda']",22,3186,12,6,myriam,juda,j,myriam juda,A5042913237,m juda
A5029299102,https://orcid.org/0000-0002-7398-1757,Vijay Naidu,"['Naidu, Vijay', 'V. Naidu', 'Vijay Naidu']",26,211,9,2,vijay,naidu,n,vijay naidu,A5029299102,v naidu
A5049551713,,Cohan Huxley,"['Cohan Huxley', 'Huxley, Cohan']",13,37,4,3,cohan,huxley,h,cohan huxley,A5049551713,c huxley
A5032369400,https://orcid.org/0000-0003-3131-0901,Natasha Vitkin,"['N Vitkin', 'N. Vitkin', 'Natasha Vitkin']",12,660,5,6,natasha,vitkin,v,natasha vitkin,A5032369400,n vitkin
A5023836593,https://orcid.org/0000-0002-3623-877X,Ebrahim Lari,"['E Lari', 'E. Lari', 'Ebrahim Lari']",32,488,14,6,ebrahim,lari,l,ebrahim lari,A5023836593,e lari
A5059655937,https://orcid.org/0000-0002-0460-3621,Yang Wu,"['Fu-Li Wang', 'Wu, Yang', 'Xue-Jun Zhai', 'Y Wu', 'Y. P. Wu', 'Y. Wu', 'Yang WU', 'Yang Wu', 'Yongqian Wang', 'Yue Wu']",159,7570,46,35,yang,wu,w,yang wu,A5059655937,y wu
A5069062267,https://orcid.org/0000-0002-9003-193X,Lee M. Johnston,"['L.M. Johnston', 'LEE JOHNSTON', 'Lee Johnston', 'Lee M. Johnston']",17,434,7,5,lee m.,johnston,j,lee m. johnston,A5069062267,l johnston
A5064297603,,Suzana Sabaiduc,"['S Sabaiduc', 'S. Sabaiduc', 'Suzana Sabaiduc']",53,2985,32,8,suzana,sabaiduc,s,suzana sabaiduc,A5064297603,s sabaiduc
A5087323271,https://orcid.org/0000-0002-9446-3748,Leo Wanner,"['Juan Soler-Company', 'L. Wanner', 'LEO WANNER', 'Leo Wanner', 'Wanner Leo', 'Wanner, Leo']",247,2836,27,16,leo,wanner,w,leo wanner,A5087323271,l wanner
A5067228740,https://orcid.org/0000-0001-9798-1551,Jennifer A. Chan,"['Chan, J.A.', 'Chan, Jennifer', 'Chan, Jennifer A.', 'Diamantis I Tsilimigras', 'Fabrizio', 'J A Chan', 'J Chan', 'J. A. Chan', 'J. A. W. Chan', 'J. Chan', 'J.A. Chan', 'Jennifer A Chan', 'Jennifer A. Chan', 'Jennifer A. Chan (15032946)', 'Jennifer Ai-wen Chan', 'Jennifer Chan', 'Jennifer\xa0A. Chan', 'Onur Kutlu', 'Sorana Morrissy']",393,28148,79,81,jennifer a.,chan,c,jennifer a. chan,A5067228740,j chan
A5078644322,,Adam D. Clark-Joseph,"['ADAM D. CLARK‐JOSEPH', 'Adam D Clark-Joseph', 'Adam D. Clark-Joseph']",8,392,3,4,adam d.,clark-joseph,c,adam d. clark-joseph,A5078644322,a clark-joseph
A5024436616,,Gallit Zvi,['Gallit Zvi'],14,13,2,1,gallit,zvi,z,gallit zvi,A5024436616,g zvi
A5062979513,https://orcid.org/0009-0006-5445-3357,Damon Tarrant,"['D Tarrant', 'Damon C. Tarrant', 'Damon Tarrant', 'Tarrant, Damon']",10,61,4,1,damon,tarrant,t,damon tarrant,A5062979513,d tarrant
A5031160210,https://orcid.org/0000-0002-1961-2408,Mylène Fernet,"['Fernet, Mylène', 'M Fernet', 'M. Fernet', 'Mylene Fernet', 'Mylène FERNET', 'Mylène Fernet']",140,1409,17,3,mylène,fernet,f,mylène fernet,A5031160210,m fernet
A5110124469,,D. Patterson,"['D A Patterson', 'D. A. Patterson', 'D. Patterson', 'D.A. Patterson', 'D.\xa0A. Patterson', 'Destini Aaliyah Patterson']",39,1499,17,9,d.,patterson,p,d. patterson,A5110124469,d patterson
A5078749183,https://orcid.org/0000-0001-6504-1100,Suzanne de Castell,"['De Castell, Suzanne', 'SUZANNE DE CASTELL', 'SUZANNE de CASTELL', 'Suzanne Castell', 'Suzanne De Castell', 'Suzanne de Castell', 'de Castell, Suzanne']",151,3060,30,8,suzanne de,castell,c,suzanne de castell,A5078749183,s castell
A5103552726,,David C. Bellinger,"['Bellinger, D.C.', 'Bellinger, David C.', 'D C Bellinger', 'D C. Bellinger', 'D. C. Bellinger', 'D.C. Bellinger', 'DAVID C BELLINGER', 'DAVID C. BELLINGER', 'David  C. Bellinger', 'David Bellinger', 'David C Bellinger', 'David C. Bellinger', 'David C. Bellinger (69691)', 'David\xa0C. Bellinger']",385,36570,98,44,david c.,bellinger,b,david c. bellinger,A5103552726,d bellinger
A5113455210,,Sandra Fernandes,"['S. Fernandes', 'Sandra Fernandes']",9,177,7,3,sandra,fernandes,f,sandra fernandes,A5113455210,s fernandes
A5024061075,https://orcid.org/0000-0002-2099-0115,Mark Lokanan,"['Lokanan, Mark', 'Mark E. Lokanan', 'Mark Eshwar Lokanan', 'Mark Lokanan']",88,990,16,4,mark,lokanan,l,mark lokanan,A5024061075,m lokanan
A5051673242,https://orcid.org/0000-0003-0478-5987,Caroline Lohrisch,"['C LOHRISCH', 'C Lohrisch', 'C. A. Lohrisch', 'C. Lohrisch', 'C.A. Lohrisch', 'Caroline A. Lohrisch', 'Caroline Lohrisch', 'Lohrisch, C.', 'Lohrisch, Caroline']",171,9473,29,12,caroline,lohrisch,l,caroline lohrisch,A5051673242,c lohrisch
A5026790575,https://orcid.org/0000-0001-8037-2178,A. J. Nicholson,"['A J Nicholson', 'A NICHOLSON', 'A Nicholson', 'A. J. NICHOLSON', 'A. J. Nicholson', 'A. Nicholson', 'A.J. Nicholson', 'Amber Nicholson', 'Nicholson, A', 'Nicholson, A J', 'Nicholson, Amber']",86,3004,14,16,a. j.,nicholson,n,a. j. nicholson,A5026790575,a nicholson
A5036628869,,Claire R. Y. Shih,"['Claire R. Y. Shih', 'Claire Shih', 'Shih, Claire R. Y.']",7,63,4,1,claire r. y.,shih,s,claire r. y. shih,A5036628869,c shih
A5039370835,,Joshua Kanaganayagam,"['Joshua Kanaganayagam', 'Kanaganayagam, J.', 'Kanaganayagam, Joshua']",7,180,2,4,joshua,kanaganayagam,k,joshua kanaganayagam,A5039370835,j kanaganayagam
A5060568804,,Eunice H. Chin,"['Chin, Eunice Hannah', 'E. H. Chin', 'E.H. Chin', 'Eunice Chin', 'Eunice H Chin', 'Eunice H. Chin', 'Eunice\xa0H. Chin']",27,1192,15,6,eunice h.,chin,c,eunice h. chin,A5060568804,e chin
A5012740508,,Zhiqi Yin,"['Yin, Zhiqi', 'Zhiqi Yin']",6,64,3,1,zhiqi,yin,y,zhiqi yin,A5012740508,z yin
A5100348255,https://orcid.org/0000-0001-6748-6832,Yi-Ting Chen,"['Chen, Yi-Ting', 'Yi Ting Chen', 'Yi-Ting Chen', 'Yiting Chen']",26,223,7,18,yi-ting,chen,c,yi-ting chen,A5100348255,y chen
A5064542404,https://orcid.org/0000-0002-6295-3347,Andreea Bratu,"['A Bratu', 'Andreea Bratu', 'Bratu, Andreea']",19,140,7,14,andreea,bratu,b,andreea bratu,A5064542404,a bratu
A5113448529,,Tim Hill,"['T. Hill', 'Tim Hill']",18,15,3,2,tim,hill,h,tim hill,A5113448529,t hill
A5084174653,https://orcid.org/0000-0002-2790-2640,Alessandra Bordini,"['Alessandra Bordini', 'Bordini, Alessandra']",12,22,2,2,alessandra,bordini,b,alessandra bordini,A5084174653,a bordini
A5073868515,,Sheila A. Nyman,"['S Nyman', 'Sheila A. Nyman', 'Sheila Nyman']",9,302,4,3,sheila a.,nyman,n,sheila a. nyman,A5073868515,s nyman
A5109246427,,Alison Moore,"['A J Moore', 'A Moore', 'A. A. Moore', 'A. MOORE', 'A. Moore', 'A.J Moore', 'A.J. Moore', 'ALISON MOORE', 'Alison J Moore', 'Alison J Moore (Benoît)', 'Alison J. Moore', 'Alison Moore', 'Moore, Alison J.']",75,4508,26,21,alison,moore,m,alison moore,A5109246427,a moore
A5029814392,https://orcid.org/0000-0003-0545-5779,Mohammad Arafat Hussain,"['Hussain, Mohammad Arafat', 'M. A. I. Mohammad Hussain', 'M. Hussain', 'Mohammad Arafat Hussain', 'Mohammad Hussain', 'Mohammed Wajahat Hussain', 'Muhammad Toheed Hussain']",60,841,14,21,mohammad arafat,hussain,h,mohammad arafat hussain,A5029814392,m hussain
A5039287543,https://orcid.org/0000-0002-3072-5657,Deirdre Weymann,"['D Weymann', 'D. Weymann', 'Deirdre Weymann', 'Weymann, Deirdre']",67,1175,17,10,deirdre,weymann,w,deirdre weymann,A5039287543,d weymann
A5089873802,https://orcid.org/0000-0001-5897-2919,Aytek Soner Alpan,['Aytek Soner Alpan'],15,15,1,2,aytek soner,alpan,a,aytek soner alpan,A5089873802,a alpan
A5034048445,https://orcid.org/0000-0002-2960-6917,J.K. Cavers,"['Cavers, James K.', 'Cavers, James Kennedy', 'J Cavers', 'J. Cavers', 'J. K. CAVERS', 'J. K. Cavers', 'J.K Cavers', 'J.K. Cavers', 'James Cavers', 'James K. Cavers']",135,4913,28,10,j.k.,cavers,c,j.k. cavers,A5034048445,j cavers
A5080206380,https://orcid.org/0009-0007-6882-7329,Maziyar Nazemi,"['M.K. Nazemi', 'Maziyar Nazemi']",19,377,9,2,maziyar,nazemi,n,maziyar nazemi,A5080206380,m nazemi
A5015072695,https://orcid.org/0000-0003-2295-393X,Jane A. Buxton,"['Buxton, Jane', 'Buxton, Jane A.', 'J A Buxton', 'J Buxton', 'J. A. Buxton', 'J. BUXTON', 'J. Buxton', 'J.A. Buxton', 'JANE BUXTON', 'Jane A Buxton', 'Jane A. Buxton', 'Jane Alison Buxton', 'Jane Buxton', 'Jane Buxton, MBBS, MHSc, FRCPC', 'Jane\xa0A. Buxton', 'Jane\u2003A. Buxton']",439,10436,54,69,jane a.,buxton,b,jane a. buxton,A5015072695,j buxton
A5056685601,,David Guan,"['David Guan', 'Guan, David']",11,18,2,2,david,guan,g,david guan,A5056685601,d guan
A5021927954,https://orcid.org/0000-0002-7406-7828,Yan Zhang,"['Yan ZHANG', 'Yan Zhang', 'Zhang, Yan', 'yan zhang']",86,876,16,54,yan,zhang,z,yan zhang,A5021927954,y zhang
A5076671501,https://orcid.org/0000-0002-6520-0818,Zuzana Vasko,"['Vasko, Zuzana', 'Zuzana Vasko']",9,20,2,1,zuzana,vasko,v,zuzana vasko,A5076671501,z vasko
A5110972293,,Brian Hendriks,"['B Hendriks', 'B. Hendriks', 'B.J. Hendriks', 'Brian  J. Hendriks', 'Brian Hendriks', 'Brian J Hendriks', 'Brian J. Hendriks']",13,135,7,3,brian,hendriks,h,brian hendriks,A5110972293,b hendriks
A5014257393,https://orcid.org/0000-0003-3131-8014,Jiaxin Gu,"['Gu, Jiaxin', 'Jiaxin Gu']",26,583,12,9,jiaxin,gu,g,jiaxin gu,A5014257393,j gu
A5101902534,https://orcid.org/0000-0002-8307-021X,Ke Wang,"['Ke Wang', 'Ke Wang -', 'Wang Ke', 'Wang, Ke', 'Xiangyang Wu']",34,2656,14,11,ke,wang,w,ke wang,A5101902534,k wang
A5083145701,https://orcid.org/0000-0003-1075-5573,Na Lu,"['Charles Helmick', 'Lu Na', 'Lu, Na', 'N Lu', 'N. Lu', 'Na Lu', 'Ngan Lam Lu', 'Nuriye lu']",123,3431,30,47,na,lu,l,na lu,A5083145701,n lu
A5055257365,https://orcid.org/0000-0002-2281-5695,Santiago Benavides,"['Benavides, Santiago', 'Benavides, Santiago J.', 'Benavides, Santiago Jose', 'S Benavides', 'S. Benavides', 'S. J. Benavides', 'Santiago Benavides', 'Santiago J Benavides', 'Santiago J. Benavides', 'Santiago Jose Benavides']",55,432,8,11,santiago,benavides,b,santiago benavides,A5055257365,s benavides
A5059077284,https://orcid.org/0000-0001-5968-8637,Bev Holmes,"['B Holmes', 'B. Holmes', 'B. J. Holmes', 'Bev Holmes', 'Bev J Holmes', 'Bev J. Holmes', 'Holmes, Bev']",59,2255,20,6,bev,holmes,h,bev holmes,A5059077284,b holmes
A5016662601,https://orcid.org/0000-0003-4918-0746,Majid Kheirkhah,"['Kheirkhah, Majid', 'Majid Kheirkhah']",15,216,6,2,majid,kheirkhah,k,majid kheirkhah,A5016662601,m kheirkhah
A5033346203,https://orcid.org/0000-0003-0631-3107,Ashley Edwards,['Ashley Edwards'],9,1235,3,1,ashley,edwards,e,ashley edwards,A5033346203,a edwards
A5063505971,https://orcid.org/0000-0002-0858-3963,Claudia Zuber,"['C ZUBER', 'C Zuber', 'C. Zuber', 'Claudia Zuber', 'Zuber, Claudia']",73,586,11,6,claudia,zuber,z,claudia zuber,A5063505971,c zuber
A5005876058,https://orcid.org/0000-0003-1443-8997,Johannes Meyer,"['J. C. Meyer', 'Johannes C. Meyer', 'Johannes Meyer']",20,198,8,6,johannes,meyer,m,johannes meyer,A5005876058,j meyer
A5089049797,https://orcid.org/0009-0001-6819-8282,Sai Raj Kishore Perla,"['Perla, Sai Raj Kishore', 'Sai Raj Kishore Perla']",7,15,2,1,sai raj kishore,perla,p,sai raj kishore perla,A5089049797,s perla
A5115565922,https://orcid.org/0000-0002-0023-3248,Bowen Chen,"['BoWen Chen', 'Bowen Chen', 'Chen, Bowen', 'Deqi Li', 'Guangsheng Tu']",61,680,12,32,bowen,chen,c,bowen chen,A5115565922,b chen
A5101639281,https://orcid.org/0000-0002-0404-660X,Qingxin Zhang,"['Qing-Xin Zhang', 'Qingxin Zhang']",25,336,8,11,qingxin,zhang,z,qingxin zhang,A5101639281,q zhang
A5048441271,https://orcid.org/0000-0002-4653-525X,Juan Nicolás Peña-Sánchez,"['J -N Pena-Sanchez', 'J N Peña-Sánchez', 'J Pena-Sanchez', 'J Peña-Sánchez', 'J.N. Peña-Sánchez', 'Juan Nicolas Pena-Sanchez', 'Juan Nicolas Peña-Sánchez', 'Juan Nicolás Peña Sánchez', 'Juan Nicolás Peña-Sánchez', 'Juan-Nicolas Pena-Sanchez', 'Juan-Nicolás Peña-Sánchez', 'Juan‐Nicolás Peña‐Sánchez']",128,1872,22,16,juan nicolás,peña-sánchez,p,juan nicolás peña-sánchez,A5048441271,j peña-sánchez
A5112904089,,Anna Estany,"['Anna ESTANY', 'Anna Estany', 'Estany, Anna']",61,244,8,19,anna,estany,e,anna estany,A5112904089,a estany
A5016364134,https://orcid.org/0000-0002-8651-9094,Hansi Singh,"['H. A. Singh', 'Hansi A Singh', 'Hansi A. Singh', 'Hansi Alice Singh', 'Hansi K. A. Singh', 'Hansi Singh', 'Singh, Hansi', 'Singh, Hansi A.', 'Singh, Hansi Alice', 'Singh, Hansi K', 'Singh, Hansi K.A.']",112,984,18,13,hansi,singh,s,hansi singh,A5016364134,h singh
A5061279239,https://orcid.org/0000-0002-9875-4083,Yaobin Chen,"['Angelos Amditis', 'Chen Yaobin', 'Chen, Yaobin', 'Li, Lingxi', 'Matthew Barth', 'Takeda Senior', 'Xiao Wang', 'Y Chen', 'Y. Chen', 'Y.B. Chen', 'YAOBIN CHEN', 'Yaobin Chen', 'Yaobln Chen', 'Yihan Chen']",319,3254,26,38,yaobin,chen,c,yaobin chen,A5061279239,y chen
A5020282857,https://orcid.org/0000-0002-1958-8102,Christine A. Bishop,"['Bishop, Christine', 'C A Bishop', 'C. A. BISHOP', 'C. A. Bishop', 'C. Bishop', 'C.A. Bishop', 'CHRISTINE A. BISHOP', 'Christine A Bishop', 'Christine A. Bishop', 'Christine Bishop']",170,5050,41,16,christine a.,bishop,b,christine a. bishop,A5020282857,c bishop
A5005052567,https://orcid.org/0000-0003-0447-1953,Denise Y. Geiskkovitch,"['Denise Geiskkovitch', 'Denise Y. Geiskkovitch']",33,427,10,5,denise y.,geiskkovitch,g,denise y. geiskkovitch,A5005052567,d geiskkovitch
A5011091962,https://orcid.org/0009-0007-5426-9768,Suemin Lee,"['Lee, Suemin', 'S.H. Lee', 'Suemin Lee']",28,314,8,8,suemin,lee,l,suemin lee,A5011091962,s lee
A5088872913,https://orcid.org/0000-0001-9465-7326,John M. Esdaile,"['Esdaile, J.', 'Esdaile, John M.', 'J Esdaile', 'J M Esdaile', 'J. Esdaile', 'J. M. ESDAILE', 'J. M. Esdaile', 'J.M Esdaile', 'J.M. Esdaile', 'JOHN ESDAILE', 'JOHN M. ESDAILE', 'John Esdaile', 'John M Esdaile', 'John M. Esdaile', 'Marjan Van']",396,22815,74,62,john m.,esdaile,e,john m. esdaile,A5088872913,j esdaile
A5100462915,https://orcid.org/0000-0002-0962-2661,Minju Kim,"['Min-Ju Kim', 'Minju Kim', 'Qamar Tabrez Siddiqui']",87,1232,23,34,minju,kim,k,minju kim,A5100462915,m kim
A5040232191,https://orcid.org/0009-0004-3884-3051,Alex Kent,"['Alex J Kent', 'Alex J. Kent', 'Alex Kent', 'Kent, Alex']",21,206,5,10,alex,kent,k,alex kent,A5040232191,a kent
A5071800035,https://orcid.org/0000-0001-9189-967X,Florence Ashley,"['F. Ashley', 'Florence Ashley']",72,1908,23,11,florence,ashley,a,florence ashley,A5071800035,f ashley
A5009739177,https://orcid.org/0000-0003-3628-0879,Karen Yeates,"['Erkin Mirrakhimov', 'K Yeates', 'K. E. Yeates', 'K. Yeates', 'K.E. Yeates', 'K.e. Yeates', 'Karen E Yeates', 'Karen E. Yeates', 'Karen Elizabeth Yeates', 'Karen Yeates', 'Yeates, Karen']",291,17083,65,34,karen,yeates,y,karen yeates,A5009739177,k yeates
A5070757710,https://orcid.org/0000-0003-2192-6681,Kitty Corbett,"['K CORBETT', 'K Corbett', 'K. Corbett', 'KITTY CORBETT', 'Kitty Corbett', 'Kitty K Corbett', 'Kitty K. Corbett']",73,2923,28,20,kitty,corbett,c,kitty corbett,A5070757710,k corbett
A5040315928,https://orcid.org/0000-0001-6681-9842,Paulos Teckle,"['P Teckle', 'P. Teckle', 'Paulos Teckle']",21,489,10,9,paulos,teckle,t,paulos teckle,A5040315928,p teckle
A5058104984,https://orcid.org/0000-0002-1680-5634,Adam N. Rorabaugh,"['Adam N. Rorabaugh', 'Adam Rorabaugh', 'Rorabaugh, Adam', 'Rorabaugh, Adam N.']",17,77,4,5,adam n.,rorabaugh,r,adam n. rorabaugh,A5058104984,a rorabaugh
A5018663683,https://orcid.org/0000-0003-2350-2073,Tatsuya Ishii,"['Ishii, Tatsuya', 'T Ishii', 'T. Ishii', 'Tatsuya ISHII', 'Tatsuya Ishii', 'Tatsuya Ishii Tatsuya Ishii']",87,3272,20,35,tatsuya,ishii,i,tatsuya ishii,A5018663683,t ishii
A5022468710,https://orcid.org/0000-0001-6579-7442,Jianghu Dong,"['Dong, Jianghu', 'J Dong', 'J. Dong', 'Jianghu (James) Dong', 'Jianghu Dong', 'Jianghu J Dong', 'Jianghu J. Dong', 'Jianghu James Dong', 'Jianghu(James) Dong']",57,1273,16,10,jianghu,dong,d,jianghu dong,A5022468710,j dong
A5007472656,https://orcid.org/0000-0001-8502-6725,Andreu Arinyo-i-Prats,"['Andreu Arinyo i Prats', 'Andreu Arinyo-i-Prats', 'Arinyo-i-Prats, Andreu']",18,210,7,10,andreu,arinyo-i-prats,a,andreu arinyo-i-prats,A5007472656,a arinyo-i-prats
A5110003720,,P Atwal,"['P Atwal', 'P. Atwal', 'PS Atwal']",12,46,3,4,p,atwal,a,p atwal,A5110003720,p atwal
A5084395533,,Olivia Cornies,"['Cornies, Olivia', 'Olivia Cornies']",7,7,1,6,olivia,cornies,c,olivia cornies,A5084395533,o cornies
A5037110618,https://orcid.org/0000-0002-7467-1355,Qiang Fu,"['Fu, Qiang', 'Q. Fu', 'Q. Y. Fu', 'Qiang Fu', 'Won Jee']",107,1460,21,26,qiang,fu,f,qiang fu,A5037110618,q fu
A5021903302,,Sandeep K. Dhillon,"['S Dhillon', 'S. Dhillon', 'Sandeep Dhillon', 'Sandeep K. Dhillon', 'Sandeep K. Dhillon, MD']",26,237,5,12,sandeep k.,dhillon,d,sandeep k. dhillon,A5021903302,s dhillon
A5053806964,https://orcid.org/0000-0001-9794-9439,Minoru German Higa Júnior,"['M Higa', 'M. G. Higa Júnior', 'Minoru G. Higa', 'Minoru German HIGA JÚNIOR', 'Minoru German Higa', 'Minoru German Higa Junior', 'Minoru German Higa Júnior', 'Minoru German Higa-Júnior', 'Minoru Higa']",32,232,9,8,minoru german higa,júnior,j,minoru german higa júnior,A5053806964,m júnior
A5079074239,https://orcid.org/0000-0002-7560-7718,Shera Fisk,"['Fisk, Shera', 'S Fisk', 'S. K. Fisk', 'Shera Fisk']",23,170,8,6,shera,fisk,f,shera fisk,A5079074239,s fisk
A5015910891,,Brian S. Thomson,"['B. S. Thomson', 'Brian S. Thomson', 'Brian Thomson', 'Thomson, Brian']",93,539,13,5,brian s.,thomson,t,brian s. thomson,A5015910891,b thomson
A5019215400,https://orcid.org/0000-0002-6857-580X,Michael Richards,"['M Richards', 'M. D. Richards', 'MICHAEL RICHARDS', 'Michael D. Richards', 'Michael Richards', 'Richards, Michael']",157,681,14,11,michael,richards,r,michael richards,A5019215400,m richards
A5073574723,,John R. Weekes,"['J R Weekes', 'J Weekes', 'JOHN R. WEEKES', 'John R. Weekes', 'John Weekes', 'Weekes, J']",61,1827,19,13,john r.,weekes,w,john r. weekes,A5073574723,j weekes
A5010954600,https://orcid.org/0000-0003-4850-5801,Babak Kasraei,['Babak Kasraei'],7,188,4,1,babak,kasraei,k,babak kasraei,A5010954600,b kasraei
A5043902791,https://orcid.org/0000-0001-6111-3824,Kyle MacDonald,"['Frank, Michael C.', 'Kyle E. MacDonald', 'Kyle Earl MacDonald', 'Kyle MacDonald', 'MacDonald, Kyle']",58,1068,14,18,kyle,macdonald,m,kyle macdonald,A5043902791,k macdonald
A5101529212,https://orcid.org/0000-0003-0711-1646,Shivani Kundra,"['S Kundra', 'S. Kundra', 'Shivani Kundra']",12,193,7,5,shivani,kundra,k,shivani kundra,A5101529212,s kundra
A5030704509,https://orcid.org/0000-0003-3327-7615,Eric Grafstein,"['E Grafstein', 'E. Grafstein', 'E. J Grafstein', 'ERIC GRAFSTEIN', 'Eric Grafstein']",146,4151,37,37,eric,grafstein,g,eric grafstein,A5030704509,e grafstein
A5052538971,https://orcid.org/0000-0001-5209-5150,Mikko Kainulainen,['Mikko Kainulainen'],11,73,3,8,mikko,kainulainen,k,mikko kainulainen,A5052538971,m kainulainen
A5112081488,,Dipika Desai,"['Desai, Dipika', 'Dipika Desai', 'Dipika Desai (347048)']",117,2228,29,17,dipika,desai,d,dipika desai,A5112081488,d desai
A5060073762,https://orcid.org/0000-0002-1890-8733,MohammadAmin Bahrami,"['M.A. Bahrami', 'Mohammad Amin Bahrami', 'MohammadAmin Bahrami', 'Mohammadamin Bahrami']",18,148,7,3,mohammadamin,bahrami,b,mohammadamin bahrami,A5060073762,m bahrami
A5083844160,https://orcid.org/0000-0003-4241-4554,Johan du Buisson,"['Buisson, Johan du', 'J du Buisson', 'Johan du Buisson']",12,128,6,2,johan du,buisson,b,johan du buisson,A5083844160,j buisson
A5011688392,https://orcid.org/0000-0002-3507-8989,Antoine Dillinger,"['A. Dillinger', 'Antoine Dillinger', 'Antoine Dillinger*', 'Dillinger, Antoine Xavier']",21,205,9,5,antoine,dillinger,d,antoine dillinger,A5011688392,a dillinger
A5070548182,https://orcid.org/0000-0002-7660-6063,Justin Long,"['J B Long', 'J. B. Long', 'J. Long', 'J.B. Long', 'Justin B Long', 'Justin B. Long', 'Justin Long']",39,1156,12,26,justin,long,l,justin long,A5070548182,j long
A5102908944,https://orcid.org/0000-0002-8902-7968,Yuting Cao,"['Cao, Yuting', 'Yu-Ting CAO', 'Yu-ting Cao', 'Yuting Cao']",151,4750,41,30,yuting,cao,c,yuting cao,A5102908944,y cao
A5056727262,,Eldritch Priest,"['ELDRITCH PRIEST', 'Eldritch Priest', 'eldritch Priest']",18,147,4,2,eldritch,priest,p,eldritch priest,A5056727262,e priest
A5018933462,https://orcid.org/0000-0003-0779-6200,Annemieke Milks,"['Annemieke Giselle Milks', 'Annemieke Milks', 'Milks, Annemieke']",40,529,13,14,annemieke,milks,m,annemieke milks,A5018933462,a milks
A5018520854,https://orcid.org/0000-0002-0007-972X,Anna De Fina,"['A. De Fina', 'ANNA DE FINA', 'Anna De Fina', 'Anna De\xa0Fina', 'Anna Fina', 'Anna de Fina', 'De Fina, Anna', 'De Fina, Anna 1953-']",178,9594,41,51,anna de,fina,f,anna de fina,A5018520854,a fina
A5072259997,https://orcid.org/0000-0002-5334-1939,Laton Vermette,"['Laton Vermette', 'Vermette, Laton']",8,67,4,3,laton,vermette,v,laton vermette,A5072259997,l vermette
A5021807484,https://orcid.org/0000-0002-3461-4305,C. Shaw,"['C SHAW', 'C Shaw', 'C. SHAW', 'C. Shaw', 'CHRISTOPHER SHAW', 'Chris R. Shaw', 'Chris Shaw', 'Christopher R. Shaw', 'Christopher Shaw', 'Christopher shaw', 'Shaw, C', 'Shaw, Chris', 'Shaw, Christopher']",221,4989,40,29,c.,shaw,s,c. shaw,A5021807484,c shaw
A5079665881,https://orcid.org/0000-0002-6599-3344,Maeve Cyr,"['M. Cyr', 'Maeve Cyr']",6,172,5,2,maeve,cyr,c,maeve cyr,A5079665881,m cyr
A5023123222,https://orcid.org/0000-0003-1692-7938,Melanie J. Monroe,"['M. J. MONROE', 'M. J. Monroe', 'Melanie J. Monroe', 'Melanie Monroe', 'Melanie\xa0J. Monroe', 'Monroe, Melanie', 'Monroe, Melanie J.']",21,219,8,6,melanie j.,monroe,m,melanie j. monroe,A5023123222,m monroe
A5009512615,https://orcid.org/0000-0003-2160-6709,Chakaveh Ahmadizadeh,"['Ahmadizadeh, Chakaveh', 'Chakaveh Ahmadizadeh']",25,371,10,6,chakaveh,ahmadizadeh,a,chakaveh ahmadizadeh,A5009512615,c ahmadizadeh
A5038440305,https://orcid.org/0000-0002-1569-3933,Evan A. Hutcheon,"['Evan A. Hutcheon', 'Evan Hutcheon', 'Hutcheon, Evan']",9,33,3,1,evan a.,hutcheon,h,evan a. hutcheon,A5038440305,e hutcheon
A5059498326,https://orcid.org/0000-0002-8053-9422,Christine A. Hemingway,"['C. Hemingway', 'Christine A. Hemingway', 'Christine Hemingway']",35,2176,11,14,christine a.,hemingway,h,christine a. hemingway,A5059498326,c hemingway
A5093278375,https://orcid.org/0000-0001-5664-7274,M. D. H. K. G. Badanage,"['M. D. H. K. G. Badanage', 'M.D.H.K.G. Badanage']",6,6,1,2,m. d. h. k. g.,badanage,b,m. d. h. k. g. badanage,A5093278375,m badanage
A5059869045,,Carl Washburn,['Carl Washburn'],7,41,3,4,carl,washburn,w,carl washburn,A5059869045,c washburn
A5076425546,,Kate Tairyan,"['K. Tairyan', 'Kate Tairyan', 'Tairyan Kate']",14,388,6,4,kate,tairyan,t,kate tairyan,A5076425546,k tairyan
A5056831316,,Frédéric Boily,"['FRÉDÉRIC BOILY', 'Frdric Boily', 'Frederic BOILY', 'Frederic Boily', 'Frédéric Boily']",152,137,5,34,frédéric,boily,b,frédéric boily,A5056831316,f boily
A5081384705,https://orcid.org/0000-0002-7081-796X,Émilie Joos,"['D Evans', 'E JOOS', 'E Joos', 'E. Joos', 'Emilie Joos', 'Joos E', 'Joos, Emilie', 'R George', 'Émilie Joos']",88,508,12,60,émilie,joos,j,émilie joos,A5081384705,é joos
A5068744771,https://orcid.org/0000-0002-4336-4352,Jinyan Zhao,"['J Zhao', 'J. Zhao', 'Jie Zhang', 'Jin-Yan Zhao', 'Jin-yan Zhao', 'Jinyan Zhao']",84,1705,21,14,jinyan,zhao,z,jinyan zhao,A5068744771,j zhao
A5102904331,,Joseph M. Egan,"['Egan, Joseph', 'Egan, Joseph M', 'Egan, Joseph M.', 'J. Egan', 'Joseph M. Egan']",18,958,9,6,joseph m.,egan,e,joseph m. egan,A5102904331,j egan
A5043519692,https://orcid.org/0000-0002-8110-368X,Kevin Wagner,"['K. R. Wagner', 'Kevin R Wagner', 'Kevin R. Wagner', 'Kevin Wagner']",7,164,4,3,kevin,wagner,w,kevin wagner,A5043519692,k wagner
A5009546214,https://orcid.org/0000-0002-2624-640X,Steven Reynolds,"['Reynolds, S.', 'Reynolds, Steven', 'S Reynolds', 'S. Reynolds', 'S.C. Reynolds', 'Steven C Reynolds', 'Steven C. Reynolds', 'Steven Campbell Reynolds', 'Steven Reynolds']",126,2568,23,55,steven,reynolds,r,steven reynolds,A5009546214,s reynolds
A5001578135,https://orcid.org/0000-0003-0844-5023,Ke Wang,"['Ke Wang', 'Wang Ke', 'Wang, Ke']",36,526,13,17,ke,wang,w,ke wang,A5001578135,k wang
A5023126993,https://orcid.org/0000-0001-6012-8418,Timothy Jacobs Hicks,"['Hicks, Timothy', 'Hicks, Timothy (University College London)', 'Hicks, Timothy (University College London); Jacobs, Alan M. (University Of British Columbia); Matthews, J. Scott (Memorial University Of Newfoundland)', 'TIMOTHY HICKS', 'Tim Hicks', 'Timothy Hicks', 'Timothy Jacobs Hicks']",289,403,9,17,timothy jacobs,hicks,h,timothy jacobs hicks,A5023126993,t hicks
A5109283863,https://orcid.org/0009-0002-8335-2935,Hao Fang,"['Fang Hao', 'Fang, Hao', 'Hao Fang', 'Hao, Fang']",35,1022,12,13,hao,fang,f,hao fang,A5109283863,h fang
A5044416135,,Liang Diao,"['Diao, Liang', 'Liang Diao']",11,5,1,4,liang,diao,d,liang diao,A5044416135,l diao
A5028051779,,Ivy Chow,"['I Chow', 'Ivy Chow']",18,348,6,13,ivy,chow,c,ivy chow,A5028051779,i chow
A5016800459,https://orcid.org/0000-0002-8556-415X,Janette Sam,"['J Sam', 'J. P. Femina Sam', 'Janette Sam']",13,69,5,7,janette,sam,s,janette sam,A5016800459,j sam
A5065018997,https://orcid.org/0000-0003-2813-4505,Paul Prior,"['P Prior', 'P. F. Prior', 'PAUL PRIOR', 'Paul A. Prior', 'Paul Prior', 'Paul V. Prior', 'Prior, Paul', 'Prior, Paul; Solberg, Janine; Berry, Patrick; Bellwoar, Hannah; Chewning, Bill; Lunsford, Karen J.; Rohan, Liz; Roozen, Kevin; Sheridan-Rabideau, Mary P.; Shipka, Jody; Van Ittersum, Derek; Walker, Joyce R.']",109,3723,25,52,paul,prior,p,paul prior,A5065018997,p prior
A5041582038,https://orcid.org/0000-0002-3727-1918,Xavier Faure,"['FAURE, Xavier', 'FAURE, Xavier Jean Charles.', 'Faure, X.', 'Faure, Xavier', 'M. Garcia', 'X. Faure', 'Xavier FAURE', 'Xavier Faure', 'Xavier Jean Charles Faure']",56,286,9,18,xavier,faure,f,xavier faure,A5041582038,x faure
A5050482813,,Neha Shivhare,['Neha Shivhare'],6,7,1,2,neha,shivhare,s,neha shivhare,A5050482813,n shivhare
A5068065254,https://orcid.org/0000-0001-9979-1524,Miranda L. Schmidt,"['M. L. Schmidt', 'Miranda L. Schmidt', 'Miranda\xa0L. Schmidt']",15,266,7,3,miranda l.,schmidt,s,miranda l. schmidt,A5068065254,m schmidt
A5030845033,https://orcid.org/0000-0003-0358-3160,Lijie Wen,"['Junnan Shen', 'L. Wen', 'Li Wen', 'Li-jie Wen', 'LiJie Wen', 'Lijie Wen', 'Wen Lijie', 'Wen, Lijie']",273,4632,30,31,lijie,wen,w,lijie wen,A5030845033,l wen
A5049113486,https://orcid.org/0000-0002-8042-190X,Richard Sawatzky,"['R. Sawatzky', 'Richard G. Sawatzky', 'Richard Sawatzky', 'Rick Sawatzky', 'Sawatzky R', 'Sawatzky Richard', 'Sawatzky, R.', 'Sawatzky, Richard']",196,4172,36,51,richard,sawatzky,s,richard sawatzky,A5049113486,r sawatzky
A5022136755,https://orcid.org/0000-0003-4119-6698,Serena Canaan,"['Canaan, Serena', 'S Canaan', 'Serena Canaan']",40,315,10,12,serena,canaan,c,serena canaan,A5022136755,s canaan
A5011482166,https://orcid.org/0000-0002-8485-3646,Nissim Cohen,"['Cohen, N.', 'Cohen, N.A.', 'Cohen, Nissim', 'N Andrew Cohen', 'N Cohen', 'N. Andrew Cohen', 'N. Cohen', 'NISSIM COHEN', 'Nissim (Nessi) Cohen', 'Nissim Cohen']",148,3705,30,13,nissim,cohen,c,nissim cohen,A5011482166,n cohen
A5020987546,,Eliav Danziger,"['Danziger, Eliav', 'Eliav Danziger']",14,37,2,3,eliav,danziger,d,eliav danziger,A5020987546,e danziger
A5029831289,https://orcid.org/0000-0002-1243-0767,Nabil-Fareed Alikhan,"['Alikhan, Nabil', 'Alikhan, Nabil-Fareed', 'N Alikhan', 'Nabil-Fareed Alikhan']",143,12852,33,17,nabil-fareed,alikhan,a,nabil-fareed alikhan,A5029831289,n alikhan
A5043479480,https://orcid.org/0000-0003-1180-2028,Woochul Kim,"['W. S. Kim', 'Woochul Kim']",8,10,2,1,woochul,kim,k,woochul kim,A5043479480,w kim
A5114160830,https://orcid.org/0000-0002-8503-5063,Sara Hosseini,"['Hosseini, Sara', 'Sara Hosseini']",9,165,4,10,sara,hosseini,h,sara hosseini,A5114160830,s hosseini
A5087160186,https://orcid.org/0000-0002-0984-6956,Yang Wang,"['Y. Wang', 'Yang WANG', 'Yang Wang']",68,3076,24,44,yang,wang,w,yang wang,A5087160186,y wang
A5063291716,,Petra Menz,"['Menz, Petra', 'Menz, Petra Margarete', 'Petra M. Menz', 'Petra Menz']",15,87,5,2,petra,menz,m,petra menz,A5063291716,p menz
A5083084430,https://orcid.org/0000-0002-6871-6633,Wadood Abdul,"['Abdul Wadood', 'Abdul, Wadood M', 'W. Abdul', 'Wadood Abdul']",106,3918,31,7,wadood,abdul,a,wadood abdul,A5083084430,w abdul
A5059549026,https://orcid.org/0000-0002-5776-0591,Guillermo Caballero‐García,"['Caballero-García, Guillermo', 'Guillermo Caballero-García', 'Guillermo Caballero‐García']",15,113,6,4,guillermo,caballero‐garcía,c,guillermo caballero‐garcía,A5059549026,g caballero‐garcía
A5079450357,https://orcid.org/0000-0002-7186-2543,Zhi‐Ming Yu,"['Yu, Zhi-Ming', 'Yu, Zhiming', 'Z Yu', 'Z. Yu', 'Z. Yü', 'Z.-M. Yu', 'Z.M. Yu', 'ZHI-MING YU', 'Zehao 泽浩 Yu 于', 'Zhengbao Yu', 'Zhengxuan Yu', 'Zhi-Ming YU', 'Zhi-Ming Yu', 'Zhi-ming YU', 'Zhi-ming Yu', 'Zhiming Yu', 'Zhi‐Ming Yu', 'Zibin Yu']",261,10754,47,38,zhi‐ming,yu,y,zhi‐ming yu,A5079450357,z yu
A5002799741,https://orcid.org/0000-0002-8986-7959,Yuen Pau Woo,['Yuen Pau Woo'],14,61,3,3,yuen pau,woo,w,yuen pau woo,A5002799741,y woo
A5005823017,,Sarah Turner,['Sarah Turner'],10,39,3,2,sarah,turner,t,sarah turner,A5005823017,s turner
A5054110567,https://orcid.org/0000-0001-8494-7899,Eric W. Jones,"['E. W. Jones', 'E.W. Jones', 'E.W.G. Jones', 'Eric Jones', 'Eric W Jones', 'Eric W. Jones', 'Jones, Eric', 'Jones, Eric W.', 'Jones,Eric W']",57,1178,15,9,eric w.,jones,j,eric w. jones,A5054110567,e jones
A5067096653,https://orcid.org/0000-0002-4880-8311,Aishwarya Sridhar,['Aishwarya Sridhar'],17,52,4,7,aishwarya,sridhar,s,aishwarya sridhar,A5067096653,a sridhar
A5075311772,https://orcid.org/0000-0002-7130-439X,Zhaopeng Cui,"['Chenxuan Cao', 'Cui, Zhaopeng', 'Z Cui', 'Zhaopeng Cui']",156,4299,31,13,zhaopeng,cui,c,zhaopeng cui,A5075311772,z cui
A5031598855,https://orcid.org/0000-0001-5214-4776,Kate Smolina,"['K Smolina', 'K. Smolina', 'Kate Smolina', 'Smolina, Kate']",68,2186,23,19,kate,smolina,s,kate smolina,A5031598855,k smolina
A5111487598,,Kathleen Webster,"['K D Webster', 'K Webster', 'K. Webster', 'Kathleen S. Webster', 'Kathleen Webster']",23,227,5,17,kathleen,webster,w,kathleen webster,A5111487598,k webster
A5015084242,,Judy Zaichkowsky,"['J. L. Zaichkowsky', 'Judy Zaichkowsky']",22,458,7,2,judy,zaichkowsky,z,judy zaichkowsky,A5015084242,j zaichkowsky
A5043230165,https://orcid.org/0000-0003-3782-4006,Hilda Fernandez‐Alvarez,"['Hilda Fernandez-Alvarez', 'Hilda Fernandez‐Alvarez']",6,3,1,1,hilda,fernandez‐alvarez,f,hilda fernandez‐alvarez,A5043230165,h fernandez‐alvarez
A5046171346,,Reza Moradi,['Reza Moradi'],8,303,3,3,reza,moradi,m,reza moradi,A5046171346,r moradi
A5017996339,,Zijun Zhu,['Zijun Zhu'],6,159,2,3,zijun,zhu,z,zijun zhu,A5017996339,z zhu
A5021495731,,Peter Cho-Ho Lam,"['Lam, Peter Cho-Ho', 'P.C.F. Lam', 'Peter Cho-Ho Lam', 'Peter Cho‐Ho Lam']",10,111,4,3,peter cho-ho,lam,l,peter cho-ho lam,A5021495731,p lam
A5030359718,https://orcid.org/0000-0002-5899-4277,Aaron Pardy,"['Aaron Pardy', 'Pardy, Aaron']",14,106,5,2,aaron,pardy,p,aaron pardy,A5030359718,a pardy
A5046762049,https://orcid.org/0000-0001-8241-1564,Katerina Dolguikh,"['Dolguikh, Katerina', 'Katerina Dolguikh']",10,70,4,2,katerina,dolguikh,d,katerina dolguikh,A5046762049,k dolguikh
A5081134663,https://orcid.org/0000-0002-1564-4197,Stanley Carries,"['Stanley Carries', 'Stanley Carries (21172287)']",21,47,4,5,stanley,carries,c,stanley carries,A5081134663,s carries
A5076953547,https://orcid.org/0000-0003-0086-0900,Xiaoting Sun,"['Sun, Xiaoting', 'Xiaoting Sun']",51,1191,12,19,xiaoting,sun,s,xiaoting sun,A5076953547,x sun
A5023361030,https://orcid.org/0000-0001-5669-5188,Khalid Yusoff,"['K Yusoff', 'K. Yusoff', 'K. \xa0Yusoff', 'KHALID YUSOFF', 'Khalid YUSOFF', 'Khalid Yusoff', 'Yusoff Khalid', 'Yusoff, K.', 'Yusoff, Khalid']",222,32605,66,25,khalid,yusoff,y,khalid yusoff,A5023361030,k yusoff
A5065397864,https://orcid.org/0009-0001-3111-1825,Simran Ahmed,"['Ahmed, Simran', 'Simran Ahmed']",6,42,3,1,simran,ahmed,a,simran ahmed,A5065397864,s ahmed
A5070934381,https://orcid.org/0000-0001-8952-6292,Cheryl Koehn,"['C Koehn', 'C. Koehn', 'C.L. Koehn', 'Cheryl Koehn', 'Cheryl L Koehn', 'Cheryl L. Koehn']",76,538,14,8,cheryl,koehn,k,cheryl koehn,A5070934381,c koehn
A5061434258,https://orcid.org/0000-0001-6940-8707,Adele Quigley‐McBride,"['Adele M Quigley-McBride', 'Adele Quigley-McBride', 'Adele Quigley-Mcbride', 'Adele Quigley‐McBride', 'Quigley-McBride, Adele']",37,386,9,8,adele,quigley‐mcbride,q,adele quigley‐mcbride,A5061434258,a quigley‐mcbride
A5075655663,https://orcid.org/0000-0003-3049-9087,Ruochen Jiang,"['Jiang, Ruochen', 'R. JIANG', 'R.C. Jiang', 'Ruochen JIANG', 'Ruochen Jiang']",59,1189,18,13,ruochen,jiang,j,ruochen jiang,A5075655663,r jiang
A5101877130,https://orcid.org/0000-0001-9717-1428,Sandra Wong,"['Ching-Wei Tzeng', 'Flavio Rocha', 'Marko Simunovic', 'Sandra Wong']",30,21,3,5,sandra,wong,w,sandra wong,A5101877130,s wong
A5056121536,,Will Odom,['Will Odom'],12,102,5,4,will,odom,o,will odom,A5056121536,w odom
A5077342641,,M. E. Hayden,"['Hayden, M. E.', 'Hayden, Michael R.', 'M. E. Hayden', 'M.E. Hayden', 'M.\u2009E. Hayden', 'Michael R. Hayden']",18,369,8,13,m. e.,hayden,h,m. e. hayden,A5077342641,m hayden
A5100366888,https://orcid.org/0000-0003-3581-0997,Shuo Chen,"['CHEN Shuo', 'Chen Shuo', 'Chen, S.', 'Chen, Shuo', 'S. Chen', 'S., Chen', 'S.‐M. Chen', 'Shuo Chen', 'Shuo Chen (260745)']",155,4122,27,51,shuo,chen,c,shuo chen,A5100366888,s chen
A5035052787,https://orcid.org/0000-0002-0987-4818,Lisa Richardson,"['L. D. Richardson', 'Lisa Richardson']",50,882,18,30,lisa,richardson,r,lisa richardson,A5035052787,l richardson
A5060271871,https://orcid.org/0000-0002-5062-8678,Morgan Wright,"['M. S. Wright', 'Morgan J. Wright', 'Morgan Wright']",10,38,2,2,morgan,wright,w,morgan wright,A5060271871,m wright
A5070364170,https://orcid.org/0000-0001-6199-6823,Jolie Gareis,"['Gareis, Jolie', 'Gareis, Jolie A L', 'Jolie A. L. Gareis', 'Jolie A.L. Gareis', 'Jolie AL Gareis', 'Jolie Gareis']",15,317,8,3,jolie,gareis,g,jolie gareis,A5070364170,j gareis
A5032366774,,Tara Mahoney,"['Mahoney, Tara', 'Tara Mahoney', 'Tara Q. Mahoney']",44,609,13,6,tara,mahoney,m,tara mahoney,A5032366774,t mahoney
A5066694182,https://orcid.org/0000-0003-2423-0217,Catherine Dauvergne,"['C. DAUVERGNE', 'C. Dauvergne', 'CATHERINE DAUVERGNE', 'Catherine Dauvergne', 'Dauvergne, Catherine', 'Thomas Cushman']",91,1729,19,13,catherine,dauvergne,d,catherine dauvergne,A5066694182,c dauvergne
A5068601871,https://orcid.org/0000-0003-3699-3545,Mohsen Salimi,"['M. H. Salimi', 'Mohsen Salimi', 'Salimi, Mohsen']",22,419,7,7,mohsen,salimi,s,mohsen salimi,A5068601871,m salimi
A5101492133,https://orcid.org/0000-0003-2763-7039,Hang Zhou,"['H. Zhou', 'Hang Zhou', 'Zhou Hang', 'Zhou, Hang']",55,2313,21,28,hang,zhou,z,hang zhou,A5101492133,h zhou
A5112415939,,Türkü Özlüm Çelik,"['Celik T. O.', 'Celik, Turku Ozlum', 'Celik, Türkü Özlüm', 'Turku Ozlum Celik', 'Türkü Özlüm Çelik', 'Çelik, T. Ö.', 'Çelik, Türkü Özlüm']",29,78,5,14,türkü özlüm,çelik,ç,türkü özlüm çelik,A5112415939,t çelik
A5007341425,https://orcid.org/0000-0002-0489-7703,Joanne Otis,"['J Otis', 'J. Otis', 'JOANNE OTIS', 'Joanne OTIS', 'Joanne Otis', 'Otis, J.', 'Otis, Joanne']",178,2288,26,19,joanne,otis,o,joanne otis,A5007341425,j otis
A5047356504,https://orcid.org/0000-0002-2228-2809,Tobias Junginger,"['Junginger, T', 'Junginger, T.', 'Junginger, Tobias', 'Junginger, Tobias (author)', 'T Junginger', 'T. Junginger', 'Tobias Junginger']",86,292,9,13,tobias,junginger,j,tobias junginger,A5047356504,t junginger
A5020652120,https://orcid.org/0000-0002-5331-6805,Marc Courté,"['Courte Marc', 'Courté, Marc', 'M. Courté', 'Marc Courté']",24,359,10,2,marc,courté,c,marc courté,A5020652120,m courté
A5026225187,,Pooya Moradi,"['Moradi, Pooya', 'Pooya Moradi']",6,30,3,2,pooya,moradi,m,pooya moradi,A5026225187,p moradi
A5042843006,https://orcid.org/0000-0002-3290-1343,Judith Sixsmith,"['J Sixsmith', 'J. Sixsmith', 'J.A. Sixsmith', 'J.S. Sixsmith', 'JUDITH SIXSMITH', 'Judith A Sixsmith', 'Judith A. Sixsmith', 'Judith Agnes Sixsmith', 'Judith SIXSMITH', 'Judith Sixsmith', 'Sixsmith J.', 'Sixsmith, Judith']",403,6193,36,20,judith,sixsmith,s,judith sixsmith,A5042843006,j sixsmith
A5000899840,,Mahda Jahromi,['Mahda Jahromi'],12,75,4,5,mahda,jahromi,j,mahda jahromi,A5000899840,m jahromi
A5026791700,https://orcid.org/0000-0003-1980-3674,Susan Rotzinger,"['Kun Qin', 'Rotzinger, Susan E.', 'S Rotzinger', 'S. Rotzinger', 'Susan Rotzinger']",169,4603,38,42,susan,rotzinger,r,susan rotzinger,A5026791700,s rotzinger
A5009565009,https://orcid.org/0000-0001-5223-742X,Hsu-Feng Lee,"['Hsu-Feng Lee', 'HsuFeng Lee', 'Shu-Feng Lee']",41,980,13,13,hsu-feng,lee,l,hsu-feng lee,A5009565009,h lee
A5089112618,,Asha Best,"['Asha Best', 'Best, Asha']",7,98,4,4,asha,best,b,asha best,A5089112618,a best
A5062928669,https://orcid.org/0000-0002-6904-7427,Karen Tracy,"['K. Tracy', 'KAREN TRACY', 'Karen Keljo Tracy', 'Karen Tracy']",140,4264,39,61,karen,tracy,t,karen tracy,A5062928669,k tracy
A5004095004,,Masayuki Iwase,"['Iwase, Masayuki', 'M. Iwase', 'Masayuki IWASE', 'Masayuki Iwase']",62,171,6,11,masayuki,iwase,i,masayuki iwase,A5004095004,m iwase
A5038065482,https://orcid.org/0000-0002-5252-6747,Kino Zhao,"['Kino Zhao', 'Zhao, Kino']",6,76,2,2,kino,zhao,z,kino zhao,A5038065482,k zhao
A5073782204,https://orcid.org/0000-0002-2418-8912,Ahmad Mokhtar,"['Ahmad Mokhtar', 'Mokhtar, Ahmad']",6,3,1,2,ahmad,mokhtar,m,ahmad mokhtar,A5073782204,a mokhtar
A5054543988,https://orcid.org/0000-0001-8249-8364,Haruki Hirasawa,"['Haruki HIRASAWA', 'Haruki Hirasawa', 'Hirasawa, Haruki']",49,128,5,5,haruki,hirasawa,h,haruki hirasawa,A5054543988,h hirasawa
A5100618616,https://orcid.org/0000-0001-6039-6180,Richard Li,"['Al Feghali', 'R Li', 'R. C. Li', 'R. Li', 'Richard C. Li', 'Richard Li', 'Rixin Li', 'Rongjie Li', 'Ruowen Li', 'Xin Ellinwood']",47,641,10,17,richard,li,l,richard li,A5100618616,r li
A5046897508,https://orcid.org/0000-0002-9377-7841,Antonia Kowalewski,['Antonia Kowalewski'],24,79,5,7,antonia,kowalewski,k,antonia kowalewski,A5046897508,a kowalewski
A5021046716,,Brooklyn P. Fedoretz-Maxwell,"['Brooklyn P. Fedoretz-Maxwell', 'Fedoretz-Maxwell, Brooklyn', 'Fedoretz-Maxwell, Brooklyn P.']",7,19,3,2,brooklyn p.,fedoretz-maxwell,f,brooklyn p. fedoretz-maxwell,A5021046716,b fedoretz-maxwell
A5061820210,https://orcid.org/0000-0003-3251-181X,Shaghayegh Soudi,"['S. Soudi', 'Shaghayegh Soudi']",32,797,8,11,shaghayegh,soudi,s,shaghayegh soudi,A5061820210,s soudi
A5039032924,https://orcid.org/0000-0001-7541-5807,Alicia Atwood,"['Alicia Atwood', 'Alicia Atwood (7921520)', 'Atwood, Alicia']",21,128,5,3,alicia,atwood,a,alicia atwood,A5039032924,a atwood
A5044548229,https://orcid.org/0000-0001-5527-8489,Mike Nason,"['M. C. Nason', 'Michael Nason', 'Mike Nason', 'Nason, Michael', 'Nason, Mike']",9,15,2,7,mike,nason,n,mike nason,A5044548229,m nason
A5059006723,https://orcid.org/0000-0001-5106-3122,Julien Brisson,"['Brisson, Julien', 'J. Brisson', 'Julien B Brisson', 'Julien Brisson']",37,140,7,10,julien,brisson,b,julien brisson,A5059006723,j brisson
A5079010252,https://orcid.org/0000-0002-7349-0093,George Blazenko,"['Blazenko, George William', 'G. BLAZENKO', 'G. Blazenko', 'GEORGE W. BLAZENKO', 'George Blazenko', 'George W Blazenko', 'George W. Blazenko']",46,591,12,6,george,blazenko,b,george blazenko,A5079010252,g blazenko
A5025795348,,Baanu Manoharan,['Baanu Manoharan'],8,58,5,10,baanu,manoharan,m,baanu manoharan,A5025795348,b manoharan
A5062085832,,Julia R G Vernon,"['Julia R G Vernon', 'Julia R. G. Vernon', 'Julia R.G. Vernon', 'Julia Vernon', 'Vernon, Julia R. G.']",36,280,8,7,julia r g,vernon,v,julia r g vernon,A5062085832,j vernon
A5083926022,,Homa Hamledari,['Homa Hamledari'],9,48,4,5,homa,hamledari,h,homa hamledari,A5083926022,h hamledari
A5094018701,,Afan Terko,"['Afan Terko', 'Terko, Afan']",9,7,2,1,afan,terko,t,afan terko,A5094018701,a terko
A5071876761,https://orcid.org/0000-0001-8620-5522,Louise Gastonguay,"['L. Gastonguay', 'Louise Gastonguay']",22,477,14,10,louise,gastonguay,g,louise gastonguay,A5071876761,l gastonguay
A5056773666,https://orcid.org/0000-0001-8790-427X,Kevin Stranack,"['Kevin STRANACK', 'Kevin Stranack', 'Stranack, Kevin']",65,203,8,7,kevin,stranack,s,kevin stranack,A5056773666,k stranack
A5037778963,https://orcid.org/0000-0003-2906-6583,K. Suzanne Barber,"['Barber, K. S.', 'Barber, K. Suzanne', 'Barber, Suzanne K.', 'K. Barber', 'K. S. Barber', 'K. Suzanne Barber', 'K.S. Barber', 'S. Barber', 'SUZANNE BARBER', 'Suzanne Barber']",100,1204,17,6,k. suzanne,barber,b,k. suzanne barber,A5037778963,k barber
A5101585562,https://orcid.org/0009-0009-3880-4198,Neha Sharma,['Neha Sharma'],14,57,4,3,neha,sharma,s,neha sharma,A5101585562,n sharma
A5014689608,https://orcid.org/0000-0002-1402-5749,Claire Peacock,"['C. G. Peacock', 'Claire Peacock', 'Peacock, C.', 'Peacock, Claire']",19,249,6,3,claire,peacock,p,claire peacock,A5014689608,c peacock
A5043025737,https://orcid.org/0000-0003-0698-1340,Jen Marchbank,"['J. Marchbank', 'JEN MARCHBANK', 'Jen Marchbank', 'Jennifer Marchbank', 'Marchbank, Jen']",69,359,12,3,jen,marchbank,m,jen marchbank,A5043025737,j marchbank
A5080658996,https://orcid.org/0009-0002-0552-6426,Scott Bowering,"['Bowering, Scott', 'Scott Bowering']",11,24,3,2,scott,bowering,b,scott bowering,A5080658996,s bowering
A5049766582,,Paul Shaker,"['PAUL SHAKER', 'Paul S. Shaker', 'Paul Shaker']",53,171,7,10,paul,shaker,s,paul shaker,A5049766582,p shaker
A5078040742,https://orcid.org/0000-0001-7113-5197,Mohsen Raji,"['Mohsen Raji', 'R.A. Raji1, M.O. Oke2', 'Raji, Mohsen']",91,467,13,5,mohsen,raji,r,mohsen raji,A5078040742,m raji
A5062781040,https://orcid.org/0000-0001-5275-8866,Anoosha Sehar,"['A. Sehar', 'Anoosha Sehar', 'Sehar, Anoosha', 'Sehar,, Anoosha']",16,47,4,5,anoosha,sehar,s,anoosha sehar,A5062781040,a sehar
A5077741523,https://orcid.org/0000-0002-7393-2533,Jan Lee,"['JAN Lee', 'Jan Lee', 'Ling Zou']",29,1159,13,6,jan,lee,l,jan lee,A5077741523,j lee
A5039261859,https://orcid.org/0000-0002-2974-7904,Jacek A. Kopec,"['J A Kopec', 'J Kopec', 'J Kopeć', 'J. A. Kopec', 'J. Kopec', 'J. Kopeć', 'J.A. Kopec', 'JACEK A. KOPEC', 'Jacek A Kopec', 'Jacek A. Kopec', 'Jacek Kopec', 'Jacek Kopeć', 'Kopec J', 'Kopec, Jacek A.', 'Kopec,Jacek A', 'Kopeć, Jacek A.']",255,9573,51,35,jacek a.,kopec,k,jacek a. kopec,A5039261859,j kopec
A5068682157,https://orcid.org/0000-0001-7393-4814,Damon Toth,"['D Toth', 'D. J. A TOTH', 'D. J. A. TOTH', 'Damon J A Toth', 'Damon J. A. Toth', 'Damon J.A. Toth', 'Damon Toth']",59,802,15,8,damon,toth,t,damon toth,A5068682157,d toth
A5058637012,https://orcid.org/0000-0002-3470-671X,Moe Zandy,"['Moe Zandy', 'Zandy, Moe']",19,239,10,10,moe,zandy,z,moe zandy,A5058637012,m zandy
A5003506199,https://orcid.org/0000-0003-0173-990X,Ashley Heywood,"['Ashley A. Heywood', 'Ashley Heywood', 'Heywood, Ashley']",30,190,6,8,ashley,heywood,h,ashley heywood,A5003506199,a heywood
A5007136538,https://orcid.org/0000-0002-3338-3306,Ming‐Chang Tsai,"[') Hhglqj $gglwlyh', 'M Tsai', 'M. C. Tsai', 'M. Tsai', 'M.-C. Tsai', 'M.C. Tsai', 'M.‐C. TSAI', 'M.‐C. Tsai', 'MING-CHANG TSAI', 'Ming-Chang Tsai', 'Ming‐Chang Tsai']",95,1368,19,23,ming‐chang,tsai,t,ming‐chang tsai,A5007136538,m tsai
A5056671744,https://orcid.org/0000-0002-4242-3664,Braeden T. Charlton,"['B. T. Charlton', 'Braeden Charlton', 'Braeden T. Charlton']",13,501,7,3,braeden t.,charlton,c,braeden t. charlton,A5056671744,b charlton
A5048978324,https://orcid.org/0000-0002-3245-1581,Shane Virani,"['S N Virani', 'S Virani', 'SHANE VIRANI', 'Shane Virani']",27,289,9,8,shane,virani,v,shane virani,A5048978324,s virani
A5001987532,https://orcid.org/0000-0001-5522-1351,Mohit Bansal,"['Bansal, Mohit', 'M.S. Bansal', 'Mohit Bansal']",628,20054,61,44,mohit,bansal,b,mohit bansal,A5001987532,m bansal
A5094302920,,Druck Stückle,"['; Dean', 'Adam Shoemaker', 'Advertisements Panagiota', 'Alberta King-Farlow', 'Alberta Labrada', 'Amir Theakston', 'Angela Terrill', 'Ann-Kathrin Deininger', 'Asco Typesetting', 'Astrid Typesetting', 'Baltimore Sogge', 'Barcelona Prieto', 'Bjrn Birnir', 'Borkowski', 'Borlnge', 'Catherine Travis', 'Christian Mann', 'Christoph Bristol', 'Claudia Anzeigenverantwortliche', 'Compuscript Typesetting', 'Davis Kollmann', 'Dominique Krger', 'Drlemann Satz', 'Drlemann Typesetter', 'Druck Stckle', 'Druck Stückle', 'Durham', 'Erhard Konstanz', 'Erlangen- Nrnberg Schmidt', 'Erwin Rahim', 'Eva Schroeder', 'Fiji Suva', 'Franz Druck', 'Franz Printing', 'Hamburg-Harburg Lorenz-Peter Rohling', 'Harald Eberhard', 'Hasan Fleyeh', 'Hendrik Bielefeld', 'Himar dz', 'Holger Kleessen', 'Hong Tang', 'Hong Zou', 'Hua Ning', 'Igor Kassel', 'Ines Redaktion', 'Isabelle Graz', 'Joachim Wieland', 'Joanna Ut-Seong Sio', 'John Austin', 'Journal Coordinator', 'Kgel', 'Koji Ono', 'Kong', 'Kuchta', 'Lemfrde Satz', 'Li Wei', 'Luiz-Carlos Schwindt', 'M Ronald', 'Magdalena Idzik', 'Magdalena Sieradz', 'Manuel Herausgeber', 'Maria Katja', 'Markus Advertisements', 'Markus Anzeigenverantwortlicher', 'Markus Kgel', 'Masha Dorogova', 'Mncheberg Albroscheit', 'Neumann', 'New Schfer', 'New Vogt', 'Nick Nicholas', 'Novosibirsk Zagoruiko', 'Nrdlingen', 'Peter Funke', 'Pizziconi', 'Professore Ordinario', 'R Hankinson', 'Responsible For', 'Reuven Tsur', 'Rinofner-Kreidl', 'Robert Hall', 'Roger Rankin', 'Ronald Leiden', 'Ross Emilio', 'Sakai', 'Sannakaisa Thompson', 'Santa Barbara', 'Sascha Reutlingen', 'Sergio Scalise', 'Shannon Ltd', 'Shigeharu', 'Shiner', 'Shun-Peng Wei', 'Siegwalt Lindenfelser', 'Simonetta Stopponi', 'Singapore', 'Sonja Paris', 'Stefanie Stricker', 'Stephen Weatherill', 'Stlting']",761,87,3,306,druck,stückle,s,druck stückle,A5094302920,d stückle
A5034708845,https://orcid.org/0000-0001-8280-7024,Alan Katz,"['A KATZ', 'A Katz', 'A M Katz', 'A. Katz', 'A. M. KATZ', 'A. M. Katz', 'A.M. Katz', 'AI Katz', 'Alan J. Katz', 'Alan Katz', 'Arnold E. Katz', 'Arnold M. Katz', 'Katz, Alan']",514,10136,52,118,alan,katz,k,alan katz,A5034708845,a katz
A5016574706,,Benjamin J.C. Neil,"['B Neil', 'Benjamin J.C. Neil']",11,42,4,3,benjamin j.c.,neil,n,benjamin j.c. neil,A5016574706,b neil
A5112261909,,Le Tao,"['Le Q.T.', 'Le Tao', 'Tao, Le']",14,63,4,10,le,tao,t,le tao,A5112261909,l tao
A5036427807,,Masahiro Watanabe,"['MASAHIRO WATANABE', 'Masahiro Watanabe', 'Watanabe, Masahiro']",32,635,9,12,masahiro,watanabe,w,masahiro watanabe,A5036427807,m watanabe
A5060967428,https://orcid.org/0000-0001-9050-3506,Fatemeh Panjeh Ali Beik,"['Beik, F. P. A', 'Beik, F. P. A.', 'Beik, Fatemeh P. A.', 'Beik, Fatemeh Panjeh Ali', 'F. P. A. Beik', 'F.P.A. Beik', 'Fatemeh Beik', 'Fatemeh P. A. Beik', 'Fatemeh P.A. Beik', 'Fatemeh Panjeh Ali Beik']",65,667,14,4,fatemeh panjeh ali,beik,b,fatemeh panjeh ali beik,A5060967428,f beik
A5051135991,https://orcid.org/0000-0002-2658-9314,Jan‐Ola Östman,"['J Ostman', 'J. Ostman', 'J. ÖStman', 'J. Östman', 'JAN-OLA öSTMAN', 'Jan-Ola stman', 'Jan-Ola Östman', 'Jan-ola Östman', 'Jan‐Ola Östman', 'Östman, Jan-Ola', 'Östman, Jan-Ola 1951-']",196,3395,28,52,jan‐ola,östman,ö,jan‐ola östman,A5051135991,j östman
A5010931397,https://orcid.org/0000-0001-9164-4722,P. A. Estévez,"['Estevez, Pablo', 'Estévez, P. A.', 'Estévez, Pablo A.', 'Offi', 'P A Estevez', 'P Estévez', 'P Estévez', 'P. A. Estevez', 'P. A. Estévez', 'P. Estevez', 'P.A. Estevez', 'P.A. Estévez', 'P.A. Estévez', 'PABLO A. ESTÉVEZ', 'PABLO ESTÉVEZ', 'Pablo A Estevez', 'Pablo A Estévez', 'Pablo A. Estevez', 'Pablo A. Estévez', 'Pablo A. Estévez', 'Pablo Estevez', 'Pablo Estvez', 'Pablo Estévez']",233,5575,33,47,p. a.,estévez,e,p. a. estévez,A5010931397,p estévez
A5016005823,https://orcid.org/0000-0002-0997-1570,Alaa Al-Shaer,['Alaa Al-Shaer'],12,76,4,2,alaa,al-shaer,a,alaa al-shaer,A5016005823,a al-shaer
A5010163466,https://orcid.org/0000-0001-7383-6886,Jonathan Cinnamon,"['J. Cinnamon', 'Jonathan Cinnamon']",65,1701,23,8,jonathan,cinnamon,c,jonathan cinnamon,A5010163466,j cinnamon
A5030471467,https://orcid.org/0000-0002-8203-724X,Ben Klassen,"['B Klassen', 'Ben Klassen', 'Benjamin J. Klassen', 'Benjamin Klassen', 'Klassen, Ben']",52,415,12,5,ben,klassen,k,ben klassen,A5030471467,b klassen
A5040390542,https://orcid.org/0000-0001-6441-4454,Emily M. Thornton,"['Emily M. Thornton', 'Emily Thornton']",15,645,6,3,emily m.,thornton,t,emily m. thornton,A5040390542,e thornton
A5103224090,https://orcid.org/0000-0001-6935-901X,Nikhil R. Pal,"['A Malaysia', 'N. PAL', 'N. Pal', 'N. R. Pal', 'N.R. Pal', 'NIKHIL R PAL', 'NIKHIL R. PAL', 'Neha.J. Pal', 'Nikhil  R. Pal', 'Nikhil Pal', 'Nikhil R Pal', 'Nikhil R. Pal', 'Nikhil Ranjan Pal', 'Pal, Nikhil R', 'Pal, Nikhil R.', 'Pal, Nikhil Ranjan']",395,22584,65,31,nikhil r.,pal,p,nikhil r. pal,A5103224090,n pal
A5067236434,https://orcid.org/0000-0002-1902-6433,Amiti Mehta,"['Amiti K. Mehta', 'Amiti Mehta']",13,128,6,6,amiti,mehta,m,amiti mehta,A5067236434,a mehta
A5101059506,https://orcid.org/0000-0002-4254-7261,Jianliang Wu,"['Jianliang Wu', 'Wu, Jian-liang', 'Wu, Jianliang', 'jianliang wu']",38,585,9,12,jianliang,wu,w,jianliang wu,A5101059506,j wu
A5076549827,,William Yolland,"['W. Yolland', 'William Yolland', 'Yolland, William']",10,394,2,2,william,yolland,y,william yolland,A5076549827,w yolland
A5115695469,https://orcid.org/0000-0001-9081-120X,Yi Wang,"['Haoyang Li', 'Huijuan OuYang', 'Jing Yang', 'Ke Hua', 'Shihai Cui', 'Song Hu', 'Taifa Zhang', 'Valentin N. Pavlov', 'Wang, Y.', 'Wang, Yi', 'Y WANG', 'Y Wang', 'Y. Wang', 'Y.-J Wang', 'YI WANG', 'Yadan Wang', 'Yangfu Wang', 'Yaoguang Wang', 'Yi Wang', 'Yi wang', 'Yingmin Zhang']",465,7515,41,266,yi,wang,w,yi wang,A5115695469,y wang
A5007067808,https://orcid.org/0000-0002-6921-9794,P. V. M. Lakshmi,"['Biju Soman', 'LAKSHMI P', 'Lakshmi P', 'Lakshmi P V', 'Lakshmi P.', 'Lakshmi P. V. M.', 'P D Lakshmi', 'P Lakshmi', 'P V M Lakshmi', 'P. Anatha Lakshmi', 'P. Lakshmi', 'P. V. M Lakshmi', 'P. V. M. Lakshmi', 'P.V. Lakshmi', 'P.V. Maha Lakshmi', 'P.V.M. LAKSHMI', 'P.V.M. Lakshmi', 'PVM Lakshmi', 'PVM. Lakshmi', 'Pedisetti Prasanna Lakshmi', 'Podila Vara Lakshmi', 'Prof. M. Sree Lakshmi', 'Putluri Venkata Lakshmi', 'Pvm Lakshmi', 'R. Singh', 'Sakthi Lakshmi P.']",148,5000,29,25,p. v. m.,lakshmi,l,p. v. m. lakshmi,A5007067808,p lakshmi
A5049529518,https://orcid.org/0000-0002-5983-0346,Claire Robson,"['C Robson', 'C. E. Robson', 'C. Robson', 'Claire Elizabeth Robson', 'Claire Robson', 'Robson, Claire', 'Robson, Claire Elizabeth']",55,303,8,13,claire,robson,r,claire robson,A5049529518,c robson
A5111746815,,Jordan Davidson,"['Davidson, J. Courtney; Krulevitch, Peter A.; Maghribi, Mariam N.; Hamilton, Julie K.; Benett, William J.; Tovar, Armando R.', 'J. Courtney Davidson', 'J. Davidson', 'J.C. Davidson', 'J.M. Davidson', 'Jordan Davidson']",34,494,9,8,jordan,davidson,d,jordan davidson,A5111746815,j davidson
A5111408502,https://orcid.org/0000-0002-9645-7691,Allison Ross,"['A Ross', 'A. M. Ross', 'A. Ross', 'Allison Poulos', 'Allison Ross', 'Ross, Allison']",75,606,14,24,allison,ross,r,allison ross,A5111408502,a ross
A5044446295,https://orcid.org/0000-0001-5351-3115,Xilun Zhang,"['Xilun Zhang', 'Zhang, Xilun']",31,1126,13,12,xilun,zhang,z,xilun zhang,A5044446295,x zhang
A5044482361,,Courtney Onstad,"['Courtney C. Onstad', 'Courtney Carol Onstad', 'Courtney Onstad']",11,15,2,1,courtney,onstad,o,courtney onstad,A5044482361,c onstad
A5066453259,https://orcid.org/0000-0002-0257-6252,Crystal M. Ernst,"['C. M. Ernst', 'C.M. Ernst', 'CRYSTAL ERNST', 'Christopher M. Ernst', 'Crystal Ernst', 'Crystal M. Ernst']",18,411,12,7,crystal m.,ernst,e,crystal m. ernst,A5066453259,c ernst
A5019135825,,Sean Zwagerman,['Sean Zwagerman'],23,168,4,3,sean,zwagerman,z,sean zwagerman,A5019135825,s zwagerman
A5061617752,https://orcid.org/0000-0002-2032-5211,Gabriele Messori,"['G Messori', 'G. Messori', 'Gabriele Messori', 'MESSORI, GABRIELE', 'MESSORI, Gabriele', 'Messori, Gabriele']",409,5138,39,30,gabriele,messori,m,gabriele messori,A5061617752,g messori
A5101292446,,Lixia Zhu,"['Lixia Zhu', 'Zhu, Lixia']",10,47,5,6,lixia,zhu,z,lixia zhu,A5101292446,l zhu
A5041145494,https://orcid.org/0000-0002-2531-8192,Andrea Krüsi,"['A Krüsi', 'A. Krüsi', 'Andrea Krusi', 'Andrea Krüsi', 'Krusi, Andrea', 'Krüsi, Andrea']",101,2250,24,14,andrea,krüsi,k,andrea krüsi,A5041145494,a krüsi
A5077726776,https://orcid.org/0009-0002-2171-3491,Yonghao Shi,['Yonghao Shi'],9,31,3,5,yonghao,shi,s,yonghao shi,A5077726776,y shi
A5016796629,https://orcid.org/0000-0002-5305-7372,Manuel Lafond,"['Lafond, Manuel', 'M. Lafond', 'Manuel Lafond']",150,744,15,11,manuel,lafond,l,manuel lafond,A5016796629,m lafond
A5083619914,https://orcid.org/0000-0002-5503-8968,C. R. J. Charles,"['C Charles', 'C. R. J. Charles', 'C.R.J. Charles', 'Christopher Charles', 'Christopher R. J. Charles', 'Christopher R.J. Charles']",23,119,7,5,c. r. j.,charles,c,c. r. j. charles,A5083619914,c charles
A5076229867,,Megan Tucker,"['M TUCKER', 'M Tucker', 'M.E. Tucker', 'Megan E Tucker', 'Megan E. Tucker', 'Megan Tucker']",32,401,9,16,megan,tucker,t,megan tucker,A5076229867,m tucker
A5070099849,https://orcid.org/0000-0002-2996-0254,Mohammad Rasoul Narimani,"['M. Narimani', 'M. Rasoul Narimani', 'M.R. Narimani', 'Mohammad Narimani', 'Mohammad R. Narimani', 'Mohammad Rasoul Narimani', 'Mohammad rasoul Narimani', 'Narimani, M. Rasoul', 'Narimani, Mohammad Rasoul']",111,4298,30,15,mohammad rasoul,narimani,n,mohammad rasoul narimani,A5070099849,m narimani
A5108296579,https://orcid.org/0000-0001-5336-376X,Morad Hameed,"['Morad Hameed', 'Morad S Hameed', 'Morad S. Hameed']",74,1755,22,51,morad,hameed,h,morad hameed,A5108296579,m hameed
A5065320745,,Amirhossein Alizadehkhaledi,"['AlizadehKhaledi, Amirhossein', 'Amirhossein AlizadehKhaledi', 'Amirhossein Alizadehkhaledi']",13,115,4,5,amirhossein,alizadehkhaledi,a,amirhossein alizadehkhaledi,A5065320745,a alizadehkhaledi
A5056996700,https://orcid.org/0000-0003-4355-9261,Jingwen Xi,['Jingwen Xi'],22,777,17,5,jingwen,xi,x,jingwen xi,A5056996700,j xi
A5011520896,https://orcid.org/0000-0002-6500-5086,Amin Safaeesirat,"['Amin Safaeesirat', 'Safaeesirat, Amin']",8,3,1,1,amin,safaeesirat,s,amin safaeesirat,A5011520896,a safaeesirat
A5086782969,https://orcid.org/0000-0001-7015-2948,Gholamreza Bamorovat Abadi,"['G. Bamorovat Abadi', 'Gholamreza Bamorovat Abadi']",19,755,14,3,gholamreza bamorovat,abadi,a,gholamreza bamorovat abadi,A5086782969,g abadi
A5021430780,https://orcid.org/0000-0001-7260-8945,Avantika Vashisht,"['A. Vashisht', 'Avantika Vashisht', 'Avantika Vashisht;']",11,21,3,1,avantika,vashisht,v,avantika vashisht,A5021430780,a vashisht
A5112501593,,Zhi Yih Lim,"['Azis', 'Gui Ho', 'Z.Y. Lim', 'Zhi Hou Lee Wee Gin Lim', 'Zhi Lim', 'Zhi Yih Lim']",9,215,3,5,zhi yih,lim,l,zhi yih lim,A5112501593,z lim
A5016337538,https://orcid.org/0000-0002-0194-9512,Jason Jones,"['J Jones', 'J. Jones', 'J.P.H. Jones', 'JASON P. H. JONES', 'Jason Jones', 'Jason P. H. Jones', 'Jason P.H. Jones', 'Jones, Jason', 'Jones, Jason P.H.']",41,511,13,9,jason,jones,j,jason jones,A5016337538,j jones
A5027488837,https://orcid.org/0000-0003-3818-2164,Sophocles H. Voineskos,"['S. Voineskos', 'S.H. Voineskos', 'Sophocles H Voineskos', 'Sophocles H. Voineskos', 'Sophocles Voineskos', 'Voineskos, Sophocles H.']",104,1527,24,41,sophocles h.,voineskos,v,sophocles h. voineskos,A5027488837,s voineskos
A5028393434,https://orcid.org/0000-0002-5856-6811,Gavin Weiguang Ding,"['Ding, Gavin', 'Ding, Gavin Weiguang', 'G. Ding', 'Gavin Weiguang Ding']",21,1249,12,2,gavin weiguang,ding,d,gavin weiguang ding,A5028393434,g ding
A5047565934,,Ena Lee,"['Dr. Ena Lee', 'Ena Lee', 'Ena 이이나Lee', 'Lee Ena']",38,672,13,7,ena,lee,l,ena lee,A5047565934,e lee
A5024506537,https://orcid.org/0000-0003-0769-6197,Scott Williamson,"['S Williamson', 'SCOTT WILLIAMSON', 'Scott N Williamson', 'Scott N. Williamson', 'Scott Williamson', 'Williamson S', 'Williamson, Scott', 'Williamson, Scott N']",128,1922,26,26,scott,williamson,w,scott williamson,A5024506537,s williamson
A5110301419,,Biruté M. F. Galdikas,"['B. Galdikas', 'B. M. F. GALDIKAS', 'B. M. F. Galdikas', 'B.M.F. Galdikas', 'Birute Galdikas', 'Birute M. F. Galdikas', 'Birute M. Galdikas', 'Birute M.F. Galdikas', 'Biruté Galdikas', 'Biruté M. F. Galdikas', 'Biruté M.F. Galdikas', 'Galdikas, Biruté M. F.', 'J Froehlich']",66,3494,28,8,biruté m. f.,galdikas,g,biruté m. f. galdikas,A5110301419,b galdikas
A5074790423,https://orcid.org/0000-0002-0654-5840,Olga Krakovska,"['Olga A. Krakovska', 'Olga Krakovska']",17,728,14,3,olga,krakovska,k,olga krakovska,A5074790423,o krakovska
A5103011044,https://orcid.org/0009-0002-4595-1275,A. Gola,"['A. Gola', 'Alia Gola', 'Gola, Alia']",6,56,5,2,a.,gola,g,a. gola,A5103011044,a gola
A5031527285,https://orcid.org/0000-0002-4143-6981,Adam J. Blake,"['A. J. Blake', 'Adam Blake', 'Adam J Blake', 'Adam J. Blake', 'Adam James Blake']",24,228,8,4,adam j.,blake,b,adam j. blake,A5031527285,a blake
A5033466695,,Richard T. W. Popoff,"['Richard T. Popoff', 'Richard T. W. Popoff']",8,91,4,1,richard t. w.,popoff,p,richard t. w. popoff,A5033466695,r popoff
A5050975625,https://orcid.org/0000-0003-2650-1404,Juliane House,"['House, Juliane', 'House, Juliane 1942-', 'J. D. House', 'J. HOUSE', 'J. House', 'J.D. House', 'JULIANE HOUSE', 'Juliane HOUSE', 'Juliane House', 'Juliane House,', 'Willis J. Edmondson']",332,10227,49,70,juliane,house,h,juliane house,A5050975625,j house
A5078342491,https://orcid.org/0000-0002-8989-4121,Samira Asadi,['Samira Asadi'],16,137,6,8,samira,asadi,a,samira asadi,A5078342491,s asadi
A5023514231,https://orcid.org/0000-0001-9893-604X,Thierry Duchesne,"['Carayol', 'Duchesne, Thierry', 'T Duchesne', 'T. Duchesne', 'THIERRY DUCHESNE', 'Thierry Duchesne']",115,3393,23,26,thierry,duchesne,d,thierry duchesne,A5023514231,t duchesne
A5066587402,,Mohammad Mahdavyfakhr,"['M. Mahdavyfakhr', 'Mahdavyfakhr, Mohammad', 'Mohammad Mahdavyfakhr']",12,77,5,3,mohammad,mahdavyfakhr,m,mohammad mahdavyfakhr,A5066587402,m mahdavyfakhr
A5037204318,,Maui Solomon,['Maui Solomon'],7,54,4,2,maui,solomon,s,maui solomon,A5037204318,m solomon
A5101932345,https://orcid.org/0009-0007-7755-3112,Yang He,"['He, Yang', 'Y. He', 'Yang He']",33,146,7,9,yang,he,h,yang he,A5101932345,y he
A5083565383,https://orcid.org/0000-0003-0512-9025,Yutian Zhang,"['Chunyan Wang', 'Ruiteng Li', 'Yu-Tian Zhang', 'Yu-tian Zhang', 'Yutian Zhang']",72,826,17,40,yutian,zhang,z,yutian zhang,A5083565383,y zhang
A5007598416,https://orcid.org/0000-0002-5111-2788,Marco Tullney,"['Marco Tullney', 'Tullney, Marco']",94,296,7,5,marco,tullney,t,marco tullney,A5007598416,m tullney
A5110762402,,Hai Xie,"['H. Xie', 'Hai Jiao Xie', 'Hai Jun Xie', 'Hai Xie']",12,45,4,10,hai,xie,x,hai xie,A5110762402,h xie
A5100675175,https://orcid.org/0000-0002-9402-6679,Bowen Chen,"['B.S. Chen', 'Bo-Wen Chen', 'Bowen CHEN', 'Bowen Chen', 'Chen, Bo-Wen', 'Chen, Bowen']",128,1420,19,57,bowen,chen,c,bowen chen,A5100675175,b chen
A5028103366,https://orcid.org/0000-0003-4760-5317,Tiffany Barszczewski,['Tiffany Barszczewski'],10,39,3,3,tiffany,barszczewski,b,tiffany barszczewski,A5028103366,t barszczewski
A5088156087,,Stewart Prest,"['Prest, Stewart', 'Stewart Prest']",36,303,7,3,stewart,prest,p,stewart prest,A5088156087,s prest
A5051811265,https://orcid.org/0000-0003-4726-6714,Gong‐Bo Zhao,"['Agathos, M', 'G Zhao', 'G. Zhao', 'G.-B. Zhao', 'G.B. Zhao', 'G.\u2009B. Zhao', 'GONG-BO ZHAO', 'Gong-Bo Zhao', 'Gong-bo Zhao', 'GongBo ZHAO', 'Gongbo Zhao', 'Gong‐Bo Zhao', 'Zhao G. -B.', 'Zhao, G', 'Zhao, G.', 'Zhao, Gong-Bo', 'Zhao, Gong-bo', 'Zhao, GongBo', 'Zhao, Gongbo']",331,45877,90,32,gong‐bo,zhao,z,gong‐bo zhao,A5051811265,g zhao
A5034126915,https://orcid.org/0000-0003-2458-2968,Trevor Barnes,"['Barnes, Trevor', 'T. Barnes', 'Trevor Barnes']",25,125,4,2,trevor,barnes,b,trevor barnes,A5034126915,t barnes
A5026871466,https://orcid.org/0000-0003-3956-5343,Stuart A. Kinner,"['Bin Zhao', 'Kinner, S.A.', 'Kinner, Stuart A.', 'Nanbo Zhu', 'Prof Stuart A. Kinner', 'S Kinner', 'S. A. Kinner', 'S. Kinner', 'S.A. Kinner', 'STUART A. KINNER', 'STUART KINNER', 'Stuart  A. Kinner', 'Stuart A Kinner', 'Stuart A. Kinner', 'Stuart Kinner', 'Stuart. Kinner']",359,8714,51,41,stuart a.,kinner,k,stuart a. kinner,A5026871466,s kinner
A5004478607,https://orcid.org/0000-0001-6184-6024,Jonathan Simkin,"['Jonathan Simkin', 'Lorraine Shack', 'Simkin, Jonathan']",36,168,8,14,jonathan,simkin,s,jonathan simkin,A5004478607,j simkin
A5085342782,https://orcid.org/0009-0007-0616-0362,Gillian Russell,"['G. F. M. Russell', 'Gillian Russell']",20,103,5,3,gillian,russell,r,gillian russell,A5085342782,g russell
A5015189647,,Matthew Fitzpatrick,"['David', 'Fitzpatrick, Matthew', 'Fitzpatrick, Matthew R. C.', 'Matthew Fitzpatrick', 'Matthew R. C. Fitzpatrick', 'Matthew R.C. Fitzpatrick']",27,78,5,8,matthew,fitzpatrick,f,matthew fitzpatrick,A5015189647,m fitzpatrick
A5058269475,,Claire H. Fergusson,"['Claire Fergusson', 'Claire H Fergusson', 'Claire H. Fergusson']",8,367,4,2,claire h.,fergusson,f,claire h. fergusson,A5058269475,c fergusson
A5025576081,,Stephanie Dick,"['Stephanie A. Dick', 'Stephanie Dick']",21,384,8,8,stephanie,dick,d,stephanie dick,A5025576081,s dick
A5032101752,https://orcid.org/0000-0002-7150-1035,C. Samantha Sherman,"['C. Samantha Sherman', 'CS Sherman', 'Samantha Sherman', 'Sherman, C. Samantha', 'Sherman, Samantha']",25,2183,14,6,c. samantha,sherman,s,c. samantha sherman,A5032101752,c sherman
A5031386117,https://orcid.org/0000-0002-7878-236X,Nicole M. Muir,"['Nicole M. Muir', 'Nicole Muir']",18,260,9,3,nicole m.,muir,m,nicole m. muir,A5031386117,n muir
A5101413043,https://orcid.org/0000-0002-7497-3003,James Thompson,"['J Thompson', 'J. R. Thompson', 'J. Thompson', 'J.R. Thompson', 'JAMES THOMPSON', 'James  R. Thompson', 'James R Thompson', 'James R. Thompson', 'James Thompson', 'THOMPSON, James', 'Thompson, James']",130,1964,20,31,james,thompson,t,james thompson,A5101413043,j thompson
A5015559101,https://orcid.org/0000-0002-0786-0842,Nancy Yang,"['N. Yang', 'Nancy Y. Yang', 'Nancy Yang', 'Yang, Nancy']",27,939,10,10,nancy,yang,y,nancy yang,A5015559101,n yang
A5072267673,https://orcid.org/0000-0002-9332-1262,Kubilay Karşıdağ,"['K Karşidağ', 'K Karşidaǧ', 'K Karşıdağ', 'K. Karşidağ', 'K. Karşidaǧ', 'K. Karşıdağ', 'K. Karşıdaǧ', 'Karşıdağ, Kubilay', 'Kubilay KARSIDAG', 'Kubilay KARŞIDAĞ', 'Kubilay Karsidag', 'Kubilay Karsıdag', 'Kubilay Karşıdağ', 'Kubilay Karşidağ', 'Kubilay Karşıdağ', 'Kubilay Karșıdağ', 'See Kendall']",108,3208,20,8,kubilay,karşıdağ,k,kubilay karşıdağ,A5072267673,k karşıdağ
A5043631940,https://orcid.org/0000-0002-7854-8725,Jayneel Limbachia,"['J. Limbachia', 'Jayneel Limbachia', 'Jayneelkumar A. Limbachia']",21,165,7,12,jayneel,limbachia,l,jayneel limbachia,A5043631940,j limbachia
A5065048206,,B Shadmand Mohammad,"['B Shadmand Mohammad', 'Behnam Mohammad']",7,4,1,1,b shadmand,mohammad,m,b shadmand mohammad,A5065048206,b mohammad
A5071955961,https://orcid.org/0000-0002-4750-0155,Maude Comtois‐Cabana,"['Comtois-Cabana, Maude', 'Maude Comtois-Cabana', 'Maude Comtois‐Cabana']",11,23,2,3,maude,comtois‐cabana,c,maude comtois‐cabana,A5071955961,m comtois‐cabana
A5101645620,https://orcid.org/0000-0001-5783-1655,Ke Wang,"['Ke Wang', 'Wang, Ke']",33,531,12,15,ke,wang,w,ke wang,A5101645620,k wang
A5002988513,https://orcid.org/0000-0002-1177-2204,Kirill Lakhmanskiy,"['K. E. Lakhmanskiy', 'K. Lakhmanskiy', 'K.E. Lakhmanskiy', 'Kirill Lakhmanskiy', 'Lakhmanskiy, Kirill']",35,521,7,6,kirill,lakhmanskiy,l,kirill lakhmanskiy,A5002988513,k lakhmanskiy
A5043085457,https://orcid.org/0000-0001-8474-7993,Zachary F. Meisel,"['Z. Meisel', 'Z.F. Meisel', 'Zachary F Meisel', 'Zachary F. Meisel', 'Zachary Meisel', 'zachary F. Meisel']",176,4368,37,50,zachary f.,meisel,m,zachary f. meisel,A5043085457,z meisel
A5010812796,https://orcid.org/0000-0002-0101-5453,Aleksa Nenadic,['Aleksa Nenadic'],7,65,3,3,aleksa,nenadic,n,aleksa nenadic,A5010812796,a nenadic
A5114549565,https://orcid.org/0009-0000-2173-4271,Thomas Budd,['Thomas Budd'],9,89,3,4,thomas,budd,b,thomas budd,A5114549565,t budd
A5110206547,,Yonghong Bing,"['Y. -H. BING', 'Y. Bing', 'Y. H. Bing', 'Y.-H. Bing', 'Y.H. Bing', 'Yong-hong Bing', 'Yonghong Bing']",48,2657,18,11,yonghong,bing,b,yonghong bing,A5110206547,y bing
A5007276743,https://orcid.org/0000-0001-8645-4780,John Brazier,"['Brazier', 'Brazier, JE', 'Brazier, John', 'J  S Brazier', 'J Brazier', 'J E Brazier', 'J Parton', 'J S Brazier', 'J. A. Brazier', 'J. BRAZIER', 'J. Brazier', 'J. Cressica Brazier', 'J. E Brazier', 'J. E. Brazier', 'J. S. BRAZIER', 'J. S. Brazier', 'J.E Brazier', 'J.E. Brazier', 'J.S. BRAZIER', 'J.S. Brazier', 'J.\xa0S. Brazier', 'JE Brazier', 'JON S. BRAZIER', 'John  Brazier', 'John A. Brazier', 'John Brazier', 'John E Brazier', 'John E. Brazier', 'John Edward Brazier', 'John. A. Brazier', 'JohnE. Brazier', 'Jon Brazier', 'Jon S Brazier', 'Jon S. Brazier', 'M. Böttger']",861,57851,112,75,john,brazier,b,john brazier,A5007276743,j brazier
A5017930902,https://orcid.org/0000-0001-8167-1647,G. D. Morris,"['G D Morris', 'G Morris', 'G. D. Morris', 'G. Morris', 'G.D Morris', 'G.D. Morris', 'G.\u2009D. Morris', 'Gerald  D. Morris', 'Gerald D Morris', 'Gerald D. Morris', 'Gerald Morris', 'Morris, G', 'Morris, G. D.', 'Morris, G.D.', 'Morris, Gerald', 'Morris, Gerald D', 'Morris, Gerald D.']",242,3003,27,21,g. d.,morris,m,g. d. morris,A5017930902,g morris
A5112525923,https://orcid.org/0000-0001-9720-332X,Sara Giarola,"['Giarola, S.', 'Giarola, Sara', 'Sara Giarola']",57,896,18,13,sara,giarola,g,sara giarola,A5112525923,s giarola
A5092455952,https://orcid.org/0000-0002-7307-3222,Thomas E. Karpiuk,"['Karpiuk, Thomas', 'Karpiuk, Thomas E.', 'Thomas E. Karpiuk', 'Thomas Karpiuk']",40,29,2,2,thomas e.,karpiuk,k,thomas e. karpiuk,A5092455952,t karpiuk
A5084472770,https://orcid.org/0000-0003-3360-6706,Yi Shi,"['Shi, Yi', 'Yi Shi']",6,37,3,3,yi,shi,s,yi shi,A5084472770,y shi
A5026934226,https://orcid.org/0000-0002-4529-1775,Christina M. Hull,"['Christina Hull', 'Christina M Hull', 'Christina M. Hull', 'Christina\xa0M. Hull', 'Hull, Christina M.']",81,3931,29,17,christina m.,hull,h,christina m. hull,A5026934226,c hull
A5025796629,,Christoph Lülfesmann,"['Christoph Lulfesmann', 'Christoph Lülfesmann']",32,438,11,3,christoph,lülfesmann,l,christoph lülfesmann,A5025796629,c lülfesmann
A5108787244,,Michael J. Everton,"['Michael Everton', 'Michael J Everton', 'Michael J. Everton']",21,188,5,4,michael j.,everton,e,michael j. everton,A5108787244,m everton
A5101424783,https://orcid.org/0000-0001-7026-5811,Baoxu Shi,"['B. E. Shi', 'Baoxu Shi', 'Shi, Baoxu']",35,1314,15,6,baoxu,shi,s,baoxu shi,A5101424783,b shi
A5041608544,https://orcid.org/0000-0002-9969-5193,Karyn Huenemann,"['KARYN HUENEMANN', 'Karyn Huenemann']",16,7,2,1,karyn,huenemann,h,karyn huenemann,A5041608544,k huenemann
A5108708345,,Xiaoyi Gao,['Xiaoyi Gao'],13,176,6,7,xiaoyi,gao,g,xiaoyi gao,A5108708345,x gao
A5024494723,https://orcid.org/0000-0001-8798-6252,Karen Ruckman,"['K RUCKMAN', 'Karen Elizabeth Ruckman', 'Karen Ruckman', 'Ruckman, Karen Elizabeth']",19,238,8,3,karen,ruckman,r,karen ruckman,A5024494723,k ruckman
A5113096366,,Y. Zhang,"['Y. Zhang', 'Yinxi Zhang']",13,185,7,4,y.,zhang,z,y. zhang,A5113096366,y zhang
A5103085586,,Juan Manuel Sosa,"['JUAN MANUEL SOSA', 'Juan M. Sosa', 'Juan Manuel Sosa', 'Juan Sosa', 'Sosa, J.', 'Sosa, Juan', 'Sosa, Juan Manuel']",38,549,10,15,juan manuel,sosa,s,juan manuel sosa,A5103085586,j sosa
A5076019067,,Stephanie Witham,"['Stephanie M. Witham', 'Stephanie Witham']",8,160,4,4,stephanie,witham,w,stephanie witham,A5076019067,s witham
A5109117383,,K. Kyllesbech Larsen,"['K. K. Larsen', 'K. Kyllesbech Larsen', 'K. Larsen', 'K.K. Larsen', 'Katy Larsen']",47,489,11,16,k. kyllesbech,larsen,l,k. kyllesbech larsen,A5109117383,k larsen
A5059745674,https://orcid.org/0009-0009-5567-3839,Alastair J. Roberts,"['Alastair J. Roberts', 'Alastair Roberts', 'Roberts, Alastair J.']",13,154,9,7,alastair j.,roberts,r,alastair j. roberts,A5059745674,a roberts
A5012548125,,R. Buchan,"['R Buchan', 'R. Buchan', 'R.J. Buchan', 'ROBERT BUCHAN', 'ROBERT J. BUCHAN', 'Robert Buchan', 'Robert J. Buchan']",27,508,10,15,r.,buchan,b,r. buchan,A5012548125,r buchan
A5080429583,https://orcid.org/0000-0003-3469-2327,Yi Lu,"['Lu, Yi', 'Y. Lu', 'Yi Hui Lu', 'Yi Lu', 'Youlv Lu']",132,2934,31,42,yi,lu,l,yi lu,A5080429583,y lu
A5103294890,,Richard D. Wright,"['R. D. Wright', 'R.D. Wright', 'Richard D. Wright']",30,344,9,9,richard d.,wright,w,richard d. wright,A5103294890,r wright
A5070258242,https://orcid.org/0000-0001-6367-9821,Michael Kelly,"['B.H. Martin Kelly', 'Kelly, Michael', 'M Kelly', 'M. B. Kelly', 'M. Kelly', 'MICHAEL KELLY', 'Michael B Kelly', 'Michael B. Kelly', 'Michael Kelly']",87,1039,17,32,michael,kelly,k,michael kelly,A5070258242,m kelly
A5031255196,https://orcid.org/0000-0003-4746-5828,Karen E. Bremner,"['Bremner, Karen', 'Bremner, Karen E', 'K Bremner', 'K E Bremner', 'K. Bremner', 'K. E. BREMNER', 'K. E. Bremner', 'K.E. BREMNER', 'K.E. Bremner', 'KAREN E BREMNER', 'KAREN E. BREMNER', 'Karen Bremner', 'Karen E Bremner', 'Karen E. Bremner']",129,3039,35,39,karen e.,bremner,b,karen e. bremner,A5031255196,k bremner
A5019137879,,Corinne Tallon,['Corinne Tallon'],13,194,9,4,corinne,tallon,t,corinne tallon,A5019137879,c tallon
A5100422037,https://orcid.org/0000-0002-3688-0404,Rui Zhang,"['Qing Liang', 'Rui ZHANG', 'Rui Zhang', 'Xiaoxiao Huang', 'Xinyang Li', 'Zi-Yue Liu']",115,3347,30,45,rui,zhang,z,rui zhang,A5100422037,r zhang
A5119271663,https://orcid.org/0000-0003-4682-5393,Alison Moore,"['Alison J. Moore', 'Alison Moore', 'Moore, Alison']",11,46,3,3,alison,moore,m,alison moore,A5119271663,a moore
A5009025959,https://orcid.org/0000-0003-4630-0052,William Wong,"['W Wong', 'W. W. L. Wong', 'W.W. Wong', 'W.W.L. Wong', 'William W L Wong', 'William W. L. Wong', 'William W. Wong', 'William W.L. Wong', 'William WL Wong', 'William WL. Wong', 'William Wong']",195,1911,23,44,william,wong,w,william wong,A5009025959,w wong
A5100327522,https://orcid.org/0000-0002-8376-617X,Xin Zhang,"['XIN ZHANG', 'Xiaoyulong Chen', 'Xin Zhang']",113,1945,25,47,xin,zhang,z,xin zhang,A5100327522,x zhang
A5010692885,https://orcid.org/0000-0002-2917-3891,Jonas Eschenfelder,"['Eschenfelder, Jonas', 'J. Eschenfelder', 'Jonas A. Eschenfelder', 'Jonas Eschenfelder']",18,72,3,2,jonas,eschenfelder,e,jonas eschenfelder,A5010692885,j eschenfelder
A5052371087,https://orcid.org/0000-0002-4638-9395,Adrian Lim,"['A. Lim', 'Adrian C Lim', 'Adrian C. Lim', 'Adrian Lim', 'Lim A']",47,761,15,12,adrian,lim,l,adrian lim,A5052371087,a lim
A5063297401,,Anita Tino,"['A Tino', 'A. Tino', 'Anita Tino']",19,78,5,4,anita,tino,t,anita tino,A5063297401,a tino
A5058492585,https://orcid.org/0000-0003-3477-391X,Eleanor Simpson,"['Eleanor Simpson', 'Simpson, Eleanor']",10,27,2,1,eleanor,simpson,s,eleanor simpson,A5058492585,e simpson
A5087185292,https://orcid.org/0000-0002-4936-9031,Kendall Ho,"['H O KENDALL', 'Ho', 'Ho Kendall', 'Ho, Kendall', 'K HO', 'K Ho', 'K. Ho', 'K. Young Ho', 'K.Y. Ho', 'Karen KY Ho', 'Kendall Ho', 'Kendall Ho (FRCPC)', 'Kendall Ho, MD']",236,3621,29,41,kendall,ho,h,kendall ho,A5087185292,k ho
A5068383320,,Trevor J. Thomson,"['Trevor J. Thomson', 'Trevor Thomson']",6,44,2,3,trevor j.,thomson,t,trevor j. thomson,A5068383320,t thomson
A5100763335,https://orcid.org/0000-0002-9740-1630,Michael Boyle,"['Beall', 'Boyle, Michael', 'Boyle, Michael P', 'Boyle, Michael P.', 'M Boyle', 'M P Boyle', 'M Sabadosa', 'M.P. Boyle', 'MICHAEL BOYLE', 'Michael Boyle', 'Michael J Boyle', 'Michael J. BOYLE', 'Michael J. Boyle', 'Michael P Boyle', 'Michael P. BOYLE', 'Michael P. Boyle', 'Michael Patrick Boyle', 'Michael` Boyle', 'P. Boyle, Michael']",331,30066,85,85,michael,boyle,b,michael boyle,A5100763335,m boyle
A5049686352,,Cameron McRae,"['C. Mcrae', 'Cameron F. McRae', 'Cameron McRae']",15,110,5,5,cameron,mcrae,m,cameron mcrae,A5049686352,c mcrae
A5026893567,https://orcid.org/0000-0003-2630-4195,Quinten K Clarke,"['Clarke, Quinten', 'Quinten Clarke', 'Quinten K Clarke', 'Quinten K. Clarke']",15,79,5,5,quinten k,clarke,c,quinten k clarke,A5026893567,q clarke
A5028604888,,Sonja Luehrmann,"['Luehrmann, Sonja', 'SONJA LUEHRMANN', 'Sonja Luehrmann']",71,612,12,5,sonja,luehrmann,l,sonja luehrmann,A5028604888,s luehrmann
A5025896672,https://orcid.org/0000-0001-7579-6515,Peter E. Keller,"['E. Keller, Peter', 'Kammholz Day', 'Keller Peter', 'Keller, P.', 'Keller, Peter', 'Keller, Peter E.', 'Keller, Peter, E.', 'Leiby Lamb', 'P KELLER', 'P Keller', 'P. E. Keller', 'P. Keller', 'P.E. Keller', 'PETER E. KELLER', 'Peter E Keller', 'Peter E. Keller', 'Peter Erik Keller', 'Peter Keller']",460,11559,57,30,peter e.,keller,k,peter e. keller,A5025896672,p keller
A5006731910,https://orcid.org/0000-0003-3864-2618,Arthur Lewbel,"['A. Lewbel', 'ARTHUR LEWBEL', 'Arthur Lewbel', 'Lewbel, Arthur']",219,13177,51,15,arthur,lewbel,l,arthur lewbel,A5006731910,a lewbel
A5101611501,https://orcid.org/0009-0007-9995-6772,Seyeon Kim,['Seyeon Kim'],29,142,6,9,seyeon,kim,k,seyeon kim,A5101611501,s kim
A5034640158,https://orcid.org/0000-0002-6387-7542,Laura Jones,"['L B K R Jones', 'L Jones', 'L. Jones', 'LAURA JONES', 'Laura B Jones', 'Laura B. Jones', 'Laura B. K. R. Jones', 'Laura Brittany Jones', 'Laura Jones']",59,3022,18,21,laura,jones,j,laura jones,A5034640158,l jones
A5015060939,,Kevin O’Neill,"[""K O'Neill"", ""Kevin Francis O'Neill"", ""Kevin O'Neill"", 'Kevin O’Neill']",59,111,4,11,kevin,o’neill,o,kevin o’neill,A5015060939,k o’neill
A5039402913,https://orcid.org/0000-0003-0335-451X,Bardia Azizian,"['Azizian, Bardia', 'Bardia Azizian']",11,24,3,3,bardia,azizian,a,bardia azizian,A5039402913,b azizian
A5029764539,https://orcid.org/0000-0003-0422-7483,Adena Brons,"['Adena Brons', 'Brons, Adena']",11,29,2,1,adena,brons,b,adena brons,A5029764539,a brons
A5043671601,https://orcid.org/0000-0002-8043-5383,Nicolás Pérez,"['N Pérez', 'N. Perez', 'N. Peréz', 'N. Pérez', 'Nicolas Perez', 'Nicolas Perez (661295)', 'Nicolás Pérez', 'Nicolás Alvarez', 'Nicolás Pérez', 'Nicolás Pérez López', 'Perez, Nicolas', 'Pérez, Nicolas']",116,1433,19,16,nicolás,pérez,p,nicolás pérez,A5043671601,n pérez
A5011988580,https://orcid.org/0000-0002-1450-0941,Michael J. J. Recchia,"['Michael J. J. Recchia', 'Michael J.J. Recchia', 'Michael Recchia', 'Michael\xa0J J Recchia', 'Recchia, Michael J. J.']",11,514,6,2,michael j. j.,recchia,r,michael j. j. recchia,A5011988580,m recchia
A5082790434,https://orcid.org/0000-0002-9264-5732,Barinder Thind,"['Barinder Thind', 'Thind, Barinder']",7,41,2,1,barinder,thind,t,barinder thind,A5082790434,b thind
A5077891098,https://orcid.org/0000-0001-9538-2758,Melanie C. M. Murray,"['M Murray', 'M. Murray', 'M.C. Murray', 'M.C.M. Murray', 'MCM Murray', 'Melanie  C.M. Murray', 'Melanie C M Murray', 'Melanie C. M. Murray', 'Melanie C.M. Murray', 'Melanie CM Murray', 'Melanie Caroline Margaret Murray', 'Melanie Murray', 'Melanie\xa0C.\xa0M. Murray', 'Patrick Mallon']",95,1565,22,24,melanie c. m.,murray,m,melanie c. m. murray,A5077891098,m murray
A5053005299,https://orcid.org/0000-0002-7767-0470,Stuart Allan,"['Allan, Stuart', 'S. Allan', 'STUART ALLAN', 'Stuart Allan']",260,4081,32,62,stuart,allan,a,stuart allan,A5053005299,s allan
A5048766211,,Billie Joe Rogers,"['Billie Joe Rogers', 'Billie Rogers']",11,99,4,3,billie joe,rogers,r,billie joe rogers,A5048766211,b rogers
A5103241829,https://orcid.org/0000-0002-0240-4784,Omid Vakili,['Omid Vakili'],6,15,3,2,omid,vakili,v,omid vakili,A5103241829,o vakili
A5101941713,https://orcid.org/0000-0001-5178-7868,Shin Hye Kim,"['Kim, Shin Hye', 'Shin Hye Kim', 'Shin-Hye Kim', 'Shinhye Kim']",68,869,16,33,shin hye,kim,k,shin hye kim,A5101941713,s kim
A5078087620,https://orcid.org/0000-0002-9829-446X,Rachelle Patille,"['Patille, Rachelle', 'Rachelle Patille']",12,29,3,2,rachelle,patille,p,rachelle patille,A5078087620,r patille
A5090222248,https://orcid.org/0000-0001-5237-2218,Andrew T. Calvert,"['A. Calvert', 'A. T. Calvert', 'A.T. Calvert', 'ANDREW CALVERT', 'Andrew Calvert', 'Andrew Calvert (6883949)', 'Andrew T. Calvert', 'Andrew T. Calvert (8758257)']",176,6084,35,20,andrew t.,calvert,c,andrew t. calvert,A5090222248,a calvert
A5047099488,,Gabor Melli,"['GABOR MELLI', 'Gabor Melli']",21,2699,7,9,gabor,melli,m,gabor melli,A5047099488,g melli
A5029337151,https://orcid.org/0000-0001-8100-3577,Tianzheng Wang,"['T. WANG', 'Tian-Zheng WANG', 'Tian-Zheng Wang', 'Tian-zheng Wang', 'Tianzheng Wang', 'Wang, Tianzheng']",70,849,17,13,tianzheng,wang,w,tianzheng wang,A5029337151,t wang
A5054535416,https://orcid.org/0000-0002-6692-3874,Khalid F. AlHabib,"['AlHabib, Khalid', 'Alhabib, Khalid F.', 'K AlHabib', 'K F Alhabib', 'K. Al-Habib', 'K. AlHabib', 'K. Alhabib', 'K. F. Alhabib', 'K.F. AlHabib', 'K.F. Alhabib', 'KF AlHabib', 'KF Alhabib', 'Kalid ali Alhabib', 'Khalid Al-Habib', 'Khalid AlHabib', 'Khalid Alhabib', 'Khalid F Al-Habib', 'Khalid F AlHabib', 'Khalid F Alhabib', 'Khalid F. Al-Habib', 'Khalid F. AlHabib', 'Khalid F. Alhabib', 'Khalid Faiz Alhabib', 'Khalid\xa0F. AlHabib', 'Rasha Khatib', 'khalid AlHabib']",328,50322,75,41,khalid f.,alhabib,a,khalid f. alhabib,A5054535416,k alhabib
A5050462008,https://orcid.org/0000-0003-2717-6236,John Lowman,"['J D Lowman', 'J Lowman', 'J. Lowman', 'J.D. Lowman', 'JD Lowman', 'JOHN LOWMAN', 'John D Lowman', 'John D. Lowman', 'John Lowman', 'Lowman, J.D.', 'Lowman, John', 'Lowman, John, 1950-']",114,2361,22,10,john,lowman,l,john lowman,A5050462008,j lowman
A5000893315,https://orcid.org/0000-0001-6743-4020,Paul Baker,"['Baker, Paul', 'P Baker', 'P. Baker', 'P. M. Baker', 'P. Morgan Baker', 'PAUL M. BAKER', 'Paul BAKER', 'Paul Baker', 'Paul M. Baker', 'Paul Morgan Baker']",218,13115,45,53,paul,baker,b,paul baker,A5000893315,p baker
A5086077761,,Niloufar Aran,"['Aran, Niloufar', 'Niloufar Aran']",18,143,7,9,niloufar,aran,a,niloufar aran,A5086077761,n aran
A5100747388,https://orcid.org/0000-0002-1061-604X,Zezhong Wang,"['Wang, Zezhong', 'Ze-Zhong Wang', 'Zezhong Wang']",54,612,11,16,zezhong,wang,w,zezhong wang,A5100747388,z wang
A5025337002,https://orcid.org/0000-0002-8575-0294,Di Zhao,"['Chen Gao', 'D. Zhao', 'DI ZHAO', 'Di Bill Zhao', 'Di Qin Zhao', 'Di Zhao', 'Dongquan Zhao', 'Li Hao', 'Zhao Di', 'Zhao, Di', 'Zidong Wang']",119,1374,16,47,di,zhao,z,di zhao,A5025337002,d zhao
A5028019048,https://orcid.org/0000-0002-4203-3877,Sharon Robins,"['Robins, Sharon', 'Sharon Robins']",8,7,1,1,sharon,robins,r,sharon robins,A5028019048,s robins
A5086316996,,Paul Brantingham,"['Brantingham, Paul J.', 'P.L. Brantingham', 'Paul Brantingham']",14,1986,6,1,paul,brantingham,b,paul brantingham,A5086316996,p brantingham
A5052065849,https://orcid.org/0000-0001-9755-6459,Casey L. Kirkpatrick,"['C. L. Kirkpatrick', 'Casey Kirkpatrick', 'Casey L Kirkpatrick', 'Casey L. Kirkpatrick', 'Kirkpatrick, Casey L']",20,205,7,5,casey l.,kirkpatrick,k,casey l. kirkpatrick,A5052065849,c kirkpatrick
A5108751128,,Jiongchao Jin,"['Jin, Jiongchao', 'Jiongchao Jin']",13,90,6,2,jiongchao,jin,j,jiongchao jin,A5108751128,j jin
A5003592328,,Deborah Harford,['Deborah Harford'],13,287,6,1,deborah,harford,h,deborah harford,A5003592328,d harford
A5034589539,,Dennis L. Krebs,"['D. Krebs', 'DENNIS KREBS', 'DENNIS L. KREBS', 'Dennis Krebs', 'Dennis L Krebs', 'Dennis L. Krebs', 'Krebs, Dennis 19XX-']",169,5321,33,6,dennis l.,krebs,k,dennis l. krebs,A5034589539,d krebs
A5084640953,https://orcid.org/0000-0001-6901-0555,Karel Van Nieuwenhuyse,"['Karel Van Nieuwenhuyse', 'Karel Van Nieuwenhuyse,', 'Karel van Nieuwenhuyse', 'Van Nieuwenhuyse, Karel']",195,235,8,11,karel van,nieuwenhuyse,n,karel van nieuwenhuyse,A5084640953,k nieuwenhuyse
A5057737832,https://orcid.org/0000-0002-6446-6710,Valentine Sergeev,"['V. P. Sergeev', 'Valentine Sergeev']",9,145,4,4,valentine,sergeev,s,valentine sergeev,A5057737832,v sergeev
A5017071456,https://orcid.org/0000-0002-3561-442X,Nadine Boulay,"['Boulay', 'Nadine Boulay']",8,41,2,1,nadine,boulay,b,nadine boulay,A5017071456,n boulay
A5113804302,,Don Nelson,"['D Nelson', 'D. Nelson', 'Don H. Nelson', 'Don Nelson', 'Nelson, D']",35,460,11,9,don,nelson,n,don nelson,A5113804302,d nelson
A5087502235,https://orcid.org/0000-0001-6000-436X,Sandra Peterson,"['Peterson, Sandra', 'S Peterson', 'S. Peterson', 'Sandra L. Peterson', 'Sandra L.M. Peterson', 'Sandra Peterson']",109,1843,20,33,sandra,peterson,p,sandra peterson,A5087502235,s peterson
A5033404204,,Julia Carr,['Julia Carr'],23,231,8,7,julia,carr,c,julia carr,A5033404204,j carr
A5076517151,https://orcid.org/0000-0003-0818-9648,Qimin Chen,"['Chen Qimin', 'Chen, Qimin', 'Hongbin Ma', 'QIMIN CHEN', 'Qi-Min CHEN', 'Qi-Min Chen', 'Qi-min CHEN', 'Qi-min Chen', 'QiMin Chen', 'Qimin Chen', 'Xingwei Peng']",190,1412,21,46,qimin,chen,c,qimin chen,A5076517151,q chen
A5004074785,https://orcid.org/0000-0002-4818-9282,Ruilin Zhang,"['Rui-Lin Zhang', 'Ruilin ZHANG', 'Ruilin Zhang']",90,623,11,38,ruilin,zhang,z,ruilin zhang,A5004074785,r zhang
A5066747131,https://orcid.org/0000-0002-1213-2487,Danielle N. DeVries,"['Danielle DeVries', 'Danielle N. DeVries', 'Devries, Danielle']",8,101,4,4,danielle n.,devries,d,danielle n. devries,A5066747131,d devries
A5067130848,,Mo Korchinski,"['MO KORCHINSKI', 'Mo Korchinski']",37,496,13,16,mo,korchinski,k,mo korchinski,A5067130848,m korchinski
A5029839968,https://orcid.org/0000-0003-0588-3415,Ziying Zhang,"['Jun Zhang', 'Z Y Zhang', 'Z. Zhang', 'Z.Y. ZHANG', 'Zhang, Z.', 'Zhang, Ziying', 'Zi-Ying Zhang', 'Zi-ying ZHANG', 'Zi-ying Zhang', 'ZiYing Zhang', 'Ziying Zhang', 'Zi‐Ying Zhang']",243,3783,33,85,ziying,zhang,z,ziying zhang,A5029839968,z zhang
A5048929131,https://orcid.org/0000-0001-6823-2957,Dawn M. E. Bowdish,"['Bowdish, Dawn', 'Bowdish, Dawn M. E.', 'Bowdish, Dawn M.E.', 'D Bowdish', 'D M Bowdish', 'D M E Bowdish', 'D. Bowdish', 'D. M. E. Bowdish', 'D. M.E. Bowdish', 'D.M. Bowdish', 'D.M.E. Bowdish', 'DME Bowdish', 'Dawn Bowdish', 'Dawn M Bowdish', 'Dawn M E Bowdish', 'Dawn M. Bowdish', 'Dawn M. E. Bowdish', 'Dawn M.E Bowdish', 'Dawn M.E. Bowdish', 'Dawn ME Bowdish', 'Dawn ME. Bowdish', 'Matthew Miller']",279,14610,59,24,dawn m. e.,bowdish,b,dawn m. e. bowdish,A5048929131,d bowdish
A5083139109,,Kamyar Razavi,"['Kamyar Razavi', 'Razavi, Kamyar']",10,0,0,2,kamyar,razavi,r,kamyar razavi,A5083139109,k razavi
A5017306542,https://orcid.org/0000-0002-1882-4855,Stephen A. Spector,"['Gary Sinclair', 'S A Spector', 'S Spector', 'S. A. SPECTOR', 'S. A. Spector', 'S. Spector', 'S.A. Spector', 'S.\xa0A. Spector', 'STEPHEN A SPECTOR', 'STEPHEN A. SPECTOR', 'STEPHEN SPECTOR', 'Spector, Stephen A', 'Stephen A Spector', 'Stephen A. Spector', 'Stephen Spector', 'StephenA. Spector', 'Stephen\xa0A Spector', 'Stephen\xa0A. Spector']",408,25816,78,106,stephen a.,spector,s,stephen a. spector,A5017306542,s spector
A5005032306,,Claire Carolan,['Claire Carolan'],8,8,2,3,claire,carolan,c,claire carolan,A5005032306,c carolan
A5101082637,,Angela Paul,"['Angela Paul', 'Paul, Angela']",6,36,4,5,angela,paul,p,angela paul,A5101082637,a paul
A5027507754,https://orcid.org/0000-0002-9705-5897,Ruth Timme,"['R. Timme', 'R.E. Timme', 'Ruth E Timme', 'Ruth E. Timme', 'Ruth Timme', 'Ruth\xa0E. Timme', 'Timme, Ruth', 'Timme, Ruth E.']",251,5282,35,38,ruth,timme,t,ruth timme,A5027507754,r timme
A5109739423,,Ying Yu,['Ying Yu'],6,20,2,9,ying,yu,y,ying yu,A5109739423,y yu
A5108419733,https://orcid.org/0000-0001-5112-1310,Diana N. Ionescu,"['D IONESCU', 'D Ionescu', 'D N Ionescu', 'D. Ionescu', 'D.N. Ionescu', 'Diana Andreea Ionescu', 'Diana Ionescu', 'Diana N Ionescu', 'Diana N. Ionescu', 'Diana N. Ionescu (Naus)', 'Ionescu, Diana', 'Linda Hui']",159,4736,33,41,diana n.,ionescu,i,diana n. ionescu,A5108419733,d ionescu
A5048276816,https://orcid.org/0000-0003-1746-535X,Zhongxiang Chang,"['Chang Zhongxiang', 'Chang, Zhongxiang', 'Z.X. Chang', 'Zhongxiang Chang']",29,360,11,8,zhongxiang,chang,c,zhongxiang chang,A5048276816,z chang
A5100336360,https://orcid.org/0000-0001-6148-9709,Long Chen,"['CHEN Long', 'Chen, Long', 'Hui-ling Chen', 'L. Chen', 'LONG CHEN', 'Long CHEN', 'Long Chen', 'Long Chen -', 'Long chen', 'Xiaofeng Li']",372,9377,44,113,long,chen,c,long chen,A5100336360,l chen
A5047103464,,Christos Rantsoudis,"['Christos Rantsoudis', 'Rantsoudis, Christos']",15,23,3,10,christos,rantsoudis,r,christos rantsoudis,A5047103464,c rantsoudis
A5057905356,https://orcid.org/0000-0003-0864-0312,Maggie Jones,"['Jones, Maggie', 'Jones, Maggie E. C.', 'Jones, Maggie E.C.', 'Maggie E C Jones', 'Maggie E. C. Jones', 'Maggie E.C. Jones', 'Maggie Jones']",42,331,9,13,maggie,jones,j,maggie jones,A5057905356,m jones
A5000514429,https://orcid.org/0000-0002-3456-4387,Pauline S. Deschodt,"['Pauline Deschodt', 'Pauline S Deschodt', 'Pauline S. Deschodt']",7,53,4,4,pauline s.,deschodt,d,pauline s. deschodt,A5000514429,p deschodt
A5023834485,https://orcid.org/0000-0001-7428-0461,Emillie de Keulenaar,"['Emillie De Keulenaar', 'Emillie V. de Keulenaar', 'Emillie de Keulenaar']",21,130,6,5,emillie de,keulenaar,k,emillie de keulenaar,A5023834485,e keulenaar
A5020528755,,Heather A. Baitz,"['Baitz H', 'Heather A. Baitz', 'Heather Baitz']",8,97,5,3,heather a.,baitz,b,heather a. baitz,A5020528755,h baitz
A5093888240,,Olivia C. Lowe,"['Olivia C Lowe', 'Olivia C. Lowe']",7,21,3,1,olivia c.,lowe,l,olivia c. lowe,A5093888240,o lowe
A5078102586,https://orcid.org/0009-0000-9963-0659,F T Najafi,"['F T Najafi', 'F. Najafi', 'F. T. Najafi', 'F.T. Najafi', 'Farid Najafi', 'Farshid Najafi']",22,108,5,3,f t,najafi,n,f t najafi,A5078102586,f najafi
A5009934914,https://orcid.org/0000-0001-7098-8251,Qi Wen,"['Ila Rocha Falcão', 'Q Wen', 'Q. Wen', 'Q. wen', 'Q.S. Wen', 'Qi Wen', 'Qi wen', 'Qi, Wen', 'Qi- Wen', 'Qi-Tong Wen', 'Qi-rong Wen', 'Wen Qi', 'Wen, Qi']",198,4856,35,57,qi,wen,w,qi wen,A5009934914,q wen
A5079201993,,Vincent T. Nguyen,"['Nguyen, Vincent T.', 'Vincent Nguyen', 'Vincent T. Nguyen']",9,20,2,6,vincent t.,nguyen,n,vincent t. nguyen,A5079201993,v nguyen
A5102771103,,Śılvia Gonçalves,"['Goncalves, Silvia', 'Gonçalves, Silvia', 'Gonçalves, Sílvia', 'SILVIA GONÇALVES', 'Silvia Goncalves', 'Silvia Gonçalves', 'Sílvia Gonçalves', 'Sı́lvia Gonçalves', 'Śılvia Gonçalves']",74,2595,24,24,śılvia,gonçalves,g,śılvia gonçalves,A5102771103,ś gonçalves
A5085664594,https://orcid.org/0000-0001-6729-1613,Diana Solomon,['Diana Solomon'],17,8,2,1,diana,solomon,s,diana solomon,A5085664594,d solomon
A5001354996,https://orcid.org/0000-0002-7564-5829,David Rudoler,"['D Rudoler', 'D. Rudoler', 'DAVID RUDOLER', 'David Rudoler', 'Rudoler, David']",105,1031,19,22,david,rudoler,r,david rudoler,A5001354996,d rudoler
A5025195271,https://orcid.org/0000-0002-0540-0631,Noha Atef,"['Atef, Noha', 'Noha Atef']",24,12,1,2,noha,atef,a,noha atef,A5025195271,n atef
A5006721405,,Laureano Ralón,"['Laureano Ralon', 'Laureano Ralón']",33,37,3,8,laureano,ralón,r,laureano ralón,A5006721405,l ralón
A5072566080,https://orcid.org/0000-0003-2180-0691,Archita Srivastava,"['Archita Srivastava', 'Srivastava, Archita']",22,395,7,9,archita,srivastava,s,archita srivastava,A5072566080,a srivastava
A5001761578,https://orcid.org/0000-0001-7588-4910,Kevin S. Kuchinski,"['K Kuchinski', 'K. Kuchinski', 'Kevin Kuchinski', 'Kevin S Kuchinski', 'Kevin S. Kuchinski', 'Kuchinski, Kevin S.']",37,385,13,4,kevin s.,kuchinski,k,kevin s. kuchinski,A5001761578,k kuchinski
A5061966437,https://orcid.org/0000-0002-2180-1849,Betty Chinda,"['Betty Chinda', 'Betty Nhuoma Chinda']",10,126,5,3,betty,chinda,c,betty chinda,A5061966437,b chinda
A5040075859,https://orcid.org/0000-0001-5978-8021,Theresa Jean Tanenbaum,"['Shmuel Shilo', 'Succession Law', 'Tanenbaum, Theresa Jean', 'Theresa J Tanenbaum', 'Theresa J. Tanenbaum', 'Theresa Jean Tanenbaum', 'Theresa Tanenbaum']",88,2744,25,9,theresa jean,tanenbaum,t,theresa jean tanenbaum,A5040075859,t tanenbaum
A5082288060,,Jennifer McDermid,"['Jennifer McDermid', 'McDermid, Jennifer']",10,61,5,5,jennifer,mcdermid,m,jennifer mcdermid,A5082288060,j mcdermid
A5000773669,https://orcid.org/0000-0001-9689-9126,Julie A. Charbonneau,"['Charbonneau, Julie A.', 'Julie A Charbonneau', 'Julie A. Charbonneau', 'Julie Charbonneau']",8,81,3,4,julie a.,charbonneau,c,julie a. charbonneau,A5000773669,j charbonneau
A5002734516,,Charles Hostovsky,['Charles Hostovsky'],9,132,5,4,charles,hostovsky,h,charles hostovsky,A5002734516,c hostovsky
A5043754594,https://orcid.org/0000-0001-5040-1855,Vinicius da Eira Silva,"['VINICIUS DA EIRA SILVA', 'Vinicius Da Eira Silva', 'Vinicius da Eira Silva', 'Vinícius da Eira Silva']",16,249,6,3,vinicius da eira,silva,s,vinicius da eira silva,A5043754594,v silva
A5031615949,https://orcid.org/0000-0001-5852-9685,S. K. Luthra,"['LUTHRA, SK', 'Luthra, S', 'Luthra, S.', 'Luthra, SK', 'S K Luthra', 'S Luthra', 'S. K. LUTHRA', 'S. K. Luthra', 'S. Luthra', 'S.K Luthra', 'S.K. LUTHRA', 'S.K. Luthra', 'SK. Luthra', 'Sajinder Luthra', 'Shivam Luthra -', 'Shreya Luthra']",53,1264,16,11,s. k.,luthra,l,s. k. luthra,A5031615949,s luthra
A5047763957,,Patricia Gruben,['Patricia Gruben'],6,4,1,1,patricia,gruben,g,patricia gruben,A5047763957,p gruben
A5085589946,,Carolyn Lesjak,"['C. Lesjak', 'CAROLYN LESJAK', 'Carolyn J. Lesjak', 'Carolyn Lesjak']",43,371,8,1,carolyn,lesjak,l,carolyn lesjak,A5085589946,c lesjak
A5089357455,https://orcid.org/0000-0002-5987-578X,John W. Maxwell,"['J Maxwell', 'J. Maxwell', 'J. William Maxwell', 'J.W. Maxwell', 'JOHN MAXWELL', 'John Maxwell', 'John W Maxwell', 'John W. Maxwell', 'John W. S. Maxwell', 'John\xa0W. Maxwell', 'Maxwell, John', 'Maxwell, John P.', 'Maxwell, John W', 'Maxwell, John W.']",135,3461,24,17,john w.,maxwell,m,john w. maxwell,A5089357455,j maxwell
A5068039658,https://orcid.org/0000-0002-2980-1798,S. D. Golding,"['Golding, S. D.', 'Golding, SM', 'Golding, Suzanne D.', 'S D Golding', 'S GOLDING', 'S Golding', 'S. D. GOLDING', 'S. D. Golding', 'S. Golding', 'S.D Golding', 'S.D. Golding', 'Suzanne D Golding', 'Suzanne D. Golding', 'Suzanne Golding']",345,8451,51,10,s. d.,golding,g,s. d. golding,A5068039658,s golding
A5089810649,,Roland Case,"['Case, Roland', 'R.B. Case', 'Roland Case']",28,1127,9,3,roland,case,c,roland case,A5089810649,r case
A5089173037,https://orcid.org/0000-0002-1932-2750,Brandon Reagen,"['Antonio Barbalace', 'Brandon Reagen', 'Reagen, Brandon', 'Zahra Ghodsi']",113,3771,22,17,brandon,reagen,r,brandon reagen,A5089173037,b reagen
A5083084802,https://orcid.org/0000-0002-6691-3983,Esteban Morales,"['Esteban Egaña Morales', 'Esteban Morales', 'Morales, Esteban']",64,322,9,13,esteban,morales,m,esteban morales,A5083084802,e morales
A5006377483,https://orcid.org/0000-0001-8478-8939,Ilya S. Girnik,"['I. S. Girnik', 'I.S. Girnik', 'Ilya  S. Girnik', 'Ilya Girnik', 'Ilya S. Girnik']",28,632,13,4,ilya s.,girnik,g,ilya s. girnik,A5006377483,i girnik
A5080670037,,Hannah McGregor,['Hannah McGregor'],55,172,7,3,hannah,mcgregor,m,hannah mcgregor,A5080670037,h mcgregor
A5036088981,,Karen Heisler,"['Karen G. Heisler', 'Karen Heisler']",16,90,5,2,karen,heisler,h,karen heisler,A5036088981,k heisler
A5005807616,https://orcid.org/0000-0002-4882-1292,Pallavi Pal,"['Pal, Pallavi', 'Pallavi Pal']",31,10,2,7,pallavi,pal,p,pallavi pal,A5005807616,p pal
A5058695790,https://orcid.org/0000-0003-1739-3085,Alexandra M. Coates,"['A Coates', 'ALEXANDRA M. COATES', 'Alexandra Coates', 'Alexandra M Coates', 'Alexandra M. Coates', 'Coates, Alexandra M']",58,738,15,5,alexandra m.,coates,c,alexandra m. coates,A5058695790,a coates
A5025819718,https://orcid.org/0000-0002-7439-3535,Matheus Holzbach,"['Holzbach, Matheus [UNESP]', 'Matheus Holzbach']",19,6,1,6,matheus,holzbach,h,matheus holzbach,A5025819718,m holzbach
A5108773509,,Christopher L. Cahill,"['Cahill, Christopher', 'Cahill, Christopher L', 'Cahill, Christopher L.', 'Cahill, Christopher Logan', 'Christopher Cahill', 'Christopher L. Cahill']",18,176,8,5,christopher l.,cahill,c,christopher l. cahill,A5108773509,c cahill
A5049288121,https://orcid.org/0000-0003-2445-9900,N. Renuga Nagarajan,"['N Renuga Nagarajan', 'N. Renuga Nagarajan', 'Nagarajan, N Renuga', 'Nagarajan, N. Renuga', 'Nigel Nagarajan']",13,263,5,4,n. renuga,nagarajan,n,n. renuga nagarajan,A5049288121,n nagarajan
A5046780135,,Rowland Lorimer,"['R Lorimer', 'Rowland Lorimer', 'Smithers']",89,286,8,5,rowland,lorimer,l,rowland lorimer,A5046780135,r lorimer
A5029028791,,Victor Wong,"['V.L. Wong', 'Victor Wong', 'Wong, Victor']",15,646,3,3,victor,wong,w,victor wong,A5029028791,v wong
A5074284617,,J. Barican,"['Barican, Jen', 'J. Barican', 'Jen Barican']",73,82,3,1,j.,barican,b,j. barican,A5074284617,j barican
A5030365370,https://orcid.org/0000-0002-9012-4079,Alfons A den Broeder,"['A A Den Broeder', 'A A d. Broeder', 'A A den Broeder', 'A Broeder', 'A Den Broeder', 'A den Broeder', 'A. A den Broeder', 'A. A. den Broeder', 'A. Den Broeder', 'A. den Broeder', 'A.A. Den Broeder', 'A.A. den Broeder', 'A.\u2003A. Den Broeder', 'AA Den Broeder', 'AA den Broeder', 'ALFONS A. den BROEDER', 'Alfons A Den Broeder', 'Alfons A den Broeder', 'Alfons A. Den Broeder', 'Alfons A. den Broeder', 'Alfons A. den\xa0Broeder', 'Alfons Den Broeder', 'Alfons den Broeder', 'Alfons. A. den Broeder', 'Arndt Broeder', 'Broeder, Alfons A. Den']",353,11807,48,31,alfons a den,broeder,b,alfons a den broeder,A5030365370,a broeder
A5082854012,https://orcid.org/0000-0001-8303-4983,Stephen M. Watt,"['S M Watt', 'S Watt', 'S. M. Watt', 'S. Watt', 'S.M. WATT', 'S.M. Watt', 'STEPHEN M. WATT', 'Stephen  M. Watt', 'Stephen M. Watt', 'Stephen Michael Watt', 'Stephen Watt', 'Watt, SM', 'Watt, Stephen', 'Watt, Stephen M.']",276,3839,27,22,stephen m.,watt,w,stephen m. watt,A5082854012,s watt
A5005506614,https://orcid.org/0000-0001-5746-4242,Xiao-Min Hu,"['X. Hu', 'X. Joan Hu', 'Xiao-Min HU', 'Xiao-Min Hu', 'Xiao-min Hu', 'Xiaomin Hu', 'Xiaomin Hu (748276)', 'Xin Liu', 'Xuliang Hu']",123,2092,20,18,xiao-min,hu,h,xiao-min hu,A5005506614,x hu
A5071716739,https://orcid.org/0000-0002-6188-7173,Esma Emmioğlu Sarıkaya,"['ESMA EMMİOĞLU', 'Esma EMMİOGLU', 'Esma EMMİOGLU SARIKAYA', 'Esma EMMİOĞLU SARIKAYA', 'Esma Emmioglu', 'Esma Emmioglu Sarikaya', 'Esma Emmioglu Sarıkaya', 'Esma Emmioğlu', 'Esma Emmioğlu SARIKAYA', 'Esma Emmioğlu Sarikaya', 'Esma Emmioğlu Sarıkaya', 'Esma Emmioğlu-Sarıkaya', 'Sarıkaya, Esma']",27,604,8,3,esma emmioğlu,sarıkaya,s,esma emmioğlu sarıkaya,A5071716739,e sarıkaya
A5004724427,https://orcid.org/0000-0002-1739-1576,Jason Connelly,"['Connelly, John', 'Connelly,John J', 'Jason Connelly']",9,14,2,2,jason,connelly,c,jason connelly,A5004724427,j connelly
A5083302082,,Shelly Tognazzini,"['S. Tognazzini', 'Shelly Tognazzini']",11,23,2,3,shelly,tognazzini,t,shelly tognazzini,A5083302082,s tognazzini
A5113885163,,Abel Abraham,"['A. Abraham', 'Abel Abraham', 'Abel M. Abraham', 'Abel Mundakakuzhiyil Abraham']",15,117,5,8,abel,abraham,a,abel abraham,A5113885163,a abraham
A5067081033,,Karam Elabd,"['K. Elabd', 'Karam Elabd']",6,63,4,1,karam,elabd,e,karam elabd,A5067081033,k elabd
A5087658166,https://orcid.org/0000-0002-8857-3000,Carol Muñoz Nieves,"['Carol Muñoz Nieves', 'Carol Muñoz-Nieves', 'Muñoz Nieves, Carol', 'Nieves, Carol Munoz', 'Nieves, Carol Muñoz']",21,668,7,4,carol muñoz,nieves,n,carol muñoz nieves,A5087658166,c nieves
A5080579917,https://orcid.org/0000-0002-4490-9270,Golara Zafari,['Golara Zafari'],7,74,3,3,golara,zafari,z,golara zafari,A5080579917,g zafari
A5012952532,https://orcid.org/0000-0002-9272-0034,Franklin Tam,"['Franklin F. Tam', 'Franklin Tam']",8,278,6,1,franklin,tam,t,franklin tam,A5012952532,f tam
A5047672152,https://orcid.org/0000-0001-8829-133X,Pouria Ahmadi,"['P. Ahmadi', 'Pouria AHMADI', 'Pouria Ahmadi']",227,14161,70,14,pouria,ahmadi,a,pouria ahmadi,A5047672152,p ahmadi
A5033766022,,Mariane Bourcheix-Laporte,"['MARIANE BOURCHEIX-LAPORTE', 'Mariane Bourcheix-Laporte']",12,3,1,2,mariane,bourcheix-laporte,b,mariane bourcheix-laporte,A5033766022,m bourcheix-laporte
A5057414872,https://orcid.org/0000-0002-4333-1673,Saeed Mansouri,"['Mansouri, Saeed', 'S. Mansouri', 'Saeed Mansouri']",25,162,7,4,saeed,mansouri,m,saeed mansouri,A5057414872,s mansouri
A5109559835,,L. E. Ballentine,"['Ballentine, Leslie', 'Ballentine, Leslie E.', 'L E Ballentine', 'L. E. BALLENTINE', 'L. E. Ballentine', 'L.E Ballentine', 'L.E. BALLENTINE', 'L.E. Ballentine', 'Leslie Ballentine', 'Leslie E Ballentine', 'Leslie E. Ballentine']",103,10269,31,5,l. e.,ballentine,b,l. e. ballentine,A5109559835,l ballentine
A5031105051,,Adrian Tuohy,"['Adrian M Tuohy', 'Adrian M. Tuohy', 'Adrian Tuohy']",8,182,3,3,adrian,tuohy,t,adrian tuohy,A5031105051,a tuohy
A5109262678,,Heather Spence,"['H Spence', 'Heather K Spence', 'Heather Spence']",14,288,9,10,heather,spence,s,heather spence,A5109262678,h spence
A5003944092,,Jenny Zhe Liao,"['Jenny Z Liao', 'Jenny Zhe Liao', 'Liao, Jenny Zhe']",8,80,4,1,jenny zhe,liao,l,jenny zhe liao,A5003944092,j liao
A5014168147,https://orcid.org/0000-0002-7127-8902,Yili Jin,"['Jin, Yili', 'Yili Jin']",33,394,9,4,yili,jin,j,yili jin,A5014168147,y jin
A5058855307,,Ghislain Madiot,"['G. Madiot', 'Ghislain Madiot', 'Madiot, Ghislain']",8,7,2,1,ghislain,madiot,m,ghislain madiot,A5058855307,g madiot
A5100427128,https://orcid.org/0000-0003-3376-5037,Cong Chen,"['Chen, Cong', 'Cong Chen']",62,762,14,12,cong,chen,c,cong chen,A5100427128,c chen
A5109056508,,G. D. Watkins,"['G D Watkins', 'G. D. WATKINS', 'G. D. Watkins', 'G.D Watkins', 'G.D. Watkins', 'George D Watkins', 'George D. Watkins', 'George Watkins', 'Watkins, George']",256,15564,66,20,g. d.,watkins,w,g. d. watkins,A5109056508,g watkins
A5032627041,,James E. Marcia,"['J. E. Marcia', 'J. Marcia', 'J.E. Marcia', 'James E Marcia', 'James E. Marcia', 'James Marcia']",84,11924,40,4,james e.,marcia,m,james e. marcia,A5032627041,j marcia
A5022617819,,Shishir Gopinath,"['Gopinath, Shishir', 'Shishir Gopinath']",10,31,3,2,shishir,gopinath,g,shishir gopinath,A5022617819,s gopinath
A5073964012,https://orcid.org/0000-0001-5051-1771,Oliver Snow,"['Oliver Snow', 'Snow, Oliver']",14,136,6,5,oliver,snow,s,oliver snow,A5073964012,o snow
A5007433649,https://orcid.org/0000-0001-7777-0773,Ronald Swanstrom,"['R I Swanstrom', 'R Swanstrom', 'R. Swanstrom', 'Ronald I Swanstrom', 'Ronald I. Swanstrom', 'Ronald Swanstrom', 'Swanstrom R', 'Swanstrom R.', 'Swanstrom, R', 'Swanstrom, R.', 'Swanstrom, Ronald', 'Swanstrom, Ronald I', 'Swanstrom, Ronald I.']",319,20225,74,37,ronald,swanstrom,s,ronald swanstrom,A5007433649,r swanstrom
A5108377201,,Robert Townsend,"['R F Townsend', 'R Townsend', 'R. F. Townsend', 'R. Townsend', 'R.F. Townsend', 'Robert M. Townsend', 'Robert Townsend', 'Rolando Suarez', 'Townsend, R.F.', 'Townsend, Rob F.', 'Townsend, Robert']",72,1040,17,20,robert,townsend,t,robert townsend,A5108377201,r townsend
A5023702393,,Pablo Guevara,"['Guevara, Pablo', 'Pablo Guevara']",9,9,2,2,pablo,guevara,g,pablo guevara,A5023702393,p guevara
A5067657994,https://orcid.org/0000-0002-9640-8486,Elizabeth A. Gnatiuk,"['Elizabeth A. Gnatiuk', 'Elizabeth Gnatiuk']",14,43,4,6,elizabeth a.,gnatiuk,g,elizabeth a. gnatiuk,A5067657994,e gnatiuk
A5101777458,https://orcid.org/0000-0002-4918-2330,Keerthana Kumar,"['K Kumar', 'Keerthana K Kumar', 'Keerthana Kumar', 'Keerthana Kuppamma Kumar', 'Kumar, Keerthana']",12,235,4,5,keerthana,kumar,k,keerthana kumar,A5101777458,k kumar
A5045060106,https://orcid.org/0000-0003-4875-3573,Alyssa Croft,"['Alyssa Croft', 'Colette van Laar', 'Croft, Alyssa']",70,1400,18,5,alyssa,croft,c,alyssa croft,A5045060106,a croft
A5003364633,,Yuefan Wu,"['Wu, Yuefan', 'Yuefan Wu']",7,45,3,5,yuefan,wu,w,yuefan wu,A5003364633,y wu
A5038888358,,Ukoabasi Isip,['Ukoabasi Isip'],7,32,1,2,ukoabasi,isip,i,ukoabasi isip,A5038888358,u isip
A5065739906,https://orcid.org/0000-0002-9236-3890,Zishan Cui,"['Cui, Zishan', 'Z Cui', 'Zishan Cui']",101,1683,26,11,zishan,cui,c,zishan cui,A5065739906,z cui
A5007300551,https://orcid.org/0000-0001-9844-992X,Geng Yuan,"['Geng Yuan', 'Yuan Geng', 'Yuan, Geng']",142,1588,21,15,geng,yuan,y,geng yuan,A5007300551,g yuan
A5025638336,https://orcid.org/0000-0003-1547-0569,Sarah Bull,"['Bull, Sarah', 'S BULL', 'S Bull', 'S. BULL', 'S. Bull', 'Sarah Bull', 'Sarah Bull -', 'Sarah V. Bull']",93,1516,22,28,sarah,bull,b,sarah bull,A5025638336,s bull
A5100351927,https://orcid.org/0000-0003-1998-0611,Lin Zhang,"['L Zhang', 'L. Zhang', 'L.‐H. Zhang', 'LIN ZHANG', 'Lin ZHANG', 'Lin Zhang', 'Zhang, Lin']",309,21940,61,144,lin,zhang,z,lin zhang,A5100351927,l zhang
A5060691178,https://orcid.org/0000-0003-4872-7447,Ali Mokhtari-Jazi,"['Ali Mokhtari-Jazi', 'Mokhtari-Jazi, Ali']",8,19,2,1,ali,mokhtari-jazi,m,ali mokhtari-jazi,A5060691178,a mokhtari-jazi
A5029296798,https://orcid.org/0000-0001-6459-2621,P. Kowalski,"['Kowalski, P.', 'Kowalski, Paweł', 'P Kowalski', 'P. Kowalski', 'Pawel Kowalski', 'Paweł J Kowalski', 'Paweł J. Kowalski', 'Paweł Kowalski', 'Wojciech Wilicki']",145,1854,22,18,p.,kowalski,k,p. kowalski,A5029296798,p kowalski
A5001276781,https://orcid.org/0000-0003-4329-7804,Omar Mossad,"['Mossad, Omar', 'Omar Mossad']",27,1429,15,5,omar,mossad,m,omar mossad,A5001276781,o mossad
A5101826423,https://orcid.org/0000-0003-4862-6427,Yi Wen,"['Wen Yi', 'Y Wen', 'Y. Wen', 'Yi WEN', 'Yi Wen', 'Yonghao Wen']",118,3972,37,40,yi,wen,w,yi wen,A5101826423,y wen
A5033057164,https://orcid.org/0000-0003-0396-0966,Ian Scott,"['I M Scott', 'I. M. Scott', 'I. Scott', 'Ian M Scott', 'Ian M. Scott', 'Ian Scott']",71,1320,20,16,ian,scott,s,ian scott,A5033057164,i scott
A5061521378,https://orcid.org/0000-0003-0947-6243,Heather Williams,"['H Williams', 'H. W. Williams', 'H. Warrington Williams', 'HEATHER WILLIAMS', 'Heather Williams', 'Williams, H. Warrington']",62,2475,24,9,heather,williams,w,heather williams,A5061521378,h williams
A5039902067,https://orcid.org/0000-0002-2361-8925,Philip Huynh,"['Huynh, Philip', 'P. Huynh', 'P.L. Huynh', 'P.L.L. Huynh', 'Philip Huynh']",38,650,13,13,philip,huynh,h,philip huynh,A5039902067,p huynh
A5020861975,https://orcid.org/0000-0001-5209-9004,Jie Jian,"['J. Jian', 'J.M. Jian', 'Jiahong Jian', 'Jie Jian']",7,15,2,9,jie,jian,j,jie jian,A5020861975,j jian
A5073406025,https://orcid.org/0000-0002-8938-4391,Hannah Herrick,"['Hannah Herrick', 'Hannah M Herrick', 'Hannah M. Herrick', 'Herrick, Hannah']",7,78,2,3,hannah,herrick,h,hannah herrick,A5073406025,h herrick
A5080977745,https://orcid.org/0000-0002-7588-2111,Britny A. Martlin,"['Britny A. Martlin', 'Britny Martlin']",8,36,4,3,britny a.,martlin,m,britny a. martlin,A5080977745,b martlin
A5041336139,https://orcid.org/0009-0000-3163-6800,Chenzheng Li,"['Chenzheng Li', 'Li Chenzheng']",12,50,3,4,chenzheng,li,l,chenzheng li,A5041336139,c li
A5080805385,https://orcid.org/0000-0001-6323-0872,Alex King,"['ALEX KING', 'Alex King', 'King, Alex']",19,359,7,4,alex,king,k,alex king,A5080805385,a king
A5016375531,https://orcid.org/0000-0003-2210-3070,Adrienne Berchtold,"['A.E. Berchtold', 'Adrienne Berchtold', 'Adrienne E. Berchtold']",7,83,5,3,adrienne,berchtold,b,adrienne berchtold,A5016375531,a berchtold
A5046254661,https://orcid.org/0000-0002-3166-5959,Natalya Alonso,"['Natalya Alonso', 'Natalya M. Alonso']",17,392,6,3,natalya,alonso,a,natalya alonso,A5046254661,n alonso
A5053679195,https://orcid.org/0009-0007-9665-1009,Peter Young,"['P J Young', 'P Young', 'P. J. Young', 'P. Young', 'P.J. Young', 'P.J.S. Young', 'Peter J Young', 'Peter J. S. Young', 'Peter J. Young', 'Peter Young', 'Peter\xa0J. Young']",155,2846,26,40,peter,young,y,peter young,A5053679195,p young
A5079975483,https://orcid.org/0000-0002-1833-3597,Lazar I. Jovanovic,"['Lazar I Jovanovic', 'Lazar I. Jovanovic', 'Lazar Jovanovic']",13,153,7,10,lazar i.,jovanovic,j,lazar i. jovanovic,A5079975483,l jovanovic
A5002298496,https://orcid.org/0000-0003-2528-1446,Dimitri Livitz,"['D Livitz', 'D. Livitz', 'Dimitri G. Livitz', 'Dimitri Livitz', 'Julie Livingstone']",131,27646,49,24,dimitri,livitz,l,dimitri livitz,A5002298496,d livitz
A5074510211,https://orcid.org/0000-0002-4858-5170,J. Chacón,"['Chacon, Juan', 'J Chacon', 'J Chacón', 'J. Chacón', 'Juan Chacon', 'Juan Diego Chacón']",15,182,5,4,j.,chacón,c,j. chacón,A5074510211,j chacón
A5005359638,,Kate Moffatt,['Kate Moffatt'],7,1,1,2,kate,moffatt,m,kate moffatt,A5005359638,k moffatt
A5050895608,https://orcid.org/0000-0001-6288-0590,Nicole K. Stewart,"['Nicole K Stewart', 'Nicole K. Stewart', 'Nicole Kearse Stewart', 'Nicole Stewart']",21,55,5,3,nicole k.,stewart,s,nicole k. stewart,A5050895608,n stewart
A5076066151,https://orcid.org/0000-0003-1375-6475,David G. Bigelow,"['D. Bigelow', 'David Bigelow', 'David G. Bigelow']",7,80,3,12,david g.,bigelow,b,david g. bigelow,A5076066151,d bigelow
A5084860097,https://orcid.org/0000-0001-9429-7201,Alexa van der Waall,"['A. van der Waall', 'Alexa van der Waall']",7,91,5,1,alexa van der,waall,w,alexa van der waall,A5084860097,a waall
A5039603220,https://orcid.org/0000-0002-8472-043X,Abel Ruiz-Giralt,"['Abel Ruiz-Giralt', 'Ruiz-Giralt, Abel']",39,201,7,9,abel,ruiz-giralt,r,abel ruiz-giralt,A5039603220,a ruiz-giralt
A5076669546,https://orcid.org/0000-0003-4056-1286,Asger Hobolth,"['A. HOBOLTH', 'A. Hobolth', 'ASGER HOBOLTH', 'Asger Hobolth', 'Asger Hobolth (7266)', 'Hobolth, Asger', 'Hobolth, Asger; id_orcid 0000-0003-4056-1286', 'Katherine A. Hoadley']",182,21212,46,16,asger,hobolth,h,asger hobolth,A5076669546,a hobolth
A5030267095,,Angela Wong,"['A Wong', 'Angela Wong']",140,429,7,17,angela,wong,w,angela wong,A5030267095,a wong
A5026568725,https://orcid.org/0000-0002-9122-8742,Patricio López‐Jaramillo,"['Lopez-Jaramillo, Patricio', 'López Jaramillo, Patricio', 'P LOPEZJARAMILLO', 'P Lopez-Jaramillo', 'P Lopez‐Jaramillo', 'P López-Jaramillo', 'P López‐Jaramillo', 'P. Lopez-Jaramillo', 'P. Lopez‐Jaramillo', 'P. LÓPEZ‐JARAMILLO', 'P. Lòpez-Jaramillo', 'P. López-Jaramillo', 'P. López‐Jaramillo', 'PATRICIO LÓPEZ-JARAMILLO', 'Patricio Jaramillo', 'Patricio Lopez Jaramillo', 'Patricio Lopez-Jaramillo', 'Patricio Lopez-jaramillo', 'Patricio Lopez‐Jaramillo', 'Patricio López-Jaramillo', 'Patricio López -Jaramillo', 'Patricio López Jaramillo', 'Patricio López-Jaramillo', 'Patricio López-Jaramilo', 'Patricio López‐Jaramillo', 'Patricio López–Jaramillo']",586,56859,108,72,patricio,lópez‐jaramillo,l,patricio lópez‐jaramillo,A5026568725,p lópez‐jaramillo
A5037632381,,Shivansh Patel,"['Patel, Shivansh', 'Shivansh Pate', 'Shivansh Patel']",17,195,6,4,shivansh,patel,p,shivansh patel,A5037632381,s patel
A5002817342,,Ean Henninger,"['Ean Henninger', 'Henninger, Ean']",19,35,3,2,ean,henninger,h,ean henninger,A5002817342,e henninger
A5115594829,,Pengpeng Zhang,"['Peng-Peng Zhang', 'Pengpeng Zhang']",65,363,11,24,pengpeng,zhang,z,pengpeng zhang,A5115594829,p zhang
A5091216307,https://orcid.org/0000-0001-5157-0968,Monika Waldis,"['Monika Waldis', 'Waldis, Monika']",78,372,10,17,monika,waldis,w,monika waldis,A5091216307,m waldis
A5034929224,https://orcid.org/0000-0002-3379-0251,Andrey Zhdanov,"['A Zhdanov', 'A. V. Zhdanov', 'A. Zhdanov', 'Andrey V. Zhdanov', 'Andrey Zhdanov', 'Zhdanov, Andrey', 'А. V. Zhdanov']",36,1097,12,12,andrey,zhdanov,z,andrey zhdanov,A5034929224,a zhdanov
A5073848623,https://orcid.org/0000-0003-0002-4021,Ron Borowsky,"['Borowsky, Ron', 'R Borowsky', 'R. Borowsky', 'RON BOROWSKY', 'Ron Borowsky', 'Ron W. Borowsky']",118,2330,26,8,ron,borowsky,b,ron borowsky,A5073848623,r borowsky
A5043210159,https://orcid.org/0000-0001-5784-0746,Thiyaana Jeyabalan,"['T. Jeyabalan', 'Thiyaana Jeyabalan']",8,36,3,3,thiyaana,jeyabalan,j,thiyaana jeyabalan,A5043210159,t jeyabalan
A5003321247,,G. Jensen,"['G. Jensen', 'G.M. Jensen', 'Gabrille Jensen']",6,62,3,3,g.,jensen,j,g. jensen,A5003321247,g jensen
A5078892366,https://orcid.org/0009-0009-2782-2219,Pak-Tik Fong,"['Fong, Pak-Tik', 'P. K. Fong', 'Pak-Tik Fong']",8,27,2,2,pak-tik,fong,f,pak-tik fong,A5078892366,p fong
A5018721751,https://orcid.org/0000-0003-3292-8543,Sean F. Romanuik,"['S F Romanuik', 'S. F. Romanuik', 'S.F. Romanuik', 'Sean F. Romanuik', 'Sean Romanuik']",22,472,7,4,sean f.,romanuik,r,sean f. romanuik,A5018721751,s romanuik
A5035291687,https://orcid.org/0000-0003-3530-9350,Hong Tan,"['H Tan', 'H. Tan', 'Hong Tan', 'Hong Yee Tan', 'Hong‐Yee Tan']",17,318,10,5,hong,tan,t,hong tan,A5035291687,h tan
A5060388268,https://orcid.org/0000-0001-6947-1052,Anne Gadermann,"['A. Gadermann', 'Anne C Gadermann', 'Anne Gadermann', 'Anne M Gadermann', 'Anne M. Gadermann', 'Gadermann, Anne M.', 'Gadermann, Anne Maria']",153,7604,39,16,anne,gadermann,g,anne gadermann,A5060388268,a gadermann
A5024106893,,Kerrigan Beaver,"['K. M. Beaver', 'Kerrigan Beaver']",36,578,12,11,kerrigan,beaver,b,kerrigan beaver,A5024106893,k beaver
A5062475859,https://orcid.org/0000-0002-5670-415X,H. Dan Gibson,"['H. Dan Gibson', 'H. GIBSON']",6,46,3,1,h. dan,gibson,g,h. dan gibson,A5062475859,h gibson
A5015678810,https://orcid.org/0000-0002-8774-0030,Patrick R. W. J. Davey,"['Davey, Patrick R. W. J.', 'Davey, Patrick R.W.J.', 'Patrick R. W. J. Davey', 'Patrick R.W.J. Davey']",26,109,6,5,patrick r. w. j.,davey,d,patrick r. w. j. davey,A5015678810,p davey
A5002629392,https://orcid.org/0000-0002-4165-2190,Jeffrey R. Brook,"['Brook J', 'Brook, Jeffrey', 'Brook, Jeffrey R.', 'J Brook', 'J D Brook', 'J R Brook', 'J R. Brook', 'J. Brook', 'J. R. Brook', 'J.R. Brook', 'JEFFREY R BROOK', 'Jeffrey  R. Brook', 'Jeffrey Brook', 'Jeffrey R Brook', 'Jeffrey R. Brook', 'Jeffrey Robert Brook', 'Jeffrey\xa0R. Brook']",453,32015,89,67,jeffrey r.,brook,b,jeffrey r. brook,A5002629392,j brook
A5014682431,https://orcid.org/0009-0002-1208-0653,Yiyang Dong,['Yiyang Dong'],6,49,3,2,yiyang,dong,d,yiyang dong,A5014682431,y dong
A5085441318,https://orcid.org/0000-0003-0907-5941,Signe E. Kastberg,"['Kastberg, Signe', 'Signe E Kastberg', 'Signe E. Kastberg', 'Signe Kastberg']",93,694,12,10,signe e.,kastberg,k,signe e. kastberg,A5085441318,s kastberg
A5041359764,https://orcid.org/0000-0002-0600-1755,R. Ramaseshan,"['R RAMASESHAN', 'R Ramaseshan', 'R. RAMASESHAN', 'R. Ramaseshan', 'Rajagopalan Ramaseshan', 'Rajagopalan, Ramaseshan', 'Ramaseshan R', 'Ramaseshan R.', 'Ramaseshan Rajagopalan', 'Ramaseshan, R.']",130,1348,20,19,r.,ramaseshan,r,r. ramaseshan,A5041359764,r ramaseshan
A5101185021,,Xinrui Liang,"['Xin-rui Liang', 'Xinrui LIANG', 'Xinrui Liang']",38,203,6,23,xinrui,liang,l,xinrui liang,A5101185021,x liang
A5010299595,,Saleh Riahi,"['S* Riahi', 'S. Riahi', 'Saleh Riahi']",23,499,12,9,saleh,riahi,r,saleh riahi,A5010299595,s riahi
A5017757200,https://orcid.org/0000-0002-4842-9047,Monica T. Ly,"['M Ly', 'Monica Ly', 'Monica T Ly', 'Monica T. Ly']",47,283,8,20,monica t.,ly,l,monica t. ly,A5017757200,m ly
A5077607243,https://orcid.org/0000-0001-7397-0495,Ben Scholl,"['Ben Scholl', 'Scholl, Ben']",9,6,2,1,ben,scholl,s,ben scholl,A5077607243,b scholl
A5031676545,https://orcid.org/0000-0001-7474-086X,Achim Conzelmann,"['Achim Conzelmann', 'Conzelman, Achim', 'Conzelmann, Achim']",307,2915,26,8,achim,conzelmann,c,achim conzelmann,A5031676545,a conzelmann
A5089345360,,Kate McCabe,['Kate McCabe'],11,40,2,4,kate,mccabe,m,kate mccabe,A5089345360,k mccabe
A5053407441,https://orcid.org/0000-0001-8230-1023,Atefeh Ghorbani,['Atefeh Ghorbani'],11,172,7,4,atefeh,ghorbani,g,atefeh ghorbani,A5053407441,a ghorbani
A5033213554,,Alison Y. Li,"['A.Y li', 'Alison Y Li', 'Alison Y. Li', 'Li, Aoxue']",10,70,4,4,alison y.,li,l,alison y. li,A5033213554,a li
A5005026233,https://orcid.org/0000-0002-2138-2023,Ignacio Galiano Zurbriggen,"['Galiano Zurbriggen, Ignacio', 'I. Galiano Zurbriggen', 'Ignacio Galiano Zurbriggen']",50,485,11,4,ignacio galiano,zurbriggen,z,ignacio galiano zurbriggen,A5005026233,i zurbriggen
A5048956931,,Philip F. Skiba,"['P. Skiba', 'PHILIP F. SKIBA', 'PHILIP FRIERE SKIBA', 'PHILIP SKIBA', 'Philip F. Skiba', 'Philip Friere Skiba', 'Philip Skiba']",47,1265,13,11,philip f.,skiba,s,philip f. skiba,A5048956931,p skiba
A5029696619,https://orcid.org/0000-0002-9804-0574,C. W. Bingham,"['Bingham, Charles', 'C. W. Bingham', 'CHARLES BINGHAM', 'Charles Bingham', 'Charles W. Bingham']",117,827,12,9,c. w.,bingham,b,c. w. bingham,A5029696619,c bingham
A5072466335,https://orcid.org/0000-0001-6382-1664,M. R. Goeks,"['M. R. Goeks', 'Mariah Goeks', 'Mariah R. Goeks']",7,45,3,2,m. r.,goeks,g,m. r. goeks,A5072466335,m goeks
A5014146831,https://orcid.org/0000-0002-1509-296X,Stacey Copeland,['Stacey Copeland'],14,108,6,4,stacey,copeland,c,stacey copeland,A5014146831,s copeland
A5059850029,https://orcid.org/0000-0002-0595-9443,Daiji Kawaguchi,"['DAIJI KAWAGUCHI', 'Daiji KAWAGUCHI', 'Daiji Kawaguchi', 'KAWAGUCHI, Daiji', 'Kawaguchi, Daiji']",184,1943,25,30,daiji,kawaguchi,k,daiji kawaguchi,A5059850029,d kawaguchi
A5076125960,https://orcid.org/0000-0003-1003-3124,Annika E. Lutz,"['Annika E. Lutz', 'Lutz, Annika E']",7,366,4,1,annika e.,lutz,l,annika e. lutz,A5076125960,a lutz
A5013364096,https://orcid.org/0000-0002-5541-5014,Joosung Min,"['Joosung Min', 'Min, Joosung']",12,40,3,2,joosung,min,m,joosung min,A5013364096,j min
A5034158834,https://orcid.org/0000-0001-6720-9448,Jared L. Peters,"['Jared L. Peters', 'Jared Lee Peters', 'Jared Peters', 'Peters, Jared L.']",24,219,6,5,jared l.,peters,p,jared l. peters,A5034158834,j peters
A5001347590,https://orcid.org/0000-0003-0364-228X,Stevan Bozanich,"['Bozanich, Stevan', 'STEVAN BOZANICH', 'Stevan Bozanich']",12,11,2,3,stevan,bozanich,b,stevan bozanich,A5001347590,s bozanich
A5073664466,https://orcid.org/0000-0003-3908-9834,Gerard Docherty,"['Docherty, Gerard', 'Docherty, Gerard J', 'G DOCHERTY', 'G. Docherty', 'G. J. Docherty', 'GERARD J. DOCHERTY', 'Gerard Docherty', 'Gerard J. Docherty', 'Gerrard Docherty', 'Gerry Docherty']",76,3342,25,17,gerard,docherty,d,gerard docherty,A5073664466,g docherty
A5030098958,,Emad Esmaeili,"['E. Esmaeili', 'Emad Esmaeili']",9,144,5,4,emad,esmaeili,e,emad esmaeili,A5030098958,e esmaeili
A5097848071,,Daman Parduman Dhunna,"['Daman P Dhunna', 'Daman P. Dhunna', 'Daman Parduman Dhunna', 'Dhunna, Daman', 'Dhunna, Daman Parduman']",7,8,1,3,daman parduman,dhunna,d,daman parduman dhunna,A5097848071,d dhunna
A5100343528,https://orcid.org/0000-0002-9739-7969,Ke Li,"['Ke Li', 'Li, Ke']",29,446,11,9,ke,li,l,ke li,A5100343528,k li
A5088462108,https://orcid.org/0000-0002-6177-1912,Aditya Vora,"['Aditya Vora', 'Vora, Aditya']",20,74,5,9,aditya,vora,v,aditya vora,A5088462108,a vora
A5100625001,https://orcid.org/0000-0002-0025-7194,Anqi Chen,"['Anqi Chen', 'Chen, Anqi']",22,129,7,11,anqi,chen,c,anqi chen,A5100625001,a chen
A5092274296,https://orcid.org/0009-0003-7995-9483,Tyson Singh Kelsall,"['Kelsall, Tyson Singh', 'Tyson Singh Kelsall', 'Tyson ਸਿੰਘ']",14,85,6,5,tyson singh,kelsall,k,tyson singh kelsall,A5092274296,t kelsall
A5076801169,https://orcid.org/0000-0001-7517-1398,M. Shameem Siddiqi,"['M. Shameem Siddiqi', 'M. Shameen Siddiqi', 'Maliha Siddiqi', 'Shameem Siddiqi, M']",13,302,5,2,m. shameem,siddiqi,s,m. shameem siddiqi,A5076801169,m siddiqi
A5015682591,https://orcid.org/0000-0003-4894-3617,Zubin Punthakee,"['Hertzel C Gerstein', 'J Haber', 'Punthakee, Z.', 'Punthakee, Zubin', 'Z PUNTHAKEE', 'Z Punthakee', 'Z. Punthakee', 'ZUBIN PUNTHAKEE', 'Zubin D. Punthakee', 'Zubin Punthakee']",151,10544,33,22,zubin,punthakee,p,zubin punthakee,A5015682591,z punthakee
A5033521087,https://orcid.org/0000-0002-2270-1313,Aviva Philipp‐Muller,"['Aviva Philipp-Muller', 'Aviva Philipp‐Muller', 'Aviva Z. Philipp-Muller']",14,448,9,3,aviva,philipp‐muller,p,aviva philipp‐muller,A5033521087,a philipp‐muller
A5029788647,,Paul Li,['Paul Li'],25,441,8,9,paul,li,l,paul li,A5029788647,p li
A5085505803,https://orcid.org/0000-0002-5679-2145,Joseph M. Nicolaï,"['Joseph M. Nicolai', 'Joseph M. NicolaÏ', 'Joseph M. Nicolaï', 'Joseph Nicolai', 'Nicolai, Joseph']",17,7,2,1,joseph m.,nicolaï,n,joseph m. nicolaï,A5085505803,j nicolaï
A5110815043,,K Metcalfe,"['K METCALFE', 'K Metcalfe', 'K. Metcalfe', 'Katherine X. Metcalfe']",22,275,6,10,k,metcalfe,m,k metcalfe,A5110815043,k metcalfe
A5008798563,https://orcid.org/0000-0002-0100-7226,X. Joan Hu,"['Hu Xiangbin', 'Hu, X. Joan', 'X. JOAN HU', 'X. Joan HU', 'X. Joan Hu', 'X.\xa0Joan Hu', 'Xiangbin Hu', 'Xue Hu']",21,853,11,18,x. joan,hu,h,x. joan hu,A5008798563,x hu
A5101957696,https://orcid.org/0000-0003-3443-0191,Jie Liang,"['Guangyuan Chen', 'Haihui Hong', 'J Liang', 'J. Liang', 'Jie LIANG', 'Jie Liang', 'Jie Liang (37016)', 'Jing Lin', 'Liang Jie', 'Liang, Jie', 'Lin He', 'Tiwei Tao', 'Xiaolin Cui', 'Yigong Chen']",252,5792,42,83,jie,liang,l,jie liang,A5101957696,j liang
A5011898790,https://orcid.org/0000-0001-7222-4431,Denise Findlay,"['Denise Findlay', 'Denise Joy Findlay']",7,6,1,3,denise,findlay,f,denise findlay,A5011898790,d findlay
A5110810484,,W. A. Cupples,"['W A Cupples', 'W Cupples', 'W. A. Cupples', 'W. CUPPLES', 'W. Cupples', 'W.A. Cupples', 'Will A Cupples', 'Will A. Cupples', 'Will Cupples']",40,975,16,8,w. a.,cupples,c,w. a. cupples,A5110810484,w cupples
A5034303212,,Sepidehsadat Hosseini,"['Hosseini, Sepidehsadat', 'Sepidehsadat Hosseini']",6,96,3,1,sepidehsadat,hosseini,h,sepidehsadat hosseini,A5034303212,s hosseini
A5068436818,,Yannick Le Moigne,"['Le Moigne, Yannick', 'Y Le Moigne', 'Y. Le Moigne', 'Yannick Le Moigne']",14,109,7,10,yannick le,moigne,m,yannick le moigne,A5068436818,y moigne
A5049427071,,Pontus Stenetorp,"['Kawata, Daisuke', 'Pontus Lars Erik Saito Stenetorp', 'Pontus Stenetorp', 'Saito Stenetorp, PLEPS', 'Stenetorp, Pontus', 'Wang, Jiayi']",158,6769,27,21,pontus,stenetorp,s,pontus stenetorp,A5049427071,p stenetorp
A5059467980,https://orcid.org/0000-0002-3599-8320,Rachel MacKay Altman,"['Altman, Rachel MacKay', 'R. Altman', 'R.M. Altman', 'Rachel Altman', 'Rachel M. Altman', 'Rachel MacKay Altman']",30,708,10,7,rachel mackay,altman,a,rachel mackay altman,A5059467980,r altman
A5091893691,https://orcid.org/0000-0002-5175-1109,Julia Smith,"[""Dnal O'mathna"", 'JULIA SMITH', 'Julia H Smith', 'Julia H. Smith', 'Julia Mnedez Smith', 'Julia Smith', 'Smith, Julia']",131,5050,27,29,julia,smith,s,julia smith,A5091893691,j smith
A5080281064,,Ujwal Kayandé,"['Kayandé, Ujwal Anilchandra.', 'U. Kayande', 'Ujwal Kayande', 'Ujwal Kayandé']",34,1117,14,15,ujwal,kayandé,k,ujwal kayandé,A5080281064,u kayandé
A5033170179,https://orcid.org/0000-0001-5038-0548,Yerin Lee,"['Lee, Yerin', 'Yerin Lee']",30,166,9,13,yerin,lee,l,yerin lee,A5033170179,y lee
A5035491480,https://orcid.org/0000-0002-6307-0351,Abdelrahman Fakida,['Abdelrahman Fakida'],10,75,4,1,abdelrahman,fakida,f,abdelrahman fakida,A5035491480,a fakida
A5060116992,https://orcid.org/0000-0002-6657-5806,Daxin Jiang,"['Colin Clement', 'D. Jiang', 'Da-Xin JIANG', 'Daxin JIANG', 'Daxin Jiang', 'Daxing Jiang', 'Jiang, Daxin', 'Zhou, Shuigeng']",314,12198,44,31,daxin,jiang,j,daxin jiang,A5060116992,d jiang
A5063182036,https://orcid.org/0000-0001-5657-4810,Sarah Nataj,"['Nataj, Sarah', 'Sarah Nataj']",12,41,4,4,sarah,nataj,n,sarah nataj,A5063182036,s nataj
A5078502898,https://orcid.org/0000-0003-4068-6388,Mehdi Cina,"['Cina, Mehdi', 'M. Cina', 'Mehdi Cina']",6,44,2,1,mehdi,cina,c,mehdi cina,A5078502898,m cina
A5045899607,https://orcid.org/0000-0002-7590-8473,Peter R. Thompson,"['P. THOMPSON', 'P. Thompson', 'PETER R. THOMPSON', 'PETER THOMPSON', 'Peter R Thompson', 'Peter R. Thompson', 'Peter Thompson', 'THOMPSON, PETER R., ARCO Oil and Ga', 'THOMPSON, PETER R., and WILLIAM H.', 'Thompson, Peter R.']",88,3315,24,14,peter r.,thompson,t,peter r. thompson,A5045899607,p thompson
A5067451843,https://orcid.org/0000-0002-8267-8776,Gohram Baloch,['Gohram Baloch'],8,134,7,3,gohram,baloch,b,gohram baloch,A5067451843,g baloch
A5103138454,https://orcid.org/0000-0002-5533-1603,Barbara J. Wilson,"['B Wilson', 'B. J. Wilson', 'B. Wilson', 'BARBARA J. WILSON', 'Barbara J Wilson', 'Barbara J. Wilson', 'Barbara Wilson']",119,3200,33,24,barbara j.,wilson,w,barbara j. wilson,A5103138454,b wilson
A5006633481,,Alec Smecher,"['Alec Smecher', 'Smecher, Alec']",8,32,3,3,alec,smecher,s,alec smecher,A5006633481,a smecher
A5013536095,,Marianne Ignace,"['Ignace, Marianne', 'Marianne B. Ignace', 'Marianne Boelscher Ignace', 'Marianne Ignace']",23,756,4,3,marianne,ignace,i,marianne ignace,A5013536095,m ignace
A5005906845,https://orcid.org/0000-0003-3595-9759,Fernando Laņas,"['A Lanas', 'A. Lanas', 'F Lanas', 'F T Lanas', 'F. Falcone Lanas Lanas', 'F. Lanas', 'F., Lanas', 'F.T. Lanas', 'FERNANDO LANAS', 'Fernando Lanas', 'Fernando Lanas Z', 'Fernando Lanas Z.', 'Fernando Lanas-Zanetti', 'Fernando Laņas', 'Fernando T Lanas', 'Fernando T. Lanas', 'Fernando Tomas Lanas', 'Fernando Tomás Lanas Zanetti', 'Jephat Chifamba', 'Lanas Z,Fernando', 'Lanas, F.', 'Lanas, Fernando']",446,51115,84,54,fernando,laņas,l,fernando laņas,A5005906845,f laņas
A5110724093,,Zeerak Waseem,"['Waseem, Zeerak', 'Zeerak Waseem']",25,2528,10,4,zeerak,waseem,w,zeerak waseem,A5110724093,z waseem
A5029037373,https://orcid.org/0000-0003-1147-2073,Victor Lau,"['Victor Lau', 'Victor Z. Lau']",15,309,6,7,victor,lau,l,victor lau,A5029037373,v lau
A5113722611,,Donald L. Nelson,"['D L Nelson', 'D. L. Nelson', 'Donald L Nelson', 'Donald L. Nelson']",26,150,7,6,donald l.,nelson,n,donald l. nelson,A5113722611,d nelson
A5053552981,,Uddipana Baishya,['Uddipana Baishya'],6,80,3,1,uddipana,baishya,b,uddipana baishya,A5053552981,u baishya
A5109031966,,Nilesh Saraf,['Nilesh Saraf'],23,742,7,1,nilesh,saraf,s,nilesh saraf,A5109031966,n saraf
A5013775270,https://orcid.org/0000-0001-6467-7609,Mohsen Mazrouei Sebdani,['Mohsen Mazrouei Sebdani'],8,40,3,2,mohsen mazrouei,sebdani,s,mohsen mazrouei sebdani,A5013775270,m sebdani
A5089320677,https://orcid.org/0000-0001-6135-5903,Bryan A. Wee,"['B Wee', 'B. Wee', 'B.A. Wee', 'Bryan A Wee', 'Bryan A. Wee', 'Bryan Aidan Wee', 'Bryan Wee', 'Wee, Bryan', 'Wee, Bryan A.']",67,1254,20,7,bryan a.,wee,w,bryan a. wee,A5089320677,b wee
A5027596603,,Anwen Rees,"['Anwen Rees', 'Rees, Anwen']",12,228,7,5,anwen,rees,r,anwen rees,A5027596603,a rees
A5050936489,https://orcid.org/0000-0002-3731-0956,Koon Teo,"['K K Teo', 'K TEO', 'K Teo', 'K. K TEO', 'K. K. TEO', 'K. K. Teo', 'K. Teo', 'K.K. Teo', 'KOON K. TEO', 'Kook K. Teo', 'Koon K Teo', 'Koon K. Teo', 'Koon Kang Teo', 'Koon Kee Teo', 'Koon T Teo', 'Koon Teo', 'Paul Poirier', 'Teo, K K', 'Teo, K.K.', 'Teo, Koon Kang.']",618,67036,125,144,koon,teo,t,koon teo,A5050936489,k teo
A5100333516,https://orcid.org/0000-0002-8257-5806,Lei Chen,"['Chen Lei', 'Chen, L.', 'Chen, Lei', 'Horng- Dean Chen', 'Kanglong Chen', 'L. Chen', 'L. T. P. Chen', 'LEI CHEN', 'Lei CHEN', 'Lei Chen', 'Lei Chen -', 'Lei 磊 Chen 陈', 'Liji Chen', 'Muhammad Cheema', 'Shaohai Qi', 'Siya Yu', 'WAIM 2012 Harbin', 'WISE 2010 Hongkong', 'Xiao Liu', 'Xiong, Hui', 'Yang, Xiaochun']",1323,28092,79,244,lei,chen,c,lei chen,A5100333516,l chen
A5030038085,https://orcid.org/0000-0003-0053-665X,Martin Rypdal,"['M Rypdal', 'M. Rypdal', 'Martin Rypdal', 'Martin Wibe Rypdal', 'Rypdal, M.', 'Rypdal, Martin']",155,1277,17,8,martin,rypdal,r,martin rypdal,A5030038085,m rypdal
A5087739212,https://orcid.org/0000-0003-3771-9599,Cheryl Hodgson,"['Cheryl A. Hodgson', 'Cheryl Hodgson', 'Hodgson, Cheryl A']",8,87,4,2,cheryl,hodgson,h,cheryl hodgson,A5087739212,c hodgson
A5049715374,https://orcid.org/0000-0002-8214-8249,Denise Jaworsky,"['Abubacarr Jagne', 'Denise Jaworsky']",43,752,14,29,denise,jaworsky,j,denise jaworsky,A5049715374,d jaworsky
A5015256133,https://orcid.org/0000-0003-0141-6780,Nancy Hawkins,"['Hawkins, Nancy C.', 'N. C. HAWKINS', 'N. Hawkins', 'Nancy C. Hawkins', 'Nancy Hawkins']",25,1201,13,7,nancy,hawkins,h,nancy hawkins,A5015256133,n hawkins
A5101256946,,Zixuan Gu,"['<p>Zixuan Gu</p>', 'Gu, Zixuan', 'ZiXuan Gu', 'Zixuan Gu']",8,12,2,4,zixuan,gu,g,zixuan gu,A5101256946,z gu
A5024030392,https://orcid.org/0000-0002-0755-9136,Seyed Reza Safavi,"['S.R. Safavi', 'Seyed Reza Safavi']",8,30,2,2,seyed reza,safavi,s,seyed reza safavi,A5024030392,s safavi
A5066229322,https://orcid.org/0000-0001-5271-0133,Katherine O’Donnell,"[""Katherine E. O'Donnell"", 'Katherine E. O’Donnell', ""Katherine O'Donnell"", 'Katherine O’Donnell', ""O'Donnell, Katherine"", 'O’Donnell, K']",11,110,5,6,katherine,o’donnell,o,katherine o’donnell,A5066229322,k o’donnell
A5107501493,https://orcid.org/0000-0003-2883-7016,Vicki L. Marlatt,"['V. Marlatt', 'V.L. Marlatt', 'Vicki L. Marlatt', 'Vicki Lee Marlatt', 'Vicki Marlatt']",26,892,14,7,vicki l.,marlatt,m,vicki l. marlatt,A5107501493,v marlatt
A5041066109,https://orcid.org/0000-0003-1599-1065,Stuart E. Turvey,"['Pierre Tiberghien', 'S E Turvey', 'S Turvey', 'S. E. Turvey', 'S. Turvey', 'S.E Turvey', 'S.E. Turvey', 'Stuart E Turvey', 'Stuart E. Turvey', 'Stuart Turvey', 'Stuart\xa0E. Turvey', 'Turvey S', 'Turvey, S', 'Turvey, S.E.', 'Turvey, Stuart', 'Turvey, Stuart E', 'Turvey, Stuart E.']",608,28849,79,56,stuart e.,turvey,t,stuart e. turvey,A5041066109,s turvey
A5088667728,https://orcid.org/0000-0002-6027-4367,Amilton Vieira,"['A. Sophia Rodrigues Vieira', 'A. Vieira', 'Admilson Lopes Vieira', 'Amilton Vieira', 'Amilton Vieria', 'Vieira, Amilton']",90,1311,23,13,amilton,vieira,v,amilton vieira,A5088667728,a vieira
A5064174757,https://orcid.org/0000-0002-6130-3270,Bin Zhao,"['Bin Zhao', 'Dr. Bin Zhao', 'Zhao Bin']",43,882,11,11,bin,zhao,z,bin zhao,A5064174757,b zhao
A5015254452,,Pratik Ringshia,"['Pratik Ringshia', 'Ringshia, Pratik']",6,222,4,2,pratik,ringshia,r,pratik ringshia,A5015254452,p ringshia
A5037912444,https://orcid.org/0000-0002-5250-437X,Ian Ruiz,"['Ian A. Ruiz', 'Ian Ruiz', 'Ruiz, Ian A.']",8,157,5,4,ian,ruiz,r,ian ruiz,A5037912444,i ruiz
A5112464588,,Amy Miele,"['A Miele', 'Amy Miele']",21,363,7,17,amy,miele,m,amy miele,A5112464588,a miele
A5060425710,,Roy Purssell,"['Jason Frank', 'Jeff Eppler', 'Jeffrey Brubacher', 'R. A. Purssell', 'R. Purssell', 'Roy A Purssell', 'Roy A. Purssell', 'Roy Purssell', ""St Paul'""]",90,2170,26,34,roy,purssell,p,roy purssell,A5060425710,r purssell
A5102781332,https://orcid.org/0009-0003-9694-5753,Michael Chambers,"['Chambers, Michael', 'Michael Chambers', 'Michael R. Chambers']",49,926,9,17,michael,chambers,c,michael chambers,A5102781332,m chambers
A5067963812,https://orcid.org/0009-0009-3107-9552,Hou In Ivan Tam,"['Hou In Ivan Tam', 'Hou Tam', 'Tam, Hou In Ivan']",11,42,3,2,hou in ivan,tam,t,hou in ivan tam,A5067963812,h tam
A5080415210,https://orcid.org/0000-0001-7964-376X,Patrick Mayerhofer,['Patrick Mayerhofer'],6,13,2,1,patrick,mayerhofer,m,patrick mayerhofer,A5080415210,p mayerhofer
A5073262254,https://orcid.org/0000-0002-1921-168X,Carlota Rubio-Pérez,"['C Rubio-Perez', 'C. Rubio-Perez', 'C. Rubio-Pérez', 'Carlota Rubio-Perez', 'Carlota Rubio-Pérez', 'Rubio-Perez, C.', 'Rubio-Perez, Carlota', 'Steven G. Rozen']",118,22372,49,23,carlota,rubio-pérez,r,carlota rubio-pérez,A5073262254,c rubio-pérez
A5003063561,,Tory O. Frizzell,"['Frizzell, Tory', 'Tory Frizzell', 'Tory O. Frizzell']",14,668,7,4,tory o.,frizzell,f,tory o. frizzell,A5003063561,t frizzell
A5003113082,,P. Megan Andrews,"['P. Megan Andrews', 'Paige Andrews']",6,70,1,4,p. megan,andrews,a,p. megan andrews,A5003113082,p andrews
A5006174454,https://orcid.org/0000-0002-4843-1374,Ranjit Mohan Anjana,"['Anjana R', 'Anjana R.', 'Anjana R. M.', 'Anjana, Ranjit', 'Anjana, Ranjit Mohan', 'Dr. R. Anjana', 'R Anjana', 'R M Anjana', 'R. Anjana', 'R. M. Anjana', 'R. Mohan Anjana', 'R.M Anjana', 'R.M. ANJANA', 'R.M. Anjana', 'RANJIT MOHAN ANJANA', 'Ranjit Anjana', 'Ranjit M Anjana', 'Ranjit M. Anjana', 'Ranjit Mohan Anjana', 'RanjitMohan Anjana', 'Ranjith Mohan Anjana']",440,25986,64,33,ranjit mohan,anjana,a,ranjit mohan anjana,A5006174454,r anjana
A5055734058,https://orcid.org/0000-0001-5561-8770,Kyle Willmott,['Kyle Willmott'],9,110,5,1,kyle,willmott,w,kyle willmott,A5055734058,k willmott
A5103012658,https://orcid.org/0000-0001-8030-3797,Patrick L. Carolan,"['Carolan, Patrick L.', 'Patrick Carolan', 'Patrick L. Carolan', 'Patrick Lennon Carolan']",15,246,7,4,patrick l.,carolan,c,patrick l. carolan,A5103012658,p carolan
A5043213695,https://orcid.org/0000-0002-5519-8048,Erfan Ghaderi,"['Erfan Ghaderi', 'Ghaderi, Erfan']",27,263,8,4,erfan,ghaderi,g,erfan ghaderi,A5043213695,e ghaderi
A5005530879,https://orcid.org/0000-0002-4579-1059,Joshua D. Alampi,"['Alampi, Joshua', 'Joshua D Alampi', 'Joshua D. Alampi']",12,84,4,1,joshua d.,alampi,a,joshua d. alampi,A5005530879,j alampi
A5100415763,https://orcid.org/0000-0002-5544-531X,Haibo Zhang,"['Chunlin Song', 'Dongsheng Guo', 'H. B. Zhang', 'H.B. Zhang', 'HAIBO ZHANG', 'Hai-Bo Zhang', 'Haibo ZHANG', 'Haibo Zhang', 'Hai‐Bo Zhang', 'Hua Tan', 'Jianhao Zhou', 'Prasert Reubroycharoen', 'Yujing Zhang', 'Zhang, Hai-Bo', 'Zuo-Guang Ye']",291,9728,53,69,haibo,zhang,z,haibo zhang,A5100415763,h zhang
A5086311840,https://orcid.org/0000-0002-0667-6744,Jiawan Zhang,"['Fangzhou Gao', 'J Zhang', 'J. Zhang', 'Jia Wan Zhang', 'Jia-Wan Zhang', 'Jia-wan ZHANG', 'Jia-wan Zhang', 'JiaWan Zhang', 'Jiawan Zhang', 'Xing-Dong Yang', 'Zhang, Jiawan']",277,6672,37,38,jiawan,zhang,z,jiawan zhang,A5086311840,j zhang
A5060702246,https://orcid.org/0000-0002-8384-3796,Matthew Berkowitz,"['Berkowitz, Matthew', 'Matthew Berkowitz']",8,10,1,1,matthew,berkowitz,b,matthew berkowitz,A5060702246,m berkowitz
A5040923871,,Elisa M. Ramser,"['E. M. Ramser', 'E.M. Ramser', 'Elisa M. Ramser']",6,231,6,4,elisa m.,ramser,r,elisa m. ramser,A5040923871,e ramser
A5024205395,https://orcid.org/0000-0003-1014-318X,Tuan Thanh Dang,"['Dang Van Do', 'Dang, T.T.', 'Dang, Tuan', 'Dang, Tuan Thanh', 'T. DANG', 'T. Dang', 'T.T. Dang', 'THANH TUAN DANG', 'Thanh Tuan Dang', 'Tuan Dang', 'Tuan T. Dang', 'Tuan Thanh Dang']",155,2674,28,20,tuan thanh,dang,d,tuan thanh dang,A5024205395,t dang
A5024350150,https://orcid.org/0000-0002-2772-0169,Gang Chen,"['Chen Gang', 'Chen, Gang', 'Gang CHEN', 'Gang Chen', 'Gang Chen -', 'Gang, Chen']",107,573,12,49,gang,chen,c,gang chen,A5024350150,g chen
A5109604319,https://orcid.org/0000-0003-1653-1837,Mohammadreza Hajipour,"['M. Hajipour', 'MOHAMMADREZA HAJIPOUR', 'Mohammadreza Hajipour']",28,191,6,4,mohammadreza,hajipour,h,mohammadreza hajipour,A5109604319,m hajipour
A5073124732,,Han-Hung Lee,"['Han-Hung Lee', 'Lee, Han-Hung']",10,32,3,1,han-hung,lee,l,han-hung lee,A5073124732,h lee
A5101447904,https://orcid.org/0000-0002-7048-7833,Zhuang Chen,"['Chen Zhuang', 'Chen, Zhuang', 'Zhuang CHEN', 'Zhuang Chen']",86,955,14,27,zhuang,chen,c,zhuang chen,A5101447904,z chen
A5013294991,,Muhammad Sultan,"['Muhammad Sultan', 'Sultan, Muhammad']",12,117,4,8,muhammad,sultan,s,muhammad sultan,A5013294991,m sultan
A5005367658,https://orcid.org/0000-0001-7981-7854,Richard Buote,"['Christopher Borduas', 'R.D. Buote', 'Richard Buote', 'Richard D. Buote']",50,1254,14,10,richard,buote,b,richard buote,A5005367658,r buote
A5100460411,https://orcid.org/0000-0002-9607-0518,Yuxuan Liu,"['Huaicheng Sun', 'LIU Yuxuan', 'Litong Dong', 'Liu Yuxuan', 'Liu, YuXuan', 'Liu, Yuxuan', 'Yuxuan Liu']",81,1369,18,37,yuxuan,liu,l,yuxuan liu,A5100460411,y liu
A5101422461,https://orcid.org/0000-0001-8802-2535,Sungyun Choi,"['S CHOI', 'S K Choi', 'S. Choi', 'S. K. Choi', 'Seung-yun Choi', 'Sung-Yun Choi', 'Sungyun Choi']",109,1484,21,11,sungyun,choi,c,sungyun choi,A5101422461,s choi
A5027074850,https://orcid.org/0000-0001-7101-0589,Galia Susana Lescano López,"['Galia Susana Lescano Lopez', 'Galia Susana Lescano López', 'Galia Susana Lescano-Lopez', 'Galia Susana Lescano-López', 'Galia Susana Lezcano López', 'Lescano López, Galia Susana']",35,117,7,14,galia susana lescano,lópez,l,galia susana lescano lópez,A5027074850,g lópez
A5112929889,,M. Prentice,"['M G Prentice', 'M. Prentice', 'M.G. Prentice', 'Makaela Prentice']",7,12,2,3,m.,prentice,p,m. prentice,A5112929889,m prentice
A5021604609,https://orcid.org/0000-0002-2660-2478,Jonas Demeulemeester,"['Demeulemeester, Jonas', 'J Demeulemeester', 'J. Demeulemeester', 'John A. Demchok', 'Jonas Demeulemeester']",268,22762,56,25,jonas,demeulemeester,d,jonas demeulemeester,A5021604609,j demeulemeester
A5101798910,https://orcid.org/0000-0002-4853-2669,Pedro dos Santos,"['P. Santos', 'PEDRO DOS SANTOS', 'Pedro Dos Santos', 'Pedro H. C. dos Santos', 'Pedro Santos', 'Pedro dos Santos']",15,173,6,8,pedro dos,santos,s,pedro dos santos,A5101798910,p santos
A5044146141,,Daniela Elza,"['Daniela Bouneva Elza', 'Daniela Elza']",16,36,2,2,daniela,elza,e,daniela elza,A5044146141,d elza
A5025481715,,Omar Nada,['Omar Nada'],6,14,1,5,omar,nada,n,omar nada,A5025481715,o nada
A5101847607,https://orcid.org/0000-0001-7860-2819,Jun Woo Kim,"['Jun Kim', 'Jun Woo Kim']",47,330,9,12,jun woo,kim,k,jun woo kim,A5101847607,j kim
A5046589716,https://orcid.org/0000-0003-4688-3569,Sarah B Gutzmann,"['Gutzmann, Sarah B', 'Sarah B Gutzmann', 'Sarah B. Gutzmann', 'Sarah Gutzmann']",7,19,2,2,sarah b,gutzmann,g,sarah b gutzmann,A5046589716,s gutzmann
A5044630211,https://orcid.org/0000-0001-7720-988X,Verónica Jiménez-Sábado,"['Jiménez-Sábado, Verónica', 'V Jimenez-Sabado', 'V. Jimenez-Sabado', 'Veronica Jimenez‐Sabado', 'Veronica Jiménez-Sábado', 'Verónica Jiménez-Sabado', 'Verónica Jiménez-Sábado']",31,242,9,10,verónica,jiménez-sábado,j,verónica jiménez-sábado,A5044630211,v jiménez-sábado
A5100300852,https://orcid.org/0000-0002-1473-5281,Jin Guo,"['Cun-Ke Huang', 'Guo Jin', 'Guo, Jin', 'Jin GUO', 'Jin Guo', 'Jin L.c. Guo']",251,669,13,87,jin,guo,g,jin guo,A5100300852,j guo
A5033297012,,Judy Oberlander,"['Judy Oberlander', 'Oberlander, Judy']",15,84,5,2,judy,oberlander,o,judy oberlander,A5033297012,j oberlander
A5038294012,https://orcid.org/0000-0003-4831-8088,Henry Lee-Six,"['H Lee-Six', 'H. Lee-Six', 'H. Lee‐Six', 'Henry Lee-Six', 'J. Ciaran Hutchinson', 'Lee-Six, Henry', 'Ming Ta Michael Lee']",163,21809,46,19,henry,lee-six,l,henry lee-six,A5038294012,h lee-six
A5040167886,https://orcid.org/0000-0002-5541-5276,Parmis Naddaf,"['Naddaf, Parmis', 'Parmis Naddaf']",8,1,1,1,parmis,naddaf,n,parmis naddaf,A5040167886,p naddaf
A5060857781,https://orcid.org/0000-0002-3546-8223,Shrisudhan Govindarajan,"['Govindarajan, Shrisudhan', 'Shrisudhan Govindarajan']",15,10,2,3,shrisudhan,govindarajan,g,shrisudhan govindarajan,A5060857781,s govindarajan
A5030836793,,Victoria Spartacus,"['Spartacus, Victoria', 'V. Spartacus', 'Victoria Spartacus']",10,31,4,6,victoria,spartacus,s,victoria spartacus,A5030836793,v spartacus
A5015109724,,Sara El-Sayed,"['El-Sayed, Sara', 'Sara El-Sayed']",13,99,7,12,sara,el-sayed,e,sara el-sayed,A5015109724,s el-sayed
A5041523995,https://orcid.org/0000-0002-0717-6557,Alison F. Chung,"['A. Chung', 'Alison Chung', 'Alison F. Chung']",6,37,3,4,alison f.,chung,c,alison f. chung,A5041523995,a chung
A5058487296,,Amelia Hohenadel,"['Amelia Hohenadel', 'Hohenadel, Amelia']",10,441,4,3,amelia,hohenadel,h,amelia hohenadel,A5058487296,a hohenadel
A5023062351,https://orcid.org/0000-0002-5686-5957,Chengyu Sun,"['C. Sun', 'Cheng-Yu Sun', 'Chengyu SUN', 'Chengyu Sun']",54,294,8,16,chengyu,sun,s,chengyu sun,A5023062351,c sun
A5073231762,https://orcid.org/0000-0002-3070-2092,Samantha Pollard,"['Pollard, Samantha', 'S. Pollard', 'Samantha Pollard']",46,636,13,10,samantha,pollard,p,samantha pollard,A5073231762,s pollard
A5073628146,https://orcid.org/0000-0001-6444-3503,Han Cao,"['Cao, Hailong', 'Cao, Han', 'Hailong Cao', 'Han CAO', 'Han Cao', 'Han K. Cao', 'Hon Van Cao']",71,1072,15,10,han,cao,c,han cao,A5073628146,h cao
A5025790886,https://orcid.org/0000-0003-1861-4708,Danette Jubinville,"['D. Jubinville', 'Danette Jubinville']",8,29,3,4,danette,jubinville,j,danette jubinville,A5025790886,d jubinville
A5001547040,https://orcid.org/0000-0002-2331-5991,Daniel Daly‐Grafstein,"['Daly-Grafstein, Daniel', 'Daniel Daly-Grafstein', 'Daniel Daly‐Grafstein']",29,222,7,14,daniel,daly‐grafstein,d,daniel daly‐grafstein,A5001547040,d daly‐grafstein
A5021886187,,Venugopal Rao Challa,"['Challa, Venugopal Rao', 'Venugopal Rao Challa']",9,66,3,2,venugopal rao,challa,c,venugopal rao challa,A5021886187,v challa
A5052673546,,M. E. Hayden,['M. E. Hayden'],7,270,2,2,m. e.,hayden,h,m. e. hayden,A5052673546,m hayden
A5100334320,https://orcid.org/0000-0002-8598-9123,Hyunwoo Lee,"['Hyun-Woo Lee', 'Hyun-woo Lee', 'Hyunwoo Lee', 'Lee, Hyunwoo']",40,268,7,12,hyunwoo,lee,l,hyunwoo lee,A5100334320,h lee
A5071577683,https://orcid.org/0000-0003-0883-7545,Benoît Gendreau-Berthiaume,"['B. Gendreau-Berthiaume', 'Benoit Gendreau-Berthiaume', 'Benoit Gendreau‐Berthiaume', 'Benoît Gendreau-Berthiaume', 'Gendreau-Berthiaume, Benoit']",24,691,12,6,benoît,gendreau-berthiaume,g,benoît gendreau-berthiaume,A5071577683,b gendreau-berthiaume
A5008264192,,Keiran Maskell,['Keiran Maskell'],7,47,3,3,keiran,maskell,m,keiran maskell,A5008264192,k maskell
A5004876170,https://orcid.org/0000-0002-7401-729X,Nicolas Bommarito,"['Bommarito, Nicolas', 'Nicolas Bommarito']",57,301,6,5,nicolas,bommarito,b,nicolas bommarito,A5004876170,n bommarito
A5084665797,https://orcid.org/0000-0001-8218-7216,Liana Zaroubi,"['Liana Zaroubi', 'Zaroubi, Liana']",6,528,2,1,liana,zaroubi,z,liana zaroubi,A5084665797,l zaroubi
A5029768238,https://orcid.org/0000-0001-6854-1776,Paul N. Levett,"['Levett, Paul N.', 'P Levett', 'P N Levett', 'P. Levett', 'P. N. LEVETT', 'P. N. Levett', 'P.N. Levett', 'PAUL N. LEVETT', 'Paul Levett', 'Paul N Levett', 'Paul N. Levett', 'Paul N. Levett, PhD', 'Paul\xa0N. Levett']",196,14597,53,37,paul n.,levett,l,paul n. levett,A5029768238,p levett
A5032092065,https://orcid.org/0000-0002-0716-8741,Ashley N. Hewitt,"['Ashley Hewitt', 'Ashley N Hewitt', 'Ashley N. Hewitt', 'Ashley N. Hewitt1']",30,373,10,3,ashley n.,hewitt,h,ashley n. hewitt,A5032092065,a hewitt
A5073157871,https://orcid.org/0000-0002-8382-777X,Juan Carlos Ferrer,"['Ferrer, J.C.', 'J Ferrer', 'J. C. Ferrer', 'J. Ferrer', 'J.-C. Ferrer', 'J.C Ferrer', 'J.C. Ferrer', 'Juan C. Ferrer', 'Juan Carlos Ferrer', 'Juan Ferrer']",65,380,11,7,juan carlos,ferrer,f,juan carlos ferrer,A5073157871,j ferrer
A5038279279,https://orcid.org/0000-0002-8624-3227,Amir Shabani,"['A. Shabani', 'Amir Ali Sha’bani', 'Amir Shabani']",18,451,8,6,amir,shabani,s,amir shabani,A5038279279,a shabani
A5013849716,https://orcid.org/0000-0002-4707-8177,Allan B. Becker,"['A B Becker', 'A Becker', 'A. B. BECKER', 'A. B. Becker', 'A. BECKER', 'A. Becker', 'A.B. Becker', 'ALLAN B. BECKER', 'ALLAN BECKER', 'Allan B Becker', 'Allan B. Becker', 'Allan Barry Becker', 'Allan Becker', 'Allan\xa0B. Becker', 'Becker, A', 'Becker, Allan', 'Becker, Allan B.']",497,25357,82,62,allan b.,becker,b,allan b. becker,A5013849716,a becker
A5027441223,https://orcid.org/0000-0003-0111-1530,Sean Wharton,"['S M Wharton', 'S Wharton', 'S. Wharton', 'S.M. Wharton', 'SEAN WHARTON', 'Sean W', 'Sean Wharton']",154,16788,38,82,sean,wharton,w,sean wharton,A5027441223,s wharton
A5047414920,https://orcid.org/0000-0001-8387-8262,David Patterson,"['David Albert Patterson', 'David Patterson', 'Patterson, David B.']",16,47,4,4,david,patterson,p,david patterson,A5047414920,d patterson
A5025142115,,Samantha E Kaweski,"['Samantha E Kaweski', 'Samantha E. Kaweski', 'Samantha Kaweski', 'Samantha\xa0E. Kaweski']",18,355,10,6,samantha e,kaweski,k,samantha e kaweski,A5025142115,s kaweski
A5034011180,https://orcid.org/0000-0002-8264-7224,Jennifer Fane,['Jennifer Fane'],37,304,10,6,jennifer,fane,f,jennifer fane,A5034011180,j fane
A5083898743,https://orcid.org/0000-0001-8032-9129,Nitya Suryaprakash,"['N. Suryaprakash', 'NITYA SURYAPRAKASH', 'Nitya Suryaprakash', 'Suryaprakash, Nitya']",18,432,8,17,nitya,suryaprakash,s,nitya suryaprakash,A5083898743,n suryaprakash
A5031790910,https://orcid.org/0000-0001-7592-3692,Ruth Elwood Martin,"['Martin, Ruth Elwood', 'Martín, R. (fotógrafo)', 'R E Martin', 'R Martin', 'R. E. Martin', 'R. Elwood Martin', 'R. Martin', 'R.E. Martin', 'RUTH E. MARTIN', 'RUTH ELWOOD MARTIN', 'RUTH MARTIN', 'Ruth E Martin', 'Ruth E. Martin', 'Ruth Elwood Martin', 'Ruth Martin']",223,2953,31,50,ruth elwood,martin,m,ruth elwood martin,A5031790910,r martin
A5059194152,https://orcid.org/0000-0001-6423-2271,Becca Wood,['Becca Wood'],26,31,2,1,becca,wood,w,becca wood,A5059194152,b wood
A5021585186,https://orcid.org/0000-0001-6685-3207,Gianmarco García Curo,"['GIANMARCO GARCIA CURO', 'Gianmarco Garcia Curo', 'Gianmarco Garcia-Curo', 'Gianmarco García Curo']",38,67,4,23,gianmarco garcía,curo,c,gianmarco garcía curo,A5021585186,g curo
A5011268662,https://orcid.org/0000-0002-5364-4366,Romaina Iqbal,"['Iqbal, Romaina', 'R Iqbal', 'R. IQBAL', 'R. Iqbal', 'R., Iqbal', 'Rita Yusuf', 'Romaina Iqbal']",276,24868,63,22,romaina,iqbal,i,romaina iqbal,A5011268662,r iqbal
A5061076070,https://orcid.org/0009-0000-3985-4183,Y.H. Kim,"['Y.H. Kim', 'Yeonhong Kim']",6,12,2,3,y.h.,kim,k,y.h. kim,A5061076070,y kim
A5085032007,,Liefeng Bo,"['Bo Liefeng', 'Bo, Liefeng', 'L.I.U. Bo', 'Liefeng Bo']",190,11090,54,21,liefeng,bo,b,liefeng bo,A5085032007,l bo
A5100336427,https://orcid.org/0000-0003-0184-5446,Long Chen,"['Chang Liu', 'Chen L.', 'Chen, L.', 'Chen, Long', 'L Chen', 'L. Chen', 'LONG CHEN', 'Long CHEN', 'Long Chen', 'Long Chen Long Chen', 'Zichu Hu', 'long chen']",807,16600,62,224,long,chen,c,long chen,A5100336427,l chen
A5031077701,https://orcid.org/0000-0001-6758-9137,G. Kunstatter,"['G Kunstatter', 'G. KUNSTATTER', 'G. Kunstatter', 'Gabor Kunstatter', 'Gabor Kunstattera', 'Kunstatter, G', 'Kunstatter, G.', 'Kunstatter, Gabor', 'Lee Hooug Chien']",261,4012,37,20,g.,kunstatter,k,g. kunstatter,A5031077701,g kunstatter
A5070640066,https://orcid.org/0000-0002-2568-167X,Danielle Denley,"['D Denley', 'Danielle Denley', 'Denley, Danielle', 'Joel Hartter']",17,103,7,4,danielle,denley,d,danielle denley,A5070640066,d denley
A5100672985,https://orcid.org/0000-0002-3409-9833,Amanpreet Singh,"['A P Singh', 'A Singh', 'A. Singh', 'Aman Prakash Singh', 'Amanpreet Singh', 'Singh, Amanpreet']",89,10109,20,31,amanpreet,singh,s,amanpreet singh,A5100672985,a singh
A5067338207,https://orcid.org/0000-0002-3045-2177,Michael A. Rosenblat,"['Michael A. Rosenblat', 'Michael Rosenblat']",11,256,6,6,michael a.,rosenblat,r,michael a. rosenblat,A5067338207,m rosenblat
A5110967919,,David V. Godin,"['D V Godin', 'D. Godin', 'DAVID V. GODIN', 'David Godin', 'David V Godin', 'David V. Godin', 'Godin, David']",96,3847,32,10,david v.,godin,g,david v. godin,A5110967919,d godin
A5077892929,https://orcid.org/0009-0002-2194-3625,Deniz Ugur,['Deniz Ugur'],11,49,4,2,deniz,ugur,u,deniz ugur,A5077892929,d ugur
A5019451172,https://orcid.org/0000-0003-3201-0548,Chaitanya Kaligotla,"['Chaitanya Kaligotla', 'Kaligotla, Chaitanya']",26,168,8,6,chaitanya,kaligotla,k,chaitanya kaligotla,A5019451172,c kaligotla
A5053435251,,Travers Travers,"['Travers', 'Travers Travers']",18,113,6,2,travers,travers,t,travers travers,A5053435251,t travers
A5086059428,https://orcid.org/0000-0002-1855-5595,Ruth Ann Marrie,"['Eric Smith', 'Marrie', 'Marrie, R.A.', 'Marrie, Ruth Ann', 'R A Marrie', 'R Marrie', 'R. A. MARRIE', 'R. A. Marrie', 'R. Ann Marrie', 'R. Marrie', 'R.-A. Marrie', 'R.A. Marrie', 'RA Marrie', 'Ruth A Marrie', 'Ruth A. Marrie', 'Ruth Ann Marrie', 'Ruth Marrie', 'Ruth-Ann Marrie', 'RuthAnn Marrie', 'Ruth\xa0Ann Marrie']",719,40006,94,127,ruth ann,marrie,m,ruth ann marrie,A5086059428,r marrie
A5084392673,https://orcid.org/0000-0003-0709-4612,Lavisha Jindal,"['Lavisha Jindal', 'Lavisha Jindal (837536)']",8,71,4,4,lavisha,jindal,j,lavisha jindal,A5084392673,l jindal
A5089545170,,Madeleine Sauvé,"['Madeleine Sauve', 'Madeleine Sauvé']",7,0,0,2,madeleine,sauvé,s,madeleine sauvé,A5089545170,m sauvé
A5067425022,,Elahe Hosseini,"['Elahe Hosseini', 'Elahe S. Hosseini', 'Elahe Sadat Hosseini', 'Elahe sadat Hosseini', 'Hosseini, Elahe', 'Vahid Esmaeelzadeh']",22,244,9,15,elahe,hosseini,h,elahe hosseini,A5067425022,e hosseini
A5023222821,https://orcid.org/0000-0002-4653-8653,Laurent Rubatat,"['L. Rubatat', 'Laurent Rubatat', 'RUBATAT, Laurent', 'Rubatat, L.', 'Rubatat, Laurent']",59,2903,23,19,laurent,rubatat,r,laurent rubatat,A5023222821,l rubatat
A5027947836,https://orcid.org/0000-0001-8243-3165,Claude-Michel Nzotungicimpaye,"['Claude-Michel Nzotungicimpaye', 'Nzotungicimpaye, Claude-Michel']",23,219,7,7,claude-michel,nzotungicimpaye,n,claude-michel nzotungicimpaye,A5027947836,c nzotungicimpaye
A5024718097,,Bhargav Gadhvi,"['Bhargav Gadhvi', 'Bhargav J. Gadhvi']",12,211,6,2,bhargav,gadhvi,g,bhargav gadhvi,A5024718097,b gadhvi
A5007454143,https://orcid.org/0000-0002-4878-4874,Michelle Nilson,"['Michelle Nilson', 'Nilson, Michelle Johanna']",19,52,4,4,michelle,nilson,n,michelle nilson,A5007454143,m nilson
A5025038959,,Monika Syrzycka,"['M Syrzycka', 'M. Syrzycka', 'Monika Syrzycka']",11,1072,8,6,monika,syrzycka,s,monika syrzycka,A5025038959,m syrzycka
A5065665606,https://orcid.org/0000-0002-1389-2410,Ryan M. L. McFadden,"['McFadden, R.M.', 'McFadden, Ryan M. L.', 'McFadden, Ryan M.L.', 'McFadden, Ryan M.L. (author)', 'McFadden, Ryan Michael Lund', 'R M L McFadden', 'R. M. L. McFadden', 'R.M. McFadden', 'R.M.L. McFadden', 'R.\u2009M.\u2009L. McFadden', 'Ryan M L McFadden', 'Ryan M McFadden', 'Ryan M. L. McFadden', 'Ryan M. L. Mcfadden', 'Ryan M. McFadden', 'Ryan M.L. McFadden', 'Ryan McFadden', 'Ryan\u2005M. McFadden']",105,1525,17,11,ryan m. l.,mcfadden,m,ryan m. l. mcfadden,A5065665606,r mcfadden
A5002800300,https://orcid.org/0000-0001-6497-7038,Thomas Donaldson,"['Bulos, F', 'Donaldson, Thomas Mark Eden', 'T. Donaldson', 'Thomas Donaldson', 'Thomas Donaldson, MD', 'Thomas Mark Eden Donaldson']",48,481,10,6,thomas,donaldson,d,thomas donaldson,A5002800300,t donaldson
A5051290714,,Ziang Meng,"['Li Liu', 'Meng, Ziang', 'Xiaorong Zhou', 'Ziang Meng', 'Zi‐Ang Meng']",32,1346,15,6,ziang,meng,m,ziang meng,A5051290714,z meng
A5067126200,https://orcid.org/0000-0002-0281-4783,Madelaine Ressel,"['Madelaine Ressel', 'Ressel, Madelaine']",6,451,3,2,madelaine,ressel,r,madelaine ressel,A5067126200,m ressel
A5072266634,,Aarón V. Cicourel,"['A V Cicourel', 'A. V. Cicourel', 'A.V. Cicourel', 'A.\xa0V. Cicourel', 'AARON V. CICOUREL', 'Aaron Cicourel', 'Aaron V Cicourel', 'Aaron V. Cicourel', 'Aaron Victor Cicourel', 'Aarón V. Cicourel', 'Cicourel, Aaron V.', 'Cicourel, Aaron Victor', ""W O'barr""]",170,10642,36,61,aarón v.,cicourel,c,aarón v. cicourel,A5072266634,a cicourel
A5101769381,https://orcid.org/0000-0003-2754-8909,Ying-Jie Chen,"['Ying-Jie Chen', 'Ying-jie Chen', 'Yingjie Chen']",39,319,7,22,ying-jie,chen,c,ying-jie chen,A5101769381,y chen
A5005881904,,Haiyan Guo,"['H. Y. Guo', 'Hai-Yan Guo', 'Haiyan Guo']",9,129,6,11,haiyan,guo,g,haiyan guo,A5005881904,h guo
A5048548441,https://orcid.org/0000-0002-5621-1822,Christoph Herrmann,"['C HERRMANN', 'C Herrmann', 'C. HERRMANN', 'C. Herrmann', 'CHRISTOPH A. HERRMANN', 'CHRISTOPH HERRMANN', 'Christop Herrmann', 'Christoph A. Herrmann', 'Christoph Herrmann', 'Herrmann, C.', 'Herrmann, Christoph', 'Herrmann, Christoph 1970-', 'Herrmann, Christoph 1973-', 'Herrmann, Christoph A.']",874,18768,62,43,christoph,herrmann,h,christoph herrmann,A5048548441,c herrmann
A5017585326,https://orcid.org/0000-0001-8041-3574,Çharles N. Bernstein,"['B Bonaz', 'Bernstein, C.N.', 'Bernstein, Charles', 'Bernstein, Charles N', 'Bernstein, Charles N.', 'C BERNSTEIN', 'C Bernstein', 'C N Bernstein', 'C. Bernstein', 'C. N Bernstein', 'C. N. BERNSTEIN', 'C. N. Bernstein', 'C.N. Bernstein', 'CHARLES BERNSTEIN', 'CHARLES N. BERNSTEIN', 'Charles Bernstein', 'Charles N Bernstein', 'Charles N. Bernstein', 'Charles Noah Bernstein', 'Charles\xa0N. Bernstein', 'Charles\u2004N. Bernstein', 'D Duerksen', 'L Thomas', 'Men Bass', 'Çharles N. Bernstein']",1360,68332,121,79,çharles n.,bernstein,b,çharles n. bernstein,A5017585326,ç bernstein
A5076740727,https://orcid.org/0000-0002-1344-9101,Salma Zouhair,"['Salma Zouhair', 'Zouhair, S.', 'Zouhair, Salma']",23,661,8,7,salma,zouhair,z,salma zouhair,A5076740727,s zouhair
A5080490345,https://orcid.org/0000-0002-8398-0360,Robyn Pearce,['Robyn Pearce'],13,75,4,6,robyn,pearce,p,robyn pearce,A5080490345,r pearce
A5114824109,,Ethan Fung,['Ethan Fung'],7,15,2,2,ethan,fung,f,ethan fung,A5114824109,e fung
A5090274555,,Trevor Block,"['T. E. BLOCK', 'T. E. Block', 'Trevor Block']",12,90,5,2,trevor,block,b,trevor block,A5090274555,t block
A5076875770,https://orcid.org/0000-0003-1833-9515,Hua Yang,"['H Yang', 'H. Yang', 'HUA YANG', 'Hua Q. Yang', 'Hua Yang', 'Yang Hua', 'Yang, Hua']",142,3041,30,39,hua,yang,y,hua yang,A5076875770,h yang
A5016055499,https://orcid.org/0000-0002-7465-9356,Xin Guo,"['Guo, Xin', 'X Guo', 'X. Guo', 'X.C. Guo', 'Xin Chen Guo', 'Xin Guo']",125,929,19,47,xin,guo,g,xin guo,A5016055499,x guo
A5084933066,https://orcid.org/0000-0002-6732-6748,Xing-Dong Yang,"['Chun Yu', 'X. Yang', 'Xing-Dong Yang', 'Xing-dong Yang', 'Xingdong Yang', 'Xing‐Dong Yang', 'Yang, Xing-Dong', 'Yang, Xingdong']",144,3421,34,22,xing-dong,yang,y,xing-dong yang,A5084933066,x yang
A5025705535,https://orcid.org/0000-0001-6253-0670,Mónica Domínguez,"['Bajo, Mónica Domínguez', 'Domínguez, Mónica', 'Monica Dominguez', 'Mónica Dominguez', 'Mónica Domínguez']",23,135,7,4,mónica,domínguez,d,mónica domínguez,A5025705535,m domínguez
A5015254769,https://orcid.org/0000-0001-9110-6190,Obinna P. Uzoh,"['O. P. Uzoh', 'Obinna P. Uzoh', 'Uzoh, O. P.', 'Uzoh, Obinna P.']",8,16,2,2,obinna p.,uzoh,u,obinna p. uzoh,A5015254769,o uzoh
A5045058992,https://orcid.org/0000-0002-3772-3304,Mehdi Keshavarz,"['Keshavarz M', 'Keshavarz, Mehdi', 'M. Keshavarz', 'M. Mahdi Keshavarz', 'M. Mehdi Keshavarz', 'Marjan Keshavarz', 'Mehdi Keshavarz', 'Mitra Keshavarz']",17,146,5,9,mehdi,keshavarz,k,mehdi keshavarz,A5045058992,m keshavarz
A5052378047,https://orcid.org/0000-0003-4735-8344,Sheryl Guloy,['Sheryl Guloy'],13,50,4,8,sheryl,guloy,g,sheryl guloy,A5052378047,s guloy
A5039640612,,Elliott G. Marchant,"['E G Marchant', 'E. Marchant', 'E.G Marchant', 'E.G. Marchant', 'Elliott G Marchant', 'Elliott G. Marchant', 'Elliott Marchant']",33,1345,21,7,elliott g.,marchant,m,elliott g. marchant,A5039640612,e marchant
A5008516296,https://orcid.org/0000-0001-7066-1590,Miranda Louwerse,"['Louwerse, Miranda D.', 'Miranda D. Louwerse', 'Miranda Louwerse']",16,56,4,2,miranda,louwerse,l,miranda louwerse,A5008516296,m louwerse
A5106470390,,B. Stelzer,['B. Stelzer'],129,7155,55,13,b.,stelzer,s,b. stelzer,A5106470390,b stelzer
A5086643662,https://orcid.org/0000-0002-1128-2571,G. Araneda,"['Araneda, G.', 'Araneda, Gabriel', 'G. Araneda', 'Gabriel Araneda']",39,843,12,5,g.,araneda,a,g. araneda,A5086643662,g araneda
A5100372008,https://orcid.org/0000-0002-2521-8781,Yue Wang,"['Wang, Yue', 'Y.-Z. Wang', 'Yue Wang']",32,398,11,15,yue,wang,w,yue wang,A5100372008,y wang
A5006950089,https://orcid.org/0009-0002-8790-0927,Nouf Abukhodair,"['Abukhodair, Nouf', 'Nouf Abukhodair']",7,14,2,1,nouf,abukhodair,a,nouf abukhodair,A5006950089,n abukhodair
A5057868025,,Akiko Watanabe,"['Akiko WATANABE', 'Akiko Watanabe', 'WATANABE, Akiko']",44,1033,11,12,akiko,watanabe,w,akiko watanabe,A5057868025,a watanabe
A5021349143,https://orcid.org/0000-0002-5808-920X,Eline A. de Rooij,"['De Rooij, Eline A.', 'E. A. de Rooij', 'Eline A. de Rooij', 'Eline Adriane de Rooij', 'de Rooij, Eline A.']",35,521,10,7,eline a. de,rooij,r,eline a. de rooij,A5021349143,e rooij
A5107507455,,Shama Nazir,['Shama Nazir'],7,27,2,1,shama,nazir,n,shama nazir,A5107507455,s nazir
A5069866025,https://orcid.org/0000-0003-0132-5440,Deborah Tannen,"['C Stansfield', 'D Tannen', 'D. TANNEN', 'DEBORAH TANNEN', 'Deborah Tannen', 'Joel Sherzer', 'Tannen, Deborah', 'Tannen, Deborah; Alatis, James E']",202,16950,52,56,deborah,tannen,t,deborah tannen,A5069866025,d tannen
A5003161365,https://orcid.org/0000-0002-7391-4837,Yongsen Mao,"['Mao, Yongsen', 'Yongsen Mao']",10,181,5,3,yongsen,mao,m,yongsen mao,A5003161365,y mao
A5080820769,https://orcid.org/0000-0002-8997-1377,Brian A. Knarr,"['B Knarr', 'B. Knarr', 'B.A. Knarr', 'Brian A Knarr', 'Brian A. Knarr', 'Brian Knarr', 'Knarr, Brian A.']",96,1476,20,9,brian a.,knarr,k,brian a. knarr,A5080820769,b knarr
A5104288600,,Yanxin Shen,"['Shen, Yanxin', 'Y. R. Shen', 'Yanxin Shen']",32,90,6,8,yanxin,shen,s,yanxin shen,A5104288600,y shen
A5080260724,https://orcid.org/0000-0003-3037-5121,Gavin Wong,"['Gavin W. K. Wong', 'Gavin W.K. Wong', 'Gavin Wong']",7,88,2,6,gavin,wong,w,gavin wong,A5080260724,g wong
A5007555900,https://orcid.org/0000-0001-6545-0772,Chase L. Radford,"['C. Radford', 'Chase L. Radford', 'Chase Radford', 'Radford, C.', 'Radford, Chase L.']",24,308,10,4,chase l.,radford,r,chase l. radford,A5007555900,c radford
A5030372039,https://orcid.org/0000-0001-8427-8680,Alexi T. Hu,"['Alexi Hu', 'Alexi T. Hu', 'Alexi T.Y. Hu']",6,30,3,4,alexi t.,hu,h,alexi t. hu,A5030372039,a hu
A5093800519,,Alysha Girn,"['Alysha Girn', 'Girn, Alysha']",9,8,2,1,alysha,girn,g,alysha girn,A5093800519,a girn
A5034368464,https://orcid.org/0000-0003-0414-2359,Melanie Innes,['Melanie Innes'],10,32,4,18,melanie,innes,i,melanie innes,A5034368464,m innes
A5108284514,,Jeff Reading,"['J Reading', 'J. L. Reading', 'J. Reading', 'Jeff R. Reading', 'Jeff Reading', 'Reading, Jeff']",47,3300,15,14,jeff,reading,r,jeff reading,A5108284514,j reading
A5112605355,,Jane Friesen,"['Friesen, Jane', 'J. V. Friesen', 'Jane Friesen']",43,449,12,2,jane,friesen,f,jane friesen,A5112605355,j friesen
A5086465063,https://orcid.org/0000-0002-2703-1806,Jess C. Hercus,"['Jess C Hercus', 'Jess C. Hercus']",7,29,3,1,jess c.,hercus,h,jess c. hercus,A5086465063,j hercus
A5113548919,,Owen D. Williamson,"['O D Williamson', 'O WILLIAMSON', 'O Williamson', 'O. D. Williamson', 'O. WILLIAMSON', 'O. Williamson', 'O.D. Williamson', 'Owen D Williamson', 'Owen D. Williamson', 'Owen Douglas Williamson', 'Owen Williamson']",113,2923,32,27,owen d.,williamson,w,owen d. williamson,A5113548919,o williamson
A5035759872,https://orcid.org/0000-0001-5932-215X,Kenneth A. Dodge,"['Dodge, Kenneth A.', 'K A Dodge', 'K. A. Dodge', 'K. Dodge', 'K.A. Dodge', 'KENNETH A. DODGE', 'Kelly Fisher', 'Kenneth A Dodge', 'Kenneth A. Dodge', 'Kenneth A.\xa0Dodge', 'Kenneth Dodge']",620,96511,159,32,kenneth a.,dodge,d,kenneth a. dodge,A5035759872,k dodge
A5000269091,,Debbie Cardinal,"['DEBBIE CARDINAL', 'DEBBIE S. CARDINAL', 'Debbie Cardinal', 'Debbie S. Cardinal']",6,141,4,6,debbie,cardinal,c,debbie cardinal,A5000269091,d cardinal
A5100608704,https://orcid.org/0000-0002-0170-8620,Jin‐Wook Lee,"['Hyung-Tae Kim', 'Jin Wook LEE', 'Jin Wook Lee', 'Jin Wook Lee -', 'Jin-Wook Lee', 'Jin-wook Lee', 'JinWook Lee -', 'Jinwook Lee', 'Jin‐Hong Park', 'Jin‐Wook Lee', 'Lee, Jin Wook', 'Lee, Jin-Wook', 'Lee, Jinwook']",415,33156,77,66,jin‐wook,lee,l,jin‐wook lee,A5100608704,j lee
A5086045857,https://orcid.org/0009-0004-2486-7765,Andrea Muehlebach,"['ANDREA MUEHLEBACH', 'Andrea Karin Muehlebach', 'Andrea Muehlebach', 'Muehlebach, Andrea']",52,1976,12,14,andrea,muehlebach,m,andrea muehlebach,A5086045857,a muehlebach
A5039240591,https://orcid.org/0000-0002-6534-7879,Christian Hallgrimson,"['Christian Hallgrimson', 'Hallgrimson, Christian']",10,26,3,3,christian,hallgrimson,h,christian hallgrimson,A5039240591,c hallgrimson
A5088090751,,Colleen J. Allison,"['Allison, Colleen J.', 'Colleen J. Allison']",9,747,5,2,colleen j.,allison,a,colleen j. allison,A5088090751,c allison
A5070697907,https://orcid.org/0000-0002-9438-5313,Xiaoguang Li,"['LI Xiaoguang', 'Li Xiaoguang', 'Li, Xiaoguang', 'X. Li', 'Xiao-Guang Li', 'Xiao-guang Li', 'XiaoGuang Li', 'Xiaoguang (Sunny) Li', 'Xiaoguang LI', 'Xiaoguang Li', 'Xiao‐Guang Li']",87,1150,21,28,xiaoguang,li,l,xiaoguang li,A5070697907,x li
A5058355517,https://orcid.org/0000-0002-4513-2395,John Hughes,"['J G Hughes', 'J HUGHES', 'J Hughes', 'J. G. Hughes', 'J. Hughes', 'J.G. Hughes', 'John B Hughes', 'John G Hughes', 'John G. Hughes', 'John Gareth Hughes', 'John Hughes']",115,2197,24,41,john,hughes,h,john hughes,A5058355517,j hughes
A5100909202,,Mehdi Masoumi,"['Mehdi (Mohammadmehdi) Masoumi', 'Mehdi MASOUMİ', 'Mehdi Masoumi']",28,258,10,12,mehdi,masoumi,m,mehdi masoumi,A5100909202,m masoumi
A5083623568,https://orcid.org/0000-0002-5633-6123,Jeffrey Tang,['Jeffrey Tang'],17,1774,6,4,jeffrey,tang,t,jeffrey tang,A5083623568,j tang
A5061218451,https://orcid.org/0000-0002-8474-508X,Didier Jutras‐Aswad,"['D Jutras-Aswad', 'D. Jutras-Aswad', 'D. Jutras‐Aswad', 'DIDIER JUTRAS-ASWAD', 'Didier Jutras-Aswad', 'Didier Jutras‐Aswad', 'Jutras-Aswad, Didier']",226,5003,32,41,didier,jutras‐aswad,j,didier jutras‐aswad,A5061218451,d jutras‐aswad
A5020353454,https://orcid.org/0000-0002-0440-6062,Joseph Takeda,"['JOSEPH TAKEDA', 'Joseph Takeda', 'Takeda, Joseph']",9,11,1,4,joseph,takeda,t,joseph takeda,A5020353454,j takeda
A5101192158,,Xingguang Yan,"['Xingguang Yan', 'Yan, Xingguang']",17,390,7,2,xingguang,yan,y,xingguang yan,A5101192158,x yan
A5015313576,,Michael Wolinetz,['Michael Wolinetz'],11,727,7,1,michael,wolinetz,w,michael wolinetz,A5015313576,m wolinetz
A5001518780,https://orcid.org/0000-0002-9715-7914,Richard G. Lipsey,"['Elke Krahmann', 'Jnos', 'Lipsey, Richard G.', 'R. G. LIPSEY', 'R. G. Lipsey', 'RICHARD G. LIPSEY', 'Richard G Lipsey', 'Richard G. Lipsey', 'Richard Lipsey']",292,10144,37,18,richard g.,lipsey,l,richard g. lipsey,A5001518780,r lipsey
A5054175847,,Cindy Patton,"['C Patton', 'CINDY PATTON', 'Cindy K. Patton', 'Cindy Patton']",69,1331,18,6,cindy,patton,p,cindy patton,A5054175847,c patton
A5100343513,https://orcid.org/0000-0002-7873-1554,Ke Li,"['Jingyuan Wan', 'K. Li', 'Ke LI', 'Ke Li', 'Ke Li (106849)', 'Kuinuan Li', 'Kun Li', 'LI Ke', 'Li Ke', 'Li, Ke', 'Li, Ke ""Luke""', 'Li, Kun', 'ke Li', 'ke li', '坤 李']",517,9915,42,205,ke,li,l,ke li,A5100343513,k li
A5100389272,https://orcid.org/0000-0002-5183-9303,Gang Chen,"['Chen Gang', 'Chen, Gang', 'Gang Chen']",75,1579,21,15,gang,chen,c,gang chen,A5100389272,g chen
A5077781855,,Christina Nieuwoudt,"['Christina Nieuwoudt', 'Nieuwoudt, Christina']",10,149,4,1,christina,nieuwoudt,n,christina nieuwoudt,A5077781855,c nieuwoudt
A5020979795,,Mohammad Nasir Tighsazzadeh,"['M.Nasir Tighsazzadeh', 'Mohammad Nasir Tighsazzadeh']",9,31,3,4,mohammad nasir,tighsazzadeh,t,mohammad nasir tighsazzadeh,A5020979795,m tighsazzadeh
A5088663967,,Brett Zuehlke,"['Brett Zuehlke', 'Brett\xa0M. Zuehlke', 'Zuehlke, Brett']",7,178,4,3,brett,zuehlke,z,brett zuehlke,A5088663967,b zuehlke
A5080668835,https://orcid.org/0000-0003-3884-4009,Wing Yin Venus Lau,"['Lau, Wing Yin Venus', 'Wing Yin Venus Lau', 'Wing\xa0Yin\xa0Venus Lau']",9,823,6,1,wing yin venus,lau,l,wing yin venus lau,A5080668835,w lau
A5004351044,https://orcid.org/0000-0001-9371-2805,Louisa Edwards,"['Edwards, Louisa', 'L Edwards', 'L. Edwards', 'LOUISA EDWARDS', 'Louisa Edwards']",122,2103,28,29,louisa,edwards,e,louisa edwards,A5004351044,l edwards
A5089624618,https://orcid.org/0000-0003-1884-3738,Chang Min Park,"['CHANG MIN PARK', 'Chang Min Park', 'Chang-Min Park', 'ChangMin Park', 'Hee Chan Kim', 'Park, Chang Min']",356,13455,62,41,chang min,park,p,chang min park,A5089624618,c park
A5092503488,https://orcid.org/0009-0006-3083-4948,Parnian Taghipour,"['Parnian Taghipour', 'Taghipour, Parnian']",6,66,2,1,parnian,taghipour,t,parnian taghipour,A5092503488,p taghipour
A5116231142,,Santiago I Flores-Alonso,"['Flores-Alonso, Santiago', 'Santiago I Flores-Alonso', 'Santiago I. Flores-Alonso']",6,0,0,1,santiago i,flores-alonso,f,santiago i flores-alonso,A5116231142,s flores-alonso
A5010043640,https://orcid.org/0000-0001-6756-4837,Kohle Merry,"['Kohle J Merry', 'Kohle J. Merry', 'Kohle Merry', 'Merry, Kohle']",18,185,8,4,kohle,merry,m,kohle merry,A5010043640,k merry
A5021475018,https://orcid.org/0000-0003-1258-9847,Nathan Perlis,"['N. Perlis', 'Nathan Perlis', 'Perlis, Nathan']",182,1688,23,20,nathan,perlis,p,nathan perlis,A5021475018,n perlis
A5076359673,https://orcid.org/0009-0008-4488-2988,Chuyuan Lin,"['C.-L. Lin', 'Chuyuan Lin']",29,1202,15,7,chuyuan,lin,l,chuyuan lin,A5076359673,c lin
A5008112559,,Patrick Zubick,['Patrick Zubick'],6,71,5,1,patrick,zubick,z,patrick zubick,A5008112559,p zubick
A5100374822,https://orcid.org/0000-0002-2317-9010,Yufei Wang,"['Jian YANG', 'Jindi He', 'Kaian Yang', 'Wang Yufei', 'Wang, Yu-Fei', 'Wang, Yufei', 'Wei Gao', 'Y. Wang', 'Y. Wang Y. Wang', 'Yabo Wang', 'Yadong Wang', 'Yafei Wang', 'Yage Wang', 'Yajun Wang', 'Yali Wang', 'Yan Wang', 'Yanda Wang', 'Yanfang Wang', 'Yang Wang', 'Yangtao Li', 'Yanhua Wang', 'Yanhui Wang', 'Yanjiao Wang', 'Yanjun Wang', 'Yanli Wang', 'Yanpeng Wang', 'Yanrong Wang', 'Yantong Wang', 'Yanyan Wang', 'Yaping Wang', 'Yaqing Wang', 'Yating WANG', 'Yaxuan Wang', 'Yi Wang', 'Yibo Wang', 'Yichao Wang', 'Yicheng Wang', 'Yifan Wang', 'Yifei Wang', 'Yigang Wang', 'Yihao Wang', 'Yihe Wang', 'Yijie Wang', 'Yilong Wang', 'Yiming Wang', 'Ying  Wang', 'Ying Wang', 'Yingchao Wang', 'Yingchun Wang', 'Yinghao Wang', 'Yinghui Wang', 'Yingsen Wang', 'Yingting Wang', 'Yingxiang Wang', 'Yingying Wang', 'Yining Wang', 'Yiqi Wang', 'Yiqun Wang', 'Yitong Wang', 'Yiwei Wang', 'Yiwen Wang', 'Yiyao Wang', 'Yong Wang', 'Yongfeng Wang', 'Yonggang Wang', 'Yonghua Wang', 'Yongkang Wang', 'Yongpeng Wang', 'Youlei Wang', 'Youren Wang', 'Yourui Wang', 'Youshan Wang', 'Yu Wang', 'Yu-Fei WANG', 'Yu-Fei Wang', 'Yu-Jing Wang', 'Yu-Xin Wang', 'YuFei Wang', 'Yuan Wang', 'Yuancheng Wang', 'Yuanhang Wang', 'Yuanhui Wang', 'Yuanyuan Wang', 'Yubing WANG', 'Yuchen Wang', 'Yue Wang', 'Yue-Yue Wang', 'Yuefeng Wang', 'Yuehui Wang', 'Yueming Wang', 'Yueqi Wang', 'Yufan Wang', 'Yufei WANG', 'Yufei Wang', 'Yufeng Wang', 'Yuhan Wang', 'Yuhao Wang', 'Yuheng Wang', 'Yuhui Wang', 'Yujie Wang']",498,4431,34,121,yufei,wang,w,yufei wang,A5100374822,y wang
A5068946677,https://orcid.org/0009-0006-3593-207X,Taylor J. McColl,"['McColl, Taylor J.', 'T McColl', 'Taylor J. McColl', 'Taylor McColl']",14,23,2,3,taylor j.,mccoll,m,taylor j. mccoll,A5068946677,t mccoll
A5058378844,https://orcid.org/0000-0002-2937-5397,Priscila Biller,"['Biller, Priscila', 'Priscila Biller', 'Priscila do Nascimento Biller']",19,204,8,6,priscila,biller,b,priscila biller,A5058378844,p biller
A5100322922,https://orcid.org/0000-0003-2054-9394,Yang Wang,"['Wang, Yang', 'Y. Wang', 'Yang Wang', 'Yuanyuan Zhang']",70,2117,20,34,yang,wang,w,yang wang,A5100322922,y wang
A5114103469,,Ryan Hung,"['Ryan Hung', 'Ryan K.H. Hung']",16,1154,9,6,ryan,hung,h,ryan hung,A5114103469,r hung
A5076931029,https://orcid.org/0000-0002-3538-7060,Tim Hill,"['Hill, Tim', 'Tim Hill', 'Timothy G. Hill']",29,617,6,2,tim,hill,h,tim hill,A5076931029,t hill
A5001082656,https://orcid.org/0000-0001-9474-5035,C.‐C. Jay Kuo,"['C C JAY KUO', 'C Jay Kuo', 'C Kuo', 'C-C Jay Kuo', 'C-C. Jay Kuo', 'C-CJay Kuo', 'C. -C Jay Kuo', 'C. -C. J. Kuo', 'C. -C. Jay Kuo', 'C. -c. Jay Kuo', 'C. C. J. Kuo', 'C. C. Jay Kuo', 'C. C. Kuo', 'C. H. Kuo', 'C. J. Kuo', 'C. KUO', 'C. Kuo', 'C.-C Jay Kuo', 'C.-C Kuo', 'C.-C. (Jay) Kuo', 'C.-C. J. J. Kuo', 'C.-C. J. Kuo', 'C.-C. Jay J. Kuo', 'C.-C. Jay KUO', 'C.-C. Jay Kuo', 'C.-C. KUO', 'C.-C. Kuo', 'C.-C.J. Kuo', 'C.-C.Jay Kuo', 'C.-C.Jay Kuoc', 'C.-c. Jay Kuo', 'C.-c. Kuo', 'C.C-jay Kuo', 'C.C. Jay Kuo', 'C.C. Kuo', 'C.C.-J. Kuo', 'C.C.J. Kuo', 'C.J. Kuo', 'C.‐C. Jay Kuo', 'CC Jay Kuo', 'Chan-Teh Kuo', 'Cheng-Hsuan Kuo', 'Chien-ting Kuo', 'Chih-Yu Kuo', 'Ching-Hua Kuo', 'Chiu-Wen Kuo', 'Chuan-Wei Kuo', 'Chui-Chen Kuo', 'Chun Chih Kuo', 'Chung Chieh Kuo', 'Chung-Chieh Jay Kuo', 'Chung-Chieh Kuo', 'Chung-Feng Jeffrey Kuo', 'Chunghui Kuo', 'C–C Jay Kuo', 'J.C.-C. Kuo', 'Jay C.-C. Kuo', 'Jay Kuo', 'Kuo, C-C Jay', 'Kuo, C. -C. Jay', 'Kuo, C. C. Jay', 'Kuo, C.-C. Jay', 'Kuo, Chin-hwa; Chung, Chi-ming; 施國琛; Shih, Timothy K.; Chou, Tzu-chuan', 'Kuo, Chuan-Wei', 'Pesquet-Popescu']",1788,36466,89,85,c.‐c. jay,kuo,k,c.‐c. jay kuo,A5001082656,c kuo
A5039117942,,Mieke Fraser,"['Mieke Fraser', 'Mieke N Fraser', 'Mieke N. Fraser']",12,200,5,5,mieke,fraser,f,mieke fraser,A5039117942,m fraser
A5108220854,,D. H. C. Wilton,"['D H C Wilton', 'D Wilton', 'D. H. C. Wilton', 'D. H. Wilton', 'D. H.C. Wilton', 'D. Wilton', 'D.H.C. Wilton', 'Drew Wilton']",64,637,14,8,d. h. c.,wilton,w,d. h. c. wilton,A5108220854,d wilton
A5055399971,https://orcid.org/0000-0002-0273-1670,Victor Cheung,"['Victor Cheung', 'Victor Lam Shin Cheung']",33,290,12,5,victor,cheung,c,victor cheung,A5055399971,v cheung
A5114030978,,Xiaohao Sun,"['Sun, Xiaohao', 'Xiaohao Sun']",10,22,3,2,xiaohao,sun,s,xiaohao sun,A5114030978,x sun
A5102551002,,Yixue Wang,"['Yixue Wang', 'Zhe Zhang']",15,71,4,11,yixue,wang,w,yixue wang,A5102551002,y wang
A5012125170,https://orcid.org/0000-0003-0352-1912,Tiffany E. Taylor,"['Tiffany E Taylor', 'Tiffany E. Taylor', 'Tiffany Taylor']",34,382,5,8,tiffany e.,taylor,t,tiffany e. taylor,A5012125170,t taylor
A5042656235,,Simon Odense,"['Odense, Simon', 'Simon Odense']",14,30,4,4,simon,odense,o,simon odense,A5042656235,s odense
A5006173371,https://orcid.org/0000-0002-4998-2143,Michael Price,"['Joseph Stephens', 'M J Price', 'M Price', 'M. J. Price', 'M. Price', 'M.J. Price', 'Michael J Price', 'Michael J. Price', 'Michael John Price', 'Michael Price', 'Price, M J', 'Price, M. J.', 'Price, Michael']",495,23683,65,60,michael,price,p,michael price,A5006173371,m price
A5061492245,https://orcid.org/0000-0001-9852-9209,Haijuan Li,"['Hai-Juan LI', 'Hai-Juan Li', 'Hai-juan Li', 'Haijuan Li', 'Li']",147,5567,42,34,haijuan,li,l,haijuan li,A5061492245,h li
A5017304507,https://orcid.org/0000-0002-9533-9079,Alison M. Hoens,"['A M Hoens', 'A. Hoens', 'A. M. Hoens', 'A.M. Hoens', 'Alison  M Hoens', 'Alison  M. Hoens', 'Alison Hoens', 'Alison M Hoens', 'Alison M. Hoens', 'Alison Maria Hoens', 'Hoens', 'Hoens, Alison', 'Hoens, Alison M.']",162,2890,29,43,alison m.,hoens,h,alison m. hoens,A5017304507,a hoens
A5100700438,https://orcid.org/0000-0003-0774-6502,Jason Wang,"['J. J. Wang', 'J. Wang', 'J.J. Wang', 'JASON WANG', 'Jason J Wang', 'Jason J 劲飞 Wang 王', 'Jason J. Wang', 'Jason J. Wanga', 'Jason J. 劲 飞 Wang 王', 'Jason J. 劲飞 Wang 王', 'Jason J. 飞 Wang 王劲', 'Jason Jinfei Wang', 'Jason Wang', 'Jason 劲飞 Wang 王', 'Jiamin Wang', 'Wang, J.', 'Wang, J. J.', 'Wang, JJ', 'Wang, Jason', 'Wang, Jason J.', 'Wang, Jason Jinfei']",492,6314,40,59,jason,wang,w,jason wang,A5100700438,j wang
A5056266983,https://orcid.org/0000-0001-9879-7414,Frank Steinicke,"['F. STEINICKE', 'F. Steinicke', 'Frank STEINICKE', 'Frank Steinicke', 'Steinicke, F.', 'Steinicke, Frank', 'Steinicke, \xa0Frank']",435,8160,48,18,frank,steinicke,s,frank steinicke,A5056266983,f steinicke
A5039749912,https://orcid.org/0000-0003-0383-8856,Arne Ø. Mooers,"['A. O. Mooers', 'A. Ø. MOOERS', 'A. Ø. Mooers', 'A.Ø. Mooers', 'ARNE O. MOOERS', 'ARNE Ø. MOOERS', 'Arne Mooers', 'Arne O Mooers', 'Arne O. Mooers', 'Arne Ø Mooers', 'Arne Ø. Mooers', 'Arne Øyvind Mooers', 'Arne �. Mooers', 'Arne\xa0O. Mooers', 'Mooers, Arne', 'Mooers, Arne O', 'Mooers, Arne O.', 'Mooers, Arne Ø', 'Mooers, Arne Ø.']",226,18868,53,9,arne ø.,mooers,m,arne ø. mooers,A5039749912,a mooers
A5057119454,,Charmaine Spencer,"['C Spencer', 'Charmaine Spencer']",21,99,5,1,charmaine,spencer,s,charmaine spencer,A5057119454,c spencer
A5077819584,https://orcid.org/0000-0001-7009-1954,Tryggvi Unnsteinsson,"['Tryggvi Unnsteinsson', 'Unnsteinsson, Tryggvi']",11,10,2,2,tryggvi,unnsteinsson,u,tryggvi unnsteinsson,A5077819584,t unnsteinsson
A5051128953,https://orcid.org/0000-0002-7031-5863,Amit G. Deshwar,"['A. Deshwar', 'AMIT G. DESHWAR', 'Amit Deshwar', 'Amit G Deshwar', 'Amit G. Deshwar', 'Deshwar, Amit G.', 'Vikram Deshpande']",98,17110,35,18,amit g.,deshwar,d,amit g. deshwar,A5051128953,a deshwar
A5042169824,https://orcid.org/0000-0002-6009-0074,Efehan Ulaş,"['Efehan ULAŞ', 'Efehan Ulas', 'Efehan Ulaş']",25,159,6,4,efehan,ulaş,u,efehan ulaş,A5042169824,e ulaş
A5000873402,,Nancy E. Go,"['Go, Nancy Erro', 'N. E. Go', 'Nancy E Go', 'Nancy E. Go', 'Nancy Erro Go']",40,1008,17,7,nancy e.,go,g,nancy e. go,A5000873402,n go
A5107869730,,Stephanie W. Chang,"['Chang, Stephanie W.', 'Chang, Stephanie. W.', 'Stephanie Chang', 'Stephanie W. Chang', 'Stephanie. W. Chang']",28,408,10,17,stephanie w.,chang,c,stephanie w. chang,A5107869730,s chang
A5008694512,https://orcid.org/0000-0003-0093-0358,Alexander A. Moiseev,"['A A Moiseev', 'A Moiseev', 'A. A. Moiseev', 'A. Moiseev', 'A.A. Moiseev', 'Alexander A Moiseev', 'Alexander A. Moiseev', 'Alexander Moiseev', 'Moiseev, A.', 'Moiseev, Alexander A.']",156,1808,23,16,alexander a.,moiseev,m,alexander a. moiseev,A5008694512,a moiseev
A5014667711,https://orcid.org/0000-0001-8407-1065,Christine R. Schwartz,"['Christine R. Schwartz', 'Christine Schwartz', 'Christine\xa0R. Schwartz', 'Schwartz, C']",47,4273,21,4,christine r.,schwartz,s,christine r. schwartz,A5014667711,c schwartz
A5040981978,https://orcid.org/0000-0001-9555-1080,Michelle Leung,"['M.M. Leung', 'Michelle Leung', 'Michelle M. Leung']",36,2611,13,13,michelle,leung,l,michelle leung,A5040981978,m leung
A5038343752,https://orcid.org/0009-0009-8394-9679,Jasdeep Dhahan,"['Dhahan, Jasdeep', 'Jasdeep Dhahan']",7,8,2,1,jasdeep,dhahan,d,jasdeep dhahan,A5038343752,j dhahan
A5105193711,https://orcid.org/0000-0001-6199-8167,Samantha Jones,"['Jones, Samantha Jean', 'Samantha J. Jones', 'Samantha Jones', 'Samantha W Jones', 'Samantha W. Jones']",49,1142,21,17,samantha,jones,j,samantha jones,A5105193711,s jones
A5004823213,https://orcid.org/0000-0002-8950-6504,Amanda Rowlands,"['Amanda Rowlands', 'Rowlands A']",16,72,5,4,amanda,rowlands,r,amanda rowlands,A5004823213,a rowlands
A5108759553,,Maija Gailis,['Maija Gailis'],7,51,2,3,maija,gailis,g,maija gailis,A5108759553,m gailis
A5055021336,https://orcid.org/0000-0003-2381-9951,G. Corti,"['G. Corti', 'Giovanni Corti']",12,62,1,2,g.,corti,c,g. corti,A5055021336,g corti
A5003576248,https://orcid.org/0000-0002-4522-3019,Jeremy Fyke,"['Fyke, Jeremy', 'J. Fyke', 'J. G. Fyke', 'Jeremy Fyke', 'Jeremy G. Fyke', 'Jeremy Garmeson Fyke', 'Julienne Stroeve']",83,2484,21,14,jeremy,fyke,f,jeremy fyke,A5003576248,j fyke
A5074910185,https://orcid.org/0000-0002-7579-9836,Maksym Neyra-Nesterenko,"['Maksym Neyra-Nesterenko', 'Neyra-Nesterenko, Maksym']",7,11,1,1,maksym,neyra-nesterenko,n,maksym neyra-nesterenko,A5074910185,m neyra-nesterenko
A5102934836,https://orcid.org/0000-0001-8488-1113,Adrian Brasoveanu,"['A. Brasoveanu', 'ADRIAN BRASOVEANU', 'Adrian Brasoveanu', 'Brasoveanu, Adrian', 'Brașoveanu, Adrian M.P.']",49,1383,17,7,adrian,brasoveanu,b,adrian brasoveanu,A5102934836,a brasoveanu
A5080379500,https://orcid.org/0000-0001-6536-8445,Robert Beringer,"['R. Beringer', 'Robert Beringer', 'Robert M. Beringer']",62,1440,20,7,robert,beringer,b,robert beringer,A5080379500,r beringer
A5052806584,https://orcid.org/0000-0003-1681-7878,Andrew T. Duchowski,"['A. T Duchowski', 'A. T. Duchowski', 'A.T Duchowski', 'A.T. Duchowski', 'Andrew  T. Duchowski', 'Andrew DUCHOWSKI', 'Andrew Duchowski', 'Andrew T Duchowski', 'Andrew T. DUCHOWSKI', 'Andrew T. Duchowski', 'Andrew Tadeusz Duchowski', 'Duchowski, A.', 'Duchowski, Andrew', 'Duchowski, Andrew T', 'Duchowski, Andrew T.']",338,10406,43,8,andrew t.,duchowski,d,andrew t. duchowski,A5052806584,a duchowski
A5111724421,,Stephen Leach,"['Leach, S.', 'S Leach', 'S. Leach', 'STEPHEN LEACH', 'Stephen Leach', 'Stephen Leach (223878)', 'Stephen R. Leach']",49,3660,22,16,stephen,leach,l,stephen leach,A5111724421,s leach
A5076763843,https://orcid.org/0000-0003-3378-2646,Afzalhussein Yusufali,"['A M Yusufali', 'A Yusufali', 'A. H. Yusufali', 'A.H. Yusufali', 'A.M. Yusufali', 'Afazalhussein Yusufali', 'AfzalHussein Yusufali', 'Afzalhusein H. Yusufali', 'Afzalhussein A Yusufali', 'Afzalhussein M Yusufali', 'Afzalhussein M. Yusufali', 'Afzalhussein Yusufali', 'Afzalhussein Yusufali, MD; MMed; FRCP', 'Yusufali, A.M.', 'Yusufali, Afzalhussein', 'Álvaro Avezum']",122,13921,43,13,afzalhussein,yusufali,y,afzalhussein yusufali,A5076763843,a yusufali
A5043056248,,Namaste Marsden,['Namaste Marsden'],13,147,5,9,namaste,marsden,m,namaste marsden,A5043056248,n marsden
A5110974550,,J. G. Kemp,"['J. G. Kemp', 'J.G. Kemp', 'Jesse Kemp']",17,52,3,3,j. g.,kemp,k,j. g. kemp,A5110974550,j kemp
A5058174103,https://orcid.org/0000-0001-5018-3317,Martin Weber,"['M. O. Weber', 'M. Weber', 'MARTIN WEBER', 'Martin Weber', 'Weber, M.', 'Weber, Martin']",271,13805,52,40,martin,weber,w,martin weber,A5058174103,m weber
A5052482549,https://orcid.org/0000-0003-4002-3381,Arezu Jahani‐Asl,"['A. Jahani-Asl', 'Arezu Jahani-Asl', 'Arezu Jahani‐Asl', 'Jahani-Asl, Arezu']",69,2217,20,27,arezu,jahani‐asl,j,arezu jahani‐asl,A5052482549,a jahani‐asl
A5008831317,,Cait McKinney,"['C Dana McKinney Jr', 'Cait McKinney', 'Cait Mckinney', 'McKinney, Cait']",27,156,8,4,cait,mckinney,m,cait mckinney,A5008831317,c mckinney
A5037955479,https://orcid.org/0000-0001-8236-485X,Muhammad Zohaib Anwar,"['Anwar, Muhammad Zohaib', 'M. Zohaib Anwar', 'Muhammad Anwar', 'Muhammad Z Anwar', 'Muhammad Z. Anwar', 'Muhammad Zohaib Anwar', 'Muhammad\xa0Zohaib Anwar']",39,861,10,17,muhammad zohaib,anwar,a,muhammad zohaib anwar,A5037955479,m anwar
A5101541766,https://orcid.org/0000-0002-2370-4575,Richard White,"['Jeffrey Boyer', 'R D White', 'R WHITE', 'R White', 'R. Dean White', 'R. White', 'R.D. White', 'R.Dean White', 'RD White', 'RICHARD D. WHITE', 'Richard D White', 'Richard D. White', 'Richard D. White Jr.', 'Richard D. White, Jr.', 'Richard White', 'White, Richard', 'White, Richard D', 'White, Richard D.', 'Zhou, Mowei']",1300,4549,29,92,richard,white,w,richard white,A5101541766,r white
A5111470051,,Margaret-Anne D. Storey,"['MARGARET-ANNE D. STOREY', 'Margaret-Anne D. Storey', 'Margaret-Anne Storey', 'Storey, Margaret-Anne', 'Storey, Margaret-Anne D.']",42,863,15,4,margaret-anne d.,storey,s,margaret-anne d. storey,A5111470051,m storey
A5065127982,,Jamie Thomas‐Pavanel,"['Jamie Thomas-Pavanel', 'Jamie Thomas‐Pavanel']",11,313,5,3,jamie,thomas‐pavanel,t,jamie thomas‐pavanel,A5065127982,j thomas‐pavanel
A5035176274,,Pal John Pal Adabala,['Pal John Pal Adabala'],6,105,5,2,pal john pal,adabala,a,pal john pal adabala,A5035176274,p adabala
A5009146426,,Joan Sharp,"['Joan C. Sharp', 'Joan Sharp', 'Sharp, Joan', 'Sharp, Joan Catherine']",12,66,2,2,joan,sharp,s,joan sharp,A5009146426,j sharp
A5100589662,,Navpreet Kaur,"['Kaur, Navpreet', 'Navpreet Kaur']",14,34,3,7,navpreet,kaur,k,navpreet kaur,A5100589662,n kaur
A5019345418,https://orcid.org/0000-0002-8645-3566,Qilong Li,"['Li Qilong', 'Li, Qilong', 'Q L Li', 'QILONG LI', 'Qi-Long LI', 'Qi-Long Li', 'QiLong Li', 'Qilong Li', '李奇龙']",217,5849,33,58,qilong,li,l,qilong li,A5019345418,q li
A5034376739,https://orcid.org/0000-0001-7765-4588,Karan Parekh,['Karan Parekh'],45,195,4,3,karan,parekh,p,karan parekh,A5034376739,k parekh
A5013346237,https://orcid.org/0000-0001-6703-3497,Suresh Saminathan,"['S Saminathan', 'S. Saminathan', 'Saminathan, S.', 'Saminathan, Suresh', 'Suresh Saminathan']",40,67,5,6,suresh,saminathan,s,suresh saminathan,A5013346237,s saminathan
A5021415728,,Neil Horne,"['Horne, Neil', 'N. Horne', 'Neil Horne']",16,786,10,7,neil,horne,h,neil horne,A5021415728,n horne
A5108330576,,Kashish Mehta,"['Kashish Mehta', 'Mehta, Kashish']",11,2,1,2,kashish,mehta,m,kashish mehta,A5108330576,k mehta
A5074627917,https://orcid.org/0000-0001-5822-8807,Mohammadjavad Nouri,['Mohammadjavad Nouri'],8,51,2,2,mohammadjavad,nouri,n,mohammadjavad nouri,A5074627917,m nouri
A5011131688,https://orcid.org/0000-0003-3316-0521,Sue Black,"['Black, Sue', 'Rutty, Guy', 'S Black', 'S M Black', 'S MacLaughlin-Black', 'S. Black', 'S. M. Black', 'S. M. MacLaughlin-Black', 'S.M. Black', 'SM Black', 'SUE BLACK', 'Sue Black', 'Sue Black (MacLaughlin)', 'Sue M Black', 'Sue M. Black', 'Sue M. Maclaughlin-Black', 'Sue MacLaughlin‐Black', 'Sue Maclaughlin‐Black']",229,4171,33,19,sue,black,b,sue black,A5011131688,s black
A5070484817,https://orcid.org/0000-0002-9493-9283,Rohit Vijh,"['R Vijh', 'R. Vijh', 'Rohit Vijh']",27,618,13,13,rohit,vijh,v,rohit vijh,A5070484817,r vijh
A5020459741,https://orcid.org/0000-0002-3206-299X,Naomi Robert,"['N Trigiano Robert', 'N. Trigiano Robert', 'Naomi Robert']",6,25,3,3,naomi,robert,r,naomi robert,A5020459741,n robert
A5047739587,https://orcid.org/0000-0003-2223-1240,Nicolas Kerckhove,"['Kerckhove, N.', 'Kerckhove, Nicolas', 'N. Kerckhove', 'Nicolas Kerckhove']",59,1227,18,12,nicolas,kerckhove,k,nicolas kerckhove,A5047739587,n kerckhove
A5055313905,https://orcid.org/0000-0002-1670-7305,Andreas Gärtner,"['A Gärtner', 'A. Gartner', 'A. Gärtner', 'A.L. Gartner', 'Andreas Gartner', 'Andreas Grtner', 'Andreas Gärtner', 'Andres Gärtner', 'Gartner, A.', 'Gartner, Andreas', 'Gärtner, A.', 'Gärtner, Andreas']",210,3205,32,25,andreas,gärtner,g,andreas gärtner,A5055313905,a gärtner
A5066677866,,Florian Baer,['Florian Baer'],6,6,2,3,florian,baer,b,florian baer,A5066677866,f baer
A5007930376,,E. Schmidtke,"['E Schmidtke', 'E. A. Schmidtke', 'E. Schmidtke', 'Eric A. Schmidtke', 'Eric Schmidtke']",24,851,14,7,e.,schmidtke,s,e. schmidtke,A5007930376,e schmidtke
A5111367944,,Gail Anderson,"['GAIL ANDERSON', 'Gail Anderson']",51,201,8,13,gail,anderson,a,gail anderson,A5111367944,g anderson
A5102890393,https://orcid.org/0000-0003-1334-2934,Mehrdad Mokhtari,"['M. Mokhtari', 'Mehrdad Mokhtari', 'Mokhtari, Mehrdad']",38,530,11,10,mehrdad,mokhtari,m,mehrdad mokhtari,A5102890393,m mokhtari
A5007011961,,M. L. W. Thewalt,"['M L W Thewalt', 'M L. W. Thewalt', 'M. L. Thewalt', 'M. L. W. THEWALT', 'M. L. W. Thewalt', 'M. Thewalt', 'M.L. W. Thewalt', 'M.L.W Thewalt', 'M.L.W. Thewalt', 'M.\u2009L.\u2009W. Thewalt', 'Mike L. W. Thewalt', 'Mike L.W. Thewalt', 'Mike L.\u2009W. Thewalt', 'Mike Thewalt', 'Thewalt, M. L. W.', 'Thewalt, Mike', 'Thewalt, Mike L. W.']",193,6818,41,17,m. l. w.,thewalt,t,m. l. w. thewalt,A5007011961,m thewalt
A5001430603,https://orcid.org/0000-0001-8069-5874,Rohan Ben Joseph,['Rohan Ben Joseph'],6,48,2,3,rohan ben,joseph,j,rohan ben joseph,A5001430603,r joseph
A5112834450,,Barry M. Honda,"['B Honda', 'B M Honda', 'B. Honda', 'B. M. Honda', 'B.M Honda', 'B.M. Honda', 'Barry M Honda', 'Barry M. Honda', 'Honda, Barry M.']",57,3675,27,12,barry m.,honda,h,barry m. honda,A5112834450,b honda
A5087629647,https://orcid.org/0000-0001-6079-8411,Hosna Babini,"['Babini, Hosna', 'H Babini', 'Hosna Babini']",12,49,3,3,hosna,babini,b,hosna babini,A5087629647,h babini
A5082184722,https://orcid.org/0000-0002-2869-9242,Anita L. Kozyrskyj,"['A KOZYRSKYJ', 'A Kozyrskyj', 'A L Kozyrskyj', 'A. Kozyrskyj', 'A. L. Kozyrskyj', 'A.L. Kozyrskyj', 'AL Kozyrskyj', 'Anita Kozyrskyj', 'Anita L Kozyrskyj', 'Anita L. Kozyrskyj', 'Anita Luba Kozyrskyj', 'Anita\xa0L. Kozyrskyj', 'Kozyrskyj, Anita', 'Kozyrskyj, Anita L.']",358,16892,66,44,anita l.,kozyrskyj,k,anita l. kozyrskyj,A5082184722,a kozyrskyj
A5111148189,,Duo Lü,"['Duo Lu', 'Duo Lü', 'Lu, Duo']",54,1350,19,19,duo,lü,l,duo lü,A5111148189,d lü
A5030390227,,Nasrin Azari,"['Azari, N.', 'Nasrin Azari']",8,6,2,2,nasrin,azari,a,nasrin azari,A5030390227,n azari
A5108430786,,Raphaël Chétrite,"['R. Chetrite', 'R. Chétrite', 'Raphaël Chetrite', 'Raphaël Chétrite']",9,279,7,9,raphaël,chétrite,c,raphaël chétrite,A5108430786,r chétrite
A5088594459,,Carson C. Keever,"['CARSON C. KEEVER', 'Carson C Keever', 'Carson C. Keever', 'Carson Keever']",17,574,11,6,carson c.,keever,k,carson c. keever,A5088594459,c keever
A5047615447,,Jüergen Röedel,"['J. ROEDEL', 'J. Roedel', 'Juergen Roedel', 'Jüergen Röedel', 'Zuo-Guang Ye']",21,73,5,5,jüergen,röedel,r,jüergen röedel,A5047615447,j röedel
A5033450343,https://orcid.org/0000-0003-1761-9224,Maryam Saberi,"['M. Saberi', 'Maryam Saberi', 'Saberi, Maryam']",28,143,6,11,maryam,saberi,s,maryam saberi,A5033450343,m saberi
A5064667304,https://orcid.org/0009-0006-5169-0437,Parsa Alan,"['Alan, Parsa', 'Parsa Alan']",12,62,4,5,parsa,alan,a,parsa alan,A5064667304,p alan
A5033996172,https://orcid.org/0000-0002-9626-8313,Kirby Huminuik,"['Huminuik, Kirby', 'Kirby Huminuik']",12,41,4,4,kirby,huminuik,h,kirby huminuik,A5033996172,k huminuik
A5083334559,https://orcid.org/0000-0002-0858-4907,Jorge Vásquez-Kool,"['J. Vasquez-Kool', 'J. Vásquez-Kool', 'Jorge Vasquez-Kool', 'Jorge Vásquez-Kool', 'Vasquez, J', 'Vásquez, J.']",13,124,4,6,jorge,vásquez-kool,v,jorge vásquez-kool,A5083334559,j vásquez-kool
A5000869741,https://orcid.org/0000-0002-4178-1195,Patricia A. Janssen,"['Janssen Pa', 'Janssen, Patricia', 'Janssen, Patricia A.', 'P A J Janssen', 'P A JANSSEN', 'P A Janssen', 'P A. Janssen', 'P JANSSEN', 'P Janssen', 'P. A. J. JANSSEN', 'P. A. J. Janssen', 'P. A. Janssen', 'P. Janssen', 'P.A. Janssen', 'P.A.J. Janssen', 'PATRICIA A. JANSSEN', 'Patricia A Janssen', 'Patricia A. Janssen', 'Patricia Alice Janssen', 'Patricia Janssen', 'Patricia Janssen, PhD']",375,12325,56,62,patricia a.,janssen,j,patricia a. janssen,A5000869741,p janssen
A5085015647,https://orcid.org/0000-0001-5594-0057,Julija Jeremic,"['J. Jeremic', 'Jeremic, Julija', 'Julija Jeremic']",10,60,4,1,julija,jeremic,j,julija jeremic,A5085015647,j jeremic
A5040293279,https://orcid.org/0000-0002-0247-3245,Andreas Avgousti,"['Andreas Avgousti', 'Avgousti, Andreas']",24,15,2,5,andreas,avgousti,a,andreas avgousti,A5040293279,a avgousti
A5007023601,https://orcid.org/0000-0003-4854-2725,Zili Yi,"['Yi, Zili', 'Zili Yi']",39,2955,8,10,zili,yi,y,zili yi,A5007023601,z yi
A5038838397,https://orcid.org/0000-0002-6770-2782,Brooke Lahneman,"['Brooke A. Lahneman', 'Brooke Lahneman', 'Lahneman, B', 'Lahneman, Brooke']",33,372,9,3,brooke,lahneman,l,brooke lahneman,A5038838397,b lahneman
A5103199277,https://orcid.org/0000-0001-7328-1657,Allison Campbell,"['Allison Campbell', 'Allison J Campbell', 'Campbell, Allison']",18,134,4,5,allison,campbell,c,allison campbell,A5103199277,a campbell
A5083012202,,Amanda Wallace,['Amanda Wallace'],7,304,3,2,amanda,wallace,w,amanda wallace,A5083012202,a wallace
A5067487742,https://orcid.org/0000-0002-3349-7805,Robert Parkes,"['Parkes, R', 'Parkes, Robert', 'Parkes, Robert J.', 'Parkes, Robert John', 'R Parkes', 'Robert J Parkes', 'Robert J. Parkes', 'Robert John Parkes', 'Robert Parkes', 'Robert Parkes (21135860)']",120,685,14,25,robert,parkes,p,robert parkes,A5067487742,r parkes
A5080050080,https://orcid.org/0000-0001-8536-2737,Hung-Vu Tran,"['H Tran', 'Hung Tran-Vu', 'Hung-Vu Tran', 'Hung‐Vu Tran', 'Tam Thi Vuong', 'Tran, Hoanh Viet']",34,1616,14,9,hung-vu,tran,t,hung-vu tran,A5080050080,h tran
A5044183506,https://orcid.org/0000-0001-5562-0280,Emily Betz,"['E. C. Betz', 'E.C. Betz', 'Emily Betz', 'Emily C. Betz']",7,30,3,3,emily,betz,b,emily betz,A5044183506,e betz
A5084198418,https://orcid.org/0000-0003-2315-5390,Mark Loeb,"['Chan Soo', 'D Spady', 'Loeb, Mark', 'M B Loeb', 'M LOEB', 'M Loeb', 'M. B. Loeb', 'M. LOEB', 'M. Loeb', 'M.\xa0B. LOEB', 'MARK LOEB', 'Mark B Loeb', 'Mark B. Loeb', 'Mark Loeb']",507,36363,86,80,mark,loeb,l,mark loeb,A5084198418,m loeb
A5000823599,,Raffaele Joseph Massarotto,"['R. Massarotto', 'Raffaele J Massarotto', 'Raffaele J. Massarotto', 'Raffaele Joseph Massarotto']",10,62,3,4,raffaele joseph,massarotto,m,raffaele joseph massarotto,A5000823599,r massarotto
A5007783258,https://orcid.org/0000-0002-9985-2443,Douglas C. Cheung,"['D Cheung', 'D. C. Cheung', 'D. Cheung', 'D.C. Cheung', 'Douglas C Cheung', 'Douglas C. Cheung', 'Douglas Cheung', 'Georg Bjarnason']",77,717,13,17,douglas c.,cheung,c,douglas c. cheung,A5007783258,d cheung
A5029921834,,Emma Harrison,"['E Harrison', 'E L Harrison', 'Emma Harrison', 'Emma L. Harrison']",9,350,6,8,emma,harrison,h,emma harrison,A5029921834,e harrison
A5017415030,https://orcid.org/0000-0002-2424-0565,Lenka Vojtila,"['Lenka V. Vojtila', 'Lenka Vojtila']",11,242,7,2,lenka,vojtila,v,lenka vojtila,A5017415030,l vojtila
A5048271093,https://orcid.org/0009-0005-2977-7993,Michael Xu,"['Michael Xu', 'Xu, Michael']",9,20,3,2,michael,xu,x,michael xu,A5048271093,m xu
A5036445440,https://orcid.org/0009-0006-4349-9202,Taras Chouinard,"['Chouinard, T.', 'T. Chouinard', 'T. S. Chouinard', 'Taras Chouinard']",7,0,0,1,taras,chouinard,c,taras chouinard,A5036445440,t chouinard
A5084604115,https://orcid.org/0000-0002-5223-5755,Christoffer Dharma,"['C Dharma', 'C. Dharma', 'C.D. Rahul Dharma', 'Christoffer Dharma', 'Dharma, Christoffer']",87,1858,19,24,christoffer,dharma,d,christoffer dharma,A5084604115,c dharma
A5037672339,https://orcid.org/0000-0002-8600-6539,Maryam Ahmadzadeh,"['Ahmadzadeh, Maryam', 'M. Ahmadzadeh', 'M. Ahmadzadeh \u200e', 'Maryam Ahmadzadeh']",35,303,9,13,maryam,ahmadzadeh,a,maryam ahmadzadeh,A5037672339,m ahmadzadeh
A5080809971,,Marzieh Alishahi,['Marzieh Alishahi'],11,53,4,3,marzieh,alishahi,a,marzieh alishahi,A5080809971,m alishahi
A5111354455,,Mayuko Arai,['Mayuko Arai'],6,1,1,1,mayuko,arai,a,mayuko arai,A5111354455,m arai
A5054520079,https://orcid.org/0000-0003-0394-1933,Padmaja Subbarao,"['P Subbarao', 'P. M. V. Subbarao', 'P. Subbarao', 'P.M.V. Subbarao', 'Padma Subbarao', 'Padmaja Subbarao', 'Padmaja Subbarao2,3,4', 'Premalatha. B. Subbarao', 'Subbarao P', 'Subbarao, P', 'Subbarao, Padmaja']",429,17061,64,43,padmaja,subbarao,s,padmaja subbarao,A5054520079,p subbarao
A5084837583,https://orcid.org/0000-0003-3303-7283,Pedro C. González‐Espinosa,"['Gonzalez-Espinosa Pedro, C.', 'Gonzalez-Espinosa, Pedro', 'González-Espinosa, Pedro C.', 'P. C. González-Espinosa', 'PC González-Espinosa', 'Pedro C. Gonzalez-Espinosa', 'Pedro C. Gonzalez‐Espinosa', 'Pedro C. González Espinosa', 'Pedro C. González-Espinosa', 'Pedro C. González‐Espinosa', 'Pedro Gonzalez-Espinosa']",22,511,8,7,pedro c.,gonzález‐espinosa,g,pedro c. gonzález‐espinosa,A5084837583,p gonzález‐espinosa
A5111750348,,Peter Belton,"['Belton, Peter', 'Belton, Peter S.', 'Belton, Peter S. 1947-', 'John R. N. Taylor', 'P Belton', 'PETER BELTON', 'Peter Belton', 'Peter S BELTON', 'Peter S Belton', 'Peter S. Belton']",220,9243,53,22,peter,belton,b,peter belton,A5111750348,p belton
A5059101077,https://orcid.org/0000-0002-2730-5512,Anjali Khurana,"['Anjali Khurana', 'Khurana, Anjali']",10,124,4,1,anjali,khurana,k,anjali khurana,A5059101077,a khurana
A5054852660,https://orcid.org/0000-0003-1983-0234,Martin Stuermer,['Martin Stuermer'],37,634,13,11,martin,stuermer,s,martin stuermer,A5054852660,m stuermer
A5010547752,,Jennifer-Ashley Hoffmeister,"['Hoffmeister, Jennifer-Ashley', 'J.-A. Hoffmeister', 'Jennifer-Ashley Hoffmeister']",6,717,4,2,jennifer-ashley,hoffmeister,h,jennifer-ashley hoffmeister,A5010547752,j hoffmeister
A5056892710,https://orcid.org/0000-0002-3886-2744,Kirsti P.R. Medig,"['K.P.R. Medig', 'Kirsti P.R. Medig']",12,91,3,1,kirsti p.r.,medig,m,kirsti p.r. medig,A5056892710,k medig
A5005236627,https://orcid.org/0000-0003-1452-9506,Jiaxin Cui,"['Jiaxin Cui', 'Kunshu Liu']",34,291,10,25,jiaxin,cui,c,jiaxin cui,A5005236627,j cui
A5040238203,,Stephanie Shaw Holbert,"['S. Holbert', 'Stephanie Holbert', 'Stephanie Shaw Holbert']",6,18,2,5,stephanie shaw,holbert,h,stephanie shaw holbert,A5040238203,s holbert
A5032259301,,Jingtao Tang,"['Jingtao Tang', 'Tang, Jingtao']",8,67,3,3,jingtao,tang,t,jingtao tang,A5032259301,j tang
A5070551363,https://orcid.org/0000-0003-3730-9733,Kurtis Stewart,"['K. Stewart', 'Kurtis Stewart', 'Stewart, Kurtis']",33,514,13,13,kurtis,stewart,s,kurtis stewart,A5070551363,k stewart
A5101705969,https://orcid.org/0000-0002-6783-0960,Amritpal Singh,"['A Singh', 'A. Singh', 'Amrit Pal Singh', 'Amrit Singh', 'Amritpal Singh', 'Amritpal Singh .', 'Singh, A.', 'Singh, Amritpal']",134,1456,16,29,amritpal,singh,s,amritpal singh,A5101705969,a singh
A5102000841,https://orcid.org/0000-0002-0502-148X,Isabelle Côté,"['I Cote', 'I. Côté', 'Isabelle CÔTÉ', 'Isabelle Côté']",38,398,11,7,isabelle,côté,c,isabelle côté,A5102000841,i côté
A5034689204,https://orcid.org/0000-0001-7992-3120,Christian Spannfellner,"['C. Spannfellner', 'Christian Spannfellner', 'Soedingrekso, J.', 'Sommani, G.', 'Spannfellner, C.', 'Spannfellner, Christian', 'Spiczak, G. M.', 'Spiering, C.', 'Stamatikos, M.', 'Stezelberger, T.', 'Tollefson, K.']",344,2050,17,35,christian,spannfellner,s,christian spannfellner,A5034689204,c spannfellner
A5043878948,https://orcid.org/0000-0002-8505-9241,Fatih Karaoğlanoğlu,"['Fatih Karaoglanoglu', 'Fatih Karaoğlanoğlu', 'Karaoglanoglu, Fatih']",28,214,4,3,fatih,karaoğlanoğlu,k,fatih karaoğlanoğlu,A5043878948,f karaoğlanoğlu
A5103000008,https://orcid.org/0000-0002-6492-1349,Md. Zulfiquar Ali Bhotto,"['M Z A Bhotto', 'MD. Zulfiquar Ali Bhotto', 'Md Zulfiquar Ali Bhotto', 'Md. Zulfiq Bhotto', 'Md. Zulfiquar Ali Bhotto']",27,593,12,6,md. zulfiquar ali,bhotto,b,md. zulfiquar ali bhotto,A5103000008,m bhotto
A5055327388,https://orcid.org/0000-0003-0733-9122,Guanzhou Chen,"['Chen, Guanzhou', 'Guanzhou Chen', 'Tong Wang']",62,1441,19,11,guanzhou,chen,c,guanzhou chen,A5055327388,g chen
A5061731671,,Chanda Siddoo-Atwal,"['C Siddoo-Atwal', 'C. Siddoo-Atwal', 'Chanda Siddoo-Atwal']",15,90,6,3,chanda,siddoo-atwal,s,chanda siddoo-atwal,A5061731671,c siddoo-atwal
A5102830539,https://orcid.org/0000-0002-3001-7538,B. Minh,"['B. Minh', 'Bui Quang Minh', 'Bui, Minh', 'Bùi Quang Minh', 'Minh Bui', 'Minh Q. Bui', 'Minh, Bui Quang', 'Quang Minh Bui']",18,200,7,9,b.,minh,m,b. minh,A5102830539,b minh
A5101404695,https://orcid.org/0000-0002-3655-2486,Sebastian Riedel,"['Riedel Sebastian', 'Riedel, S', 'Riedel, S.', 'Riedel, Sebastian', 'S. Riedel', 'Sebastian D. Riedel', 'Sebastian Riedel']",286,19343,59,34,sebastian,riedel,r,sebastian riedel,A5101404695,s riedel
A5112603217,,Zach Walsh,"['Walsh, Zach', 'Z. Walsh', 'Zach Walsh']",133,4939,40,19,zach,walsh,w,zach walsh,A5112603217,z walsh
A5009846782,https://orcid.org/0000-0003-4937-6618,Candice L. Odgers,"['C Odgers', 'C. L. Odgers', 'C. Odgers', 'CANDICE L. ODGERS', 'Candice L Odgers', 'Candice L. Odgers', 'Candice Odgers', 'CandiceL. Odgers', 'Odgers, Candice', 'Odgers, Candice L.', 'R Nisbet']",188,19812,64,22,candice l.,odgers,o,candice l. odgers,A5009846782,c odgers
A5082557613,,Srishti Yadav,"['Srishti Yadav', 'Yadav, Srishti']",8,47,4,1,srishti,yadav,y,srishti yadav,A5082557613,s yadav
A5001132181,https://orcid.org/0000-0003-3173-5395,Martha Gumprich,"['Gumprich, Martha', 'M. Gumprich', 'Martha Gumprich']",6,9,1,3,martha,gumprich,g,martha gumprich,A5001132181,m gumprich
A5087073343,https://orcid.org/0000-0003-3917-4166,Amrit Tiwana,"['Amrit Tiwana', 'Tiwana, Amrit']",17,45,3,8,amrit,tiwana,t,amrit tiwana,A5087073343,a tiwana
A5059996143,,Alexandra Maslova,"['A A Maslova', 'A Maslova', 'A. A. Maslova', 'A.A. Maslova', 'Alexandra Maslova', 'Maslova, Alexandra', 'А.А. МАСЛОВА', 'А.А. Маслова']",65,1315,10,21,alexandra,maslova,m,alexandra maslova,A5059996143,a maslova
A5041290896,https://orcid.org/0000-0003-2556-7049,M. Eugenia Socías,"['E Socias', 'Eugenia Socias', 'Eugenia Socías', 'M Eugenia Socias', 'M Eugenia Socías', 'M Socias', 'M Socías', 'M. E. Socías', 'M. Eugenia Socias', 'M. Eugenia Socías', 'M. Eugenia Socías (2793193)', 'M. Socias', 'M.E. Socias', 'M.E. Socías', 'Maria E. Socias', 'Maria E. Socías', 'Maria Eugenia Socias', 'Maria Eugenia Sociás', 'Maria Eugenia Socías', 'Marta Bauça Socias', 'María E. Socías', 'María Eugenia Socias', 'María Eugenia Socías', 'María Socias', 'Socias, Eugenia', 'Socías, María Eugenia']",203,4417,38,34,m. eugenia,socías,s,m. eugenia socías,A5041290896,m socías
A5007390808,https://orcid.org/0000-0001-5346-0260,Patrick Johnson,"['Johnson, Patrick', 'P Johnson', 'P. J. Johnson', 'P. Johnson', 'P.J. Johnson', 'PATRICK J. JOHNSON', 'PATRICK JOHNSON', 'Patrick J Johnson', 'Patrick J. Johnson', 'Patrick Johnson']",94,1569,20,25,patrick,johnson,j,patrick johnson,A5007390808,p johnson
A5106512891,,S. J. Kline,"['S. J. Kline', 'S.J. Kline', 'STEPHEN J. KLINE', 'STEPHEN KLINE', 'Stephen J. Kline', 'Stephen Jay Kline', 'Stephen Kline']",226,17782,39,7,s. j.,kline,k,s. j. kline,A5106512891,s kline
A5066893131,,André Doyon,"['A. Doyon', 'André Doyon']",14,159,4,3,andré,doyon,d,andré doyon,A5066893131,a doyon
A5009438585,https://orcid.org/0000-0002-3437-7493,Nathan M. Young,"['N. M. Young', 'N. Young', 'N.M. Young', 'NATHAN M. YOUNG', 'Nathan M Young', 'Nathan M. Young', 'Nathan Young']",96,4837,38,24,nathan m.,young,y,nathan m. young,A5009438585,n young
A5054776001,https://orcid.org/0000-0002-7969-1136,Xavier Pérez‐Giménez,"['Perez, Xavier', 'Perez-Gimenez, X.', 'Perez-Gimenez, Xavier', 'Pérez Giménez, Xavier', 'Pérez-Giménez, Xavier', 'X. Perez-Gimenez', 'X. Pérez-Giménez', 'XAVIER PÉREZ-GIMÉNEZ', 'Xavier Prez-Gimnez', 'Xavier Pérez', 'Xavier Pérez-Giménez', 'Xavier Pérez‐Giménez']",66,408,11,14,xavier,pérez‐giménez,p,xavier pérez‐giménez,A5054776001,x pérez‐giménez
A5059148667,https://orcid.org/0000-0002-7074-7957,Yanqing Zhang,"['Ai-Jie Wang', 'Y. Q. Zhang', 'Yan-Qing ZHANG', 'Yan-Qing Zhang', 'Yan-qing Zhang', 'YanQing Zhang', 'Yanqing Zhang', 'ZHANG Yanqing', 'Zhang Yanqing', 'Zhang, Yanqing']",143,1368,20,40,yanqing,zhang,z,yanqing zhang,A5059148667,y zhang
A5085501668,,Ilya Vinkovetsky,"['ILYA VINKOVETSKY', 'Ilya Vinkovetsky']",35,88,4,3,ilya,vinkovetsky,v,ilya vinkovetsky,A5085501668,i vinkovetsky
A5044863317,https://orcid.org/0000-0002-1774-8838,Bhawna Sharma,"['B S Sharma', 'B Sharma', 'B. S. Sharma', 'B. Sharma', 'B.S Sharma', 'B.S. Sharma', 'Bhawna SHARMA', 'Bhawna Sharma', 'Sharma B']",106,1512,19,23,bhawna,sharma,s,bhawna sharma,A5044863317,b sharma
A5019126782,https://orcid.org/0000-0002-8347-6578,Sujoy Ghosh Hajra,"['S. Ghosh Hajra', 'S. Hajra', 'Sujoy Ghosh Hajra', 'Sujoy Ghosh-Hajra', 'Sujoy Hajra']",47,806,18,10,sujoy ghosh,hajra,h,sujoy ghosh hajra,A5019126782,s hajra
A5101969071,https://orcid.org/0000-0002-4469-4441,Yizhi Wang,"['Wang Yizhi', 'Wang, Yizhi', 'Yi-Zhi Wang', 'Yizhi Wang']",102,946,16,33,yizhi,wang,w,yizhi wang,A5101969071,y wang
A5061583589,https://orcid.org/0000-0003-0767-0253,Sean G. Brown,"['S G Brown', 'S. Brown', 'S. G. Brown', 'S.G. Brown', 'Sean Brown', 'Sean Brown Dr', 'Sean G Brown', 'Sean G. Brown']",61,1272,23,24,sean g.,brown,b,sean g. brown,A5061583589,s brown
A5056216504,https://orcid.org/0000-0002-9114-9112,Zahra Hafezi Kafshgari,"['Kafshgari, Zahra Hafezi', 'Zahra Hafezi', 'Zahra Hafezi Kafshgari']",14,62,4,3,zahra hafezi,kafshgari,k,zahra hafezi kafshgari,A5056216504,z kafshgari
A5025023257,https://orcid.org/0000-0002-9605-0461,Manolis Kogevinas,"['Kogevinas M', 'Kogevinas, M.', 'Kogevinas, Manolis', 'Kogevinas,M.', 'M K Kogevinas', 'M KOGEVINAS', 'M Kogevinas', 'M. Kogevinas', 'MANOLIS KOGEVINAS', 'Manolis KOGEVINAS', 'Manolis Kogevinas', 'manolis kogevinas']",1371,64774,130,169,manolis,kogevinas,k,manolis kogevinas,A5025023257,m kogevinas
A5102261877,,Shawn Liu,['Shawn Liu'],11,44,4,6,shawn,liu,l,shawn liu,A5102261877,s liu
A5059023070,,Marvelous Muchenje,"['M. Muchenje', 'Marvelous Muchenje']",43,1383,12,15,marvelous,muchenje,m,marvelous muchenje,A5059023070,m muchenje
A5014880083,,Anand Gramopadhye,"['A Gramopadhye', 'A nand K Gramopadhye', 'Anand Gramopadhye']",27,107,6,7,anand,gramopadhye,g,anand gramopadhye,A5014880083,a gramopadhye
A5042282214,https://orcid.org/0000-0002-5050-0682,S. Cenk Şahinalp,"['Radhakrishnan Sabarinathan', 'S Cenk Sahinalp', 'S. C. Sahinalp', 'S. CENK SAHINALP', 'S. Cenk Sahinalp', 'S. Cenk Şahinalp', 'S. Sahinalp', 'S.C. Sahinalp', 'Sahinalp, S. Cenk', 'S\xa0Cenk Sahinalp', 'Süleyman Cenk Sahinalp']",131,19023,41,31,s. cenk,şahinalp,ş,s. cenk şahinalp,A5042282214,s şahinalp
A5064527158,,Sachin R. Kandalkar,"['Sachin Kandalkar', 'Sachin R. Kandalkar']",9,73,5,3,sachin r.,kandalkar,k,sachin r. kandalkar,A5064527158,s kandalkar
A5068843926,,Dayna M. Woiwod,['Dayna M. Woiwod'],7,144,4,4,dayna m.,woiwod,w,dayna m. woiwod,A5068843926,d woiwod
A5066011872,https://orcid.org/0000-0003-4471-8121,Jacque-Lynne Johnson,"['Jacque-Lynne F. Johnson', 'Jacque-Lynne F.A. Johnson', 'Jacque-Lynne Johnson', 'Johnson, Jacque-Lynne F.A.']",9,724,6,3,jacque-lynne,johnson,j,jacque-lynne johnson,A5066011872,j johnson
A5087555837,https://orcid.org/0000-0002-2133-1525,J. C. Carr,"['J. C. Carr', 'J. Carr', 'Julia C. Carr', 'Julia Carr']",16,98,5,6,j. c.,carr,c,j. c. carr,A5087555837,j carr
A5100774812,https://orcid.org/0000-0001-5872-2039,Xiaoxing Zhang,"['Daotan Tang', 'Genmeng Yang', 'Haowei Wang', 'Junkang Fang', 'Wenxiang Wang', 'X X Zhang', 'X. Zhang', 'Xiao-Xing Zhang', 'Xiao-xing Zhang', 'Xiao-xing Zhang (568206)', 'XiaoXing Zhang', 'Xiaoxing ZHANG', 'Xiaoxing Zhang', 'Xiaoxing 晓星 ZHANG 张', 'Xiao‐xing Zhang', 'Zhang Xiao-Xing', 'Zhang Xiao-xing', 'Zhang, Xiaoxing', 'xiaoxing Zhang']",765,17805,67,99,xiaoxing,zhang,z,xiaoxing zhang,A5100774812,x zhang
A5076902435,,William C. Wedley,"['W. C. WEDLEY', 'W. C. Wedley', 'W.C. Wedley', 'WILLIAM C. WEDLEY', 'Wedley, W.C.', 'William C Wedley', 'William C. Wedley', 'William Wedley']",79,2083,19,9,william c.,wedley,w,william c. wedley,A5076902435,w wedley
A5030684604,,L. James Climenhage,['L. James Climenhage'],9,11,2,2,l. james,climenhage,c,l. james climenhage,A5030684604,l climenhage
A5058131420,https://orcid.org/0000-0002-2951-9039,Tzu‐Yin Chen,"['Chen, Tzu-Yin', 'Chen, Tzu-Yin Kasha', 'Tzu-Yin Chen', 'Tzu-Yin Kasha Chen', 'Tzu‐Yin Chen']",64,1820,14,20,tzu‐yin,chen,c,tzu‐yin chen,A5058131420,t chen
A5087427076,https://orcid.org/0000-0002-6580-3977,Swalpa Kumar Roy,"['Hao Xu', 'Roy, S. K.', 'Roy, Swalpa Kumar', 'Salvador Garcia', 'Swalpa  Kumar Roy', 'Swalpa K. Roy', 'Swalpa Kumar Roy', 'Swalpa Roy']",110,5796,30,18,swalpa kumar,roy,r,swalpa kumar roy,A5087427076,s roy
A5013942355,https://orcid.org/0000-0003-0849-1396,Xuan Luo,"['Luo Xuan', 'Luo, Xuan', 'Xuan Luo']",37,296,10,10,xuan,luo,l,xuan luo,A5013942355,x luo
A5014440493,https://orcid.org/0000-0002-9367-6119,Thomas Kuehn,"['Kuehn, Thomas', 'T Kuehn', 'T. Kuehn', 'THOMAS KUEHN', 'Thomas J. Kuehn', 'Thomas Kuehn', 'Thomas Kuehn (review author)']",228,971,16,15,thomas,kuehn,k,thomas kuehn,A5014440493,t kuehn
A5073328572,,Kelli Lynn Finney,"['Finney K', 'Finney, Kelli', 'Kelli Finney', 'Kelli Lynn Finney']",7,1,1,1,kelli lynn,finney,f,kelli lynn finney,A5073328572,k finney
A5004041474,https://orcid.org/0000-0002-5119-121X,Carla van Boxtel,"['C. Van Boxtel', 'C.A.M. van Boxtel', 'Carla A. M. Van Boxtel', 'Carla A. M. van Boxtel', 'Carla A.M. van Boxtel', 'Carla Van Boxtel', 'Carla van Boxtel', 'van Boxtel, C.', 'van Boxtel, C.A.M.', 'van Boxtel, Carla']",171,3862,32,15,carla van,boxtel,b,carla van boxtel,A5004041474,c boxtel
A5013154306,https://orcid.org/0000-0002-4416-4379,Muhammad Fazal Hussain Qureshi,"['M. F. Hussain Qureshi', 'M. Qureshi', 'Maham Qureshi', 'Muhammad F.H. Qureshi', 'Muhammad Fazal Hussain Qureshi', 'Muhammad Fazal Qureshi', 'Muhammad Qureshi', 'Muhammad Zeeshan Qureshi', 'Muhmmad Fazal Hussain Qureshi', 'Qureshi, Muhammad Fazal Hussain']",49,722,7,17,muhammad fazal hussain,qureshi,q,muhammad fazal hussain qureshi,A5013154306,m qureshi
A5077262128,,Vivian Jin,"['Jin, Vivian', 'Vivian Jin']",14,200,5,6,vivian,jin,j,vivian jin,A5077262128,v jin
A5110237721,,Nicholas Trân,"['NICHOLAS Q. TRAN', 'NICHOLAS TRAN', 'Nicholas Q. Tran', 'Nicholas Q. Trân', 'Nicholas Tran', 'Nicholas Trân', 'Tran, Nicholas Q.']",68,581,10,14,nicholas,trân,t,nicholas trân,A5110237721,n trân
A5005163511,,Mahdieh Malekian,"['Mahdieh Malekian', 'Malekian, Mahdieh']",8,2,1,1,mahdieh,malekian,m,mahdieh malekian,A5005163511,m malekian
A5001082639,,Luna K.C.,"['K C Luna', 'K.C. Luna', 'Luna K C', 'Luna K. C.', 'Luna K.C.', 'Luna K\xa0C']",18,215,8,6,luna,k.c.,k,luna k.c.,A5001082639,l k.c.
A5110663526,,Rick Parent,"['Parent, Rick', 'R PARENT', 'R Parent', 'Rick Parent']",116,1008,9,6,rick,parent,p,rick parent,A5110663526,r parent
A5046073812,,Nienke E. van Houten,"['Nienke E. Van Houten', 'Nienke E. van Houten', 'Nienke Elizabeth van Houten', 'Nienke van Houten']",11,507,9,2,nienke e. van,houten,h,nienke e. van houten,A5046073812,n houten
A5047165729,,Alice Airola,"['A. Airola', 'Airola, Alice', 'Alice Airola']",7,20,2,3,alice,airola,a,alice airola,A5047165729,a airola
A5043852771,https://orcid.org/0000-0003-1271-9576,Tuan‐Khoa Nguyen,"['Khoa Tuan Nguyen', 'Khoa-Nguyen Tuan', 'T. Nguyen', 'T.-K. Nguyen', 'Tuan Khoa Nguyen', 'Tuan-Khoa Nguyen', 'Tuan‐Khoa Nguyen']",126,2668,30,13,tuan‐khoa,nguyen,n,tuan‐khoa nguyen,A5043852771,t nguyen
A5054096712,https://orcid.org/0000-0002-4108-2650,Nicole Jackson,"['Jackson, N (15484550)', 'Jackson, Nicole', 'Jackson, Nicole D.', 'Jackson, Nicole; Gunda, Thushara', 'Jackson, Nicole; Gunda, Thushara; Staid, Andrea; Gilletly, Samuel', 'N. Jackson', 'NICOLE J . JACKSON', 'NICOLE J. JACKSON', 'Nicole D Jackson', 'Nicole D. Jackson', 'Nicole J Jackson', 'Nicole J. Jackson', 'Nicole Jackson']",115,1118,13,21,nicole,jackson,j,nicole jackson,A5054096712,n jackson
A5100732229,https://orcid.org/0000-0002-6828-0657,Michelle Lu,"['Michelle Lu', 'Michelle M. Lu']",41,403,10,35,michelle,lu,l,michelle lu,A5100732229,m lu
A5075295171,https://orcid.org/0000-0001-9719-7513,Alireza Karduni,"['A. Karduni', 'Alireza Karduni', 'Karduni, Alireza']",70,617,14,7,alireza,karduni,k,alireza karduni,A5075295171,a karduni
A5044794606,https://orcid.org/0000-0002-7761-3708,Julia N. Lukacs,"['J Lukács', 'Julia Lukacs', 'Julia N. Lukacs', 'Julia Nora Lukacs', 'Lukacs, Julia N.']",10,51,4,5,julia n.,lukacs,l,julia n. lukacs,A5044794606,j lukacs
A5004356912,https://orcid.org/0000-0001-7090-0467,Connor McGookin,"['Connor McGookin', 'McGookin, Connor']",39,338,8,5,connor,mcgookin,m,connor mcgookin,A5004356912,c mcgookin
A5038776364,https://orcid.org/0000-0001-9372-9754,Zachary R. Nunn,"['Nunn, Zachary Raymond', 'Zachary Nunn', 'Zachary R. Nunn']",6,155,3,1,zachary r.,nunn,n,zachary r. nunn,A5038776364,z nunn
A5069666333,,David McVea,"['David A. McVea', 'David McVea']",26,321,5,3,david,mcvea,m,david mcvea,A5069666333,d mcvea
A5053442069,https://orcid.org/0000-0001-5503-867X,Zeerak Talat,"['Talat, Zeerak', 'Zeerak Talat']",73,821,11,39,zeerak,talat,t,zeerak talat,A5053442069,z talat
A5041065053,https://orcid.org/0000-0003-3370-3565,Shuhan Jiang,"['S Jiang', 'S. Y. N. Jiang', 'Shu-Han Jiang', 'Shuhan Jiang']",63,904,17,26,shuhan,jiang,j,shuhan jiang,A5041065053,s jiang
A5038027789,https://orcid.org/0009-0005-6595-2242,Aditya Prasanna,"['A Laxmi Prasanna', 'Aditya D Venkatesh Prasanna', 'Aditya Prasanna']",7,5,1,5,aditya,prasanna,p,aditya prasanna,A5038027789,a prasanna
A5014586329,https://orcid.org/0000-0003-4376-3350,Abigail H. Feresten,"['Abigail Feresten', 'Abigail H Feresten', 'Abigail H. Feresten', 'Feresten, Abigail Helms', 'Feresten,, Abigail']",7,122,3,2,abigail h.,feresten,f,abigail h. feresten,A5014586329,a feresten
A5008289857,https://orcid.org/0000-0002-8012-2213,Fatemeh Salehian Kia,['Fatemeh Salehian Kia'],10,130,6,4,fatemeh salehian,kia,k,fatemeh salehian kia,A5008289857,f kia
A5056905026,,Tom Walker,"['T. T. Walker', 'T. Walker', 'TOM WALKER', 'Tom Walker']",10,145,4,2,tom,walker,w,tom walker,A5056905026,t walker
A5067159163,https://orcid.org/0000-0003-2781-8374,Jiayue Chen,"['Jia-Yue Chen', 'Jia-yue Chen', 'Jiayue Chen', 'Jiayue Chen,']",81,957,20,32,jiayue,chen,c,jiayue chen,A5067159163,j chen
A5042531749,,Megan Wong,"['M WONG', 'M. Wong', 'Megan Wong', 'Wong, Megan Barbara']",7,30,3,1,megan,wong,w,megan wong,A5042531749,m wong
A5100365746,https://orcid.org/0000-0002-9855-003X,Ke Zhang,"['Ke Zhang', 'Zhang, Ke']",14,575,8,6,ke,zhang,z,ke zhang,A5100365746,k zhang
A5087519323,https://orcid.org/0000-0002-9008-2163,Stephanie Harvard,"['Harvard, Stephanie', 'S. Harvard', 'STEPHANIE S. HARVARD', 'Stephanie Harvard', 'Stephanie S Harvard', 'Stephanie S. Harvard']",59,563,13,25,stephanie,harvard,h,stephanie harvard,A5087519323,s harvard
A5069552167,,Stephanie Cooper,"['S Cooper', 'S. COOPER', 'S. Cooper', 'STEPHANIE L. COOPER', 'Stephanie Cooper', 'Stephanie L Cooper', 'Stephanie L. Cooper']",65,1554,17,27,stephanie,cooper,c,stephanie cooper,A5069552167,s cooper
A5071665398,,Monakshi Sawhney,"['M. Sawhney', 'M.P.S. Sawhney', 'Monakshi (Mona) Sawhney', 'Monakshi Sawhney']",21,137,7,9,monakshi,sawhney,s,monakshi sawhney,A5071665398,m sawhney
A5010982402,,Jonathan R. Kesselman,"['JONATHAN KESSELMAN', 'JONATHAN R. KESSELMAN', 'Jonathan Kesselman', 'Jonathan R. Kesselman', 'Jonathan Rhys Kesselman', 'Kesselman, Jonathan R.']",63,781,12,3,jonathan r.,kesselman,k,jonathan r. kesselman,A5010982402,j kesselman
A5054013583,https://orcid.org/0000-0003-0566-1783,Jimmy A. Young,"['J. A. Young', 'J. Young', 'James A. Young', 'James Young', 'Jimmy A Young', 'Jimmy A. Young', 'Jimmy Young', 'Young, James']",58,1180,13,10,jimmy a.,young,y,jimmy a. young,A5054013583,j young
A5109115158,,John D. Jones,"['J D Jones', 'J JONES', 'J Jones', 'J. D. Jones', 'J. Jones', 'J.D. Jones', 'JOHN DEWEY JONES', 'JOHN JONES', 'John D Jones', 'John D. Jones', 'John Dewey Jones', 'John Jones', 'John\xa0Dewey Jones', 'Jones, John']",115,1519,19,24,john d.,jones,j,john d. jones,A5109115158,j jones
A5081292856,https://orcid.org/0000-0002-0098-8341,Danielle Smith,"['D. Alden Smith', 'Danielle A. Smith', 'Danielle Smith', 'Smith, D. M.']",27,442,9,13,danielle,smith,s,danielle smith,A5081292856,d smith
A5104301765,,Kevin Joseph,"['Joseph, Kevin', 'Kevin Joseph']",7,46,3,6,kevin,joseph,j,kevin joseph,A5104301765,k joseph
A5088032409,https://orcid.org/0000-0003-4326-2783,Sujane Kandasamy,"['Kandasamy, Sujane', 'S. Kandasamy', 'Sujane Kandasamy']",97,936,16,24,sujane,kandasamy,k,sujane kandasamy,A5088032409,s kandasamy
A5100726378,https://orcid.org/0000-0003-4362-326X,Joey Huang,"['Huang, Joey', 'Joey Huang']",35,413,9,7,joey,huang,h,joey huang,A5100726378,j huang
A5101753148,https://orcid.org/0000-0001-7660-9523,Ankit Gupta,"['A GUPTA', 'A Gupta', 'A. Gupta', 'Ankit Gupta', 'Gupta, Ankit']",26,157,7,6,ankit,gupta,g,ankit gupta,A5101753148,a gupta
A5027913926,https://orcid.org/0000-0003-1885-8817,Gaeun Lee,"['Gaeun Lee', 'Himchan Jeong', 'Hongjun Ha']",7,13,2,5,gaeun,lee,l,gaeun lee,A5027913926,g lee
A5070606710,https://orcid.org/0000-0003-0480-7816,Xue Bin Peng,"['Peng XUE', 'Peng Xue', 'Peng, Xue', 'Peng, Xue Bin', 'Xue Bin Peng', 'Xue Peng']",55,3631,24,10,xue bin,peng,p,xue bin peng,A5070606710,x peng
A5077973621,https://orcid.org/0000-0001-5103-1307,Nadine Attewell,"['Attewell, Nadine', 'Nadine Attewell']",32,72,5,4,nadine,attewell,a,nadine attewell,A5077973621,n attewell
A5103091031,https://orcid.org/0000-0002-4535-7199,Laura Wang,['Laura Wang'],27,941,8,15,laura,wang,w,laura wang,A5103091031,l wang
A5058996841,https://orcid.org/0000-0002-8980-9062,Maarten Brinkerink,"['Brinkerink, M. (Maarten)', 'Brinkerink, Maarten', 'Maarten Brinkerink', 'Maarten\u202fBrinkerink']",537,948,13,13,maarten,brinkerink,b,maarten brinkerink,A5058996841,m brinkerink
A5002323493,https://orcid.org/0000-0002-2457-1559,Plaban Jyoti Sarma,"['P.J. Sarma', 'Plaban J. Sarma', 'Plaban Jyoti Sarma', 'Sarma, Plaban J.', 'Sarma, Plaban Jyoti']",42,241,10,5,plaban jyoti,sarma,s,plaban jyoti sarma,A5002323493,p sarma
A5100365355,https://orcid.org/0000-0002-1708-3573,Jiaqi Wang,"['Jia-Qi Wang', 'JiaQi Wang', 'Jiaqi Wang', 'Wang Jiaqi', 'Wang, Jiaqi', 'Yang Yang']",99,1954,14,48,jiaqi,wang,w,jiaqi wang,A5100365355,j wang
A5052354413,https://orcid.org/0000-0001-9720-332X,Adam Hawkes,"['A D Hawkes', 'A HAWKES', 'A Hawkes', 'A. D. Hawkes', 'A. Hawkes', 'A.D. Hawkes', 'Adam D. Hawkes', 'Adam Hawkes', 'F David', 'Hawkes, Adam', 'Hawkes, Adam D.']",295,15881,56,17,adam,hawkes,h,adam hawkes,A5052354413,a hawkes
A5093635274,https://orcid.org/0000-0003-2831-766X,Jason Pulfer,"['Jason M. Pulfer', 'Jason Pulfer', 'Pulfer, Jason', 'Pulfer, Jason M.']",12,38,4,4,jason,pulfer,p,jason pulfer,A5093635274,j pulfer
A5100348024,https://orcid.org/0000-0001-7065-8041,Jonathan Lee,"['J. W. J. Lee', 'JONATHAN LEE', 'Jonathan D. Lee', 'Jonathan Lee', 'Jonathan W J Lee', 'Jonathan W. J. Lee', 'Jonathan W. lee', 'Jonathan W.J. Lee', 'Jonathan Wei Jie Lee', 'Jonathan Wei-Jie Lee', 'Lee, J,; Toohey, S,', 'Lee, Jonathan', 'Lee, Jonathan W. J.', 'Lee, Jonathan Wei Jie', 'Wei J J Lee', 'Wei Jie Jonathan Lee']",175,4147,32,68,jonathan,lee,l,jonathan lee,A5100348024,j lee
A5018834126,https://orcid.org/0000-0002-7638-7446,Siniša Kolarić,"['S. Kolarić', 'SINISA KOLARIC', 'Sinisa Kolaric', 'Siniša Kolarić']",12,44,5,2,siniša,kolarić,k,siniša kolarić,A5018834126,s kolarić
A5071323481,,Caio Vinicios Juvencio da Silva,"['Caio Vinicios Juvencio Silva', 'Caio Vinicios Juvencio da Silva']",6,1,1,2,caio vinicios juvencio da,silva,s,caio vinicios juvencio da silva,A5071323481,c silva
A5035861091,https://orcid.org/0000-0003-4454-8441,Paul A. Milewski,"['Milewski, P. A.', 'Milewski, Paul', 'Milewski, Paul A', 'Milewski, Paul A.', 'Milewski, Paul A. 1966-', 'P. A. Milewski', 'P. MILEWSKI', 'P. Milewski', 'P.A. Milewski', 'P.\xa0A. Milewski', 'PAUL A. MILEWSKI', 'Paul A. Milewski', 'Paul Milewski', 'Paul\xa0A. Milewski']",122,2204,29,12,paul a.,milewski,m,paul a. milewski,A5035861091,p milewski
A5074919292,https://orcid.org/0000-0003-1203-741X,Pedram Ghamisi,"['Ghamisi, Pedram', 'P. Ghamisi', 'Pedram Ghamisi']",427,25250,76,36,pedram,ghamisi,g,pedram ghamisi,A5074919292,p ghamisi
A5019189705,https://orcid.org/0000-0003-2432-5451,Christopher McMaster,"['C. McMaster', 'C. Mcmaster', 'Chris McMaster', 'Christopher McMaster', 'Christopher Mcmaster', 'Christopher R McMaster', 'Christopher R. McMaster']",45,495,10,16,christopher,mcmaster,m,christopher mcmaster,A5019189705,c mcmaster
A5018611570,,Faezeh Borzooee,"['Borzooee, Faezeh', 'Faezeh Borzooee']",21,137,7,4,faezeh,borzooee,b,faezeh borzooee,A5018611570,f borzooee
A5077387751,https://orcid.org/0000-0001-5778-1686,Brett C. Hannigan,"['Brett C. Hannigan', 'Brett Hannigan', 'Hannigan, Brett Christopher']",16,425,8,5,brett c.,hannigan,h,brett c. hannigan,A5077387751,b hannigan
A5008341072,https://orcid.org/0000-0002-8349-2682,Chenrui Wu,"['Chenrui Wu', 'Wu, Chenrui']",10,124,6,4,chenrui,wu,w,chenrui wu,A5008341072,c wu
A5050245748,https://orcid.org/0000-0002-9587-8419,Jiabin Shen,['Jiabin Shen'],17,241,8,3,jiabin,shen,s,jiabin shen,A5050245748,j shen
A5066880338,https://orcid.org/0000-0002-2612-2132,Lisa Matthias,"['Lisa Matthias', 'Matthias, Lisa', 'Maud Devs']",74,2581,18,10,lisa,matthias,m,lisa matthias,A5066880338,l matthias
A5046401584,https://orcid.org/0000-0001-5702-372X,Jesse T Young,"['J T Young', 'J Young', 'J. T. Young', 'J. Young', 'J.T. Young', 'Jesse  T. Young', 'Jesse T Young', 'Jesse T. Young', 'Jesse T. Young,', 'Jesse Tyler Young', 'Jesse Young', 'Lars Møller', 'Young, J.T.']",153,2866,27,37,jesse t,young,y,jesse t young,A5046401584,j young
A5052917385,,Joshua C. Gordon,"['Joshua C Gordon', 'Joshua C. Gordon', 'Joshua Gordon']",13,195,8,3,joshua c.,gordon,g,joshua c. gordon,A5052917385,j gordon
A5002996404,https://orcid.org/0000-0002-8015-3861,Jessica Xavier,"['Jessica C Xavier', 'Jessica C. Xavier', 'Jessica Xavier']",25,291,10,6,jessica,xavier,x,jessica xavier,A5002996404,j xavier
A5025362921,https://orcid.org/0000-0003-4059-4416,David A. Evans,"['D A Evans', 'D Evans', 'D. A. EVANS', 'D. A. Evans', 'D. EVANS', 'D. Evans', 'D.A. Evans', 'D.\u2009A. Evans', 'DAVID A. EVANS', 'David A Evans', 'David A. Evans', 'David Andreoff Evans', 'David Evans', 'Evans D', 'Evans David', 'Evans, David A.', 'Evans, David A.(David Andreoff)']",260,19756,44,50,david a.,evans,e,david a. evans,A5025362921,d evans
A5016481918,https://orcid.org/0000-0002-9629-3965,Katherine E. Powers,"['K. Powers', 'K.E. Powers', 'Katherine E. Powers', 'Katherine Powers', 'Powers, Katherine', 'Powers, Katherine Elizabeth']",33,561,11,9,katherine e.,powers,p,katherine e. powers,A5016481918,k powers
A5101525448,https://orcid.org/0000-0002-4128-4172,Xiaofeng Lu,"['Lu Xiaofeng', 'X. J. Lu', 'X. Lu', 'Xiao-Feng Lu', 'Xiao-feng LU', 'Xiao-feng Lu', 'Xiaofeng LU', 'Xiaofeng Lu']",79,721,17,17,xiaofeng,lu,l,xiaofeng lu,A5101525448,x lu
A5002474306,https://orcid.org/0000-0003-1024-9101,Akhil Raj Baranwal,"['Akhil Raj Baranwal', 'Baranwal, Akhil Raj']",9,26,4,4,akhil raj,baranwal,b,akhil raj baranwal,A5002474306,a baranwal
A5084439785,https://orcid.org/0000-0002-0804-6252,Amy Wiebe,"['Amy Wiebe', 'Wiebe, Amy']",28,74,5,6,amy,wiebe,w,amy wiebe,A5084439785,a wiebe
A5083651358,https://orcid.org/0000-0002-7753-2828,Ahmed M. Bayoumi,"['A Bayoumi', 'A M Bayoumi', 'A. Bayoumi', 'A. M. Bayoumi', 'A.M. Bayoumi', 'Ahmed  M. Bayoumi', 'Ahmed Bayoumi', 'Ahmed M Bayoumi', 'Ahmed M. Bayoumi', 'Ahmed Mohamed Bayoumi', 'Barber-Surgeons Company', 'Bayoumi, Ahmed', 'Bayoumi, Ahmed MD', 'Mitchel Levine']",343,10974,49,95,ahmed m.,bayoumi,b,ahmed m. bayoumi,A5083651358,a bayoumi
A5030911288,https://orcid.org/0009-0001-3571-624X,Priscilla Lo,"['Lo, Priscilla', 'Lo, Priscilla Y', 'P Lo', 'Priscilla Lo', 'Priscilla Y. Lo']",19,117,6,8,priscilla,lo,l,priscilla lo,A5030911288,p lo
A5019170329,https://orcid.org/0000-0002-6763-9234,Deniz Anginer,"['Anginer, Deniz', 'Deniz Anginer']",95,3185,22,12,deniz,anginer,a,deniz anginer,A5019170329,d anginer
A5026451242,https://orcid.org/0000-0003-2722-0161,Fenqi Wang,"['Fenqi Wang', 'Wang Fenqi', 'Wang, Fenqi']",46,117,5,11,fenqi,wang,w,fenqi wang,A5026451242,f wang
A5048373391,https://orcid.org/0000-0002-1796-4776,Rajveer Singh Brar,"['Rajveer S. Brar', 'Rajveer Singh Brar']",13,111,6,5,rajveer singh,brar,b,rajveer singh brar,A5048373391,r brar
A5100531728,,Feng Cai,"['Cai Feng', 'Cai, Feng', 'Feng Cai']",116,270,8,51,feng,cai,c,feng cai,A5100531728,f cai
A5010505758,https://orcid.org/0000-0002-3236-4250,Leah Kelley,"['L.T. Kelley', 'Leah Kelley', 'Leah T. Kelley', 'Leah Taylor Kelley']",17,570,9,5,leah,kelley,k,leah kelley,A5010505758,l kelley
A5110813482,,Hamideh Sharifi Noghabi,"['H. Sharifi Noghabi', 'Hamideh Sharifi Noghabi']",12,31,4,2,hamideh sharifi,noghabi,n,hamideh sharifi noghabi,A5110813482,h noghabi
A5113805705,,Eva Dvořáková,"['Dvořáková, Eva', 'E Dvorakova', 'E Dvoráková', 'E Dvořáková', 'E. DVORAKOVA', 'E. Dvoráková', 'E. Dvořáková', 'Eva Dvorakova', 'Eva Dvořáková']",85,2044,11,14,eva,dvořáková,d,eva dvořáková,A5113805705,e dvořáková
A5077347315,https://orcid.org/0000-0001-8977-7016,Vahid Hosseini,"['V Hosseini', 'V. Hosseini', 'V. Naeemie Hosseini', 'Vahid Hosseini', 'vahid hosseini']",90,2436,29,5,vahid,hosseini,h,vahid hosseini,A5077347315,v hosseini
A5086063610,https://orcid.org/0000-0002-1207-941X,J. F. Wu,"['G. Wilkinson', 'J. F. Wu', 'J.\u2009F. Wu', 'Jiajie Wu', 'Jian’an Wu', 'Jieke Wu', 'Jinhan Wu', 'Junyan Wu', 'Juping Wu', 'L.\u2009H. Wu', 'M. Wolke', 'Wu, J. F.', 'Wu, Jiajie', 'Wu, L. H.']",103,320,10,30,j. f.,wu,w,j. f. wu,A5086063610,j wu
A5005219831,https://orcid.org/0000-0002-3295-7232,Andrew E. Beaudin,"['A. Beaudin', 'A.E. Beaudin', 'Andrew Beaudin', 'Andrew E Beaudin', 'Andrew E. Beaudin']",85,1796,21,16,andrew e.,beaudin,b,andrew e. beaudin,A5005219831,a beaudin
A5012122578,https://orcid.org/0000-0001-5258-1351,Jennifer Godwin,"['J. Godwin', 'Jennifer Godwin', 'Jennifer W. Godwin']",52,3784,22,3,jennifer,godwin,g,jennifer godwin,A5012122578,j godwin
A5100729744,https://orcid.org/0000-0001-7336-1956,Yilin Liu,"['Liu Yilin', 'Liu, Yilin', 'Yilin Liu']",52,356,11,30,yilin,liu,l,yilin liu,A5100729744,y liu
A5082693605,https://orcid.org/0000-0002-5261-1204,Zarah Monfaredi,"['Monfaredi, Zarah', 'Zarah Monfaredi']",14,477,8,5,zarah,monfaredi,m,zarah monfaredi,A5082693605,z monfaredi
A5078849606,https://orcid.org/0000-0002-8011-2576,Tarah Hodgkinson,"['Hodgkinson, Tarah', 'T Hodgkinson', 'Tarah Hodgkinson', 'Tarah K. Hodgkinson', 'Tarah Kathleine Hodgkinson']",65,804,15,6,tarah,hodgkinson,h,tarah hodgkinson,A5078849606,t hodgkinson
A5110970896,,Lisa Jung,"['LISA JUNG', 'Lisa Jung']",6,11,2,4,lisa,jung,j,lisa jung,A5110970896,l jung
A5067152843,https://orcid.org/0000-0001-5978-6843,Mark Gilbert,"['Dr. Mark Gilbert', 'Gilbert M.', 'Gilbert, Mark', 'M GILBERT', 'M Gilbert', 'M. Gilbert', 'Mark  Gilbert', 'Mark Gilbert']",323,5844,43,50,mark,gilbert,g,mark gilbert,A5067152843,m gilbert
A5034097537,https://orcid.org/0000-0002-0032-7295,Gwen Bird,"['Bird, Gwen', 'G Bird', 'Gwen Bird']",16,40,3,2,gwen,bird,b,gwen bird,A5034097537,g bird
A5052209678,https://orcid.org/0000-0002-2113-8311,Sean M. Naman,"['Naman, Sean', 'Naman, Sean M.', 'Naman, Sean Murphy', 'S Naman', 'S. M. Naman', 'Sean M Naman', 'Sean M. Naman', 'Sean Naman']",54,747,15,9,sean m.,naman,n,sean m. naman,A5052209678,s naman
A5085491729,https://orcid.org/0000-0002-9176-8300,Ali Rıza Güngen,"['Ali Riza Gungen', 'Ali Riza Güngen', 'Ali Rıza Güngen', 'Ali\xa0Rıza Güngen', 'Güngen, Ali, Rıza']",37,227,7,5,ali rıza,güngen,g,ali rıza güngen,A5085491729,a güngen
A5066308687,https://orcid.org/0000-0002-5987-8112,J. Edward Taylor,"['J Edward Taylor', 'J Taylor', 'J. E. Taylor', 'J. EDWARD TAYLOR', 'J. Edward Taylor', 'J. Taylor', 'J.Edward Taylor', 'J.\xa0Edward Taylor', 'Joseph E Taylor', 'Joseph E. Taylor', 'Joseph E. Taylor III', 'Joseph E. Taylor Iii', 'Joseph E. Taylor,', 'Joseph E. Taylor, III', 'Joseph E. “Jay” Taylor', 'Joseph Taylor', 'Taylor, J. Edward', 'Taylor, Joseph E.']",270,18109,49,27,j. edward,taylor,t,j. edward taylor,A5066308687,j taylor
A5082102604,https://orcid.org/0000-0001-7874-9132,Peter White,"['Peter White', 'White, P', 'White, Peter']",20,155,3,48,peter,white,w,peter white,A5082102604,p white
A5103521618,,M. Henderson Brown,"['M Henderson Brown', 'M. H. Brown', 'M. HENDERSON BROWN', 'M. Henderson Brown', 'M.Henderson Brown', 'Malcolm Brown']",16,292,8,4,m. henderson,brown,b,m. henderson brown,A5103521618,m brown
A5006221782,https://orcid.org/0000-0002-1529-9928,George E. Allen,"['Allen, George', 'Allen, George E', 'Allen, George E.', 'Allen, George E. (author)', 'G Allen', 'G E Allen', 'G. ALLEN', 'G. Allen', 'G. E. Allen', 'G.E. Allen', 'George Allen', 'George E Allen', 'George E. Allen', 'George Edward Allen', 'George Edward. [from old catalog] Allen', 'George\xa0E. Allen', 'George\xa0Edward Allen']",129,5731,32,31,george e.,allen,a,george e. allen,A5006221782,g allen
A5062325898,https://orcid.org/0000-0001-7669-5839,Evan Quon,['Evan Quon'],9,264,4,3,evan,quon,q,evan quon,A5062325898,e quon
A5037894787,https://orcid.org/0000-0002-7812-2863,M. Kathleen Pichora‐Fuller,"['Kathleen Pichora-Fuller', 'Kathy Pichora-Fuller', 'M K Pichora-Fuller', 'M Kathleen Pichora-Fuller', 'M Kathleen Pichora‐Fuller', 'M. K. Pichora-Fuller', 'M. KATHLEEN PICHORA‐FULLER', 'M. Kathleen Pichora-Fuller', 'M. Kathleen Pichora-fuller', 'M. Kathleen Pichora‐Fuller', 'M. Kathleen\xa0Pichora-Fuller', 'M. Kathy Pichora-Fuller', 'M. Pichora-Fuller', 'M.K. Pichora-Fuller', 'M.Kathleen Pichora-Fuller', 'Margaret K. Pichora-Fuller', 'Margaret Kathleen Pichora-Fuller', 'Margaret Kathleen Pichora-fuller', 'Margaret Kathleen Pichora‐Fuller', 'Margaret Pichora-Fuller', 'Pichora-Fuller, M. Kathleen', 'Pichora-Fuller, Margaret Kathleen']",302,12724,53,34,m. kathleen,pichora‐fuller,p,m. kathleen pichora‐fuller,A5037894787,m pichora‐fuller
A5018971642,https://orcid.org/0000-0002-6585-4272,Jessica Wittmann,"['J Wittmann', 'J. Wittmann', 'Jessica C. Wittmann', 'Jessica Wittmann']",36,104,5,7,jessica,wittmann,w,jessica wittmann,A5018971642,j wittmann
A5020336727,https://orcid.org/0000-0003-1954-3470,Jessica Murphy,"['Brian Chin', 'J. Meredith Murphy', 'J. Murphy', 'Jessica Murphy', 'Murphy, J', 'Murphy, Jessica']",84,778,16,33,jessica,murphy,m,jessica murphy,A5020336727,j murphy
A5110179990,,Rick Routledge,"['RICK ROUTLEDGE', 'Rick D. Routledge', 'Rick Routledge']",19,293,7,2,rick,routledge,r,rick routledge,A5110179990,r routledge
A5102235402,,Cary Chi‐Liang Tsai,"['Cary Chi-Liang Tsai', 'Cary Chi-liang Tsai', 'Cary Chi‐Liang Tsai', 'Cary Chi‐liang Tsai']",44,678,15,3,cary chi‐liang,tsai,t,cary chi‐liang tsai,A5102235402,c tsai
A5068810069,https://orcid.org/0000-0002-3116-0889,Naydja Moralles Maimone,"['Maimone, Naydja Moralles', 'Naydja M. Maimone', 'Naydja Moralles Maimone', 'Naydja Morallles Maimone']",12,48,4,2,naydja moralles,maimone,m,naydja moralles maimone,A5068810069,n maimone
A5061043405,https://orcid.org/0000-0002-3449-6089,Peter Zuurbier,"['P. H. Zuurbier', 'P.H. Zuurbier', 'Pam H. Zuurbier', 'Peter Zuurbier', 'Zuurbier, Peter']",9,16,2,1,peter,zuurbier,z,peter zuurbier,A5061043405,p zuurbier
A5053163006,,Sheíla Delany,"['Delany, Sheila', 'S. Delany', 'S. R. Delany', 'SHEILA DELANY', 'Sheila Delany', 'Sheíla Delany']",99,516,12,1,sheíla,delany,d,sheíla delany,A5053163006,s delany
A5072247018,https://orcid.org/0000-0002-5059-2505,Kalvin Kwan,['Kalvin Kwan'],6,70,5,2,kalvin,kwan,k,kalvin kwan,A5072247018,k kwan
A5109174717,,Michael G. Kenny,"['Kenny, Michael G.', 'M. G. Kenny', 'MICHAEL G. KENNY', 'Michael G Kenny', 'Michael G. Kenny', 'Michael Kenny', 'Michael\xa0G. Kenny']",81,1085,17,8,michael g.,kenny,k,michael g. kenny,A5109174717,m kenny
A5044499951,https://orcid.org/0009-0007-4313-9984,Derek Cronmiller,"['Cronmiller, Derek', 'Derek C. Cronmiller', 'Derek Cronmiller']",19,6,2,4,derek,cronmiller,c,derek cronmiller,A5044499951,d cronmiller
A5018959173,,Svitlana Matviyenko,"['Matviyenko, Svitlana', 'Matviyenko, Svitlana 1976-', 'Svitlana Matviyenko']",20,56,5,6,svitlana,matviyenko,m,svitlana matviyenko,A5018959173,s matviyenko
A5103259118,https://orcid.org/0000-0002-5765-5628,Azadeh Jafari,"['A JAFARI', 'A. Jafari', 'A. R. Jafari', 'A.R. Jafari', 'Azadeh Jafari', 'Azadeh\xa0 Jafari', 'Jafari, A. R.']",65,1411,18,11,azadeh,jafari,j,azadeh jafari,A5103259118,a jafari
A5045982340,https://orcid.org/0000-0001-6835-5981,Dongxiao Yu,"['D.C. Yu', 'DONGXIAO YU', 'Daoming Yu', 'Dong-Xiao Yu', 'Dongxiao Yu', 'Yu, Dongxiao', 'Yuexuan Wang', 'yu, Dongxiao']",385,4549,35,21,dongxiao,yu,y,dongxiao yu,A5045982340,d yu
A5045894137,https://orcid.org/0000-0002-7146-8343,Kennedy Bolstad,"['Bolstad, Kennedy', 'Kennedy Bolstad']",12,28,3,4,kennedy,bolstad,b,kennedy bolstad,A5045894137,k bolstad
A5100331253,https://orcid.org/0000-0002-0794-5862,Nan Zhang,['Nan Zhang'],23,213,10,5,nan,zhang,z,nan zhang,A5100331253,n zhang
A5100310588,,Yuchen Han,"['Han, Yuchen', 'Yuchen Han']",13,95,4,7,yuchen,han,h,yuchen han,A5100310588,y han
A5069332430,https://orcid.org/0000-0001-5597-9840,Luke Warkentin,"['Luke Warkentin', 'Warkentin, Luke']",8,59,3,2,luke,warkentin,w,luke warkentin,A5069332430,l warkentin
A5071617170,,J. Cymerman Craig,"['J C Craig', 'J Craig', 'J. C. CRAIG', 'J. C. Craig', 'J. CYMERMAN CRAIG', 'J. Cymerman Craig', 'J. Cymerman. Craig', 'J.C Craig', 'J.Cymerman Craig', 'JOHN C. JUN. CRAIG', 'John C Craig', 'John C. Craig', 'John Craig', 'John Cymerman Craig', 'Maria Vienna']",429,7632,41,30,j. cymerman,craig,c,j. cymerman craig,A5071617170,j craig
A5039200178,https://orcid.org/0000-0003-1655-5249,Tian Chen,"['Chen Tian', 'Chen, Tian', 'Tian Chen', 'Tian, Chen', 'Zheng Zhang']",167,2027,22,43,tian,chen,c,tian chen,A5039200178,t chen
A5058962454,https://orcid.org/0000-0003-0573-8410,Kevin Halasz,"['Halasz, Kevin', 'Kevin Halasz']",16,21,2,4,kevin,halasz,h,kevin halasz,A5058962454,k halasz
A5068060581,https://orcid.org/0000-0002-5377-0952,Thushani De Silva,['Thushani De Silva'],16,429,10,2,thushani de,silva,s,thushani de silva,A5068060581,t silva
A5085419917,,Madhawa Vidanapathirana,"['Madhawa Vidanapathirana', 'Vidanapathirana, Madhawa']",8,8,2,2,madhawa,vidanapathirana,v,madhawa vidanapathirana,A5085419917,m vidanapathirana
A5084370669,https://orcid.org/0000-0002-6066-4883,Jenny Li,"['Jenny Li', 'Jenny S. Li', 'Li, Jenny']",28,160,7,15,jenny,li,l,jenny li,A5084370669,j li
A5085248515,https://orcid.org/0000-0002-7435-3752,Meng Sun,"['Jia Zhao', 'Meng SUN', 'Meng Sun', 'PSKDB PunyaSri', 'Sun, Meng', 'Y. Sun, M. Li & Q.Wang']",206,3987,23,64,meng,sun,s,meng sun,A5085248515,m sun
A5049187287,,M. Tiffany,"['M. Tiffany', 'Muo Tiffany']",7,61,4,2,m.,tiffany,t,m. tiffany,A5049187287,m tiffany
A5002771632,https://orcid.org/0009-0002-2650-8673,Judy Wu,"['Judy Wu', 'Wu, Judy']",12,1280,4,2,judy,wu,w,judy wu,A5002771632,j wu
A5007763655,,Tejas Phaterpekar,['Tejas Phaterpekar'],7,85,3,3,tejas,phaterpekar,p,tejas phaterpekar,A5007763655,t phaterpekar
A5064382575,,Jennifer Kusz,['Jennifer Kusz'],6,17,2,1,jennifer,kusz,k,jennifer kusz,A5064382575,j kusz
A5029887113,,Emmanuel Guy,"['E. Guy', 'E.E. Guy', 'Emmanuel Guy', 'Guy, Emmanuel', 'Guy, Emmanuel 1983-']",53,341,9,13,emmanuel,guy,g,emmanuel guy,A5029887113,e guy
A5101856310,https://orcid.org/0000-0001-7835-1618,Zhiqin Chen,"['Chen, Zhiqin', 'Zhiqin Chen']",73,2864,17,24,zhiqin,chen,c,zhiqin chen,A5101856310,z chen
A5025051800,https://orcid.org/0000-0003-0116-4149,Jacob L. Mey,"['Ferenc Kiefer', 'J L Mey', 'J MEY', 'J. L. Mey', 'J.L. Mey', 'JACOB L. MEY', 'JACOB MEY', 'JL Mey', 'Jacob L Mey', 'Jacob L. MEY', 'Jacob L. Mey', 'Jacob Mey', 'Mey IV, Jacob L.', 'Mey, Jacob', 'Mey, Jacob L.', 'Mey, Jacob L. 1926-']",271,5997,35,63,jacob l.,mey,m,jacob l. mey,A5025051800,j mey
A5101457649,https://orcid.org/0000-0002-2675-7891,Shereen Khan,"['Khan, Shereen', 'Shereen Khan']",9,196,3,3,shereen,khan,k,shereen khan,A5101457649,s khan
A5110828471,,Brooke A. Davis,"['Brooke A. Davis', 'Brooke Davis', 'Davis, Brooke']",11,237,5,7,brooke a.,davis,d,brooke a. davis,A5110828471,b davis
A5057856505,,John Brohman,"['J Brohman', 'John Brohman']",16,1290,7,1,john,brohman,b,john brohman,A5057856505,j brohman
A5112555263,https://orcid.org/0000-0001-7479-0787,Chan Hong-Mo,"['C Hong-Mo', 'C. Hong-Mo', 'CHAN HONG-MO', 'Chan Hong Mo', 'Chan Hong-Mo', 'Chan Hong-mo', 'H. Anthony Chan', 'HONG-MO CHAN', 'Hong-Mo Chan', 'Hong-Mo, Chan', 'Hong-mo Chan']",130,2499,25,17,chan,hong-mo,h,chan hong-mo,A5112555263,c hong-mo
A5027547764,https://orcid.org/0000-0002-1682-7702,Ly Vu,"['L Vu', 'L. Vu', 'Ly P Vu', 'Ly P. Vu', 'Ly Phuong Vu', 'Ly Vu', 'Ly\xa0P. Vu', 'Vu, Ly']",87,3295,22,16,ly,vu,v,ly vu,A5027547764,l vu
A5017665873,https://orcid.org/0000-0003-1584-9309,Jaffar M. Bhat,"['Bhat, jaffar', 'Jaffar Bhat', 'Jaffar M Bhat', 'Jaffar M. Bhat']",12,323,5,5,jaffar m.,bhat,b,jaffar m. bhat,A5017665873,j bhat
A5100339966,https://orcid.org/0009-0007-7633-0486,Bing Lu,"['B Lu', 'Bangjing Lu', 'Bing Lu', 'Lu Bing', 'Lu, Bangjing', 'Lu, Bing']",46,162,6,17,bing,lu,l,bing lu,A5100339966,b lu
A5002006848,,Amir Doroudian,['Amir Doroudian'],8,30,3,1,amir,doroudian,d,amir doroudian,A5002006848,a doroudian
A5044053312,,R. W. Lardner,"['Lardner, Robin', 'R. Lardner', 'R. W. LARDNER', 'R. W. Lardner', 'R.W Lardner', 'R.W. Lardner', 'Robin Lardner', 'Robin W. Lardner']",143,2752,27,15,r. w.,lardner,l,r. w. lardner,A5044053312,r lardner
A5018570492,https://orcid.org/0000-0002-9461-2520,Julie Jesson,"['J Jesson', 'J K Jesson', 'J. Jesson', 'Jesson, J.', 'Jesson, J.K.', 'Jesson, Jill', 'Jesson, Jill K.', 'Jesson, Julie', 'Jill Jesson', 'Julie Jesson']",95,622,14,22,julie,jesson,j,julie jesson,A5018570492,j jesson
A5068563983,https://orcid.org/0000-0003-2758-4459,Saeid Kamal,"['KAMAL, S', 'Kamal, S.', 'Kamal, Saeid', 'S Kamal', 'S. Kamal', 'Saeid Kamal', 'Saeid Kamal (7407143)']",133,3474,28,5,saeid,kamal,k,saeid kamal,A5068563983,s kamal
A5049031148,https://orcid.org/0000-0002-8132-225X,Ruth Breeze,"['Breeze, R. (Ruth)', 'Breeze, Ruth', 'R. Breeze', 'RUTH BREEZE', 'Ruth Breeze', 'Sancho Guinda, Carmen']",219,1955,20,59,ruth,breeze,b,ruth breeze,A5049031148,r breeze
A5101433957,,Avneet Kaur,"['A. Kaur', 'Avneet Kaur', 'Avneet kaur', 'Jasvinder Kaur1, A.P.Singh2']",37,217,6,30,avneet,kaur,k,avneet kaur,A5101433957,a kaur
A5001865213,https://orcid.org/0000-0001-8001-2332,Ziva D. Cooper,"['Cristiano', 'Z. D. Cooper', 'Z.D. Cooper', 'Ziva Cooper', 'Ziva D Cooper', 'Ziva D. Cooper']",166,4388,37,35,ziva d.,cooper,c,ziva d. cooper,A5001865213,z cooper
A5076320055,https://orcid.org/0000-0002-5400-0992,Alexander Howlett,"['A. Howlett', 'ALEXANDER HOWLETT', 'Alex Howlett', 'Alexander Howlett', 'Howlett, Alexander']",66,100,4,7,alexander,howlett,h,alexander howlett,A5076320055,a howlett
A5065636123,,Gwilym D. Haynes,"['G. D. Haynes', 'G. Haynes', 'GWILYM HAYNES', 'Gwilym D Haynes', 'Gwilym D. Haynes', 'Gwilym Haynes']",16,428,10,8,gwilym d.,haynes,h,gwilym d. haynes,A5065636123,g haynes
A5089546758,https://orcid.org/0000-0001-8967-6215,Arianne Boileau,['Arianne Boileau'],17,161,4,2,arianne,boileau,b,arianne boileau,A5089546758,a boileau
A5100625283,https://orcid.org/0000-0003-1951-8320,Jessica Li,"['Jessica Li', 'Li, Jessica']",34,1850,16,28,jessica,li,l,jessica li,A5100625283,j li
A5090751233,,Nancy Olewiler,"['Nancy D. Olewiler', 'Nancy Olewiler', 'Olewiler, Nancy D.']",42,1530,14,2,nancy,olewiler,o,nancy olewiler,A5090751233,n olewiler
A5025010696,https://orcid.org/0000-0001-7734-6497,Zainab Khan,"['Dr. Zainab Khan', 'Zainab Khan']",23,193,6,15,zainab,khan,k,zainab khan,A5025010696,z khan
A5103127637,https://orcid.org/0000-0002-6522-6997,Richard Smith,"['R K Smith', 'R Smith', 'R. K. Smith', 'R. Smith', 'R.K. Smith', 'RICHARD SMITH', 'Richard K. Smith', 'Richard Smith', 'Smith, Richard', 'Smith, Richard K.', 'T. Todd Smith']",137,1152,12,36,richard,smith,s,richard smith,A5103127637,r smith
A5005603225,https://orcid.org/0000-0001-7337-5346,De‐Yun Ma,"['D. MA', 'D. Ma', 'Da Ma', 'De-Yun Ma', 'De-Yun, M.', 'Deyun Ma', 'De‐Yun Ma', 'Ma, De-Yun', 'Ma, Deyun']",158,2855,26,19,de‐yun,ma,m,de‐yun ma,A5005603225,d ma
A5119271664,https://orcid.org/0000-0002-3479-2865,Kate Shuttleworth,"['K E D Shuttleworth', 'K E SHUTTLEWORTH', 'K E Shuttleworth', 'K. E. D. SHUTTLEWORTH', 'K. E. D. Shuttleworth', 'K. E. Shuttleworth', 'K.E.D. Shuttleworth', 'Kate Shuttleworth', 'Shuttleworth, Kate']",50,1284,18,20,kate,shuttleworth,s,kate shuttleworth,A5119271664,k shuttleworth
A5067792222,https://orcid.org/0000-0002-2901-0558,Ofir Harari,"['Harari, Ofir', 'O Harari', 'O. Harari', 'O. Shaoul Harari', 'Ofir Harari']",72,2131,18,16,ofir,harari,h,ofir harari,A5067792222,o harari
A5038238040,https://orcid.org/0000-0002-3703-4656,Michael Joyce,"['Joyce, Michael', 'M Joyce', 'M. Joyce', 'Michael J. Joyce', 'Michael Joyce', 'michael joyce']",38,363,7,14,michael,joyce,j,michael joyce,A5038238040,m joyce
A5058604248,https://orcid.org/0000-0003-0614-9386,Dan Werb,"['D. Werb', 'DAN WERB', 'Dan Werb', 'Daniel Werb', 'Werb D', 'Werb, D.', 'Werb, Dan']",158,4074,31,27,dan,werb,w,dan werb,A5058604248,d werb
A5052714134,,Mahsoo Salimi,['Mahsoo Salimi'],12,32,3,5,mahsoo,salimi,s,mahsoo salimi,A5052714134,m salimi
A5072068212,https://orcid.org/0000-0002-4536-0814,Ensiyeh Jenabi,"['E. Jenabi', 'Encieh Jenabi', 'Ensiyeh JENABI', 'Ensiyeh JENABİ', 'Ensiyeh Jenabi', 'Ensiyeh Jenabi III', 'Ensiyeh Jenabi³', 'Ensiyeh jenabi', 'Jenabi Ensiyeh', 'Jenabi, Ensiyeh', 'ensiyeh jenabi']",275,41106,39,13,ensiyeh,jenabi,j,ensiyeh jenabi,A5072068212,e jenabi
A5066563641,,Hongyan Wan,['Hongyan Wan'],19,434,11,9,hongyan,wan,w,hongyan wan,A5066563641,h wan
A5047974019,https://orcid.org/0000-0002-1569-1647,Dalip Singh Mehta,"['D S Mehta', 'D. Mehta', 'D. S. Mehta', 'D.S. Mehta', 'Dalip Mehta', 'Dalip S. Mehta', 'Dalip S. Singh Mehta', 'Dalip Singh Mehta', 'Dalip Singh Mehta (3958829)', 'Dalip. S. Mehta', 'Mehta, Dalip Singh']",353,3887,29,12,dalip singh,mehta,m,dalip singh mehta,A5047974019,d mehta
A5020073904,,Jennifer Chutter,"['Chutter, Jennifer', 'Jennifer Chutter']",11,0,0,1,jennifer,chutter,c,jennifer chutter,A5020073904,j chutter
A5069700285,https://orcid.org/0000-0002-6488-5093,Ernesto Morales,"['E Morales', 'E. Morales', 'ERNESTO MORALES', 'Ernesto Arrieta Morales', 'Ernesto Morales', 'Erneﬆo Morales', 'Morales E', 'Morales, Ernesto']",121,1223,15,14,ernesto,morales,m,ernesto morales,A5069700285,e morales
A5108326034,,Alex MacLeod,"['Alex MacLeod', 'Alex Macleod', 'Alex. J. Macleod', 'MacLeod, Alex']",18,1259,6,3,alex,macleod,m,alex macleod,A5108326034,a macleod
A5102021220,https://orcid.org/0000-0001-6161-6691,Lin Bao,['Lin Bao'],25,286,9,8,lin,bao,b,lin bao,A5102021220,l bao
A5084403249,,Farah Jayousi,['Farah Jayousi'],8,71,4,2,farah,jayousi,j,farah jayousi,A5084403249,f jayousi
A5063329120,,Jordan Buffie,['Jordan Buffie'],6,73,3,2,jordan,buffie,b,jordan buffie,A5063329120,j buffie
A5038619526,https://orcid.org/0000-0001-8761-9364,Mahmood Hasan Khan,"['Khan, Mahmood Hasan', 'M. A. Khan', 'M.A. Khan', 'MAHMOOD A. KHAN', 'MAHMOOD HASAN KHAN', 'MAHMOOD KHAN', 'Mahmood A Khan', 'Mahmood A. Khan', 'Mahmood A. Khan,', 'Mahmood H Khan', 'Mahmood H. Khan', 'Mahmood Hasan Khan', 'Mahmood Khan', 'Md Sahidur Rahman Khan', 'Md Tanvir Ahsan Joglol Khan', 'Mohammed Razmirahman khan']",243,2194,23,33,mahmood hasan,khan,k,mahmood hasan khan,A5038619526,m khan
A5077592937,https://orcid.org/0009-0001-6350-9387,Gavin Victor,"['G Victor', 'Gavin Victor', 'Victor, Gavin']",10,42,3,1,gavin,victor,v,gavin victor,A5077592937,g victor
A5055802096,,Sabrina C. Higgins,"['Sabrina C. Higgins', 'Sabrina Higgins']",10,8,1,1,sabrina c.,higgins,h,sabrina c. higgins,A5055802096,s higgins
A5084134394,https://orcid.org/0000-0003-1896-0459,Madison F. E. Almond,"['Madison Almond', 'Madison F. E. Almond']",8,73,3,1,madison f. e.,almond,a,madison f. e. almond,A5084134394,m almond
A5082930165,,Alanaise Goodwill,"['Alanaise Goodwill', 'GoodWill, Alanaise', 'Goodwill, Alanaise', 'Goodwill, Alanaise O.', 'Goodwill, Alanaise Onischin']",14,103,5,3,alanaise,goodwill,g,alanaise goodwill,A5082930165,a goodwill
A5050548152,https://orcid.org/0000-0001-6800-2000,Edward W. Thommes,"['E. Thommes', 'E. W. Thommes', 'E.W. Thommes', 'Edward  Wolfgang Thommes', 'Edward Thommes', 'Edward W Thommes', 'Edward W. Thommes', 'Edward Wolfgang Thommes', 'Thommes, E.W.', 'Thommes, Edward', 'Thommes, Edward W.']",147,2451,27,20,edward w.,thommes,t,edward w. thommes,A5050548152,e thommes
A5100398753,https://orcid.org/0000-0001-8841-6278,Kun Liu,"['Kun Liu', 'Liu Kun', 'Liu, Kun']",86,1166,19,39,kun,liu,l,kun liu,A5100398753,k liu
A5030588961,https://orcid.org/0000-0003-0896-8385,Susanne Fietz,"['Fietz, S.', 'Fietz, Susanne', 'S Fietz', 'S. Fietz', 'S.W. Fietz', 'Susanne FIETZ', 'Susanne Fietz', 'Susanne W. Fietz']",103,1904,27,12,susanne,fietz,f,susanne fietz,A5030588961,s fietz
A5054208133,https://orcid.org/0000-0003-2201-7738,Lu An,"['An LU', 'An Lu', 'Lu AN', 'Lu An', 'Yihang Hu']",52,1273,14,15,lu,an,a,lu an,A5054208133,l an
A5048302226,https://orcid.org/0000-0003-0086-993X,Renata Cueto de Souza,"['Renata Cueto De Souza', 'Renata Cueto de Souza']",6,18,2,1,renata cueto de,souza,s,renata cueto de souza,A5048302226,r souza
A5089041787,https://orcid.org/0000-0001-8327-0329,Emily Gard Marshall,"['E. G. Marshall', 'E. Marshall', 'E.G. Marshall', 'Emily G Marshall', 'Emily G. Marshall', 'Emily Gard Marshall', 'Emily Gard. Marshall', 'Emily Marshall', 'Emily\xa0Gard Marshall', 'Marshall, Emily Gard']",170,2596,29,27,emily gard,marshall,m,emily gard marshall,A5089041787,e marshall
A5064426418,https://orcid.org/0000-0001-6471-385X,Merissa Schneider-Coppolino,['Merissa Schneider-Coppolino'],11,19,2,1,merissa,schneider-coppolino,s,merissa schneider-coppolino,A5064426418,m schneider-coppolino
A5045258990,https://orcid.org/0000-0003-0072-6840,Jeremiah C. Kennedy,"['J. Kennedy', 'Jeremiah C. Kennedy', 'Jeremiah Kennedy']",10,78,5,7,jeremiah c.,kennedy,k,jeremiah c. kennedy,A5045258990,j kennedy
A5068208874,https://orcid.org/0000-0003-0933-1247,Byron Hauck,"['Byron Hauck', 'Byron Rigel Hauck', 'Hauck, Byron', 'Hauck, Byron Rigel']",15,14,2,2,byron,hauck,h,byron hauck,A5068208874,b hauck
A5091031349,https://orcid.org/0000-0002-8690-9113,Adrian MacKenzie,"['A MacKenzie', 'A Mackenzie', 'A. I. MACKENZIE', 'A. I. MacKenzie', 'A. I. Mackenzie', 'A. MacKenzie', 'A.I. MACKENZIE', 'Adrian MacKenzie', 'Adrian Mackenzie', 'MacKenzie, Adrian', 'Mackenzie,\xa0A']",98,2579,27,26,adrian,mackenzie,m,adrian mackenzie,A5091031349,a mackenzie
A5087890722,,Kira C. M. Neller,"['Kira C. M. Neller', 'Kira Neller']",10,85,5,2,kira c. m.,neller,n,kira c. m. neller,A5087890722,k neller
A5011026491,,Payam Jome Yazdian,"['Payam Jome Yazdian', 'Yazdian, Payam Jome']",6,39,2,2,payam jome,yazdian,y,payam jome yazdian,A5011026491,p yazdian
A5001033788,https://orcid.org/0000-0003-2244-1897,Joris van der Hoeven,"['J. Van der Hoeven', 'J. van der Hoeven', 'JORIS VAN DER HOEVEN', 'Joris Hoeven', 'Joris Van Der Hoeven', 'Joris Van der Hoeven', 'Joris van der Hoeven', 'Joris van\xa0der Hoeven', 'Van Der Hoeven, Joris', 'van Der Hoeven, Joris', 'van der Hoeven, Joris']",261,2166,25,14,joris van der,hoeven,h,joris van der hoeven,A5001033788,j hoeven
A5102878106,https://orcid.org/0000-0002-7272-7271,Xuan Lin,"['Lin, Xuan', 'X. Lin', 'Xuan Lin', 'Yaguang Zhang']",97,2151,25,38,xuan,lin,l,xuan lin,A5102878106,x lin
A5001567745,https://orcid.org/0000-0002-5656-6551,Douglas Tuckler,"['Douglas Tuckler', 'M. Zobov', 'Tuckler, D.', 'Tuckler, Douglas', 'Weiglein, G.', 'Zobov, M.']",43,2670,11,13,douglas,tuckler,t,douglas tuckler,A5001567745,d tuckler
A5112973637,,Shahab Aslani,"['Aslani, Shahab', 'Shahab Aslani']",37,715,11,8,shahab,aslani,a,shahab aslani,A5112973637,s aslani
A5053143711,https://orcid.org/0000-0002-5967-4654,Catherine S. McCaughey,"['Catherine McCaughey', 'Catherine S McCaughey', 'Catherine S. McCaughey', 'McCaughey, Catherine', 'McCaughey, Catherine S.']",18,536,6,2,catherine s.,mccaughey,m,catherine s. mccaughey,A5053143711,c mccaughey
A5102730188,https://orcid.org/0000-0002-6828-4543,Christian Schuetz,"['C. Schuetz', 'C.G Schuetz', 'Christian Schuetz', 'Schuetz Christian', 'Schuetz, Christian']",52,2725,24,23,christian,schuetz,s,christian schuetz,A5102730188,c schuetz
A5090549647,https://orcid.org/0000-0002-1223-706X,Harriet L. MacMillan,"['H L MacMillan', 'H MacMillan', 'H Macmillan', 'H. L. MacMillan', 'H. MacMillan', 'HARRIET L. MACMILLAN', 'HARRIET L. MacMILLAN', 'HARRIET MACMILLAN', 'HARRIET MacMILLAN', 'HL MacMillan', 'Harriet L MacMillan', 'Harriet L Macmillan', 'Harriet L. MacMillan', 'Harriet L. Macmillan', 'Harriet Louise MacMillan', 'Harriet MacMillan', 'Harriet Macmillan', 'MacMillan, Harriet']",397,21324,73,40,harriet l.,macmillan,m,harriet l. macmillan,A5090549647,h macmillan
A5087141790,,Undarmaa Enkhbat,"['Undarmaa Enkhbat', 'Undarmaa Enkhbat*']",7,40,3,3,undarmaa,enkhbat,e,undarmaa enkhbat,A5087141790,u enkhbat
A5024395537,https://orcid.org/0000-0002-8164-1349,Lieke L. ten Brummelhuis,"['Lieke Brummelhuis', 'Lieke L ten Brummelhuis', 'Lieke L. Ten Brummelhuis', 'Lieke L. ten Brummelhuis', 'Lieke ten Brummelhuis', 'Lieke\xa0L. ten Brummelhuis']",52,4588,27,6,lieke l. ten,brummelhuis,b,lieke l. ten brummelhuis,A5024395537,l brummelhuis
A5003347472,https://orcid.org/0000-0002-6104-9911,John Singleton,"['J. D. SINGLETON', 'J. Singleton', 'J. W. Singleton', 'JOHN SINGLETON', 'John D. Singleton', 'John Singleton', 'Singleton J.', 'Singleton, J', 'Singleton, John', 'Singleton, John D.']",172,1079,16,32,john,singleton,s,john singleton,A5003347472,j singleton
A5003943460,https://orcid.org/0000-0002-1494-4593,Kamyar Firouzi,"['Firouzi, Kamyar', 'K. Firouzi', 'Kamyar Firouzi']",46,1012,11,6,kamyar,firouzi,f,kamyar firouzi,A5003943460,k firouzi
A5037509232,https://orcid.org/0000-0002-8702-5694,Alissa Greer,"['A Greer', 'A. Greer', 'Alissa Greer', 'Alissa M Greer', 'Alissa M. Greer', 'Alissa Merielle Greer']",60,1146,21,10,alissa,greer,g,alissa greer,A5037509232,a greer
A5089493650,,Gurinder Gosal,"['Gosal, Gurinder', 'Gurinder Gosal', 'Gurinder Pal Singh Gosal']",12,81,4,3,gurinder,gosal,g,gurinder gosal,A5089493650,g gosal
A5046127459,,Mary-Ellen Kelm,"['Kelm, Mary-Ellen', 'M. Kelm', 'M.-E. Kelm', 'Mary-Ellen Kelm']",57,502,13,11,mary-ellen,kelm,k,mary-ellen kelm,A5046127459,m kelm
A5051549641,,Karmvir Padda,"['Karmvir Padda', 'Padda, Karmvir']",6,28,3,1,karmvir,padda,p,karmvir padda,A5051549641,k padda
A5107466242,,M. E. Hayden,"['Hayden, Michael E.', 'Hayden, Michael, E.', 'M E Hayden', 'M. E Hayden', 'M. E. Hayden', 'M.E Hayden', 'M.E. Hayden', 'M.\u2009E. Hayden', 'Michael E. Hayden']",115,3597,32,21,m. e.,hayden,h,m. e. hayden,A5107466242,m hayden
A5035122787,https://orcid.org/0000-0003-1580-1479,Daniel Gibson,"['D.D. Gibson', 'DANIEL D. GIBSON', 'Dan Gibson', 'Daniel D. GIBSON', 'Daniel D. Gibson', 'Daniel Gibson', 'Gibson, Dan', 'Gibson, Daniel D', 'Gibson, Daniel D.', 'THEODORE G. TOBISH']",104,1656,25,14,daniel,gibson,g,daniel gibson,A5035122787,d gibson
A5014745228,https://orcid.org/0000-0003-0670-9494,Dai Heide,['Dai Heide'],7,33,2,1,dai,heide,h,dai heide,A5014745228,d heide
A5020672824,https://orcid.org/0000-0002-5942-4444,Meghan B. Azad,"['Azad M', 'Azad, Meghan B', 'Azad, Meghan B.', 'M Azad', 'M B Azad', 'M. Azad', 'M. B. Azad', 'M.B. Azad', 'MB Azad', 'Meghan Azad', 'Meghan B Azad', 'Meghan B. Azad', 'Meghan\xa0B. Azad']",318,17353,60,31,meghan b.,azad,a,meghan b. azad,A5020672824,m azad
A5090923893,https://orcid.org/0009-0000-3143-2517,Mathis Grelier,"['Grelier, Mathis', 'Mathis Grelier']",8,9,1,2,mathis,grelier,g,mathis grelier,A5090923893,m grelier
A5054172626,https://orcid.org/0000-0002-6537-6346,Mehdi Salimi,"['M. Salimi', 'Mehdi Salimi', 'Salimi, M.', 'Salimi, Mehdi', 'salimi, mehdi']",117,1448,21,13,mehdi,salimi,s,mehdi salimi,A5054172626,m salimi
A5042300883,https://orcid.org/0000-0002-9861-4443,Joseph Stone,"['J A R Stone', 'J A Stone', 'J. A. R. STONE', 'J. A. R. Stone', 'J. A. Stone', 'J. Stone', 'J.A. Stone', 'J.A.R. Stone', 'Joseph A Stone', 'Joseph A. Stone', 'Joseph Antony Stone', 'Joseph Stone', 'Joseph. A. Stone', 'Stone, Joseph A.']",111,1282,21,20,joseph,stone,s,joseph stone,A5042300883,j stone
A5013097569,,Richard D. Heyman,"['Heyman, Richard D.', 'R Heyman', 'RICHARD D. HEYMAN', 'Richard D. Heyman', 'Richard Heyman']",35,363,8,48,richard d.,heyman,h,richard d. heyman,A5013097569,r heyman
A5009627762,https://orcid.org/0000-0002-6057-1804,Elizabeth Peterson,"['E Anne Peterson', 'E Peterson', 'E. Peterson', 'Elizabeth A Peterson', 'Elizabeth A. Peterson', 'Elizabeth Anne Peterson', 'Elizabeth Peterson', 'Peterson, Elizabeth', 'Peterson, Elizabeth A.']",289,877,15,22,elizabeth,peterson,p,elizabeth peterson,A5009627762,e peterson
A5042091137,https://orcid.org/0000-0002-3107-1229,Seana N. Semchishen,"['Seana N Semchishen', 'Seana N. Semchishen', 'Seana Semchishen']",11,80,4,5,seana n.,semchishen,s,seana n. semchishen,A5042091137,s semchishen
A5100333468,https://orcid.org/0000-0002-4279-3892,Lei Chen,"['Chen, Lei', 'Feng Chen', 'Lei Chen']",65,716,13,28,lei,chen,c,lei chen,A5100333468,l chen
A5091680121,https://orcid.org/0000-0002-1664-2249,Sara Doering,['Sara Doering'],7,29,2,1,sara,doering,d,sara doering,A5091680121,s doering
A5102937909,https://orcid.org/0000-0002-2098-8808,Yue Sun,"['Paul C.H. Li', 'Sun Yue', 'Xingyang Xue', 'Y Sun', 'Yue Sun']",105,1822,23,41,yue,sun,s,yue sun,A5102937909,y sun
A5079168567,https://orcid.org/0000-0001-7100-3469,Matthew G. Lloyd,"['Lloyd, Matthew G.', 'M Lloyd', 'M. Lloyd', 'M.G. Lloyd', 'Matthew G. Lloyd', 'Matthew Lloyd']",47,477,10,12,matthew g.,lloyd,l,matthew g. lloyd,A5079168567,m lloyd
A5089730443,https://orcid.org/0000-0001-5858-000X,Chloe Riley,"['C. L. Riley', 'Chloe Riley', 'Riley, Chloe']",16,32,2,2,chloe,riley,r,chloe riley,A5089730443,c riley
A5101493974,https://orcid.org/0000-0003-1926-8392,Hossein Alizadeh,"['H. Alizadeh', 'H. R. Alizadeh', 'Hossein Alizadeh', 'Rohollah Abdollahi']",26,606,9,11,hossein,alizadeh,a,hossein alizadeh,A5101493974,h alizadeh
A5102772331,https://orcid.org/0000-0002-5698-1296,Chinthaka Dinesh,['Chinthaka Dinesh'],11,389,7,3,chinthaka,dinesh,d,chinthaka dinesh,A5102772331,c dinesh
A5050623359,https://orcid.org/0000-0002-8515-6172,M. Patel,"['M Patel', 'M. Patel', 'M.D. Patel', 'Mayur Patel', 'Mukul Patel', 'Patel, M.', 'Patel, Mayur']",13,25,2,4,m.,patel,p,m. patel,A5050623359,m patel
A5024943259,https://orcid.org/0000-0001-9968-6601,Theo J. Moraes,"['Moraes T', 'T J Moraes', 'T MORAES', 'T Moraes', 'T. J. Moraes', 'T. Moraes', 'T.J. Moraes', 'Theo I. Moraes', 'Theo J Moraes', 'Theo J Moraes3', 'Theo J. Moraes', 'Theo Moraes']",370,7779,45,47,theo j.,moraes,m,theo j. moraes,A5024943259,t moraes
A5024427386,https://orcid.org/0009-0009-2104-7485,Reza Dastbasteh,"['Dastbasteh, Reza', 'Reza Dastbasteh']",34,40,5,4,reza,dastbasteh,d,reza dastbasteh,A5024427386,r dastbasteh
A5027557200,,Sara Chan,"['S. Y. P. Chan', 'Sara Chan']",6,43,3,8,sara,chan,c,sara chan,A5027557200,s chan
A5028003724,https://orcid.org/0000-0002-5025-2172,Marine Barbelanne,"['Barbelanne, Marine', 'M Barbelanne', 'Marine Barbelanne']",9,330,6,3,marine,barbelanne,b,marine barbelanne,A5028003724,m barbelanne
A5076208610,,Muga Miyakawa,"['Miyakawa, Muga', 'Muga Miyakawa']",16,22,2,1,muga,miyakawa,m,muga miyakawa,A5076208610,m miyakawa
A5110877475,,J Holmes,"['J Holmes', 'J. E. Holmes', 'J. Eric Holmes', 'J. Holmes', 'John E. Holmes', 'John Eric Holmes', 'John Holmes']",35,352,9,16,j,holmes,h,j holmes,A5110877475,j holmes
A5010516512,https://orcid.org/0000-0001-6986-2600,Kyle A. Chezik,"['K. A. Chezik', 'Kyle A. Chezik']",8,252,3,3,kyle a.,chezik,c,kyle a. chezik,A5010516512,k chezik
A5100384142,https://orcid.org/0000-0001-7555-8138,Lingling Zhang,"['Chuan Wang', 'Ling-Ling ZHANG', 'Ling-Ling Zhang', 'Ling-ling ZHANG', 'Ling-ling Zhang', 'Lingling ZHANG', 'Lingling Zhang', 'Ling‐Ling Zhang', 'ZHANG Ling-ling', 'Zhang Ling-Ling']",162,2017,25,88,lingling,zhang,z,lingling zhang,A5100384142,l zhang
A5005297246,https://orcid.org/0000-0002-1334-3059,Joseph Cohen,"['Cohen , Joseph', 'Cohen, Joseph', 'Cohen, Joseph P.', 'Cohen, Joseph Paul', 'J COHEN', 'J Cohen', 'J. Cohen', 'J. P. Cohen', 'J.-P. Cohen', 'J.P. Cohen', 'JOSEPH COHEN', 'Joseph Cohen', 'Joseph P. Cohen', 'Joseph Paul Cohen']",288,5447,32,51,joseph,cohen,c,joseph cohen,A5005297246,j cohen
A5100307880,,Cao Liang,"['Cao Liang', 'Liang Cao']",65,19,1,6,cao,liang,l,cao liang,A5100307880,c liang
A5005389012,https://orcid.org/0000-0001-8610-7287,Priya Muralidharan,['Priya Muralidharan'],25,615,9,8,priya,muralidharan,m,priya muralidharan,A5005389012,p muralidharan
A5020217719,https://orcid.org/0000-0003-2477-0539,Jaspreet Singh,"['J Singh', 'J. Singh', 'J.D Singh', 'Jaspreet Singh', 'Swarnkar']",19,217,8,7,jaspreet,singh,s,jaspreet singh,A5020217719,j singh
A5100738417,https://orcid.org/0000-0003-2956-1939,Jing Li,"['Jing Li', 'Li Jing', 'Li, Jing']",45,165,6,19,jing,li,l,jing li,A5100738417,j li
A5006308151,https://orcid.org/0000-0002-0812-6527,Erin E. Michalak,"['CREST.BD', 'E Michalak', 'E. E. MICHALAK', 'E. E. Michalak', 'E. Michalak', 'E. Michalak⁎', 'E.E Michalak', 'E.E. Michalak', 'ERIN E. MICHALAK', 'Erin E Michalak', 'Erin E. Michalak', 'Erin Elwood Michalak', 'Erin Michalak', 'Michalak, E. E.', 'Michalak, Erin', 'Michalak, Erin E.']",250,6826,45,26,erin e.,michalak,m,erin e. michalak,A5006308151,e michalak
A5027229327,https://orcid.org/0000-0002-9929-1076,Kimberly Kroetch,"['Kimberly Kroetch', 'Kimberly R. Kroetch', 'Kroetch, Kimberly']",13,83,2,3,kimberly,kroetch,k,kimberly kroetch,A5027229327,k kroetch
A5042460657,https://orcid.org/0000-0002-7718-435X,Stéphanie Lanthier-Labonté,"['S Lanthier-Labonté', 'Stéphanie Lanthier-Labonté']",7,63,3,2,stéphanie,lanthier-labonté,l,stéphanie lanthier-labonté,A5042460657,s lanthier-labonté
A5068204247,,Yalda Foroutan,"['Foroutan, Yalda', 'Yalda Foroutan']",14,30,4,2,yalda,foroutan,f,yalda foroutan,A5068204247,y foroutan
A5026718778,https://orcid.org/0000-0001-8192-2928,Hoang Minh Nguyen,"['Hoang Minh Nguyen', 'Nguyen, Hoang Minh']",6,30,2,4,hoang minh,nguyen,n,hoang minh nguyen,A5026718778,h nguyen
A5023485380,https://orcid.org/0009-0007-5992-7678,Xin Peng,"['Jiaqi Zhang', 'Peng, Xin', 'X D Peng', 'X. Peng', 'Xin Peng', 'Xinglong Peng', 'Yuntong Li']",171,7980,44,44,xin,peng,p,xin peng,A5023485380,x peng
A5100690182,https://orcid.org/0000-0002-3925-3684,Xi Chen,"['Chen Xi', 'Chen, Xi', 'Hua Hong', 'Xi Chen', 'Xi chen', 'Xi, Chen', 'Xiaoyuan Chen']",191,6185,37,83,xi,chen,c,xi chen,A5100690182,x chen
A5008748326,https://orcid.org/0000-0002-6904-4349,Kevin Berry,"['Berry, Kevin', 'Kevin Berry']",51,660,10,8,kevin,berry,b,kevin berry,A5008748326,k berry
A5010770441,https://orcid.org/0000-0002-6426-5775,Narges Ashtari,"['Ashtari, Narges', 'Narges Ashtari']",9,290,4,2,narges,ashtari,a,narges ashtari,A5010770441,n ashtari
A5088873099,https://orcid.org/0000-0001-7194-9975,Pierre Mouganie,"['Mouganie, Pierre', 'Pierre Mouganie']",39,371,7,11,pierre,mouganie,m,pierre mouganie,A5088873099,p mouganie
A5020974141,https://orcid.org/0000-0002-1271-8891,Viviane Josewski,['Viviane Josewski'],21,304,7,6,viviane,josewski,j,viviane josewski,A5020974141,v josewski
A5005210233,,Alexander Vedrashko,"['Alexander Vedrashko', 'Vedrashko, Alexander']",23,462,7,5,alexander,vedrashko,v,alexander vedrashko,A5005210233,a vedrashko
A5077382324,https://orcid.org/0000-0002-9179-8139,Tanya Behrisch,"['Behrisch, Tanya', 'Tanya Behrisch', 'Tanya J. Behrisch']",13,23,4,1,tanya,behrisch,b,tanya behrisch,A5077382324,t behrisch
A5052549615,https://orcid.org/0000-0002-0622-8378,Pascale Gibeau,"['Gibeau, Pascale', 'P. Gibeau', 'Pascale Gibeau']",18,135,4,2,pascale,gibeau,g,pascale gibeau,A5052549615,p gibeau
A5062540562,https://orcid.org/0000-0002-1739-9041,W. Andrew Rothenberg,"['Rothenberg, W. Andrew', 'Rothenberg, William A.', 'Rothenberg, William Andrew', 'W Andrew Rothenberg', 'W.  Andrew Rothenberg', 'W. Andrew Rothenberg', 'W. Rothenberg', 'W.\xa0Andrew Rothenberg', 'William A Rothenberg', 'William A. Rothenberg', 'William Andrew Rothenberg', 'William Rothenberg']",145,4532,26,8,w. andrew,rothenberg,r,w. andrew rothenberg,A5062540562,w rothenberg
A5060722016,https://orcid.org/0000-0003-3735-7671,Jourdan R. Jackson,"['Jackson, Jourdan R.', 'Jourdan Jackson', 'Jourdan R Jackson', 'Jourdan R. Jackson']",12,98,5,4,jourdan r.,jackson,j,jourdan r. jackson,A5060722016,j jackson
A5057431186,,Ben Matheson,"['B Matheson', 'B. Matheson', 'Ben Matheson', 'Matheson, Ben']",15,20,2,5,ben,matheson,m,ben matheson,A5057431186,b matheson
A5057917572,,Brittany Dominique Walker,"['Brittany D. Walker', 'Brittany Dominique Walker']",6,11,2,1,brittany dominique,walker,w,brittany dominique walker,A5057917572,b walker
A5064876624,https://orcid.org/0000-0001-9790-2649,Ana Maria Navas Iannini,"['Ana Maria Navas Iannini', 'Ana Maria Navas-Iannini', 'Ana Maria Navas\xa0Iannini']",39,155,7,6,ana maria navas,iannini,i,ana maria navas iannini,A5064876624,a iannini
A5028233850,https://orcid.org/0000-0002-4477-4812,Jean‐Julien Aucouturier,"['AUCOUTURIER, Jean-Julien', 'Aucouturier, J.-J.', 'Aucouturier, Jean-Julien', 'J.-J. Aucouturier', 'J.J. Aucouturier', 'JJ Aucouturier', 'Jean-Julien Aucouturier', 'Jean-julien Aucouturier', 'Jean‐Julien Aucouturier']",152,3033,28,26,jean‐julien,aucouturier,a,jean‐julien aucouturier,A5028233850,j aucouturier
A5085807807,https://orcid.org/0000-0003-4141-5512,Yasasi Fernando,['Yasasi Fernando'],6,35,4,2,yasasi,fernando,f,yasasi fernando,A5085807807,y fernando
A5045280160,https://orcid.org/0000-0002-9428-9882,Helen F. Yan,"['H.F. Yan', 'Helen F. Yan', 'Yan, Helen F.']",29,663,11,5,helen f.,yan,y,helen f. yan,A5045280160,h yan
A5086165859,https://orcid.org/0009-0001-4966-0662,David Daniels,"['D. von Daniels', 'Daniels, David', 'David Daniels']",8,137,3,3,david,daniels,d,david daniels,A5086165859,d daniels
A5090421752,https://orcid.org/0000-0003-0988-9304,Nathan D. Roberson,"['Nathan D Roberson', 'Nathan D. Roberson', 'Nathan Dale Roberson', 'Nathan Roberson']",20,217,5,6,nathan d.,roberson,r,nathan d. roberson,A5090421752,n roberson
A5049907564,https://orcid.org/0000-0001-5915-6892,Joseph A. E. Stewart,"['J Stewart', 'Joseph A. E. Stewart', 'Joseph A. Stewart', 'Joseph A.E. Stewart', 'Joseph AE Stewart', 'Stewart, Joseph', 'Stewart, Joseph A. E.', 'T Ryan McCarley']",31,484,10,7,joseph a. e.,stewart,s,joseph a. e. stewart,A5049907564,j stewart
A5017413586,https://orcid.org/0000-0002-2313-4162,Dongwook Song,"['Dong-Wook Song', 'Dongwook Song']",7,14,3,2,dongwook,song,s,dongwook song,A5017413586,d song
A5032844648,https://orcid.org/0000-0003-2128-9133,Beate Sander,"['B Sander', 'B. Sander', 'Beate H Sander', 'Beate H. Sander', 'Beate Sander', 'Prof Beate Sander', 'Sander B', 'Sander, Beate']",374,5492,39,61,beate,sander,s,beate sander,A5032844648,b sander
A5092150409,,Sneha Ralli,"['Ralli, Sneha', 'Sneha Ralli']",7,22,2,2,sneha,ralli,r,sneha ralli,A5092150409,s ralli
A5057050722,https://orcid.org/0000-0002-8097-7203,Erica Acton,"['Acton, Erica', 'E. Acton', 'Erica Acton', 'Pascal M. Lavoie']",33,451,12,11,erica,acton,a,erica acton,A5057050722,e acton
A5055406017,https://orcid.org/0000-0002-6814-7848,Laura E. Tate,"['L. Tate', 'Laura E Tate', 'Laura E. Tate', 'Laura Tate', 'Tate, Laura Ellen']",31,98,6,3,laura e.,tate,t,laura e. tate,A5055406017,l tate
A5094018700,https://orcid.org/0009-0000-3925-8736,George Lertzman-Lepofsky,"['George Lertzman-Lepofsky', 'Lertzman-Lepofsky, George']",6,6,2,1,george,lertzman-lepofsky,l,george lertzman-lepofsky,A5094018700,g lertzman-lepofsky
A5031184333,,Hannah M. Hall,"['Hall, Hannah M.', 'Hannah M. Hall']",6,14,2,1,hannah m.,hall,h,hannah m. hall,A5031184333,h hall
A5016079579,,Paul Delany,"['PAUL DELANY', 'Paul Delany']",64,737,12,2,paul,delany,d,paul delany,A5016079579,p delany
A5030842407,https://orcid.org/0000-0003-1821-2768,Zahra Ofoghi,"['Ofoghi, Zahra', 'Zahra Ofoghi']",9,99,4,5,zahra,ofoghi,o,zahra ofoghi,A5030842407,z ofoghi
A5042589233,,Beverley Gartrell,['Beverley Gartrell'],14,112,4,1,beverley,gartrell,g,beverley gartrell,A5042589233,b gartrell
A5108830015,,Nicolas Schmitt,"['Nicolas Schmitt', 'Schmitt, Nicolas']",11,19,3,8,nicolas,schmitt,s,nicolas schmitt,A5108830015,n schmitt
A5005819264,https://orcid.org/0000-0003-3778-7401,S. H. U. Bowie,"['S Bowie', 'S H U Bowie', 'S. H. U. BOWIE', 'S. H. U. Bowie', 'S.H.U Bowie', 'S.H.U. Bowie', 'Sarah Bowie']",70,424,10,12,s. h. u.,bowie,b,s. h. u. bowie,A5005819264,s bowie
A5034745440,https://orcid.org/0000-0001-7315-4789,Catherine Taylor,"['C Taylor', 'C. Taylor', 'CATHERINE TAYLOR', 'Catherine J. Taylor', 'Catherine Taylor', 'Taylor, Catherine']",36,667,9,17,catherine,taylor,t,catherine taylor,A5034745440,c taylor
A5100327532,https://orcid.org/0000-0002-8868-8350,Xin Zhang,"['X.-H. Zhang', 'Xin Zhang', 'Zhang, Xin']",93,1858,26,59,xin,zhang,z,xin zhang,A5100327532,x zhang
A5069272539,,Kelley Lee,"['Kelley Lee', 'Lee Kelley']",6,126,2,1,kelley,lee,l,kelley lee,A5069272539,k lee
A5053748249,https://orcid.org/0000-0002-3935-1014,Kieran J. O’Donnell,"[""J. O'Donnell, Kieran"", 'K. J. O’Donnell', ""K. O'Donnell"", 'K. O’Donnell', 'K.J. O’Donnell', ""Kieran J O'Donnell"", 'Kieran J O’Donnell', ""Kieran J. O'Donnell"", 'Kieran J. O’Donnell', 'Kieran J. ÓDonnell', 'Kieran John O&apos;Donnell', ""Kieran John O'Donnell"", 'Kieran John O’Donnell', ""Kieran O'Donnell"", 'Kieran O׳Donnell', 'Kieran O’Donnell', 'Kieran\xa0J O’Donnell', ""O'Donnell, K"", ""O'Donnell, K. J."", ""O'Donnell, Kieran J."", 'ODonnell, Kieran', 'O’Donnell, K.J', 'O’Donnell, Kieran J.']",168,6752,35,25,kieran j.,o’donnell,o,kieran j. o’donnell,A5053748249,k o’donnell
A5087312966,https://orcid.org/0000-0002-7168-0918,Zuobin Wang,"['Bowei Wang', 'H Guo', 'Hangze Song', 'Jia Xu', 'Rui Wang', 'Wang Z', 'Wang, Zuobin', 'Xia Wang', 'Xingyue Wang', 'Z B Wang', 'Z Wang', 'Z. B. Wang', 'Z. WANG', 'Z. Wang', 'Zhankun Weng', 'Zhengxun Song', 'Zuo Bin Wang', 'Zuo-Bin Wang', 'ZuoBin Wang', 'Zuobin B Wang', 'Zuobin WANG', 'Zuobin Wang']",468,3763,29,41,zuobin,wang,w,zuobin wang,A5087312966,z wang
A5084037096,https://orcid.org/0009-0009-7737-9614,L. López,"['G. Eigen', 'L. Lopez', 'L. López', 'Lopez, L.', 'Lucia Vina Lopez', 'López, Lucía |']",45,294,9,6,l.,lópez,l,l. lópez,A5084037096,l lópez
A5036820825,https://orcid.org/0000-0002-1301-487X,Gillian Russell,"['G. H. RUSSELL', 'G. H. Russell', 'GILLIAN RUSSELL', 'Gillian Russell', 'Russell, Gillian']",60,624,13,7,gillian,russell,r,gillian russell,A5036820825,g russell
A5041466014,https://orcid.org/0000-0001-6815-2391,Lucy Le Mare,"['Le Mare, Lucy', 'Lucy Le Mare']",24,1078,15,2,lucy le,mare,m,lucy le mare,A5041466014,l mare
A5108166775,https://orcid.org/0000-0003-3003-4343,Jie Liang,"['J Liang', 'J. Liang', 'Jie Liang', 'Liang, Jie']",341,4317,30,55,jie,liang,l,jie liang,A5108166775,j liang
A5101529847,https://orcid.org/0000-0002-6031-5210,Jiacheng Chen,"['Chen, Jiacheng', 'Jiacheng Chen']",21,191,7,18,jiacheng,chen,c,jiacheng chen,A5101529847,j chen
A5101727374,https://orcid.org/0000-0002-8649-5192,Simranjeet Kaur,"['Kaur, S.', 'S. Kaur', 'SIMRANJEET KAUR', 'Simranjeet KAUR', 'Simranjeet Kaur']",81,1212,15,16,simranjeet,kaur,k,simranjeet kaur,A5101727374,s kaur
A5078113278,https://orcid.org/0000-0002-1418-3835,Emma Lathouwers,"['Emma Lathouwers', 'Lathouwers, Emma']",6,38,3,2,emma,lathouwers,l,emma lathouwers,A5078113278,e lathouwers
A5069282517,https://orcid.org/0000-0001-7535-6421,Maryam Demian,"['M. Demian', 'Maryam DEMIAN', 'Maryam Demian', 'Maryam N. Demian']",9,152,5,1,maryam,demian,d,maryam demian,A5069282517,m demian
A5043499767,https://orcid.org/0000-0001-5788-0115,Mariana Toniolo–Barrios,"['Mariana Toniolo-Barrios', 'Mariana Toniolo–Barrios']",8,300,4,1,mariana,toniolo–barrios,t,mariana toniolo–barrios,A5043499767,m toniolo–barrios
A5025286392,https://orcid.org/0000-0001-7860-8452,Hang Zhou,"['H. H. Zhou', 'Hang Zhou', 'Zhou, Hang']",109,3077,24,22,hang,zhou,z,hang zhou,A5025286392,h zhou
A5100600280,https://orcid.org/0000-0003-1412-3151,Yizhou Chen,"['Chen, Yizhou', 'Y. Chen', 'Yi-Zhou Chen', 'Yizhou Chen']",70,1113,15,29,yizhou,chen,c,yizhou chen,A5100600280,y chen
A5039328720,https://orcid.org/0000-0001-7055-5042,Yi Xie,"['Xie Yi', 'Xie, Yi', 'Y. L. Xie', 'Y. Xie', 'Yi Xie', 'Yuxin Xie']",66,1186,12,18,yi,xie,x,yi xie,A5039328720,y xie
A5076990177,https://orcid.org/0000-0001-8107-2265,Magali Forte,"['M. Sánchez Forte', 'Magali Forte']",23,48,4,4,magali,forte,f,magali forte,A5076990177,m forte
A5050840750,https://orcid.org/0000-0002-7682-6082,Sarah M. Hutchison,"['Hutchison, Sarah', 'S. Hutchison', 'Sarah Hutchison', 'Sarah M Hutchison', 'Sarah M. Hutchison', 'Sarah Michelle Hutchison']",45,480,12,12,sarah m.,hutchison,h,sarah m. hutchison,A5050840750,s hutchison
A5008469560,,Thomas Pender,"['Pender, Thomas', 'Thomas Pender']",15,83,3,3,thomas,pender,p,thomas pender,A5008469560,t pender
A5101734954,https://orcid.org/0000-0002-5251-0462,Manyi Li,"['Li, Manyi', 'ManYi Li', 'Manyi Li']",55,710,12,9,manyi,li,l,manyi li,A5101734954,m li
A5017461803,https://orcid.org/0000-0001-5307-4167,Chloé E. Hill,"['C. Hill', 'Chloe E Hill', 'Chloe E. Hill', 'Chloe Hill', 'Chloé E Hill', 'Chloé E. Hill', 'Hill, Chloe', 'Hill, Chloe E']",93,1245,19,43,chloé e.,hill,h,chloé e. hill,A5017461803,c hill
A5077779935,https://orcid.org/0000-0003-3150-7317,Lucas Hilderbrand,['Lucas Hilderbrand'],44,545,11,5,lucas,hilderbrand,h,lucas hilderbrand,A5077779935,l hilderbrand
A5004024668,https://orcid.org/0000-0003-4618-0302,Mostafa Rahmani Dehaghani,"['Dehaghani, M. Rahmani', 'Dehaghani, Mostafa Rahmani', 'M. Rahmani Dehaghani', 'Mostafa Rahmani Dehaghani']",36,217,8,3,mostafa rahmani,dehaghani,d,mostafa rahmani dehaghani,A5004024668,m dehaghani
A5047313586,https://orcid.org/0000-0002-8037-6301,Xin Tong,"['Tong X.', 'Tong, X', 'Tong, Xin', 'X. Tong', 'Xin TONG', 'Xin Tong', 'Xintong Tong']",157,1656,22,28,xin,tong,t,xin tong,A5047313586,x tong
A5056618238,,Tianxing Yan,"['T X Yan', 'Tianxing Yan']",25,137,9,7,tianxing,yan,y,tianxing yan,A5056618238,t yan
A5091213274,https://orcid.org/0000-0002-2991-2922,Toshiaki Iizuka,"['IIZUKA, Toshiaki', 'Iizuka, Toshiaki', 'T Iizuka', 'T. Iizuka', 'TOSHIAKI IIZUKA', 'Toshiaki IIZUKA', 'Toshiaki Iizuka']",102,1631,21,27,toshiaki,iizuka,i,toshiaki iizuka,A5091213274,t iizuka
A5041906762,https://orcid.org/0009-0002-8123-7132,Robin Jia,"['Jia, Robin', 'Patrick Lewis', 'R. Jia', 'Robin Jia', 'Zhu, Wang Bill']",132,6746,22,20,robin,jia,j,robin jia,A5041906762,r jia
A5086246761,https://orcid.org/0000-0003-3288-574X,Elise McClay,"['Elise K. McClay', 'Elise McClay', 'McClay, Elise', 'McClay, Elise Kedersha']",13,33,3,3,elise,mcclay,m,elise mcclay,A5086246761,e mcclay
A5059451258,https://orcid.org/0000-0002-1321-3035,Hao Fang,"['Fang, Hao', 'Hao Fang']",15,91,3,8,hao,fang,f,hao fang,A5059451258,h fang
A5102760369,https://orcid.org/0009-0001-9952-5768,Mirza Faisal Beg,"['Beg, Mirza Faisal', 'Mirza Faisal Beg']",13,13,2,1,mirza faisal,beg,b,mirza faisal beg,A5102760369,m beg
A5087641904,https://orcid.org/0000-0003-3168-1876,Michael Hegedus,"['Hegedus, Michael', 'Michael Hegedus', 'Michael J. Hegedus']",12,22,2,2,michael,hegedus,h,michael hegedus,A5087641904,m hegedus
A5009403667,https://orcid.org/0000-0001-8164-6556,Dan Laitsch,"['Dan Laitsch', 'Daniel A. Laitsch', 'Daniel Laitsch', 'Laitsch, Daniel Alan']",31,176,7,2,dan,laitsch,l,dan laitsch,A5009403667,d laitsch
A5019334129,,Grace Mwashigadi,"['Grace M Mwashigadi', 'Grace M. Mwashigadi', 'Grace Mwashigadi', 'Mwashigadi, Grace']",30,338,10,12,grace,mwashigadi,m,grace mwashigadi,A5019334129,g mwashigadi
A5037710580,https://orcid.org/0000-0002-9901-6947,Alyssa Howren,"['A Howren', 'A. Howren', 'Alyssa Howren', 'Alyssa M Howren', 'Alyssa M. Howren', 'Howren, Alyssa']",42,562,13,11,alyssa,howren,h,alyssa howren,A5037710580,a howren
A5102561336,,Chen Zhou,['Chen Zhou'],9,52,4,5,chen,zhou,z,chen zhou,A5102561336,c zhou
A5043001112,https://orcid.org/0000-0002-6930-9538,Naomi Krogman,"['Krogman, Naomi', 'Krogman, Naomi T.', 'N. Krogman', 'N. T. KROGMAN', 'Naomi Krogman', 'Naomi T. Krogman']",80,1871,25,6,naomi,krogman,k,naomi krogman,A5043001112,n krogman
A5083753562,https://orcid.org/0000-0001-9150-3276,Regard Booy,"['Booy, Regard', 'Regard Booy', 'Regard M. Booy']",10,7,2,1,regard,booy,b,regard booy,A5083753562,r booy
A5076870761,https://orcid.org/0000-0003-0853-9732,P. C. Haljan,"['Haljan, P.', 'Haljan, P. C.', 'Haljan, Paul', 'P. C. HALJAN', 'P. C. Haljan', 'P. Haljan', 'P.C. Haljan', 'P.\u2009C. Haljan', 'Paul C. Haljan', 'Paul Haljan']",60,5144,22,9,p. c.,haljan,h,p. c. haljan,A5076870761,p haljan
A5113887217,,D.G. Lister,"['D G Lister', 'D. G. LISTER', 'D. G. Lister', 'D. Lister', 'D.G. Lister', 'DAVID G. LISTER', 'David G Lister', 'David G. Lister', 'David George Lister', 'Lister, D.']",149,2753,27,13,d.g.,lister,l,d.g. lister,A5113887217,d lister
A5012731211,https://orcid.org/0009-0001-1549-8409,M Muhammad,"['M Muhammad', 'Mahmud Muhammad', 'Mubarak Muhammad', 'Muhammad, M.J.']",7,15,3,2,m,muhammad,m,m muhammad,A5012731211,m muhammad
A5079541410,https://orcid.org/0000-0002-6735-6453,Lindsay Bochon,"['Bochon, Lindsay Blair', 'Lindsay Blair Bochon', 'Lindsay Bochon']",9,2,1,2,lindsay,bochon,b,lindsay bochon,A5079541410,l bochon
A5069723543,https://orcid.org/0000-0003-2660-4323,Andrew Cheng,"['A. C. Cheng', 'Andrew Cheng', 'Cheng, Andrew']",35,143,7,6,andrew,cheng,c,andrew cheng,A5069723543,a cheng
A5100327349,https://orcid.org/0000-0001-7623-5787,Xin Zhang,"['Xin Zhang', 'Xin, Zhang', 'Zhang Xin', 'Zhang, Xin']",83,1270,20,34,xin,zhang,z,xin zhang,A5100327349,x zhang
A5008794902,https://orcid.org/0000-0001-5836-397X,Murray Krahn,"['Krahn', 'Krahn M.', 'Krahn, Murray', 'Krahn, Murray D', 'M D Krahn', 'M Krahn', 'M. D. Krahn', 'M. KRAHN', 'M. Krahn', 'M.D. Krahn', 'MD Krahn', 'MURRAY D. KRAHN', 'MURRAY KRAHN', 'MURRAY KRAHN (D.)', 'Markus Siebert', 'Murray D Krahn', 'Murray D. Krahn', 'Murray Dale Krahn', 'Murray Krahn', 'Murray\xa0D. Krahn', 'P Pechlivanoglou']",657,21735,75,105,murray,krahn,k,murray krahn,A5008794902,m krahn
A5067538348,,Amarpreet Rattan,"['A. Rattan', 'Amarpreet Rattan', 'Rattan, A.', 'Rattan, Amarpreet']",40,157,8,9,amarpreet,rattan,r,amarpreet rattan,A5067538348,a rattan
A5041951013,https://orcid.org/0009-0007-5825-1231,Kayli Jamieson,['Kayli Jamieson'],6,6,1,1,kayli,jamieson,j,kayli jamieson,A5041951013,k jamieson
A5106553884,https://orcid.org/0000-0002-8870-7304,Yifan Wei,"['Wei, Y. J.', 'Y. J. Wei', 'Y.J. Wei', 'Y.\u2009J. Wei', 'Yifan Wei', 'Youqiang Wei']",29,1134,9,14,yifan,wei,w,yifan wei,A5106553884,y wei
A5046796084,,Ohoud Alharbi,"['Alharbi, Ohoud', 'Ohoud Alharbi']",6,35,3,2,ohoud,alharbi,a,ohoud alharbi,A5046796084,o alharbi
A5088451688,https://orcid.org/0000-0002-3908-1085,Catherine Z Worsnop,"['Catherine Worsnop', 'Catherine Z Worsnop', 'Catherine Z. Worsnop', 'Worsnop, Catherine']",22,512,10,7,catherine z,worsnop,w,catherine z worsnop,A5088451688,c worsnop
A5100357254,https://orcid.org/0000-0003-2219-083X,Dongwoo Kim,"['Dong-Woo Kim', 'Dongwoo Kim', 'Dongwoo Kim Dongwoo Kim', 'Kim, Dongwoo']",37,120,6,17,dongwoo,kim,k,dongwoo kim,A5100357254,d kim
A5064518250,,Zhiyun Peng,['Zhiyun Peng'],12,363,6,4,zhiyun,peng,p,zhiyun peng,A5064518250,z peng
A5111011334,,Jingyang Peng,"['JingYang Peng', 'Jingyang Peng', 'Peng, Jingyang']",24,287,7,9,jingyang,peng,p,jingyang peng,A5111011334,j peng
A5109944350,,Ron Ydenberg,"['RON YDENBERG', 'Ron C Ydenberg', 'Ron C. Ydenberg', 'Ron Ydenberg', 'Ydenberg, Ron', 'Ydenberg, Ron C.', 'Ydenberg, Ronald C.']",51,1429,20,4,ron,ydenberg,y,ron ydenberg,A5109944350,r ydenberg
A5019981581,https://orcid.org/0009-0002-5321-6617,T. N. Campbell,"['T. N. Campbell', 'Tylar Campbell']",48,1020,13,2,t. n.,campbell,c,t. n. campbell,A5019981581,t campbell
A5018966580,https://orcid.org/0000-0003-1405-7502,William Wei,"['W. (Bill) Wei', 'W. Wei', 'Wei, William', 'William (Bill) Wei', 'William Wei', 'William X Wei', 'William X. Wei', 'William Xiaojun Wei']",91,877,18,14,william,wei,w,william wei,A5018966580,w wei
A5022871139,,Glenys M. Webster,"['G Webster', 'Glenys M. Webster', 'Glenys Webster', 'Glenys Webster*', 'Webster, Glenys Muriel']",63,3971,35,6,glenys m.,webster,w,glenys m. webster,A5022871139,g webster
A5105775114,,Brent Gowen,"['Brent E Gowen', 'Brent E. Gowen', 'Brent Gowen', 'Brent Gowen (375077)']",17,2178,13,7,brent,gowen,g,brent gowen,A5105775114,b gowen
A5112908065,,K. Michael Nolan,"['K. M. Nolan', 'K. Michael Nolan', 'K.M. Nolan', 'Kelly Nolan']",33,381,10,8,k. michael,nolan,n,k. michael nolan,A5112908065,k nolan
A5072178878,https://orcid.org/0000-0002-5382-9838,Tim James,"['Christopher P. Conlon', 'James, Tim', 'K Wray', 'T J JAMES', 'T James', 'T. James', 'T.J. James', 'Tim J James', 'Tim J. James', 'Tim James']",146,4549,34,26,tim,james,j,tim james,A5072178878,t james
A5061372389,https://orcid.org/0000-0001-5255-082X,Naomi K. Pleizier,"['N K Pleizier', 'N. K. Pleizier', 'Naomi K. Pleizier', 'Naomi Pleizier']",20,348,8,6,naomi k.,pleizier,p,naomi k. pleizier,A5061372389,n pleizier
A5012677942,,Roxanne Panchasi,['Roxanne Panchasi'],24,103,4,1,roxanne,panchasi,p,roxanne panchasi,A5012677942,r panchasi
A5089918134,https://orcid.org/0000-0003-2877-6268,Nadia O’Brien,"[""N O'Brien"", ""N. O'Brien"", ""Nadia O'Brien"", 'Nadia O’Brien', 'Nadia O’brien', ""O'Brien, Nadia""]",71,1968,23,20,nadia,o’brien,o,nadia o’brien,A5089918134,n o’brien
A5047263478,https://orcid.org/0000-0002-9972-9322,Kathleen Reed,"['K. J. Reed', 'KJ Reed', 'Kathleen J Reed', 'Kathleen J. Reed', 'Kathleen Reed', 'Reed, Kathleen']",210,4662,10,19,kathleen,reed,r,kathleen reed,A5047263478,k reed
A5008045262,https://orcid.org/0000-0003-3927-0297,Matthew Gould,"['Gould, Matthew', 'M. Gould', 'Matthew Gould', 'Matthew I. Gould']",60,394,12,9,matthew,gould,g,matthew gould,A5008045262,m gould
A5014597313,https://orcid.org/0000-0002-6644-6094,Valentina Pergher,"['Pergher, V.', 'Torkel Klingberg', 'Valentina Pergher']",24,371,10,7,valentina,pergher,p,valentina pergher,A5014597313,v pergher
A5100650007,https://orcid.org/0000-0002-3040-7755,Yitong Wang,"['Wang, Yi-Tong', 'Wang, Yitong', 'Yi-Tong WANG', 'Yi-Tong Wang', 'Yitong Wang']",86,817,16,43,yitong,wang,w,yitong wang,A5100650007,y wang
A5072752743,https://orcid.org/0000-0002-1575-8389,Jalal Taheri Kahnamouei,"['J. T Kahnamouei', 'J. Taheri Kahnamouei', 'Jalal Taheri Kahnamouei', 'Kahnamouei, Jalal Taheri']",17,212,7,7,jalal taheri,kahnamouei,k,jalal taheri kahnamouei,A5072752743,j kahnamouei
A5034142600,https://orcid.org/0000-0003-4913-5099,Rachel Canham,['Rachel Canham'],6,90,3,2,rachel,canham,c,rachel canham,A5034142600,r canham
A5034945173,,Shaila M. Gunn,"['Shaila Gunn', 'Shaila M. Gunn']",9,79,4,4,shaila m.,gunn,g,shaila m. gunn,A5034945173,s gunn
A5020705461,,Krista D. Socholotiuk,"['Krista D. Socholotiuk', 'Krista Socholotiuk', 'Socholotiuk, Krista Deanne']",9,115,5,2,krista d.,socholotiuk,s,krista d. socholotiuk,A5020705461,k socholotiuk
A5001856793,https://orcid.org/0000-0002-8338-4008,Anders Miltner,"['Anders Miltner', 'Miltner, Anders']",25,122,5,3,anders,miltner,m,anders miltner,A5001856793,a miltner
A5001819715,https://orcid.org/0000-0003-0924-6720,Hailong Huang,"['HAILONG HUANG', 'Hai-Long Huang', 'Hai-long Huang', 'Hailong Huang', 'Hongliang Bao', 'Huang, Hailong']",150,6728,33,40,hailong,huang,h,hailong huang,A5001819715,h huang
A5113746120,https://orcid.org/0009-0004-1202-9764,Zhang Yu,"['Z. Yu', 'Zhang Yu', 'Zhentao Yu']",57,417,10,23,zhang,yu,y,zhang yu,A5113746120,z yu
A5046691230,https://orcid.org/0000-0002-7477-5269,Amber Gigi Hoi,"['A. G. Hoi', 'Amber Gigi Hoi']",15,74,5,6,amber gigi,hoi,h,amber gigi hoi,A5046691230,a hoi
A5071123497,,Ange Cullen,"['Ange Cullen', 'Cullen, Ange']",7,44,3,7,ange,cullen,c,ange cullen,A5071123497,a cullen
A5068054316,https://orcid.org/0000-0002-8905-2370,V. Narasimharao Thota,"['Thota, V. Narasimharao', 'V. Narasimharao Thota', 'Venkata Thota']",12,91,6,3,v. narasimharao,thota,t,v. narasimharao thota,A5068054316,v thota
A5052505181,https://orcid.org/0000-0003-2973-4959,Minjie Deng,['Minjie Deng'],14,88,5,2,minjie,deng,d,minjie deng,A5052505181,m deng
A5025802885,https://orcid.org/0000-0002-1889-7843,Scott Cloutier,"['Cloutier, Scott', 'Scott A. Cloutier', 'Scott Cloutier']",55,2833,20,13,scott,cloutier,c,scott cloutier,A5025802885,s cloutier
A5018700398,https://orcid.org/0000-0002-2258-1091,Iman Tavassoly,"['I Tavassoly', 'I. Tavassoly', 'Iman Tavassoly', 'Tavassoly, Iman', 'Tavassoly, iman']",62,7599,20,13,iman,tavassoly,t,iman tavassoly,A5018700398,i tavassoly
A5018478383,https://orcid.org/0000-0003-4295-3339,Julie Hussin,"['Hussin, Julie', 'Hussin, Julie G.', 'J. Hussin', 'J.G. Hussin', 'JULIE HUSSIN', 'Julie G Hussin', 'Julie G. Hussin', 'Julie Hussin']",103,1749,20,18,julie,hussin,h,julie hussin,A5018478383,j hussin
A5034090516,https://orcid.org/0000-0001-6064-6952,Germana Barata,"['Barata, Germana', 'Barata, Germana Fernandes', 'Barata, Germana Fernandes, 1974-', 'GERMANA BARATA', 'Germana BARATA', 'Germana Barata', 'Germana Fernandes Barata']",123,253,9,17,germana,barata,b,germana barata,A5034090516,g barata
A5033873670,https://orcid.org/0000-0002-4867-2063,Matthew P. Cheng,"['Elaine Gilmara', 'M Cheng', 'M P Cheng', 'M. P. Cheng', 'Matthew Cheng', 'Matthew P Cheng', 'Matthew P. Cheng', 'Matthew Pellan Cheng']",244,11402,42,58,matthew p.,cheng,c,matthew p. cheng,A5033873670,m cheng
A5113792154,,Iris Guo,"['Iris Guo', 'Iris W. Guo']",7,24,2,3,iris,guo,g,iris guo,A5113792154,i guo
A5067369475,https://orcid.org/0000-0002-9252-9758,Lindsey A. Freeman,"['LINDSEY A. FREEMAN', 'Lindsey A Freeman', 'Lindsey A. Freeman', 'Lindsey Freeman']",39,69,3,2,lindsey a.,freeman,f,lindsey a. freeman,A5067369475,l freeman
A5075112881,https://orcid.org/0000-0001-6643-853X,Rose Murphy,['Rose Murphy'],16,673,7,4,rose,murphy,m,rose murphy,A5075112881,r murphy
A5034514284,,Ker C. Thomson,"['K. C. Thomson', 'K.C. Thomson', 'KER C. THOMSON', 'Ker C. Thomson', 'Ker. C. Thomson', 'Thomson, Ker C.', 'Thomson,Ker C.']",18,126,6,3,ker c.,thomson,t,ker c. thomson,A5034514284,k thomson
A5060365634,,Thierry Fassier,"['Fassier T', 'Fassier, T.', 'Fassier, Thierry', 'T. Fassier', 'Thierry Fassier']",56,248,7,6,thierry,fassier,f,thierry fassier,A5060365634,t fassier
A5095743851,https://orcid.org/0009-0006-7383-8105,Ali Ghorbanpour,"['Ali Ghorbanpour', 'Ghorbanpour, Ali']",8,5,1,3,ali,ghorbanpour,g,ali ghorbanpour,A5095743851,a ghorbanpour
A5098924829,https://orcid.org/0009-0009-3393-2617,Sarah Aufrère,"['Aufrère, Sarah M', 'Aufrère, Sarah M.', 'S M Aufrère', 'Sarah Aufrère', 'Sarah M Aufrère']",7,8,2,1,sarah,aufrère,a,sarah aufrère,A5098924829,s aufrère
A5086773488,https://orcid.org/0000-0002-9423-2181,Hanmeng Zhan,"['Hanmeng Zhan', 'Zhan, H.', 'Zhan, Hanmeng']",48,248,9,5,hanmeng,zhan,z,hanmeng zhan,A5086773488,h zhan
A5081474134,,Terry Waterhouse,['Terry Waterhouse'],8,739,7,3,terry,waterhouse,w,terry waterhouse,A5081474134,t waterhouse
A5025225135,,John Flores,"['John Flores', 'John Vincent Flores', 'John Vincent L. Flores', 'John Vincent Lobendino Flores']",8,12,2,3,john,flores,f,john flores,A5025225135,j flores
A5081124051,https://orcid.org/0000-0003-4958-7466,Debopam Das,"['Das, Debopam', 'Debopam Das', 'Luca Soldaini']",23,658,10,20,debopam,das,d,debopam das,A5081124051,d das
A5014727267,,Jeneva Beairsto,"['Beairsto, Jeneva', 'Jeneva Beairsto']",8,147,4,2,jeneva,beairsto,b,jeneva beairsto,A5014727267,j beairsto
A5031377249,https://orcid.org/0000-0001-5740-1874,Sabrina J. Abram,"['Sabrina Abram', 'Sabrina J. Abram']",15,291,7,2,sabrina j.,abram,a,sabrina j. abram,A5031377249,s abram
A5100757137,https://orcid.org/0000-0002-3327-5532,Ping Tan,"['P. Tan', 'Ping TAN', 'Ping Tan', 'Tan Ping', 'Tan, Ping']",142,689,13,26,ping,tan,t,ping tan,A5100757137,p tan
A5021090208,https://orcid.org/0000-0003-2203-1134,Javier Ruiz-Soler,"['Javier Ruiz-Soler', 'Ruiz-Soler, Javier']",14,79,4,2,javier,ruiz-soler,r,javier ruiz-soler,A5021090208,j ruiz-soler
A5054629615,https://orcid.org/0009-0002-2146-1028,Annie Hung,"['A. Hung', 'Annie Hung', 'Annie K Hung', 'Annie K. Hung', 'Annie Kwok Hung']",57,999,12,21,annie,hung,h,annie hung,A5054629615,a hung
A5089604487,https://orcid.org/0000-0002-7963-0667,Mary Bunka,['Mary Bunka'],14,164,4,6,mary,bunka,b,mary bunka,A5089604487,m bunka
A5068903371,,Maedeh Shojaeizadeh,"['Maedeh Shojaeizadeh', 'Shojaeizadeh, Maedeh']",8,26,3,1,maedeh,shojaeizadeh,s,maedeh shojaeizadeh,A5068903371,m shojaeizadeh
A5054337431,https://orcid.org/0000-0002-8645-2598,Chao Chun Liu,"['Chao Chun Liu', 'Liu, Chao Chun']",13,85,4,4,chao chun,liu,l,chao chun liu,A5054337431,c liu
A5100727024,https://orcid.org/0000-0003-3930-7037,Gustavo Silva,"['Adam Pinto', 'G Silva', 'G. Silva', 'GIOVANNA HELENA MIGUEL BELARMINO SILVA', 'GUSTAVO BARROS DA SILVA', 'GUSTAVO CASTRO DA SILVA', 'GUSTAVO LIMA E SILVA', 'GUSTAVO MOSSÂNEGA TEIXEIRA DA SILVA', 'GUSTAVO RODRIGUES LACERDA SILVA', 'GUSTAVO SILVA', 'Guilherme Novelli', 'Gustavo Armany Silva', 'Gustavo C. Silva', 'Gustavo Castro Ribeiro Ferreira Silva', 'Gustavo H.R. Silva', 'Gustavo Henrique Ramos e Silva', 'Gustavo Lourenço da Silva', 'Gustavo M. G. da Silva', 'Gustavo Marçal Gonçalves da Silva', 'Gustavo Matos da Silva', 'Gustavo Silva', 'Ribeiro Silva, Gustavo', 'Silva, G.', 'Silva, Gustavo', 'Silva, Gustavo Marçal Gonçalves da']",177,2005,25,48,gustavo,silva,s,gustavo silva,A5100727024,g silva
A5055393677,https://orcid.org/0000-0002-8588-3396,Sarah Lord Ferguson,"['Sarah Lord Ferguson', 'Sarah T. Lord Ferguson']",30,434,12,1,sarah lord,ferguson,f,sarah lord ferguson,A5055393677,s ferguson
A5021128859,https://orcid.org/0000-0002-7359-0721,S. P. Watkins,"['S P Watkins', 'S. P. Watkins', 'S. Watkins', 'S.P Watkins', 'S.P. Watkins', 'Simon P Watkins', 'Simon P. Watkins', 'Simon Watkins', 'Watkins, S', 'Watkins, S.', 'Watkins, S.P.']",196,3135,30,7,s. p.,watkins,w,s. p. watkins,A5021128859,s watkins
A5021002373,https://orcid.org/0000-0001-7116-246X,Evan E. Byrnes,"['Byrnes, Evan', 'Byrnes, Evan E.', 'E. E. Byrnes', 'Evan Byrnes', 'Evan E Byrnes', 'Evan E. Byrnes']",37,322,11,7,evan e.,byrnes,b,evan e. byrnes,A5021002373,e byrnes
A5079359533,https://orcid.org/0000-0003-2562-6141,Peter Bradshaw,"['Bradshaw, Peter', 'PETER J. BRADSHAW', 'Peter Bradshaw']",30,64,4,5,peter,bradshaw,b,peter bradshaw,A5079359533,p bradshaw
A5101904806,https://orcid.org/0000-0003-2128-3524,Su Hong Kim,"['Kim, Suhong', 'Su Hong Kim', 'Su-Hong Kim', 'Suhong Kim']",21,299,7,9,su hong,kim,k,su hong kim,A5101904806,s kim
A5086238117,,Huiqian Song,"['Huiqian Song', 'Song, Huiqian']",12,71,5,5,huiqian,song,s,huiqian song,A5086238117,h song
A5055001297,,Jayson Shurgold,"['Jayson H. Shurgold', 'Jayson Shurgold']",17,459,9,5,jayson,shurgold,s,jayson shurgold,A5055001297,j shurgold
A5032758010,,Sean La,"['La, Sean', 'Sean La']",6,92,2,3,sean,la,l,sean la,A5032758010,s la
A5040334153,,Boxi Yang,['Boxi Yang'],7,717,4,4,boxi,yang,y,boxi yang,A5040334153,b yang
A5103011819,https://orcid.org/0000-0002-6841-1127,Hien Nguyen,"['Hien Dang Phuoc Nguyen', 'Hien Nguyen', 'Nguyen, Hien']",26,383,8,10,hien,nguyen,n,hien nguyen,A5103011819,h nguyen
A5022121341,,Mathew Sutherland,"['Mathew L. Sutherland', 'Mathew Sutherland', 'Sutherland, Mathew']",9,42,4,2,mathew,sutherland,s,mathew sutherland,A5022121341,m sutherland
A5085084818,,Vicki Kelly,"['Kelly, Vicki', 'V. V. Kelly', 'Vicki Kelly']",15,31,4,2,vicki,kelly,k,vicki kelly,A5085084818,v kelly
A5020407266,,Jesse Schneider,"['Jesse M. Schneider', 'Jesse Michael Schneider', 'Jesse Schneider', 'Schneider,Jesse']",15,139,5,7,jesse,schneider,s,jesse schneider,A5020407266,j schneider
A5047700742,https://orcid.org/0000-0002-0995-3444,Stephen Melczer,"['Baryshnikov, Yuliy', 'Melczer, Stephen', 'S. Melczer', 'STEPHEN MELCZER', 'Stephen Melczer']",67,1279,9,13,stephen,melczer,m,stephen melczer,A5047700742,s melczer
A5019595229,https://orcid.org/0000-0002-8057-7066,Tim U. H. Baumeister,"['Baumeister, Tim U. H.', 'Tim U. H. Baumeister', 'Tim U.H. Baumeister']",19,268,9,4,tim u. h.,baumeister,b,tim u. h. baumeister,A5019595229,t baumeister
A5045728371,https://orcid.org/0000-0002-5486-4723,Eric Merkley,"['E. D. Merkley', 'E.D. Merkley', 'Eric D. Merkley', 'Eric Merkley', 'Merkley, Eric']",410,1807,21,21,eric,merkley,m,eric merkley,A5045728371,e merkley
A5038304841,https://orcid.org/0000-0001-6906-7578,Dennis Liu,"['D.Y.W. Liu', 'Dennis Liu', 'Dennis Y W Liu', 'Dennis Y. W Liu', 'Dennis Y. W. Liu', 'Dennis Y.W. Liu', 'Dou Liu']",78,493,11,19,dennis,liu,l,dennis liu,A5038304841,d liu
A5019897984,https://orcid.org/0009-0004-9350-4060,Yuning Su,"['Su, Yu-Ning', 'Yuning Su']",27,747,9,6,yuning,su,s,yuning su,A5019897984,y su
A5074381164,,Rachel Chimuka,['Rachel Chimuka'],12,0,0,1,rachel,chimuka,c,rachel chimuka,A5074381164,r chimuka
A5004979220,https://orcid.org/0000-0003-2786-1874,Neha Sharma,"['N Sharma', 'N. Sharma', 'NEHA SHARMA', 'Neha Sharma', 'Neha Sharma,', 'Priyanka']",195,2493,30,58,neha,sharma,s,neha sharma,A5004979220,n sharma
A5032575895,https://orcid.org/0000-0001-5964-7536,Sarah K. Thomsen,"['Jennifer Ruesink', 'Sarah K Thomsen', 'Sarah K. Thomsen', 'Sarah Thomsen']",14,118,7,8,sarah k.,thomsen,t,sarah k. thomsen,A5032575895,s thomsen
A5080932605,,Jaylene S. Pratt,"['JAYLENE S. PRATT', 'Jaylene Pratt', 'Jaylene S. Pratt', 'Pratt, Jaylene']",7,15,3,2,jaylene s.,pratt,p,jaylene s. pratt,A5080932605,j pratt
A5059302300,,Ekaterina Stogova,"['E Stogova', 'E. A. Stogova', 'Ekaterina Stogova', 'Stogova, Ekaterina']",6,9,1,3,ekaterina,stogova,s,ekaterina stogova,A5059302300,e stogova
A5076913086,https://orcid.org/0000-0002-2336-569X,Niannian Yu,"['N. N. Yu', 'N. Yu', 'Nian-Nian Yu', 'Niannian Yu', 'Yu, N.', 'Yu, Niannian']",41,657,15,10,niannian,yu,y,niannian yu,A5076913086,n yu
A5053361647,,Roland Sieghartsleitner,"['Roland Sieghartsleitner', 'Sieghartsleitner, Roland Gilbert']",20,237,5,4,roland,sieghartsleitner,s,roland sieghartsleitner,A5053361647,r sieghartsleitner
A5108585653,,Bonnie Henry,"['B HENRY', 'B Henry', 'B. Charles Henry', 'B. Henry', 'BONNIE HENRY', 'Bonnie Henry', 'Hanrahan', 'Henry B.', 'John Galbraith']",122,5905,34,42,bonnie,henry,h,bonnie henry,A5108585653,b henry
A5101702608,https://orcid.org/0000-0002-3221-4623,David Murphy,"['D MURPHY', 'D Murphy', 'D. J. Murphy', 'D. Murphy', 'David J Murphy', 'David J. Murphy', 'David Murphy', 'Murphy, David']",68,1133,15,30,david,murphy,m,david murphy,A5101702608,d murphy
A5002899881,https://orcid.org/0000-0003-1824-1331,Joshua M. Allen,"['Allen, Joshua M.', 'Joshua M. Allen']",9,16,2,2,joshua m.,allen,a,joshua m. allen,A5002899881,j allen
A5010208879,,Erica Chuang,"['Erica Chuang', 'Erica S.Y. Chuang', 'Erica SY Chuang']",10,198,6,5,erica,chuang,c,erica chuang,A5010208879,e chuang
A5045319866,https://orcid.org/0000-0002-5842-7723,John H. Herrick,"['Herrick, John', 'Herrick, John H.', 'J Herrick', 'J. Herrick', 'John H. Herrick', 'John Herrick']",401,1408,20,28,john h.,herrick,h,john h. herrick,A5045319866,j herrick
A5029698497,https://orcid.org/0000-0001-9329-1019,Ali Bhagat,"['Ali Bhagat', 'Ali H Bhagat']",33,381,9,4,ali,bhagat,b,ali bhagat,A5029698497,a bhagat
A5023765605,https://orcid.org/0000-0002-2341-6477,Hazra Imran,['Hazra Imran'],31,371,8,11,hazra,imran,i,hazra imran,A5023765605,h imran
A5070714748,https://orcid.org/0000-0001-8870-4851,W. A. MacFarlane,"['A. MacFarlane', 'A. Macfarlane', 'A. W. MacFarlane', 'MacFarlane, W. A.', 'MacFarlane, W. Andrew', 'MacFarlane, W.A.', 'Macfarlane, W. A.', 'W A MacFarlane', 'W. A. MACFARLANE', 'W. A. MacFarlane', 'W. A. Macfarlane', 'W. Andrew MacFarlane', 'W. Andrew Macfarlane', 'W. MacFarlane', 'W.A MacFarlane', 'W.A. MacFarlane', 'W.\u2009A. MacFarlane', 'William A. MacFarlane', 'William MacFarlane']",255,4934,35,34,w. a.,macfarlane,m,w. a. macfarlane,A5070714748,w macfarlane
A5012412464,https://orcid.org/0000-0003-2233-0919,Alex Mihailidis,"['A Mihailidis', 'A, Mihailidis', 'A. Mihailidis', 'ALEX MIHAILIDIS', 'Alex Mihailidis', 'Mihailidis A.', 'Mihailidis Alex', 'Mihailidis, A.', 'Mihailidis, Alex']",446,11646,52,29,alex,mihailidis,m,alex mihailidis,A5012412464,a mihailidis
A5054509444,https://orcid.org/0000-0001-5089-4071,Neil Boyd,"['Boyd, Neil', 'N. Boyd', 'Neil Boyd', 'Neil M. Boyd']",105,2274,23,9,neil,boyd,b,neil boyd,A5054509444,n boyd
A5075820550,https://orcid.org/0000-0003-0265-0667,David Clarke,"['Clarke, D.', 'Clarke, David', 'Clarke, David J.', 'D Clarke', 'D. Clarke', 'D. J. Clarke', 'D.J. Clarke', 'DAVID CLARKE', 'David Clarke', 'David Clarke (79349)', 'David J Clarke', 'David J. CLARKE', 'David J. Clarke', 'David John Clarke', 'Dj Clarke', 'Dr. David Clarke', 'Leonie Hayles', 'f f']",222,6431,33,17,david,clarke,c,david clarke,A5075820550,d clarke
A5013722595,https://orcid.org/0000-0003-3710-5773,Joseph H. Puyat,"['J. H. Puyat', 'J. Puyat', 'J.H. Puyat', 'JOSEPH H. PUYAT', 'Joseph H Puyat', 'Joseph H. Puyat', 'Joseph Puyat', 'Puyat, Joseph H.', 'Puyat, Joseph Hernandez']",117,1599,22,22,joseph h.,puyat,p,joseph h. puyat,A5013722595,j puyat
A5027657431,https://orcid.org/0000-0001-6333-1198,Stephen J. Havlovic,"['Havlovic, Stephen J.', 'STEPHEN J. HAVLOVIC', 'Stephen Havlovic', 'Stephen J. Havlovic']",23,959,10,5,stephen j.,havlovic,h,stephen j. havlovic,A5027657431,s havlovic
A5021664239,https://orcid.org/0000-0002-6418-4676,Peter Birks,"['P. Birks', 'Peter Birks', 'Peter C Birks', 'Peter C. Birks', 'Peter Crawford Birks']",31,119,6,8,peter,birks,b,peter birks,A5021664239,p birks
A5074222650,https://orcid.org/0000-0002-0090-5542,Ramis Rafay,"['Rafay, Ramis', 'Ramis Rafay']",10,89,4,2,ramis,rafay,r,ramis rafay,A5074222650,r rafay
A5001286110,https://orcid.org/0000-0003-0379-0100,Daniel J. Gibson,"['Alexandra D. Avera', 'D. Gibson', 'D. J. Gibson', 'D.J. Gibson', 'DANIEL GIBSON', 'Daniel Gibson', 'Daniel J Gibson', 'Daniel J. Gibson', 'Daniel James Gibson', 'Gibson, Daniel', 'Gibson, Daniel A. (author)', 'Gibson, Daniel J.']",101,3521,25,33,daniel j.,gibson,g,daniel j. gibson,A5001286110,d gibson
A5060135722,,Hossein Hajimirsadeghi,"['H. Hajimirsadeghi', 'Hajimirsadeghi, Hossein', 'Hossein Hajimirsadeghi']",43,535,11,3,hossein,hajimirsadeghi,h,hossein hajimirsadeghi,A5060135722,h hajimirsadeghi
A5010989172,https://orcid.org/0000-0003-3129-0664,Maurizio Palesi,"['M Palesi', 'M. Palesi', 'MAURIZIO PALESI', 'Maurizio Palesi', 'Palesi, Maurizio']",247,3985,30,22,maurizio,palesi,p,maurizio palesi,A5010989172,m palesi
A5070852636,,Álvaro Higueras,"['Alvaro Higueras', 'Higueras, Álvaro', 'Jimenez Higueras, A', 'Álvaro Higueras']",22,58,4,4,álvaro,higueras,h,álvaro higueras,A5070852636,á higueras
A5098879053,https://orcid.org/0009-0006-5249-3865,Sepehr Pandsheno,"['Pandsheno, Sepehr', 'Sepehr Pandsheno']",8,1,1,1,sepehr,pandsheno,p,sepehr pandsheno,A5098879053,s pandsheno
A5012701075,https://orcid.org/0000-0001-6421-7434,Natalie Prystajecky,"['N Prystajecky', 'N. Prystajecky', 'NATALIE PRYSTAJECKY', 'Natalie A Prystajecky', 'Natalie A. Prystajecky', 'Natalie Prystajecky', 'Prystajecky, Natalie', 'Prystajecky, Natalie A.', 'Prystajecky, Natalie Anne']",160,2789,26,26,natalie,prystajecky,p,natalie prystajecky,A5012701075,n prystajecky
A5086236800,https://orcid.org/0000-0002-5814-5777,Étienne Richer,"['E Richer', 'E. Richer', 'Etienne Richer', 'Richer, Etienne', 'Étienne Richer']",32,582,14,24,étienne,richer,r,étienne richer,A5086236800,é richer
A5054088513,https://orcid.org/0000-0002-8059-6152,Yue Chen,"['Chen, Yue', 'Yue Chen']",22,455,6,18,yue,chen,c,yue chen,A5054088513,y chen
A5062380176,https://orcid.org/0000-0002-3180-7451,Simon M. Lucas,"['James Keller', 'Lucas, Simon', 'Lucas, Simon M.', 'S Lucas', 'S. Lucas', 'S. M. LUCAS', 'S. M. Lucas', 'S.M. Lucas', 'S.M. Lucast', 'Simon Lucas', 'Simon M Lucas', 'Simon M. Lucas', 'Simon M. M. Lucas', 'Simon Mark Lucas']",357,9461,40,27,simon m.,lucas,l,simon m. lucas,A5062380176,s lucas
A5034546229,https://orcid.org/0009-0004-1361-4092,Alexandra Wieland,['Alexandra Wieland'],6,0,0,1,alexandra,wieland,w,alexandra wieland,A5034546229,a wieland
A5020892699,https://orcid.org/0000-0002-8822-6789,Jennifer Zerkee,"['Jennifer Zerkee', 'Jennifer Zerkee, Stephanie Savage', 'Zerkee, Jennifer']",20,15,2,1,jennifer,zerkee,z,jennifer zerkee,A5020892699,j zerkee
A5015428749,https://orcid.org/0000-0002-1215-4571,Lisa Y. Lin,"['L. Lin', 'Lisa Lin', 'Lisa Y. Lin']",50,350,10,10,lisa y.,lin,l,lisa y. lin,A5015428749,l lin
A5041841000,,Robert L. Williamson,"['R.L. Williamson', 'Robert L Williamson', 'Robert L. Williamson', 'Robert Williamson', 'Williamson, Robert L.']",36,324,8,10,robert l.,williamson,w,robert l. williamson,A5041841000,r williamson
A5101827388,https://orcid.org/0000-0003-3063-6723,Michael Chang,"['Chang, Michael', 'M C Chang', 'M Chang', 'M.C. Chang', 'Michael C Chang', 'Michael C. Chang', 'Michael C. J. Chang', 'Michael C. S. Chang', 'Michael C.S Chang', 'Michael C.S. Chang', 'Michael CHANG', 'Michael Chang', 'Michael Chao-Sheng Chang']",82,3095,22,31,michael,chang,c,michael chang,A5101827388,m chang
A5046589123,https://orcid.org/0000-0002-9841-6447,Hwee Hoon Tan,"['H H Tan', 'H. H. Tan', 'H.H. Tan', 'HWEE HOON TAN', 'Hwee H. Tan', 'Hwee Hoon', 'Hwee Hoon TAN', 'Hwee Hoon Tan', 'Hwee Tan', 'Hwee-Hoon Tan', 'Hwee-hoon Tan', 'TAN, Hwee Hoon', 'Tan Min Li Tan', 'Tan, Hwee Hoon.']",115,5536,27,5,hwee hoon,tan,t,hwee hoon tan,A5046589123,h tan
A5026015928,https://orcid.org/0000-0002-1365-8261,Richard J. Gonzalez,"['R Gonzalez', 'R. Gonzalez', 'R. J. Gonzalez', 'R. Johnston-González', 'R.J Gonzalez', 'R.J. Gonzalez', 'R.\xa0J. Gonzalez', 'Richard Gonzalez', 'Richard J Gonzalez', 'Richard J. Gonzalez', 'Richard Johnston González', 'Richard Johnston-González', 'Richard Johnston‐González', 'Richard\xa0J. Gonzalez']",85,2319,27,25,richard j.,gonzalez,g,richard j. gonzalez,A5026015928,r gonzalez
A5027878327,https://orcid.org/0000-0002-7807-3803,Jasleen Kaur,"['J. Kaur', 'Jasleen Kaur']",75,704,14,19,jasleen,kaur,k,jasleen kaur,A5027878327,j kaur
A5101860317,https://orcid.org/0000-0002-9344-4828,Jing Li,"['Jing LI', 'Jing Li', 'Li Jing', 'jing li']",69,258,6,22,jing,li,l,jing li,A5101860317,j li
A5114026072,,Mohammadreza Mohseni,"['Mohammadreza Mohseni', 'Mohseni, Mohammadreza']",6,18,2,6,mohammadreza,mohseni,m,mohammadreza mohseni,A5114026072,m mohseni
A5059939181,https://orcid.org/0000-0002-7650-012X,Anis Rahman,"['A. T. R. Rahman', 'Anis Rahman', 'Dr. Asim Rahman']",32,200,8,8,anis,rahman,r,anis rahman,A5059939181,a rahman
A5055637970,https://orcid.org/0000-0001-9210-3290,Lawrence C. Loh,"['L. LOH', 'L. Loh', 'L.C. Loh', 'Lawrence C Loh', 'Lawrence C. Loh', 'Lawrence Chew Loh', 'Lawrence Loh']",125,1011,15,30,lawrence c.,loh,l,lawrence c. loh,A5055637970,l loh
A5025234993,https://orcid.org/0000-0002-1623-9863,William Small,"['Charles R Thomas', 'Ehrenpreis, Eli Daniel', 'John P Hayes', 'Jr William Small', 'Small, W.', 'Small, William', 'W C Small', 'W Curtis Small', 'W SMALL', 'W Small', 'W. C. Small', 'W. Curtis Small', 'W. SMALL', 'W. Small', 'W. Small Jr', 'W.-C. Small', 'W.C. SMALL', 'W.C. Small', 'W.Curtis Small', 'WILLIAM C. SMALL', 'WILLIAM SMALL', 'William C. Small', 'William Small', 'William Small Jr', 'William Small Jr.', 'William Small, Jr.']",641,21113,69,93,william,small,s,william small,A5025234993,w small
A5109836311,,Paul Yeung,"['P. Yeung', 'P.P. Yeung', 'PAUL P. YEUNG', 'Paul P Yeung', 'Paul P. Yeung', 'Paul Yeung', 'Ronghua Yang', 'Yeung, P.']",110,3221,22,38,paul,yeung,y,paul yeung,A5109836311,p yeung
A5032619246,https://orcid.org/0000-0003-4239-7432,Nirodha Epasinghege Dona,"['Nirodha Epasinghege Dona', 'Nirodha, Epasinghege Dona']",9,16,2,1,nirodha epasinghege,dona,d,nirodha epasinghege dona,A5032619246,n dona
A5090603985,https://orcid.org/0000-0003-3008-712X,Hamideh Bayrampour,"['Bayrampour, Hamideh', 'H Bayrampour', 'H. Bayrampour', 'Hamideh Bayrampour']",58,2486,24,14,hamideh,bayrampour,b,hamideh bayrampour,A5090603985,h bayrampour
A5010289223,https://orcid.org/0000-0002-3726-6174,Marianna Tosato,"['M. Tosato', 'Marianna Tosato', 'Tosato, Marianna']",66,565,15,10,marianna,tosato,t,marianna tosato,A5010289223,m tosato
A5043410648,https://orcid.org/0000-0002-1968-9288,Javith Mohammed Jailani,"['Jailani, Javith Mohammed', 'Javith Mohammed Jailani']",9,116,4,3,javith mohammed,jailani,j,javith mohammed jailani,A5043410648,j jailani
A5101794446,https://orcid.org/0009-0000-5875-484X,Jun Song,"['Jun Liang Song', 'Jun Song', 'Song, Jun']",56,540,10,7,jun,song,s,jun song,A5101794446,j song
A5078101671,https://orcid.org/0000-0001-7405-5969,John M. Levis,"['J Levis', 'J.M. Levis', 'JOHN LEVIS', 'John  M. Levis', 'John Levis', 'John M Levis', 'John M. Levis', 'John Michael Levis', 'Levis, John', 'Levis, John M.', 'Levis, John Michael']",176,6042,31,14,john m.,levis,l,john m. levis,A5078101671,j levis
A5006193368,https://orcid.org/0000-0002-2741-0283,Diana Greene Foster,"['D FOSTER', 'D Foster', 'D Greene Foster', 'D. Foster', 'D. G. Foster', 'D. Greene Foster', 'D.G. Foster', 'Diana Foster', 'Diana G Foster', 'Diana G. Foster', 'Diana Greene Foster']",173,7600,50,30,diana greene,foster,f,diana greene foster,A5006193368,d foster
A5005398155,,R. R. Sitter,"['R R Sitter', 'R. R Sitter', 'R. R. SITTER', 'R. R. Sitter', 'R. Sitter', 'R.R Sitter', 'R.R. Sitter', 'RANDY R. SITTER', 'Randy R Sitter', 'Randy R. Sitter', 'Randy Sitter', 'Sitter, R. R.']",71,3096,30,9,r. r.,sitter,s,r. r. sitter,A5005398155,r sitter
A5055373870,https://orcid.org/0000-0003-3545-7505,Thomas Jennewein,"['Jennewein, T.', 'Jennewein, Thomas', 'T Jennewein', 'T. JENNEWEIN', 'T. Jennewein', 'THOMAS JENNEWEIN', 'Thomas D. Jennewein', 'Thomas Jennewein']",263,16353,51,20,thomas,jennewein,j,thomas jennewein,A5055373870,t jennewein
A5078475271,https://orcid.org/0000-0001-8283-2879,Milan Bergeron‐Brlek,"['Bergeron-Brlek, Milan', 'M. Bergeron-Brlek', 'Milan Bergeron-Brlek', 'Milan Bergeron‐Brlek']",38,726,11,4,milan,bergeron‐brlek,b,milan bergeron‐brlek,A5078475271,m bergeron‐brlek
A5012567312,https://orcid.org/0000-0002-5455-2551,Erin A. Hogg,"['ERIN A. HOGG', 'Erin A Hogg', 'Erin A. Hogg', 'Hogg, Erin A.']",17,44,3,1,erin a.,hogg,h,erin a. hogg,A5012567312,e hogg
A5006263355,https://orcid.org/0000-0003-2259-1908,J. A. Hoffer,"['Del Maestro', 'Hoffer, J. A.', 'J A Hoffer', 'J Hoffer', 'J. A. Hoffer', 'J. HOFFER', 'J. Hoffer', 'J.A. Hoffer', 'Joaquin Andres Hoffer', 'Joaquín A. Hoffer', 'Joaquín Andrés Hoffer']",82,4171,32,16,j. a.,hoffer,h,j. a. hoffer,A5006263355,j hoffer
A5068751110,https://orcid.org/0000-0001-7565-6889,Hang Ma,"['H Ma', 'H. Ma', 'H.H.M. Ma', 'HANG MA', 'Hang MA', 'Hang Ma', 'Hongmin Ma', 'Kun Zhang', 'M. A. Hang', 'Ma Hang', 'Ma, Hang', 'Xiaoduo Li', 'Xiaoli Ye', 'Xue Chai', 'Xuegang Li']",266,5642,40,41,hang,ma,m,hang ma,A5068751110,h ma
A5100718904,https://orcid.org/0000-0003-4136-7880,Xiaoya Zhang,"['Xiaoya Zhang', 'Yunpeng Qi', 'Zhang, Xiaoya']",52,703,10,20,xiaoya,zhang,z,xiaoya zhang,A5100718904,x zhang
A5091512022,,Medha Satish Kumar,"['Kumar, Medha Satish', 'Medha Satish Kumar']",14,91,2,3,medha satish,kumar,k,medha satish kumar,A5091512022,m kumar
A5110683846,,S.C. Reynolds,['S.C. Reynolds'],8,91,2,3,s.c.,reynolds,r,s.c. reynolds,A5110683846,s reynolds
A5085183264,https://orcid.org/0000-0002-5341-6881,Mohsen Javdani,"['Javdani, Mohsen', 'Mohsen Javdani']",33,215,9,7,mohsen,javdani,j,mohsen javdani,A5085183264,m javdani
A5047999240,https://orcid.org/0000-0003-4355-6319,Kelsey Lee,"['Kelsey Lee', 'Lee, Kelsey']",11,61,5,2,kelsey,lee,l,kelsey lee,A5047999240,k lee
A5070682181,https://orcid.org/0000-0002-3847-192X,Mitchell D. Morningstar,"['M. D. Morningstar', 'M.D. Morningstar', 'Mitchell D Morningstar', 'Mitchell D. Morningstar', 'Mitchell Morningstar', 'Morningstar, Mitchell David']",19,104,4,6,mitchell d.,morningstar,m,mitchell d. morningstar,A5070682181,m morningstar
A5087630902,https://orcid.org/0000-0002-4675-9202,Johannes Angermüller,"['Angermüller, Johannes', 'Angermüller, Johannes 1973-', 'Johannes Angermuller', 'Johannes Angermüller']",188,1361,18,61,johannes,angermüller,a,johannes angermüller,A5087630902,j angermüller
A5000752275,,Freya Zinovieff,['Freya Zinovieff'],12,7,2,2,freya,zinovieff,z,freya zinovieff,A5000752275,f zinovieff
A5067087907,https://orcid.org/0000-0003-3498-8769,Courtney van Ballegooie,['Courtney van Ballegooie'],15,191,8,7,courtney van,ballegooie,b,courtney van ballegooie,A5067087907,c ballegooie
A5080563032,https://orcid.org/0000-0003-3130-259X,Emma K Quinn,"['E. K. Quinn', 'E.K. Quinn', 'Emma K Quinn', 'Emma K. Quinn', 'Emma Kathleen Quinn', 'Emma Quinn']",23,152,5,10,emma k,quinn,q,emma k quinn,A5080563032,e quinn
A5113508240,,K. A. O’Donnell,"[""K A O'Donnell"", ""K. A. O'Donnell"", ""K. A. O'donnell"", 'K. A. O’Donnell', 'K. A. O’donnell', ""K.A. O'Donnell"", ""Kevin A O'Donnell"", ""Kevin A. O'Donnell"", 'Kevin A. O’Donnell', ""Kevin O'Donnell"", 'Kevin ODonnell', 'Kevin O’Donnell']",87,1936,22,12,k. a.,o’donnell,o,k. a. o’donnell,A5113508240,k o’donnell
A5100409186,https://orcid.org/0000-0001-6705-3535,Yingjie Chen,"['Chen, Yingjie', 'Chen, Yingjie Victor', 'Chen,Yingjie', 'Victor Y Chen', 'Victor Y. Chen', 'Yingjie CHEN', 'Yingjie Chen', 'Yingjie V Chen', 'Yingjie V. Chen', 'Yingjie Victor Chen', '福建師範大學文學院閩江學者講座教授、首都師範大學文學院教授']",264,2429,25,70,yingjie,chen,c,yingjie chen,A5100409186,y chen
A5089598792,https://orcid.org/0000-0003-3701-7386,Philippe Fernandez‐Fournier,"['Florian Altermatt', 'Philippe Fernandez-Fournier', 'Philippe Fernandez‐Fournier']",9,111,6,3,philippe,fernandez‐fournier,f,philippe fernandez‐fournier,A5089598792,p fernandez‐fournier
A5027589565,https://orcid.org/0000-0002-8214-5283,Fernanda Craveiro Franco,"['F FRANCO', 'F. Franco', 'Fernanda C. Franco', 'Fernanda Carvalho Franco', 'Fernanda Craveiro Franco', 'Fernanda Franco', 'Franco, Fernanda Craveiro']",47,287,10,9,fernanda craveiro,franco,f,fernanda craveiro franco,A5027589565,f franco
A5043348871,https://orcid.org/0009-0001-6713-1721,Alois Sieben,['Alois Sieben'],6,5,2,5,alois,sieben,s,alois sieben,A5043348871,a sieben
A5058329677,https://orcid.org/0009-0004-0513-9594,May Farrales,"['Farrales, May', 'Farrales, May Leanne', 'May Farrales', 'May L. Farrales']",20,160,6,4,may,farrales,f,may farrales,A5058329677,m farrales
A5062407012,https://orcid.org/0000-0002-5777-036X,Rupak Chatterjee,"['Chatterjee, Rupak', 'Rupak Chatterjee']",61,250,9,7,rupak,chatterjee,c,rupak chatterjee,A5062407012,r chatterjee
A5056468452,https://orcid.org/0000-0003-2774-4395,Megan Barker,"['Barker, Megan', 'M Barker', 'Megan Barker', 'Megan K. Barker', 'Megan Kayte Barker']",22,523,9,8,megan,barker,b,megan barker,A5056468452,m barker
A5073840886,,John‐Henry Harter,"['John-Henry Harter', 'John‐Henry Harter']",16,41,2,1,john‐henry,harter,h,john‐henry harter,A5073840886,j harter
A5038675804,https://orcid.org/0000-0002-1687-8972,Johnathan Wong,"['J.Y. Wong', 'Johnathan Wong', 'Wong, Johnathan']",42,623,11,7,johnathan,wong,w,johnathan wong,A5038675804,j wong
A5066136575,https://orcid.org/0000-0003-0477-7987,Payman Nickchi,"['Nickchi, Payman', 'Payman Nickchi']",20,65,4,6,payman,nickchi,n,payman nickchi,A5066136575,p nickchi
A5087315313,,David C. Twichell VeeAnn A. Cross,"['Cross,D. C.', 'D. C. Cross', 'D. CROSS', 'D. Cross', 'David C. Cross', 'David C. Twichell VeeAnn A. Cross']",57,23,3,4,david c. twichell veeann a.,cross,c,david c. twichell veeann a. cross,A5087315313,d cross
A5109888880,,W C Hsiao,"['W C Hsiao', 'W Hsiao', 'W. Hsiao', 'Wen Chin Hsiao']",11,205,7,3,w c,hsiao,h,w c hsiao,A5109888880,w hsiao
A5053032056,https://orcid.org/0000-0001-9984-7524,Cara Grace Tremain,"['Cara G. Tremain', 'Cara Grace Tremain', 'Cara Tremain', 'Tremain, Cara G', 'Tremain, Cara G.', 'Tremain, Cara Grace']",22,42,3,6,cara grace,tremain,t,cara grace tremain,A5053032056,c tremain
A5086578132,https://orcid.org/0000-0001-5042-7932,Inna Sekirov,"['I Sekirov', 'I. Sekirov', 'Inna Sekirov', 'Sekirov, Inna']",109,9319,22,16,inna,sekirov,s,inna sekirov,A5086578132,i sekirov
A5090358577,https://orcid.org/0000-0002-8054-0968,Xiao Zhang,"['X.P. Zhang', 'XIAO ZHANG', 'Xiao Xiao Zhang', 'Xiao ZHANG', 'Xiao Zhang', 'Xiao Zhang, Yi Wang', 'ZHANG, Xiao', 'Zhang, Xiao', 'Zhang, Xiao Xiao']",130,1297,21,82,xiao,zhang,z,xiao zhang,A5090358577,x zhang
A5083661805,https://orcid.org/0000-0003-3040-923X,Spencer Kiy,"['Kiy, Spencer', 'S Kiy', 'S. Kiy', 'Spencer Kiy']",12,25,3,4,spencer,kiy,k,spencer kiy,A5083661805,s kiy
A5048323875,https://orcid.org/0000-0002-3954-7754,I. C. Rea,"['I. C. Rea', 'I.C. Rea', 'I.\u2009C. Rea', 'Immacolata Carmen Rea', 'Immacolata Rea', 'Rea, I. C.', 'Rea, Immacolata Carmen', 'Rehman, A.']",201,5585,34,34,i. c.,rea,r,i. c. rea,A5048323875,i rea
A5052389821,,Fernando G. De Maio,"['F G De Maio', 'F. G. De Maio', 'F.G. De Maio', 'Fernando G De Maio', 'Fernando G. De Maio', 'Fernando G. de Maio']",32,1325,13,8,fernando g. de,maio,m,fernando g. de maio,A5052389821,f maio
A5064557664,https://orcid.org/0000-0002-2811-1859,Sakshi Gautam,"['Gautam, S.', 'Gautam, Sakshi', 'S. Gautam', 'SAKSHI GAUTAM', 'Sakshi Gautam']",127,734,14,12,sakshi,gautam,g,sakshi gautam,A5064557664,s gautam
A5000296592,,J J Clague,"['Clague, J J', 'Clague, John J.', 'J\nJ Clague', 'J Clague', 'J J Clague', 'J. J. Clague', 'J.J. Clague']",45,146,7,1,j j,clague,c,j j clague,A5000296592,j clague
A5072339217,https://orcid.org/0000-0001-9451-4421,Philip Overton,"['Overton, Philip', 'Philip Overton']",14,94,5,5,philip,overton,o,philip overton,A5072339217,p overton
A5085109097,https://orcid.org/0000-0003-4209-9937,Milan Pavlı́k,"['M Pavlik', 'M Pavlík', 'M. PAVLIK', 'M. PAVLÍK', 'M. Pavlik', 'M. Pavlík', 'M. Pavlı́k', 'Milan PAVLÍK', 'Milan Pavlík', 'Milan Pavlı́k']",89,1619,22,14,milan,pavlı́k,p,milan pavlı́k,A5085109097,m pavlı́k
A5087651233,https://orcid.org/0000-0001-9672-2726,Shoaleh Bigdeli,"['Bigdeli, Shoaleh', 'Shoaleh Bigdeli']",95,786,17,5,shoaleh,bigdeli,b,shoaleh bigdeli,A5087651233,s bigdeli
A5053771245,https://orcid.org/0000-0003-1724-5947,Chuancong Gao,['Chuancong Gao'],10,134,7,3,chuancong,gao,g,chuancong gao,A5053771245,c gao
A5115593670,,Weiping Shen,"['W P Shen', 'W Shen', 'W. P. Shen', 'W. SHEN', 'W. Shen', 'W.P. Violet Shen', 'Wei-Ping Shen', 'Weiping Shen']",55,3436,32,38,weiping,shen,s,weiping shen,A5115593670,w shen
A5048622314,https://orcid.org/0000-0001-7048-781X,Martin Degeling,"['Degeling, Martin', 'Martin Degeling']",63,1588,17,13,martin,degeling,d,martin degeling,A5048622314,m degeling
A5071037562,https://orcid.org/0000-0002-5424-804X,Jeffrey A. van Santen,"['Jeffrey A van\xa0Santen', 'Jeffrey A. van Santen', 'Jeffrey\xa0A van\xa0Santen', 'Santen, Jeffrey A. Van', 'Van Santen, Jeffrey A.']",25,2461,13,6,jeffrey a. van,santen,s,jeffrey a. van santen,A5071037562,j santen
A5055573228,https://orcid.org/0000-0002-4111-2899,Albert Logtenberg,"['Albert Logtenberg', 'Logtenberg, A.', 'Logtenberg, Albert']",26,219,7,8,albert,logtenberg,l,albert logtenberg,A5055573228,a logtenberg
A5037667733,https://orcid.org/0000-0002-7230-579X,Anastasios D. Asimakopoulos,"['A Asimakopoulos', 'A D Asimakopoulos', 'A. Asimakopoulos', 'A. D Asimakopoulos', 'A.D Asimakopoulos', 'A.D. Asimakopoulos', 'Anastasios ASIMAKOPOULOS', 'Anastasios Asimakopoulos', 'Anastasios D Asimakopoulos', 'Anastasios D. Asimakopoulos', 'Asimakopoulos ANASTASIOS', 'Asimakopoulos, Anastasios']",131,2155,24,15,anastasios d.,asimakopoulos,a,anastasios d. asimakopoulos,A5037667733,a asimakopoulos
A5053839462,,Nikolas Kokan,['Nikolas Kokan'],8,2,1,2,nikolas,kokan,k,nikolas kokan,A5053839462,n kokan
A5087495098,https://orcid.org/0000-0001-8262-9299,Elena V. Dolgosheina,"['Elena Dolgosheina', 'Elena V Dolgosheina', 'Elena V. Dolgosheina', 'Elena\xa0V Dolgosheina']",11,1186,8,1,elena v.,dolgosheina,d,elena v. dolgosheina,A5087495098,e dolgosheina
A5014829588,https://orcid.org/0000-0003-1329-8275,Sarah Savić-Kallesøe,"['Sarah A Savic Kallesoe', 'Sarah Savić Kallesøe', 'Sarah Savić-Kallesøe']",7,24,3,5,sarah,savić-kallesøe,s,sarah savić-kallesøe,A5014829588,s savić-kallesøe
A5076676604,https://orcid.org/0000-0002-2753-2627,Kam Phung,"['K. D. Phung', 'Kam Phung', 'Tiffany Johnson']",30,211,6,6,kam,phung,p,kam phung,A5076676604,k phung
A5029304681,https://orcid.org/0009-0001-2594-0619,Kiarash Zahirnia,"['Kiarash Zahirnia', 'Zahirnia, Kiarash']",12,49,3,2,kiarash,zahirnia,z,kiarash zahirnia,A5029304681,k zahirnia
A5088579911,https://orcid.org/0000-0001-5730-6498,Eric Y. Mah,"['Eric Mah', 'Eric Y Mah', 'Eric Y. Mah', 'Mah, Eric', 'Mah, Eric Y']",40,143,6,4,eric y.,mah,m,eric y. mah,A5088579911,e mah
A5078076504,https://orcid.org/0000-0001-5810-5807,Janet Weiner,"['Akira Babazono', 'J Weiner', 'J. Weiner', 'Janet Weiner']",77,1743,15,23,janet,weiner,w,janet weiner,A5078076504,j weiner
A5030492623,https://orcid.org/0000-0002-7989-1963,Sajin Koroth,"['Koroth, Sajin', 'Sajin Koroth']",21,22,3,4,sajin,koroth,k,sajin koroth,A5030492623,s koroth
A5071258505,,Marie‐Françoise Malo,"['Marie-Françoise A. Malo', 'Marie-Françoise Malo', 'Marie‐Françoise Malo']",20,64,5,4,marie‐françoise,malo,m,marie‐françoise malo,A5071258505,m malo
A5053111557,https://orcid.org/0000-0002-8127-2643,Farinaz Safavi,['Farinaz Safavi'],39,2387,17,20,farinaz,safavi,s,farinaz safavi,A5053111557,f safavi
A5052545292,https://orcid.org/0000-0001-5400-8997,Paleah Black,"['Black, Paleah', 'Paleah Black', 'Paleah L. Black']",15,203,8,8,paleah,black,b,paleah black,A5052545292,p black
A5050640673,https://orcid.org/0000-0003-0967-3175,Matthew R. Laird,"['Laird, Matthew', 'M Laird', 'M. R. Laird', 'Matthew Laird', 'Matthew R Laird', 'Matthew R. Laird']",31,12164,19,7,matthew r.,laird,l,matthew r. laird,A5050640673,m laird
A5043617083,https://orcid.org/0009-0008-5065-6020,David Sweet,"['D Sweet', 'D. D. Sweet', 'D. Sweet', 'DAVID SWEET', 'David D Sweet', 'David D. Sweet', 'David Sweet', 'Sweet, David']",103,1725,22,49,david,sweet,s,david sweet,A5043617083,d sweet
A5055261375,https://orcid.org/0000-0002-0683-2997,Anne Ross,"['A. C. Ross', 'A. Ross', 'ANNE ROSS', 'ANNIE ROSS', 'Anne Ross', 'Annie Ross', 'Ross, Anne']",136,1034,18,10,anne,ross,r,anne ross,A5055261375,a ross
A5024874321,,Abeline R. Watkins,"['Abeline R Watkins', 'Abeline R. Watkins', 'Abeline Rose Watkins', 'Abeline WATKINS', 'Abeline Watkins']",18,231,7,3,abeline r.,watkins,w,abeline r. watkins,A5024874321,a watkins
A5083764913,https://orcid.org/0000-0002-4913-9914,Zhongchen Zhang,"['ZHONGCHEN ZHANG', 'Zhang Zhong-chen', 'Zhang, Zhongchen', 'Zhong-chen ZHANG', 'Zhong-chen Zhang', 'Zhongchen Zhang']",107,1383,20,20,zhongchen,zhang,z,zhongchen zhang,A5083764913,z zhang
A5003318235,https://orcid.org/0000-0001-5062-694X,Carl‐Johan Carling,"['Carl-Johan Carling', 'Carling, C.-J.', 'Carl‐Johan Carling']",23,1669,16,13,carl‐johan,carling,c,carl‐johan carling,A5003318235,c carling
A5030389308,,Pascal Schmidt,['Pascal Schmidt'],8,333,4,3,pascal,schmidt,s,pascal schmidt,A5030389308,p schmidt
A5007344054,https://orcid.org/0000-0001-9227-1358,Josh Neudorf,"['J Neudorf', 'Josh Neudorf', 'Neudorf, Josh']",58,270,10,7,josh,neudorf,n,josh neudorf,A5007344054,j neudorf
A5067805064,https://orcid.org/0000-0002-2706-857X,Laleh Mohtashemi,"['L. Mohtashemi', 'Laleh Mohtashemi', 'Mohtashemi, Laleh']",13,49,3,1,laleh,mohtashemi,m,laleh mohtashemi,A5067805064,l mohtashemi
A5074611682,,Marc Zibung,"['Marc Zibung', 'Zibung, Marc Raphael']",46,547,9,4,marc,zibung,z,marc zibung,A5074611682,m zibung
A5066317411,,Roderick D. Iverson,"['Iverson, Roderick D.', 'R. D. Iverson', 'RODERICK D. IVERSON', 'Rick D. Iverson', 'Roderick D Iverson', 'Roderick D. Iverson', 'Roderick Iverson']",84,6578,33,4,roderick d.,iverson,i,roderick d. iverson,A5066317411,r iverson
A5007437645,https://orcid.org/0000-0002-1232-4593,Kevin Huang,"['Huang, Kevin', 'Huang, Kevin [Export, PA]; Ruka, Roswell J [Pittsburgh, PA]', 'Huang, Kevin; Roeder, Jeffrey F.; Zeberoff, Anthony F.', 'Huang, Kevin; Zhu, Kaiyue', 'K HUANG', 'K Huang', 'K. HUANG', 'K. Huang', 'K.S. Huang', 'Ke-qin Huang', 'Kelvin Huang', 'Keqin Huang', 'Kevin Huang']",472,13959,60,39,kevin,huang,h,kevin huang,A5007437645,k huang
A5034239796,,Henrietta Chinelo Ezegbe,"['Ezegbe, Henrietta Chinelo', 'Henrietta Chinelo Ezegbe', 'Henrietta Ezegbe']",11,113,4,2,henrietta chinelo,ezegbe,e,henrietta chinelo ezegbe,A5034239796,h ezegbe
A5049929366,https://orcid.org/0000-0003-3239-1256,Jay Maloney,"['J. E. Maloney', 'Jay Maloney', 'Maloney, Jay']",16,47,3,17,jay,maloney,m,jay maloney,A5049929366,j maloney
A5013562664,https://orcid.org/0000-0002-7746-4191,Wuyang Chen,"['CHEN Wuyang', 'Chen Wuyang', 'Chen, Wuyang', 'Wuyang CHEN', 'Wuyang Chen']",111,2903,26,27,wuyang,chen,c,wuyang chen,A5013562664,w chen
A5100405601,https://orcid.org/0000-0003-2107-4765,Hong Xie,"['H. Xie', 'Hong Xie']",26,84,6,13,hong,xie,x,hong xie,A5100405601,h xie
A5048204605,,Karène Proulx‐Boucher,"['Karene Proulx-Boucher', 'Karène Proulx-Boucher', 'Karène Proulx‐Boucher']",46,1007,14,11,karène,proulx‐boucher,p,karène proulx‐boucher,A5048204605,k proulx‐boucher
A5002907434,https://orcid.org/0000-0001-6884-8815,H. Uri Saragovi,"['H Saragovi', 'H U Saragovi', 'H Uri Saragovi', 'H. Saragovi', 'H. U. Saragovi', 'H. URI SARAGOVI', 'H. Uri Saragovi', 'H.U Saragovi', 'H.U. Saragovi', 'H.Uri Saragovi', 'Horacio U. Saragovi', 'Horacio Uri Saragovi', 'Uri Saragovi']",166,5741,45,27,h. uri,saragovi,s,h. uri saragovi,A5002907434,h saragovi
A5002454592,,Andrew Harries,"['A D Harries', 'A. D. Harries', 'A.D. Harries', 'Andrew Harries']",7,17,1,2,andrew,harries,h,andrew harries,A5002454592,a harries
A5109306062,,Moore Jw,"['J W MOORE', 'J W Moore', 'JW MOORE', 'JW Moore', 'Jonathan Moore', 'Moore Jw']",29,569,9,7,moore,jw,j,moore jw,A5109306062,m jw
A5109939586,,Herbert G. Grubel,"['GRUBEL, H.G.', 'H. G. GRUBEL', 'H. G. Grubel', 'H. Grubel*', 'H. Grübel', 'H.G. Grubel', 'HERBERT G. GRUBEL', 'Herbert  G. Grubel', 'Herbert G Grubel', 'Herbert G. Grubel', 'Herbert Grubel']",253,6420,30,17,herbert g.,grubel,g,herbert g. grubel,A5109939586,h grubel
A5006979698,https://orcid.org/0000-0001-8436-1783,Grant D. Zazula,"['Dick Mol', 'G. Zazula', 'G.D. Zazula', 'GRANT D. ZAZULA', 'Grant D Zazula', 'Grant D. Zazula', 'Grant Zazula', 'Zazula, G.', 'Zazula, Grant', 'Zazula, Grant D.', 'Zazula, Grant Daniel.']",124,9095,44,14,grant d.,zazula,z,grant d. zazula,A5006979698,g zazula
A5100364081,https://orcid.org/0000-0002-0893-0697,Peng Zhang,"['Jie-Qiong Jin', 'Peng Zhang', 'Zhang, Peng']",26,513,7,17,peng,zhang,z,peng zhang,A5100364081,p zhang
A5047783624,,Alexander Clow,"['Alexander Clow', 'Clow, A.', 'Clow, Alexander']",20,4,1,2,alexander,clow,c,alexander clow,A5047783624,a clow
A5063223919,https://orcid.org/0009-0008-3939-9019,Shayna Stein,"['S Stein', 'S. Stein', 'S.H. Stein', 'SHAYNA STEIN', 'Shayna R. Stein', 'Shayna Stein']",118,1698,13,12,shayna,stein,s,shayna stein,A5063223919,s stein
A5101655782,https://orcid.org/0000-0002-4743-6659,Patricia Smith,"['P Smith', 'P. Smith', 'P.A. Smith', 'PATRICIA ANNE SMITH', 'PATRICIA SMITH', 'Patricia A Smith', 'Patricia A. Smith', 'Patricia Anne Smith', 'Patricia Smith', 'Smith, Patricia', 'Smith, Patricia M.']",73,2474,17,20,patricia,smith,s,patricia smith,A5101655782,p smith
A5000907740,https://orcid.org/0000-0003-0741-5615,Daniel Pelletier,"['D Pelletier', 'D. Pelletier', 'Daniel Pelletier', 'Pelletier', 'Pelletier, D.', 'Pelletier, Daniel']",186,9499,49,53,daniel,pelletier,p,daniel pelletier,A5000907740,d pelletier
A5071499192,,Michael De Danann Sitka-Sage,"['Michael De Danann Sitka-Sage', 'Michael Sitka-Sage', 'Sitka-Sage, Michael D.']",9,142,5,2,michael de danann,sitka-sage,s,michael de danann sitka-sage,A5071499192,m sitka-sage
A5053710126,,Samineh Deheshi,"['S Deheshi', 'S. Deheshi', 'Samineh Deheshi']",32,719,11,14,samineh,deheshi,d,samineh deheshi,A5053710126,s deheshi
A5114055326,,M.N. Prentice,"['M. N. Prentice', 'M.N. Prentice', 'Makaela Prentice']",8,281,6,5,m.n.,prentice,p,m.n. prentice,A5114055326,m prentice
A5051531603,https://orcid.org/0000-0001-7080-9364,Dilson E. Rassier,"['D E Rassier', 'D. E. RASSIER', 'D. E. Rassier', 'D. Rassier', 'D.E. Rassier', 'Dilson E Rassier', 'Dilson E. Rassier', 'Dilson Etcheverry Rassier', 'Dilson J. E. Rassier', 'Dilson Rassier', 'Dilson\xa0E. Rassier', 'Rassier, Dilson E.']",164,4911,40,15,dilson e.,rassier,r,dilson e. rassier,A5051531603,d rassier
A5088186926,https://orcid.org/0000-0002-4052-914X,Ruijie Jiang,"['Jiang, Ruijie', 'Rui-Jie Jiang', 'Rui-jie Jiang', 'Ruijie Jiang']",29,93,5,9,ruijie,jiang,j,ruijie jiang,A5088186926,r jiang
A5107361748,https://orcid.org/0000-0003-4431-8400,D. P. Kisliuk,"['Burton, CD', 'C. Kitsaki', 'Calafiura, P', 'D. Kisliuk', 'D. P. Kisliuk', 'D.P. Kisliuk', 'D.\u2009P. Kisliuk', 'Dylan Perry Kisliuk', 'Kisliuk, Dylan Perry', 'Klapdor-kleingrothaus, Thorwald', 'Klein, Max', 'Klein, Uta', 'Klitzner, Felix Fidelio']",121,3388,30,6,d. p.,kisliuk,k,d. p. kisliuk,A5107361748,d kisliuk
A5084090230,https://orcid.org/0000-0002-9036-3352,Behnaz Bahmei,"['B. Bahmei', 'Bahmei, Behnaz', 'Behnaz Bahmei']",6,156,2,1,behnaz,bahmei,b,behnaz bahmei,A5084090230,b bahmei
A5059233436,https://orcid.org/0000-0003-4390-2373,A. Mani,"['A Mani', 'A. MANI', 'A. Mani', 'A.M. MANI', 'Anahita Mani']",41,424,10,8,a.,mani,m,a. mani,A5059233436,a mani
A5008187712,https://orcid.org/0000-0002-5074-6463,Hafiz M. U. Raza,"['Hafiz M. U. Raza', 'Hafiz M.U. Raza', 'Hafiz MU Raza', 'Hafiz Muhammad Umar Raza']",8,156,5,2,hafiz m. u.,raza,r,hafiz m. u. raza,A5008187712,h raza
A5074620396,https://orcid.org/0000-0003-0058-6569,Eveling A. Tavera,"['Eveling  A. Tavera', 'Eveling A. Tavera', 'Tavera, Eveling A.']",9,47,4,4,eveling a.,tavera,t,eveling a. tavera,A5074620396,e tavera
A5032056032,https://orcid.org/0000-0001-9245-2976,Siying Duan,"['DUAN Siying', 'Siying Duan']",13,298,4,6,siying,duan,d,siying duan,A5032056032,s duan
A5062236313,https://orcid.org/0000-0001-6895-3332,Muhammad Asjad,"['Asjad, M.', 'Asjad, Muhammad', 'M Asjad', 'M. Asjad', 'Muhammad Asjad', 'Muhammad Muhammad Asjad']",84,1993,23,9,muhammad,asjad,a,muhammad asjad,A5062236313,m asjad
A5079409504,https://orcid.org/0000-0002-4788-0020,Matthew Horrigan,"['Horrigan, Matthew', 'Matthew Horrigan']",6,4,1,1,matthew,horrigan,h,matthew horrigan,A5079409504,m horrigan
A5100600279,https://orcid.org/0000-0002-4901-5866,Yizhou Chen,"['Chen, Yizhou', 'Xiaonan Wang', 'Yizhou Chen']",23,315,9,11,yizhou,chen,c,yizhou chen,A5100600279,y chen
A5030343285,https://orcid.org/0000-0001-7391-5189,Isabelle Dorsch,"['Dorsch, Isabelle', 'Isabelle Dorsch']",41,279,9,8,isabelle,dorsch,d,isabelle dorsch,A5030343285,i dorsch
A5060615309,https://orcid.org/0000-0003-1497-4271,Sheena Tan,"['S Tan', 'Seng Chee TAN', 'Sheena Tan', 'Tan, Seng Chee', 'Tan, Seng Chee, 1965-']",11,31,2,5,sheena,tan,t,sheena tan,A5060615309,s tan
A5007663639,https://orcid.org/0000-0003-3406-8743,Magdalena Boucher,"['Boucher, Magdalena', 'M. Boucher', 'Magdalena Boucher']",18,106,5,4,magdalena,boucher,b,magdalena boucher,A5007663639,m boucher
A5035229155,,Matthew Horrigan,"['Fitzsimons, Lorna', 'Horrigan, Matthew', 'M Horrigan', 'M. Horrigan', 'Matthew Horrigan']",14,124,4,5,matthew,horrigan,h,matthew horrigan,A5035229155,m horrigan
A5100371434,https://orcid.org/0000-0002-1337-1105,Brian Lee,"['B Lee', 'B. Lee', 'B.- Lee', 'Brian Lee', 'Brian Lee,', 'Brian R Lee', 'Brian R. Lee', 'Brian\xa0R. Lee', 'Holly Maples', 'J Martinez', 'LEE, Brian', 'Lee, Brian', 'N Mehta']",581,7506,44,155,brian,lee,l,brian lee,A5100371434,b lee
A5000765108,https://orcid.org/0000-0003-2362-8768,Noah Frazier-Logue,"['Frazier-Logue, Noah', 'Noah Frazier-Logue']",7,66,4,4,noah,frazier-logue,f,noah frazier-logue,A5000765108,n frazier-logue
A5041498542,,W Hahm,"['W Hahm', 'W Jesse Hahm']",12,2,1,1,w,hahm,h,w hahm,A5041498542,w hahm
A5049566223,https://orcid.org/0000-0001-6231-2091,Fouad Brahimi,['Fouad Brahimi'],36,912,20,10,fouad,brahimi,b,fouad brahimi,A5049566223,f brahimi
A5036368463,https://orcid.org/0000-0003-0358-7284,Ariel K. Frame,"['A.K. Frame', 'Ariel  K. Frame', 'Ariel Frame', 'Ariel K. Frame']",17,238,7,5,ariel k.,frame,f,ariel k. frame,A5036368463,a frame
A5081709547,,Richard Buttny,"['RICHARD BUTTNY', 'Richard Buttny']",59,1633,19,49,richard,buttny,b,richard buttny,A5081709547,r buttny
A5042123340,https://orcid.org/0000-0002-2700-7689,Erique Zhang,['Erique Zhang'],10,52,5,2,erique,zhang,z,erique zhang,A5042123340,e zhang
A5108552365,,Udit Pareek,"['Pareek, Udit', 'U. Pareek', 'Udit Pareek']",31,237,10,2,udit,pareek,p,udit pareek,A5108552365,u pareek
A5100636534,https://orcid.org/0000-0002-7683-2482,Jiaxing Li,"['Chao Xu', 'Feiyu Chen', 'J. X. LI', 'J. X. Li', 'J.X. Li', 'JIAXING LI', 'Jia-Xing Li', 'Jia-Xing 佳星 Li 李', 'Jia-Ze Li', 'Jia-xing Li', 'JiaXing LI', 'JiaXing Li', 'Jiaxing LI', 'Jiaxing Li', 'Jia‐Xing Li', 'Li Liu', 'Li, Jiaxing', 'Weiqun Shi', 'Yue-Liu Li', 'Yunhai Liu']",566,29425,90,168,jiaxing,li,l,jiaxing li,A5100636534,j li
A5094361178,,Franz Printing,"['Advertisement Panagiota', 'Advertisements Panagiota', 'Alberta King-Farlow', 'Alberta Labrada', 'Alexander Grlt', 'Alexander Serov', 'American Carriero', 'Andrey Houston', 'Angela Terrill', 'Anja Jauernig', 'Anna Birmingham', 'Antonio Machado', 'Atlanta Fox', 'Baltimore Sogge', 'Bamberg Westerhoff', 'Barbara Pan', 'Bern', 'Bettina Chang', 'Birmingham', 'Bjrn Birnir', 'Bologna Tranel', 'Christoph Bristol', 'Christopher Lafayette', 'Claudia Advertisements', 'Claudia Neumann', 'Columbia Winn', 'Compuscript Typesetting', 'David Stanford', 'Devyani Sharma', 'Dick Bedeaux', 'Domanski', 'Dominique Pradelle', 'Douglas Watson', 'Drygas', 'Dziubalska-Koaczyk', 'Esther Markus', 'Florian Schwarz', 'Franz Printing', 'Fuyi', 'George Houston', 'Gnter Winkler', 'Gunda Stber', 'Hamburg-Harburg Lorenz-Peter Rohling', 'Hans-J Radusch', 'Heike Jahnke', 'Hendrik Bielefeld', 'Hermann Preu', 'Hexin Wang', 'Hibbert', 'Hong Zhu', 'Hugh Goldberg', 'Hyogo Teranishi', 'Ica Manas-Zloczower', 'J Machado', 'John Austin', 'John Dowd Chair In Law', 'John Trojanowski', 'Jorge Jerusalem', 'Jun Saratov', 'Katja Cambridge', 'Kgel', 'Kizilova', 'Klaus Aachen', 'Kong', 'Leah Roberts', 'Lemfrde Satz', 'London Wells', 'Maria Dorogova', 'Maria Katja', 'Markus Kgel', 'Michael Sommer', 'Mncheberg Albroscheit', 'Nagoya Nishina', 'Neumann', 'New Schfer', 'New York', 'Nick Nicholas', 'Nino Grizzuti', 'Novosibirsk Zagoruiko', 'Paris Pearsall', 'Paul Leuven', 'Peter Bicknell', 'Peter Vayenas', 'Pilar London', 'Pouh', 'R Hankinson', 'Regina Yella', 'Responsible Editor', 'Responsible Editors', 'Responsible For', 'Rinofner-Kreidl', 'Robert Hall', 'Roger Rankin', 'Ross Emilio', 'Saab', 'Sakai', 'Sakel', 'Salecl', 'Sannakaisa Thompson', 'Santa Barbara']",660,84,2,275,franz,printing,p,franz printing,A5094361178,f printing
A5113862166,,Saeid Bashirian,['Saeid Bashirian'],33,531,9,3,saeid,bashirian,b,saeid bashirian,A5113862166,s bashirian
A5100645782,https://orcid.org/0000-0003-0325-2599,Jiyuan Li,['Jiyuan Li'],20,99,5,6,jiyuan,li,l,jiyuan li,A5100645782,j li
A5014370694,,Robert E. Krider,"['Krider, Robert E.', 'Robert E. Krider', 'Robert Krider']",37,1372,14,4,robert e.,krider,k,robert e. krider,A5014370694,r krider
A5031293841,https://orcid.org/0009-0001-7081-4881,A. Woinoski,['A. Woinoski'],6,2,1,1,a.,woinoski,w,a. woinoski,A5031293841,a woinoski
A5049408362,,美由紀 加藤,"['Benedikt Fischer', '加藤, 美由紀', '美由紀 加藤']",26,6,1,5,美由紀,加藤,加,美由紀 加藤,A5049408362,美 加藤
A5011812189,,Arun Rodrigues,"['A. F. Rodrigues', 'A. Rodrigues', 'A.F. Rodrigues', 'Arun F Rodrigues', 'Arun F. Rodrigues', 'Arun Rodrigues', 'Gutierrez', 'RODRIGUES, ARUN', 'Rodrigues, Arun', 'Rodrigues, Arun F.', 'Rodrigues, Arun F.; Cook, Jeanine; Hammond, Simon David; Hemmert, Karl Scott', 'Rodrigues, Arun F.; Donofrio, David', 'Rodrigues, Arun F.; Jayaraj, Jagan; Hammond, Simon David; Voskuilen, Gwendolyn Renae', 'Rodrigues, Arun F.; Moore, Branden J.', 'Rodrigues, Arun F.; Moore, Branden J.; Hammond, Simon David; Hemmert, Karl Scott; Voskuilen, Gwendolyn Renae', 'Rodrigues, Arun F.; Voskuilen, Gwendolyn Renae; Hammond, Simon David']",106,1233,17,9,arun,rodrigues,r,arun rodrigues,A5011812189,a rodrigues
A5081925064,,Megan Kurz,"['M. Kurz', 'Megan Kurz']",26,326,8,8,megan,kurz,k,megan kurz,A5081925064,m kurz
A5025162003,https://orcid.org/0000-0001-5792-769X,Laura Wherry,"['L.R. Wherry', 'LAURA R. WHERRY', 'Laura  R. Wherry', 'Laura R Wherry', 'Laura R. Wherry', 'Laura Wherry', 'Wherry, Laura', 'Wherry, Laura R.']",125,2719,24,33,laura,wherry,w,laura wherry,A5025162003,l wherry
A5040249022,https://orcid.org/0000-0001-6015-6187,Liam J. M. Coleman,"['Coleman, Liam James Marshall', 'Liam Coleman', 'Liam J. M. Coleman', 'Liam J.M. Coleman']",7,59,3,2,liam j. m.,coleman,c,liam j. m. coleman,A5040249022,l coleman
A5006051941,https://orcid.org/0000-0001-8826-7428,David Simonyan,"['D Simonyan', 'D. Simonyan', 'D., Simonyan', 'D.V. Simonyan', 'DAVID SIMONYAN', 'David SIMONYAN', 'David Simonyan', 'Simonyan D', 'Simonyan, D.']",131,1326,19,26,david,simonyan,s,david simonyan,A5006051941,d simonyan
A5020626655,,Melissa Orobko,"['Melissa Orobko', 'Orobko, Melissa']",7,151,3,2,melissa,orobko,o,melissa orobko,A5020626655,m orobko
A5004441174,https://orcid.org/0000-0003-0287-9672,Lovedeep Gondara,"['Gondara, Lovedeep', 'L Gondara', 'L. Gondara', 'Lovedeep Gondara']",76,835,12,14,lovedeep,gondara,g,lovedeep gondara,A5004441174,l gondara
A5103166023,https://orcid.org/0000-0002-7783-413X,Hui Xie,"['H Xie', 'H. Xie', 'Hui XIE', 'Hui Xie', 'Xie Hui', 'Xie, Hui']",42,2086,14,22,hui,xie,x,hui xie,A5103166023,h xie
A5044262061,,Samar Haroun,['Samar Haroun'],10,27,3,1,samar,haroun,h,samar haroun,A5044262061,s haroun
A5063683133,https://orcid.org/0000-0002-9269-4016,David Long,"['D. C. Long', 'D. Carl Long', 'D. Long', 'D.C. Long', 'David C. Long', 'David Long']",37,1217,11,8,david,long,l,david long,A5063683133,d long
A5069442914,,Sachiko Ouchi,"['SACHIKO OUCHI', 'Sachiko Ouchi']",10,82,4,4,sachiko,ouchi,o,sachiko ouchi,A5069442914,s ouchi
A5001387175,https://orcid.org/0000-0003-0326-8451,A. M. Collins,"['A. M. Collins', 'A. M. Collins-Fairclough', 'Aneisha Collins', 'Aneisha Collins Fairclough', 'Aneisha Collins-Fairclough', 'Aneisha M. Collins', 'Aneisha M. Collins-Fairclough', 'Collins-Fairclough, Aneisha M.']",26,176,7,10,a. m.,collins,c,a. m. collins,A5001387175,a collins
A5100692141,https://orcid.org/0000-0003-4299-2776,Hui Xie,"['H Xie', 'H. S. Xie', 'H. XIE', 'H. Xie', 'H.-S. Xie', 'H.S. Xie', 'HUI XIE', 'Hui Xie', 'Runchao Ye', 'Shiyun Ai', 'Xie, Hui']",304,7972,47,71,hui,xie,x,hui xie,A5100692141,h xie
A5100980116,https://orcid.org/0000-0002-0509-9105,Min Xu,"['MIN XU', 'Min (Mina) Xu', 'Min XU', 'Min Xu', 'Xu Min', 'Xu, Min']",150,1960,19,34,min,xu,x,min xu,A5100980116,m xu
A5071707454,https://orcid.org/0000-0002-3022-6735,Marjan Farahbod,"['Farahbod, Marjan', 'M. Farahbod', 'Marjan Farahbod']",11,103,4,3,marjan,farahbod,f,marjan farahbod,A5071707454,m farahbod
A5034827277,https://orcid.org/0000-0002-0113-5500,Haisheng Fu,"['Fu, Haisheng', 'Haisheng Fu']",22,236,8,3,haisheng,fu,f,haisheng fu,A5034827277,h fu
A5103283440,https://orcid.org/0000-0003-4271-3554,Yuping Yang,"['Y. P. Yang', 'Yang Yu-Ping', 'Yang, Yuping', 'Yu-Ping Yang', 'Yu-ping YANG', 'Yu-ping Yang', 'YuPing Yang', 'Yuping Yang']",73,970,18,20,yuping,yang,y,yuping yang,A5103283440,y yang
A5028935397,https://orcid.org/0000-0002-6738-0402,Ruth Croxford,"['Croxford, R', 'Croxford, Ruth', 'R Croxford', 'R. Croxford', 'RUTH CROXFORD', 'Richard H Glazier', 'Ruth Croxford']",201,7991,47,43,ruth,croxford,c,ruth croxford,A5028935397,r croxford
A5005152853,https://orcid.org/0000-0003-2878-0208,Stéphanie Black,"['S Black', 'S. R. BLACK', 'S. R. Black', 'S.R. Black', 'Stephanie Black', 'Stephanie R Black', 'Stephanie R. Black', 'Stéphanie Black']",103,4380,30,19,stéphanie,black,b,stéphanie black,A5005152853,s black
A5066634889,https://orcid.org/0000-0001-5124-488X,Evan Fraser,"['E. D. G. Fraser', 'E. Fraser', 'E.D.G. Fraser', 'Evan  D.G. Fraser', 'Evan D G Fraser', 'Evan D. G. Fraser', 'Evan D.G Fraser', 'Evan D.G. Fraser', 'Evan DG Fraser', 'Evan Fraser', 'Fraser, Evan', 'Fraser, Evan (ed.)', 'Fraser, Evan D. G.']",250,14481,62,9,evan,fraser,f,evan fraser,A5066634889,e fraser
A5051954808,https://orcid.org/0000-0001-5840-0806,Isabella Peters,"['I. Peters', 'Isabella Peters', 'Isabella Peters (555598)', 'Peters, Isabella']",184,3139,26,14,isabella,peters,p,isabella peters,A5051954808,i peters
A5044443883,,Nazanin Mehrasa,"['Mehrasa, Nazanin', 'Nazanin Mehrasa']",12,341,6,3,nazanin,mehrasa,m,nazanin mehrasa,A5044443883,n mehrasa
A5067158518,https://orcid.org/0000-0001-5966-3982,Lisa R. Metsch,"['L Metsch', 'L R Metsch', 'L. Metsch', 'L. R. Metsch', 'L.R. Metsch', 'LISA R. METSCH', 'Lisa Metsch', 'Lisa R Metsch', 'Lisa R. Metsch', 'Lisa\xa0R. Metsch', 'Metsch, L.', 'Metsch, L.R', 'Metsch, L.R.', 'Metsch, L.R., Department of Sociomedical Sciences, Mailman School of Public Health, Columbia University, New York, NY, United States', 'Metsch, Lisa', 'Metsch, Lisa R.']",346,9896,52,42,lisa r.,metsch,m,lisa r. metsch,A5067158518,l metsch
A5079680842,https://orcid.org/0000-0002-8057-7103,Mayra Donaji Barrera Machuca,"['Machuca, Mayra Donaji Barrera', 'Mayra D. Barrera Machuca', 'Mayra Donaji Barrera Machuca', 'Mayra Donaji Barrera\xa0Machuca', 'Mayra Machuca']",53,732,15,4,mayra donaji barrera,machuca,m,mayra donaji barrera machuca,A5079680842,m machuca
A5027118961,https://orcid.org/0000-0003-2711-115X,Rozenn Colleter,"['Colleter, R.', 'Colleter, Rozenn', 'R. Colleter', 'Rozenn Colleter']",74,192,8,17,rozenn,colleter,c,rozenn colleter,A5027118961,r colleter
A5021166748,,Marvin F. Wideen,"['M.F. Wideen', 'Marvin F. Wideen', 'Marvin Wideen', 'Marvin Wideen∗']",49,2037,13,2,marvin f.,wideen,w,marvin f. wideen,A5021166748,m wideen
A5050245548,https://orcid.org/0000-0001-7336-1550,Ahmed Al‐Rawi,"['AHMED AL-RAWI', 'Ahmed Al Rawi', 'Ahmed Al-Rawi', 'Ahmed Alrawi', 'Ahmed Al‐Rawi', 'Ahmed K Al-Rawi', 'Ahmed K. Al-Rawi', 'Ahmed K. al-Rawi', 'Ahmed-Al Rawi', 'Al-Rawi, Ahmed K. 1975-', 'Al-Rawi, Ahmed Khalid', 'Dr. Ahmed Al-Rawi']",194,1900,24,10,ahmed,al‐rawi,a,ahmed al‐rawi,A5050245548,a al‐rawi
A5015718085,https://orcid.org/0000-0003-4402-4824,Michelle Riedlinger,"['Michelle E. Riedlinger', 'Michelle Riedlinger', 'Riedlinger, Michelle']",74,615,12,15,michelle,riedlinger,r,michelle riedlinger,A5015718085,m riedlinger
A5016963790,https://orcid.org/0000-0001-5961-5948,Shimae Soheilipour,"['S Soheilipour', 'S. Soheilipour', 'Shimae Soheilipour']",33,205,10,6,shimae,soheilipour,s,shimae soheilipour,A5016963790,s soheilipour
A5087413568,,Aleksandra Dojnov,"['Aleksandra Dojnov', 'Aleksandra Dojnov (Law)', 'Dojnov, Aleksandra']",14,103,4,7,aleksandra,dojnov,d,aleksandra dojnov,A5087413568,a dojnov
A5102754369,https://orcid.org/0000-0002-5141-8269,Rishi Ram Ghimire,"['R. Ghimire', 'R. R. Ghimire', 'Rishi  Ram Ghimire', 'Rishi Ghimire', 'Rishi Ram Ghimire']",23,223,9,6,rishi ram,ghimire,g,rishi ram ghimire,A5102754369,r ghimire
A5101976350,https://orcid.org/0009-0005-9277-6432,Siyu Zhou,['Siyu Zhou'],10,36,2,11,siyu,zhou,z,siyu zhou,A5101976350,s zhou
A5050932952,https://orcid.org/0000-0002-9328-6399,George Tomlinson,"['G A Tomlinson', 'G Tomlinson', 'G. A. Tomlinson', 'G. Tomlinson', 'G.A. Tomlinson', 'GEORGE A. TOMLINSON', 'GEORGE TOMLINSON', 'George A Tomlinson', 'George A. Tomlinson', 'George Tomlinson', 'George. Tomlinson', 'George\xa0A. Tomlinson', 'TOMLINSON G.', 'Tomlinson', 'Tomlinson G', 'Tomlinson, George']",864,49448,107,123,george,tomlinson,t,george tomlinson,A5050932952,g tomlinson
A5073991366,,Kate Bassil,"['Bassil, Kate', 'K Bassil', 'K L Bassil', 'K. Bassil', 'Kate  L. Bassil', 'Kate Bassil', 'Kate L Bassil', 'Kate L. Bassil']",43,1458,18,14,kate,bassil,b,kate bassil,A5073991366,k bassil
A5071223612,https://orcid.org/0000-0003-1862-2716,Chaeri Kim,"['C K Kim', 'C.-J. Kim', 'Chae-ri Kim', 'Chaeri Kim', 'Kim, Chaeri']",18,51,4,10,chaeri,kim,k,chaeri kim,A5071223612,c kim
A5110164742,,John Clague,"['J CLAGUE', 'J Clague', 'J. Clague', 'J.E. Clague', 'JOHN CLAGUE', 'John Clague', 'John J. Clague']",22,1123,9,9,john,clague,c,john clague,A5110164742,j clague
A5046053233,,Kandice Sharren,['Kandice Sharren'],23,8,1,3,kandice,sharren,s,kandice sharren,A5046053233,k sharren
A5100627443,https://orcid.org/0000-0003-2749-7259,Weihua Liu,"['Liu, Weihua', 'W-H. Liu', 'Wei-Hua Liu', 'Wei-hua Liu', 'Weihua Liu']",128,938,18,52,weihua,liu,l,weihua liu,A5100627443,w liu
A5011604176,https://orcid.org/0000-0002-0485-1705,Ozan Kuru,"['Kuru, Ozan', 'Ozan Kuru', 'Ozan Kuru,']",46,834,14,9,ozan,kuru,k,ozan kuru,A5011604176,o kuru
A5071337442,https://orcid.org/0000-0001-8896-8486,Ricard Torra i Prat,"['Ricard Prat', 'Ricard Torra', 'Ricard Torra Prat', 'Ricard Torra i Prat', 'Ricard Torra-Prat']",35,16,3,6,ricard torra i,prat,p,ricard torra i prat,A5071337442,r prat
A5010687375,https://orcid.org/0000-0001-9607-1003,Francesca Ferrara,"['F. Ferrara', 'Ferrara, F.', 'Ferrara, Francesca', 'Francesca Ferrara']",101,888,16,4,francesca,ferrara,f,francesca ferrara,A5010687375,f ferrara
A5066304299,https://orcid.org/0000-0003-1310-9702,Manuel E. Mendoza,"['M MENDOZA', 'M Mendoza', 'M. E. Mendoza', 'M. Mendoza', 'M.E. Mendoza', 'ME Mendoza', 'Manuel E Mendoza', 'Manuel E. Mendoza', 'Manuel E. Mendoza Cantú', 'Manuel E. Mendoza-Cantú', 'Manuel Eduardo Mendoza Cantú', 'Manuel Eduardo Mendoza-Cantú', 'Manuel Enrique Mendoza Cantú', 'Manuel Mendoza', 'Mena, Ramsés H.', 'Mendoza, Manuel', 'Mendoza, Manuel E.']",162,3256,25,21,manuel e.,mendoza,m,manuel e. mendoza,A5066304299,m mendoza
A5052489542,https://orcid.org/0000-0002-3324-9553,Ronaldo Au-Yeung,['Ronaldo Au-Yeung'],7,5,1,3,ronaldo,au-yeung,a,ronaldo au-yeung,A5052489542,r au-yeung
A5027736032,,IM Côté,"['I.M. Côté', 'IM Côté']",15,582,9,3,im,côté,c,im côté,A5027736032,i côté
A5041495322,https://orcid.org/0000-0002-3772-5588,Katarzyna Zatońska,"['K Zatonska', 'K Zatońska', 'K. Zatonska', 'K. Zatońska', 'Katarzyna Zatonska', 'Katarzyna Zatońska', 'Koon Teo', 'Zatońska, Katarzyna']",177,15168,41,13,katarzyna,zatońska,z,katarzyna zatońska,A5041495322,k zatońska
A5051694952,https://orcid.org/0000-0002-8727-1588,Péter Kovács,"['Kovacs, Péter', 'Kovács, Péter', 'Kovács, Péter 1969-', 'P Kovacs', 'P. Kovács', 'Peter Kovacs', 'Peter Kovács', 'Péter KOVÁCS', 'Péter Kovàcs', 'Péter Kovács']",149,310,9,13,péter,kovács,k,péter kovács,A5051694952,p kovács
A5100604637,https://orcid.org/0000-0001-7020-0700,Yong‐Woo Kim,"['Kim, Woo', 'Kim, Yong Woo', 'Kim, Yong-Woo', 'Kim, Yong-Woo;Jeong, Jae-Ho;', 'Woo Kim', 'YONG WOO KIM', 'YONG-WOO KIM', 'Yong Woo KIM', 'Yong Woo Kim', 'Yong woo Kim', 'Yong-Woo KIM', 'Yong-Woo Kim', 'Yong-woo Kim', 'YongWoo Kim', 'Yongwoo Kim', 'Yong‐Woo Kim', 'Yong–Woo Kim', '김용우']",258,3719,31,49,yong‐woo,kim,k,yong‐woo kim,A5100604637,y kim
A5032778782,https://orcid.org/0000-0003-1907-0781,Wendy Loken Thornton,"['W. J. L. Thornton', 'W. L. THORNTON', 'W. L. Thornton', 'WENDY LOKEN THORNTON', 'Wendy J. L. Thornton', 'Wendy J. Loken Thornton', 'Wendy Loken Thornton', 'Wendy Thornton']",40,1152,18,4,wendy loken,thornton,t,wendy loken thornton,A5032778782,w thornton
A5113230695,,Anne-Marie Nicol,['Anne-Marie Nicol'],6,12,1,1,anne-marie,nicol,n,anne-marie nicol,A5113230695,a nicol
A5002328657,,Ryan Sandrin,['Ryan Sandrin'],6,73,4,1,ryan,sandrin,s,ryan sandrin,A5002328657,r sandrin
A5101434625,https://orcid.org/0000-0002-2327-1802,Boyi Hu,"['Bo-Yi Hu', 'Boyi Hu', 'Hu, Boyi']",9,5,1,3,boyi,hu,h,boyi hu,A5101434625,b hu
A5044651613,https://orcid.org/0000-0002-7457-8994,Sophie Rabinow,"['Rabinow, Sophie', 'Rabinow, Sophie A', 'Sophie A. Rabinow', 'Sophie Rabinow']",14,40,5,5,sophie,rabinow,r,sophie rabinow,A5044651613,s rabinow
A5102896814,https://orcid.org/0000-0002-9895-2039,Quang Minh Dinh,"['Dinh Minh Quang', 'Dinh, Quang M.', 'Dinh, Quang Minh', 'Q. Dinh', 'Q. M. Dinh', 'Q.M. Dinh', 'QUANG MINH DINH', 'Quang  Minh Dinh', 'Quang Dinh', 'Quang M Dinh', 'Quang M. Dinh', 'Quang Minh  Dinh', 'Quang Minh Dinh', 'Quang-Tuyen Dinh', 'Quangngoc Dinh', 'Đinh Minh Quang']",149,1245,18,14,quang minh,dinh,d,quang minh dinh,A5102896814,q dinh
A5065960386,https://orcid.org/0000-0001-8221-7390,D. Šilerová,"['D. Šilerová', 'Dana Šilerová', 'Silerova, Dana']",7,22,3,3,d.,šilerová,š,d. šilerová,A5065960386,d šilerová
A5050693968,,Adriana Nohpal,"['A Nohpal', 'A. Nohpal', 'Adriana Nohpal']",8,216,5,3,adriana,nohpal,n,adriana nohpal,A5050693968,a nohpal
A5085539729,https://orcid.org/0000-0003-4698-5784,Luyao Chen,"['Anri Masuya', 'Chen, Luyao', 'Lu-Yao Chen', 'Luyao Chen']",152,2900,28,66,luyao,chen,c,luyao chen,A5085539729,l chen
A5118899500,https://orcid.org/0000-0001-6215-3326,J. Kroll,"['Barberis, D', 'Cetin, SA', 'F. Cerutti', 'J Kroll', 'J. KROLL', 'J. KROLL, JR.', 'J. Kroll', 'JIŘÍ KROLL', 'Jiri Kroll', 'Jiří Kroll', 'K. Kroeninger', 'Kobylianskii, Dmitrii', 'Kourkoumeli-Charalampidi, Athina', 'Kroll, J', 'Kroll, J.', 'Kroll, Jiri', 'Kuechler, Jan', 'Kuehn, Susanne', 'Kulinich, Yakov Petrovich', 'N. M. Hartmann', 'Parker, Andy']",2182,137345,156,114,j.,kroll,k,j. kroll,A5118899500,j kroll
A5100389268,https://orcid.org/0000-0002-4864-1451,Gang Chen,"['Chen G', 'Chen Gang', 'Chen, G.', 'Chen, Gang', 'Chen,Gang', 'Chenzhi Zhou', 'G Chen', 'G. CHEN', 'G. Chen', 'GANG CHEN', 'Gang CHEN', 'Gang Chen']",909,17450,62,256,gang,chen,c,gang chen,A5100389268,g chen
A5085245085,https://orcid.org/0000-0002-1597-9456,Elizabeth J. Ruberg,"['E. J. Ruberg', 'Elizabeth  J. Ruberg', 'Elizabeth J. Ruberg']",7,70,4,2,elizabeth j.,ruberg,r,elizabeth j. ruberg,A5085245085,e ruberg
A5060804965,https://orcid.org/0000-0001-7235-8640,Manu Hegde,"['M S Hegde', 'M. Hegde', 'M. S. Hegde', 'Manu Hegde']",31,2000,18,5,manu,hegde,h,manu hegde,A5060804965,m hegde
A5028570084,https://orcid.org/0000-0002-6466-5357,Nevena Rebić,"['N Rebic', 'N. Rebić', 'Nevena Rebic', 'Nevena Rebić', 'Rebić, Nevena']",33,354,10,31,nevena,rebić,r,nevena rebić,A5028570084,n rebić
A5054759610,https://orcid.org/0009-0004-3072-439X,George R. Agnes,"['G Agnes', 'George R Agnes', 'George R. Agnes']",41,884,19,4,george r.,agnes,a,george r. agnes,A5054759610,g agnes
A5041052057,https://orcid.org/0000-0001-6050-3927,Sandeep Bhattacharya,"['Bhattacharya, S.', 'S Bhattacharya', 'S. Bhattacharya', 'S.K. Bhattacharya', 'Sandeep Bhattacharya']",53,662,13,14,sandeep,bhattacharya,b,sandeep bhattacharya,A5041052057,s bhattacharya
A5067352741,https://orcid.org/0000-0002-2373-984X,Peter Cramer,"['Cramer, Peter', 'P Cramer', 'P.A. Cramer', 'PETER CRAMER', 'Peter A. Cramer', 'Peter Cramer']",54,187,6,3,peter,cramer,c,peter cramer,A5067352741,p cramer
A5094134481,https://orcid.org/0009-0003-0115-7720,Nelly Mwandacha,"['Mwandacha, Nelly', 'Nelly Mwandacha']",11,9,2,2,nelly,mwandacha,m,nelly mwandacha,A5094134481,n mwandacha
A5040109107,https://orcid.org/0000-0003-1313-4780,Magali Talandier,"['Magali Talandier', 'Talandier, M.', 'Talandier, M. (Magali)', 'Talandier, Magali']",174,337,10,29,magali,talandier,t,magali talandier,A5040109107,m talandier
A5057021176,https://orcid.org/0000-0002-4490-7398,Ana Paula Prescivalli,['Ana Paula Prescivalli'],6,71,5,2,ana paula,prescivalli,p,ana paula prescivalli,A5057021176,a prescivalli
A5073976760,https://orcid.org/0009-0003-1314-9445,Jetic Gū,"['Gū, Jetic', 'Jetic Gu', 'Jetic Gū']",11,42,3,1,jetic,gū,g,jetic gū,A5073976760,j gū
A5067490405,https://orcid.org/0000-0002-8134-2541,Kewei Yu,"['K Yu', 'K. W. Yu', 'K. Yu', 'K.-C. Yu', 'K.W Yu', 'K.W. Yu', 'KEWEI YU', 'Kaichen Yu', 'Ke-Lin Yu', 'Keru YU', 'Kewei YU', 'Kewei Yu', 'Kitaeva YU', 'Kouhua Yu', 'Yu, K.']",90,3111,29,28,kewei,yu,y,kewei yu,A5067490405,k yu
A5016320038,,Sarah Lubik,"['Lubik, Sarah', 'Lubik, Sarah Joy', 'S. LUBIK', 'Sarah J. Lubik', 'Sarah Lubik']",24,352,6,2,sarah,lubik,l,sarah lubik,A5016320038,s lubik
A5028171281,https://orcid.org/0000-0001-6926-5814,Tzu‐Hui Wu,"['Chia-Hung Yen', 'T H Wu', 'T. -H. Wu', 'T. H. Wu', 'T.-H. Wu', 'T.H. Wu', 'Tzu-Hui Wu', 'Tzu‐Hui Wu']",34,766,18,9,tzu‐hui,wu,w,tzu‐hui wu,A5028171281,t wu
A5026657850,https://orcid.org/0000-0002-2865-874X,Christian Mathis,"['C. K. Mathis', 'Christian Mathis', 'Mathis, Christian']",52,131,6,20,christian,mathis,m,christian mathis,A5026657850,c mathis
A5039275465,https://orcid.org/0000-0003-3124-6073,Haotian Su,['Haotian Su'],38,211,9,10,haotian,su,s,haotian su,A5039275465,h su
A5060032896,https://orcid.org/0000-0002-6335-9809,Fuyang Zhang,"['Fu-Yang Zhang', 'Fuyang Zhang', 'Zhang, Fuyang']",123,2407,24,26,fuyang,zhang,z,fuyang zhang,A5060032896,f zhang
A5034158753,,Niloufar Abhari,"['Abhari, Niloufar', 'Niloufar Abhari']",6,21,2,1,niloufar,abhari,a,niloufar abhari,A5034158753,n abhari
A5036577590,https://orcid.org/0000-0002-6432-2514,Jennifer E. Storey,"['Jennifer E Storey', 'Jennifer E. Storey', 'Jennifer Elizabeth Storey', 'Jennifer Storey', 'JenniferE. Storey', 'Storey, Jennifer', 'Storey, Jennifer E.']",90,1342,20,8,jennifer e.,storey,s,jennifer e. storey,A5036577590,j storey
A5109673885,,Cécile Bullock,['Cécile Bullock'],9,13,2,2,cécile,bullock,b,cécile bullock,A5109673885,c bullock
A5014275626,,Mandana Farzaneh,"['M. Farzaneh', 'Mandana Farzaneh']",25,585,8,4,mandana,farzaneh,f,mandana farzaneh,A5014275626,m farzaneh
A5061102182,https://orcid.org/0000-0002-9340-8392,Lauren Brown,"['L Brown', 'L. Brown', 'L.J. Brown', 'Lauren Brown', 'Lauren J Brown', 'Lauren J. Brown', 'Lauren Julia Brown', 'Robert Gray']",61,1153,13,30,lauren,brown,b,lauren brown,A5061102182,l brown
A5088561520,https://orcid.org/0000-0002-4943-610X,Erin E. Gill,"['E GILL', 'E. E. Gill', 'Erin E Gill', 'Erin E. Gill', 'Erin Gill', 'Gill, Erin', 'Gill, Erin E.']",50,3377,20,8,erin e.,gill,g,erin e. gill,A5088561520,e gill
A5069875844,https://orcid.org/0000-0002-8660-2656,Viridiana Pérez,"['Perez, V.M.J.', 'Perez, Viridiana', 'Pérez, Viridiana', 'V. Perez', 'Viridiana Perez', 'Viridiana Pérez', 'Viridiana Pérez,']",14,75,7,7,viridiana,pérez,p,viridiana pérez,A5069875844,v pérez
A5049951082,https://orcid.org/0000-0002-4501-0910,Robin Barrett,"['Robin Barrett', 'Robin C. A. Barrett', 'Robin Colin Alexander Barrett']",10,88,5,4,robin,barrett,b,robin barrett,A5049951082,r barrett
A5100342619,https://orcid.org/0000-0001-7565-762X,Wei Li,"['L Wei', 'L X Wei', 'L. Wei', 'Li Wei', 'Lin Wei', 'Wei Li']",81,17562,45,28,wei,li,l,wei li,A5100342619,w li
A5102001858,https://orcid.org/0000-0002-2008-2301,Rajiv Gandhi,"['Oreoluwa Kolade', 'R A Gandhi', 'R Gandhi', 'R. A. Gandhi', 'R. Gandhi', 'RAJIV GANDHI', 'Rajiv A Gandhi', 'Rajiv A. Gandhi', 'Rajiv Gandhi']",129,7920,36,42,rajiv,gandhi,g,rajiv gandhi,A5102001858,r gandhi
A5070494225,https://orcid.org/0000-0002-8845-663X,Megan E. Marziali,"['M Marziali', 'M. Marziali', 'Megan  E. Marziali', 'Megan E Marziali', 'Megan E. Marziali', 'Megan Marziali']",56,645,12,5,megan e.,marziali,m,megan e. marziali,A5070494225,m marziali
A5102445620,,Paran Jyoti Sarma,"['Paran J. Sarma', 'Paran Jyoti Sarma', 'Paran Sarma']",9,59,3,3,paran jyoti,sarma,s,paran jyoti sarma,A5102445620,p sarma
A5043683818,https://orcid.org/0000-0002-6268-4650,Víctor M. Fernández-Alvarez,"['Fernández-Alvarez, Victor M.', 'Fernández-Alvarez, Víctor M.', 'Victor M. Fernandez-Alvarez', 'Victor M. Fernández-Alvarez', 'Victor M. Fernández‐Alvarez', 'Victor Miguel Fernandez Alvarez', 'Víctor M. Fernández-Alvarez']",16,281,9,7,víctor m.,fernández-alvarez,f,víctor m. fernández-alvarez,A5043683818,v fernández-alvarez
A5088566569,,Emma Hughson,"['Emma Hughson', 'Hughson, Emma']",7,10,2,1,emma,hughson,h,emma hughson,A5088566569,e hughson
A5066052557,,Ian Whitaker,"['IAN WHITAKER', 'Ian Whitaker']",69,221,7,5,ian,whitaker,w,ian whitaker,A5066052557,i whitaker
A5101872034,https://orcid.org/0009-0004-7456-9846,Yuhui Gao,['Yuhui Gao'],10,44,3,6,yuhui,gao,g,yuhui gao,A5101872034,y gao
A5107853602,https://orcid.org/0000-0002-6335-3335,O. D. Tsai,"['B. Biritz', 'O D Tsai', 'O Tsai', 'O. D. Tsai', 'O. Tsai', 'O.D. Tsai', 'O.\u2009D. Tsai', 'Omar Tsai', 'Tsai, O.', 'Tsai, O. D.', 'Tsai, Omar']",334,34495,95,46,o. d.,tsai,t,o. d. tsai,A5107853602,o tsai
A5089796045,https://orcid.org/0000-0002-2610-1710,Lenora Marcellus,"['L Marcellus', 'L. Marcellus', 'LENORA MARCELLUS', 'Lenora M. Marcellus', 'Lenora Marcellus', 'Richard Sloane']",123,1571,25,29,lenora,marcellus,m,lenora marcellus,A5089796045,l marcellus
A5100694346,https://orcid.org/0009-0002-6439-7337,Hao Sun,"['H Sun', 'Hao Sun', 'Sun Hao', 'Sun, Hao']",50,403,10,23,hao,sun,s,hao sun,A5100694346,h sun
A5009168143,https://orcid.org/0000-0002-8453-088X,Edgar C. Young,"['E C Young', 'Edgar C Young', 'Edgar C. Young', 'Edgar Young', 'Edgar\xa0C. Young', 'Young, Edgar C.']",33,1486,12,6,edgar c.,young,y,edgar c. young,A5009168143,e young
A5031165365,https://orcid.org/0000-0001-9749-0699,Wei Ren,"['Guobao Feng', 'Jinyan Zhao', 'Ren, Wei', 'WEI REN', 'Wei REN', 'Wei Ren', 'Wei ren', 'You Zhao', 'Zhuangde Jiang']",414,8750,47,39,wei,ren,r,wei ren,A5031165365,w ren
A5074827942,https://orcid.org/0000-0001-8444-7405,Ali Taherifar,"['A. Taherifar', 'Ali Taherifar', 'Taherifar, A.', 'Taherifar, Ali']",53,262,10,5,ali,taherifar,t,ali taherifar,A5074827942,a taherifar
A5057368215,https://orcid.org/0000-0003-4209-0334,Rachael Parke,"['J C Parker', 'J. C. Parker', 'J. PARKER', 'J. Parker', 'Jane C Parker', 'Jane C. E. Parker', 'Jane C. Parker', 'Jane Parker', 'Nathalie Pansu', 'Parke, Rachael', 'Parke, Rachael L', 'Parker, Jane C', 'R Parke', 'R. L. Parke', 'R. Parke', 'R.L. Parke', 'Rachael L Parke', 'Rachael L. Parke', 'Rachael Louise Parke', 'Rachael Parke', 'Rachel Parke']",237,15764,63,52,rachael,parke,p,rachael parke,A5057368215,r parke
A5065523228,https://orcid.org/0000-0002-2915-2652,Victoria L. Karner,"['Dr Victoria Karner', 'Karner, Victoria', 'Karner, Victoria L.', 'Karner, Victoria Louise', 'V L Karner', 'V. L. Karner', 'V.L. Karner', 'V.\u2009L. Karner', 'Victoria Karner', 'Victoria L. Karner']",64,248,10,7,victoria l.,karner,k,victoria l. karner,A5065523228,v karner
A5032806299,,Prince Kumar Lat,"['P. Kumar Lat', 'Prince Kumar Lat']",15,272,6,3,prince kumar,lat,l,prince kumar lat,A5032806299,p lat
A5053868706,,Nadja Jankovic,['Nadja Jankovic'],6,2,1,1,nadja,jankovic,j,nadja jankovic,A5053868706,n jankovic
A5100399276,https://orcid.org/0000-0002-0166-1973,Han Zhang,"['Ahmed A. Al-Ghamdi', 'Chris Bowen', 'Dan He', 'H L S Zhang', 'H Zhang', 'H. ZHANG', 'H. Zhang', 'H., Zhang', 'H.H. Zhang', 'HAN ZHANG', 'Han Han Zhang', 'Han Wen Zhang', 'Han ZHANG', 'Han Zhang', 'Han 涵 Zhang 张', 'Han, Zhang', 'Hanning Zhang', 'Hanzhuang Zhang', 'Han‐Hua Zhang', 'Hao Zhang', 'Hui Li', 'Jia Pu', 'Jianmin Zhang', 'Jing Wang', 'Kaikai Xu', 'Lai Lyu', 'Li Lin', 'Liangqin Yu', 'Meikun Fan', 'Min Zeng', 'Ruohan Zhang', 'Siqi Liu', 'Siyi Hong', 'Wu Zhao', 'Xiaoting Wang', 'Xu Xu', 'Yu-Jia Zeng', 'Yunfei Wang', 'Yuqian Jiang', 'ZHANG HAN', 'ZHANG Han', 'Zao Yi', 'Zhang H', 'Zhang Han', 'Zhang, H.', 'Zhang, Han', 'Zhangli Zhou', 'Zhenfeng Jiang', 'Zhengbiao Ouyang', 'Zhongjian Xie', 'han Zhang', 'han zhang', 'zhang, han']",3859,156551,184,804,han,zhang,z,han zhang,A5100399276,h zhang
A5100615641,https://orcid.org/0000-0002-3784-1060,Junwoo Kim,"['Jun-Woo Kim', 'Junwoo Kim']",63,351,10,13,junwoo,kim,k,junwoo kim,A5100615641,j kim
A5102797317,https://orcid.org/0000-0003-0316-0440,Cameron Schwartz,"['C Schwartz', 'C. R. Schwartz', 'C. Schwartz', 'Cameron Schwartz', 'Schwartz C', 'Schwartz, Cameron C']",23,394,9,10,cameron,schwartz,s,cameron schwartz,A5102797317,c schwartz
A5024389928,https://orcid.org/0000-0002-0602-0999,Hang Ma,"['Hang Ma', 'Ma Hang', 'Ma, Hang']",90,3242,30,13,hang,ma,m,hang ma,A5024389928,h ma
A5006802149,https://orcid.org/0000-0002-1614-2375,Charlie H. Goldsmith,"['C Goldsmith', 'C H Goldsmith', 'C. GOLDSMITH', 'C. Goldsmith', 'C. H. GOLDSMITH', 'C. H. Goldsmith', 'C.H. Goldsmith', 'Charles H Goldsmith', 'Charlie Goldsmith', 'Charlie H Goldsmith', 'Charlie H. Goldsmith', 'Goldsmith, Charlie', 'L Drew', 'M Bell']",157,11043,51,39,charlie h.,goldsmith,g,charlie h. goldsmith,A5006802149,c goldsmith
A5046177147,,Baldip Kang,['Baldip Kang'],21,495,8,7,baldip,kang,k,baldip kang,A5046177147,b kang
A5017585125,https://orcid.org/0000-0002-6680-5237,Emily Lemke,"['Emily Lemke', 'Lemke, Emily']",11,117,6,4,emily,lemke,l,emily lemke,A5017585125,e lemke
A5067125279,https://orcid.org/0000-0003-1382-2380,Tara Erb,"['Tara Erb', 'Tara Lise Erb']",13,24,2,2,tara,erb,e,tara erb,A5067125279,t erb
A5023374069,https://orcid.org/0000-0002-7206-8114,Elham Mahmoudzadeh,"['E. Mahmoudzadeh', 'Elham Mahmoudzadeh', 'Erfaneh Mahmoudzadeh', 'Mahmoudzadeh, Erfaneh']",12,99,4,2,elham,mahmoudzadeh,m,elham mahmoudzadeh,A5023374069,e mahmoudzadeh
A5001705687,https://orcid.org/0000-0002-2042-3479,Md. Eliasinul Islam,"['Islam, Md Eliasinul', 'M.E. Islam', 'Md Eliasinul Islam', 'Md. Eliasinul Islam']",8,12,2,5,md. eliasinul,islam,i,md. eliasinul islam,A5001705687,m islam
A5001853550,https://orcid.org/0000-0002-5481-9535,Careesa C. Liu,"['Careesa C Liu', 'Careesa C. Liu']",22,621,14,9,careesa c.,liu,l,careesa c. liu,A5001853550,c liu
A5013121719,https://orcid.org/0000-0001-9849-9097,Hehui Wu,"['HEHUI WU', 'Hehui Wu', 'Wu, Hehui']",64,316,10,8,hehui,wu,w,hehui wu,A5013121719,h wu
A5034194448,https://orcid.org/0000-0002-3665-7296,Kim Tran,"['K Tran', 'K. Tran', 'KIM TRAN', 'Kim H Tran', 'Kim H. Tran', 'Kim Hoang Tran', 'Kim Tran']",42,290,7,17,kim,tran,t,kim tran,A5034194448,k tran
A5007294920,https://orcid.org/0000-0002-0258-9264,Kristen B. Gorman,"['Gorman, Kristen B', 'Gorman, Kristen B.', 'K. B. Gorman', 'K.B Gorman', 'KRISTEN B. GORMAN', 'Kristen B Gorman', 'Kristen B. Gorman', 'Kristen Gorman', 'Kristen\xa0B. Gorman']",37,1154,15,7,kristen b.,gorman,g,kristen b. gorman,A5007294920,k gorman
A5055384891,https://orcid.org/0000-0003-3021-7959,Matthew R. P. Parker,"['M. R. P. Parker', 'Matthew R Parker', 'Matthew R. P. Parker', 'Matthew RP Parker']",13,117,4,4,matthew r. p.,parker,p,matthew r. p. parker,A5055384891,m parker
A5015454082,,Anissa Kaghad,"['Anissa Kaghad', 'Kaghad, Anissa']",6,34,3,1,anissa,kaghad,k,anissa kaghad,A5015454082,a kaghad
A5057910843,https://orcid.org/0000-0002-5352-054X,Katherine McLeod,"['K McLeod', 'Katherine E McLeod', 'Katherine E. McLeod', 'Katherine McLeod', 'McLeod, Katherine', 'McLeod, Katherine (Sorlie)', 'McLeod, Katherine E', 'McLeod, Katherine Elizabeth']",66,544,13,15,katherine,mcleod,m,katherine mcleod,A5057910843,k mcleod
A5021666543,https://orcid.org/0000-0001-9622-6386,April Miin Miin Chai,"['April Miin Miin Chai', 'Chai, April Miin Miin']",11,73,5,2,april miin miin,chai,c,april miin miin chai,A5021666543,a chai
A5100336830,https://orcid.org/0000-0001-9588-5291,Jing Li,"['Beixian Zhou', 'J Li', 'JING LI', 'Jing LI', 'Jing Li', 'Jing Victor Li', 'Li Jing', 'Li, Jing', 'jing Li']",260,15330,41,141,jing,li,l,jing li,A5100336830,j li
A5046044576,https://orcid.org/0000-0003-2544-767X,Seraphine Zeitouny,"['S. Zeitouny', 'Seraphine Zeitouny']",9,91,5,8,seraphine,zeitouny,z,seraphine zeitouny,A5046044576,s zeitouny
A5071712956,https://orcid.org/0000-0001-8308-5764,Victor H. Aguiar,"['Aguiar, Victor H.', 'Aguiar, Victor Hernan', 'Victor Aguiar', 'Victor H Aguiar', 'Victor H. Aguiar', 'Victor\xa0H. Aguiar', 'Víctor Hernán Aguiar']",50,255,8,9,victor h.,aguiar,a,victor h. aguiar,A5071712956,v aguiar
A5029761161,,Robert B. Howsam,"['Howsam, Robert', 'R.B. Howsam', 'Robert B. Howsam', 'Robert Howsam']",23,184,6,3,robert b.,howsam,h,robert b. howsam,A5029761161,r howsam
A5088456914,https://orcid.org/0000-0003-2163-8700,Theo van Leeuwen,"['Goggin, J.', 'T. Van Leeuwen', 'T. van Leeuwen', 'THEO VAN LEEUWEN', 'Theo Leeuwen', 'Theo Van Leeuwen', 'Theo van Leeuwen', 'Van Leeuwen, Theo', 'van Leeuwen, T', 'van Leeuwen, TJ', 'van Leeuwen, Theo', 'van Leeuwen, Theo Jacob']",326,26954,57,63,theo van,leeuwen,l,theo van leeuwen,A5088456914,t leeuwen
A5053526438,https://orcid.org/0000-0002-5105-1188,Aura Elisa Quiñones Li,"['Aura Elisa Quiñones Li', 'Aura Elisa Quiñones', 'Aura Elisa Quiñones Li', 'Aura Elisa Quiñones Li,', 'Aura Quiñones', 'Aura Quiñones Li', 'Quiñones Li Aura Elisa']",32,91,6,7,aura elisa quiñones,li,l,aura elisa quiñones li,A5053526438,a li
A5006143371,,Sylvain Chassang,"['Chassang, Sylvain', 'S. Chassang', 'Sylvain Chassang']",95,1820,20,44,sylvain,chassang,c,sylvain chassang,A5006143371,s chassang
A5082373398,https://orcid.org/0009-0006-3538-0041,Joseph A. Clark,"['Clark,J. A.', 'J A Clark', 'J Clark', 'J. A. Clark', 'J. Clark', 'J.A. Clark', 'Joseph A. Clark', 'Joseph Clark']",116,500,9,14,joseph a.,clark,c,joseph a. clark,A5082373398,j clark
A5101764290,https://orcid.org/0000-0003-4065-7990,John F. McDonald,"['J F McDonald', 'J. McDonald', 'J.F. McDonald', 'JOHN F. McDONALD', 'John F McDonald', 'John F. McDONALD', 'John F. McDonald', 'John F. McDonald *', 'John F. Mcdonald', 'John McDonald', 'John Mcdonald']",292,8381,37,24,john f.,mcdonald,m,john f. mcdonald,A5101764290,j mcdonald
A5081601519,https://orcid.org/0000-0002-7963-5353,Scott C. Anderson,"['S Anderson', 'S C Anderson', 'SCOTT C. ANDERSON', 'Scott Anderson', 'Scott C Anderson', 'Scott C. Anderson']",17,552,10,9,scott c.,anderson,a,scott c. anderson,A5081601519,s anderson
A5066894564,https://orcid.org/0000-0001-8189-2132,Jonathan M. Loree,"['J Loree', 'J. Loree', 'J. M. Loree', 'J.M. Loree', 'Jonathan Loree', 'Jonathan M Loree', 'Jonathan M. Loree', 'Loree, Jonathan M.']",508,7220,43,17,jonathan m.,loree,l,jonathan m. loree,A5066894564,j loree
A5110273945,https://orcid.org/0000-0002-6476-1752,Ying Yu,"['Lifu Wang', 'Lilin Ye', 'Michael Lazarus', 'Y J Yu', 'Y M Yu', 'Y Yu', 'Y. YU', 'Y. Yu', 'Y.-J Yu', 'Y.J Yu', 'YING YU', 'YU Ying', 'Yameng Yu', 'Ying YU', 'Ying Yu', 'Youbo Yu', 'Young Min Yu', 'Yu, Yaman', 'Zulong Mo']",310,16029,64,117,ying,yu,y,ying yu,A5110273945,y yu
A5051610402,,Seyed Mohammad Nourbakhsh,"['Nourbakhsh, Seyed Mohammad', 'Seyed M. Nourbakhsh', 'Seyed Mohammad Nourbakhsh']",10,213,5,3,seyed mohammad,nourbakhsh,n,seyed mohammad nourbakhsh,A5051610402,s nourbakhsh
A5064884616,https://orcid.org/0000-0001-8708-5366,Mehdi Foroozandeh Shahraki,"['Mehdi F. Shahraki', 'Mehdi Foroozandeh', 'Mehdi Foroozandeh Shahraki']",14,320,7,3,mehdi foroozandeh,shahraki,s,mehdi foroozandeh shahraki,A5064884616,m shahraki
A5100342244,https://orcid.org/0000-0002-4228-6751,Yuxuan Chen,"['Chen, Yuxuan', 'Jingkang Li', 'YUXUAN CHEN', 'Yu-Xuan Chen', 'YuXuan Chen', 'Yuxuan CHEN', 'Yuxuan Chen']",134,1277,20,74,yuxuan,chen,c,yuxuan chen,A5100342244,y chen
A5103182180,https://orcid.org/0000-0003-2630-9674,S. Mishra,"['Dr. Saurabh Kumar Mishra', 'Mishra, Saurabh', 'S Mishra', 'S. Mishra', 'Saurabh Mishra']",49,510,13,13,s.,mishra,m,s. mishra,A5103182180,s mishra
A5059080559,https://orcid.org/0000-0003-3937-2058,Pourya Sardari,"['POURYA SARDARI', 'Pourya Sardari']",13,75,4,5,pourya,sardari,s,pourya sardari,A5059080559,p sardari
A5100389231,https://orcid.org/0000-0001-8289-7576,Gang Chen,"['Chen, Gang', 'Gang Chen']",79,2030,24,30,gang,chen,c,gang chen,A5100389231,g chen
A5109479422,,Karel Proesmans,"['Karel Proesmans', 'Proesmans, Karel']",15,117,5,5,karel,proesmans,p,karel proesmans,A5109479422,k proesmans
A5029813132,https://orcid.org/0000-0003-4373-9692,Tamara O’Doherty,"[""O'Doherty, Tamara"", ""O'doherty, Tamara"", ""Tamara O'Doherty"", 'Tamara O’Doherty', 'Tamara O’doherty']",16,203,6,2,tamara,o’doherty,o,tamara o’doherty,A5029813132,t o’doherty
A5083354291,https://orcid.org/0000-0003-3660-1169,Caroline Tagg,"['C. Tagg', 'CAROLINE TAGG', 'Caroline Tagg', 'TAGG, Caroline', 'Tagg, Caroline']",92,2501,23,49,caroline,tagg,t,caroline tagg,A5083354291,c tagg
A5085862809,,Nastaran Yousefi,['Nastaran Yousefi'],10,77,6,3,nastaran,yousefi,y,nastaran yousefi,A5085862809,n yousefi
A5020106966,https://orcid.org/0000-0003-4421-4708,Senay Cebioğlu,"['Senay Cebioglu', 'Senay Cebioğlu']",14,349,7,4,senay,cebioğlu,c,senay cebioğlu,A5020106966,s cebioğlu
A5029860397,https://orcid.org/0009-0005-0453-4952,Henry A. Finn,"['H A Finn', 'H Finn', 'H. A. Finn', 'H. Finn', 'HENRY A. FINN', 'Henry A Finn', 'Henry A. Finn', 'Henry Finn']",47,1357,21,18,henry a.,finn,f,henry a. finn,A5029860397,h finn
A5035788071,https://orcid.org/0000-0003-3778-5633,Jiatong Li,"['J Li', 'J. LI', 'J. Li', 'Jiao Li', 'Jiatong LI', 'Jiatong Li', 'Jia‐Tong Li', 'Jinlao Li', 'Li, Jiatong']",207,3064,29,81,jiatong,li,l,jiatong li,A5035788071,j li
A5053523610,https://orcid.org/0000-0001-6177-7049,M. Natasha Rajah,"['M Natasha Rajah', 'M.  Natasha Rajah', 'M. N. Rajah', 'M. Natasha Rajah', 'M.N. Rajah', 'M.Natasha Rajah', 'Maria Natasha Rajah', 'MeganR. Rajah', 'Rajah, M. Natasha']",137,4669,30,16,m. natasha,rajah,r,m. natasha rajah,A5053523610,m rajah
A5006151002,https://orcid.org/0000-0002-2044-1263,Rebecca Lennox,"['Rebecca A. Lennox', 'Rebecca Lennox']",14,93,5,5,rebecca,lennox,l,rebecca lennox,A5006151002,r lennox
A5102973705,https://orcid.org/0000-0002-4483-9428,Banani Chakraborty,"['B N Chakraborty', 'B. CHAKRABORTY', 'B. Chakraborty', 'Banani Chakraborty']",47,4352,16,9,banani,chakraborty,c,banani chakraborty,A5102973705,b chakraborty
A5102472684,,Jialin Lu,"['J Lu', 'Jia-lin Lü', 'Jialin Lu', 'Lu Jialin', 'Lu, Jialin', 'Yiming Zhao']",34,271,10,19,jialin,lu,l,jialin lu,A5102472684,j lu
A5007450768,,Lara‐Lisa Condello,"['Lara-Lisa Condello', 'Lara‐Lisa Condello']",7,90,4,10,lara‐lisa,condello,c,lara‐lisa condello,A5007450768,l condello
A5076568409,,Evan Barad,['Evan Barad'],12,80,5,4,evan,barad,b,evan barad,A5076568409,e barad
A5017561108,https://orcid.org/0000-0003-3705-6078,Ryan Ziels,"['R. M. Ziels', 'Ryan M Ziels', 'Ryan M. Ziels', 'Ryan Ziels', 'Ziels, Ryan', 'Ziels, Ryan M.']",657,3021,24,10,ryan,ziels,z,ryan ziels,A5017561108,r ziels
A5102712070,https://orcid.org/0000-0003-4261-5583,Martin Nitsche,"['Martin Nitsche', 'Nitsche, Martin']",68,161,8,12,martin,nitsche,n,martin nitsche,A5102712070,m nitsche
A5026136653,,Ella F Poynton,"['Ella F Poynton', 'Ella F. Poynton', 'Ella\xa0F Poynton']",6,536,4,2,ella f,poynton,p,ella f poynton,A5026136653,e poynton
A5047352513,https://orcid.org/0000-0001-6244-2101,Xingyu Tian,"['Tian, Xingyu', 'Xingyu Tian']",14,98,5,2,xingyu,tian,t,xingyu tian,A5047352513,x tian
A5009450582,https://orcid.org/0000-0002-3146-7354,Kristin Carlson,"['Carlson, Kristin', 'K. Carlson', 'Kristin B. Carlson', 'Kristin Carlson']",46,343,11,13,kristin,carlson,c,kristin carlson,A5009450582,k carlson
A5033230894,,Livia Poljak,"['Livia Poljak', 'Poljak, Livia']",8,3,1,1,livia,poljak,p,livia poljak,A5033230894,l poljak
A5025037775,https://orcid.org/0000-0001-5804-2535,Helen Tremlett,"['H L Tremlett', 'H Tremlett', 'H. L. Tremlett', 'H. Tremlett', 'H.L. Tremlett', 'Helen L Tremlett', 'Helen L. Tremlett', 'Helen Tremlett', 'Helen Tremlett,', 'Robert Hogg', 'Tremlett, H.', 'Tremlett, Helen']",370,17711,70,78,helen,tremlett,t,helen tremlett,A5025037775,h tremlett
A5023560002,https://orcid.org/0000-0002-7166-7705,Daniel Shapiro,"['D E Shapiro', 'D Shapiro', 'D. Shapiro', 'DANIEL SHAPIRO', 'Dan Shapiro', 'Daniel E Shapiro', 'Daniel E. Shapiro', 'Daniel Edward Shapiro', 'Daniel Shapiro', 'Joachim Scwalbach', 'London Wyke', 'Shapiro Daniel', 'Shapiro, D', 'Shapiro, Dan', 'Shapiro, Daniel']",186,8434,37,48,daniel,shapiro,s,daniel shapiro,A5023560002,d shapiro
A5078044716,,Brian R. Gordon,"['B Gordon', 'B. Gordon', 'Brian Gordon', 'Brian R Gordon', 'Brian R. Gordon']",19,516,5,4,brian r.,gordon,g,brian r. gordon,A5078044716,b gordon
A5005818152,https://orcid.org/0000-0002-2327-2960,Erin K. Fuller,['Erin K. Fuller'],9,22,4,1,erin k.,fuller,f,erin k. fuller,A5005818152,e fuller
A5067132763,https://orcid.org/0000-0002-0139-2080,Alireza Yazdani,"['A. Yazdani', 'A. Z. K. Yazdani', 'Alireza Yazdani', 'Alireza Yazdani (588953)', 'Alireza Z. K. Yazdani', 'Yazdani, A.', 'Yazdani, Alireza']",73,4936,28,13,alireza,yazdani,y,alireza yazdani,A5067132763,a yazdani
A5015996695,,Brigitte M. Potvin,"['BRIGITTE M. POTVIN', 'Brigitte M. Potvin', 'Potvin, Brigitte']",9,107,6,2,brigitte m.,potvin,p,brigitte m. potvin,A5015996695,b potvin
A5034377824,https://orcid.org/0000-0002-0035-9203,Yan Ping Xin,"['Xin, Yan Ping', 'Y P. Xin', 'Y. Xin', 'Yan P. Xin', 'Yan Ping Xin', 'Yan Xin', 'Yan, Xin']",148,2571,25,20,yan ping,xin,x,yan ping xin,A5034377824,y xin
A5073679067,https://orcid.org/0000-0002-0870-7153,Thomas Kerr,"['Kerr T', 'Kerr, Thomas', 'Kerr, Thomas H.', 'Kerr,Thomas', 'T KERR', 'T Kerr', 'T. KERR', 'T. Kerr', 'THOMAS KERR', 'Thomas  Kerr', 'Thomas H Kerr', 'Thomas H. Kerr', 'Thomas Kerr', 'Thomas Kerr, PhD']",833,37743,96,47,thomas,kerr,k,thomas kerr,A5073679067,t kerr
A5001218507,https://orcid.org/0000-0002-6912-1447,Sabine Mathesius,"['Mathesius, Sabine', 'S. Mathesius', 'Sabine Mathesius']",31,423,8,4,sabine,mathesius,m,sabine mathesius,A5001218507,s mathesius
A5032942552,https://orcid.org/0000-0003-1202-5689,Cheryl Peters,"['C E Peters', 'C. E. Peters', 'C. Peters', 'C.E. Peters', 'Cheryl E Peters', 'Cheryl E. Peters', 'Cheryl Elizabeth Peters', 'Cheryl Peters', 'Cheryl Peters*', 'Cheryl. E. Peters', 'Peters, Cheryl E.', 'Peters, Cheryl Elizabeth']",186,1885,24,42,cheryl,peters,p,cheryl peters,A5032942552,c peters
A5101562847,https://orcid.org/0000-0003-1674-4701,Wenzhi Chen,"['Chen Wen-Zhi', 'Chen, Wenzhi', 'Wen-Zhi CHEN', 'Wen-Zhi Chen', 'Wen-zhi Chen', 'WenZhi Chen', 'Wenzhi Chen', 'Wenzhi 文执 Chen 陈']",181,1684,23,19,wenzhi,chen,c,wenzhi chen,A5101562847,w chen
A5073800507,https://orcid.org/0000-0002-7851-9481,Emily Ross,"['Emily Ross', 'Emily S Ross', 'Emily S. Ross']",11,133,4,2,emily,ross,r,emily ross,A5073800507,e ross
A5033323748,https://orcid.org/0000-0003-3327-3681,Kennedy S. Chen,['Kennedy S. Chen'],6,368,4,1,kennedy s.,chen,c,kennedy s. chen,A5033323748,k chen
A5009733909,https://orcid.org/0000-0002-8758-9801,Jordan A. Hollarsmith,"['Hollarsmith, Jordan A', 'Hollarsmith, Jordan A.', 'Jordan  A. Hollarsmith', 'Jordan A Hollarsmith', 'Jordan A. Hollarsmith', 'Jordan Hollarsmith']",30,477,11,11,jordan a.,hollarsmith,h,jordan a. hollarsmith,A5009733909,j hollarsmith
A5050887765,,Catherine Tihanyi,"['CATHERINE TIHANYI', 'Catherine Tihanyi']",21,301,7,4,catherine,tihanyi,t,catherine tihanyi,A5050887765,c tihanyi
A5001005235,https://orcid.org/0000-0003-4088-7462,Robert Langan,['Robert Langan'],9,124,4,3,robert,langan,l,robert langan,A5001005235,r langan
A5025438361,,Braeden Klaver,"['B. Klaver', 'Braeden Klaver', 'Braeden R. A. Klaver']",8,69,3,5,braeden,klaver,k,braeden klaver,A5025438361,b klaver
A5075831579,https://orcid.org/0000-0003-0288-368X,Stephanie Szobota,"['Stephanie A. Szobota', 'Stephanie Szobota']",17,1283,11,8,stephanie,szobota,s,stephanie szobota,A5075831579,s szobota
A5088739970,https://orcid.org/0000-0001-8092-8009,Guohe Zhang,"['Dan Wang', 'GuoHe Zhang', 'Guohe ZHANG', 'Guohe Zhang', 'Zhang Guohe', 'Zhang, Guohe']",152,1113,18,10,guohe,zhang,z,guohe zhang,A5088739970,g zhang
A5109045939,,Gillian Russell,"['G. J. Russell', 'G.J. Russell', 'GILLIAN RUSSELL', 'Gillian Russell']",19,205,5,8,gillian,russell,r,gillian russell,A5109045939,g russell
A5012651524,https://orcid.org/0000-0002-2927-3649,Luc P. Beaudoin,"['Beaudoin, Luc P.', 'L Beaudoin', 'L. Beaudoin', 'L.P. Beaudoin', 'LUC PATRICK BEAUDOIN', 'Luc Beaudoin', 'Luc P. Beaudoin']",46,516,10,22,luc p.,beaudoin,b,luc p. beaudoin,A5012651524,l beaudoin
A5100366879,https://orcid.org/0000-0002-7990-4947,Shuo Chen,"['Chen Shuo', 'Chen, Shuo', 'S C Chen', 'S. Chen', 'S.-C. Chen', 'Shuo Chen', 'chen, shuo']",267,4371,29,66,shuo,chen,c,shuo chen,A5100366879,s chen
A5028843055,https://orcid.org/0000-0003-3163-3751,Anvita Abbi,"['Abbi, Anvita', 'Anvita Abbi']",50,599,11,4,anvita,abbi,a,anvita abbi,A5028843055,a abbi
A5043746917,https://orcid.org/0000-0001-5150-0572,A. M. Anderson,"['A. M. Anderson', 'Aspen M. Anderson']",12,22,3,4,a. m.,anderson,a,a. m. anderson,A5043746917,a anderson
A5114390793,,Bermet Burkanova,"['Bermet Burkanova', 'Burkanova, Bermet']",8,1,1,1,bermet,burkanova,b,bermet burkanova,A5114390793,b burkanova
A5032337854,https://orcid.org/0000-0002-8198-7454,Feng Jiang,"['F. Jiang', 'Feng Jiang', 'JIANG Feng', 'Jiang Feng', 'Jiang, Feng']",132,5121,44,26,feng,jiang,j,feng jiang,A5032337854,f jiang
A5051043496,,María Teresa Silva Porto,"['María Teresa Silva Porto', 'María Teresa Silva-Porto']",15,50,5,12,maría teresa silva,porto,p,maría teresa silva porto,A5051043496,m porto
A5048446040,https://orcid.org/0000-0002-8360-180X,Nicolas J. Muñoz,"['Nicolas J Muñoz', 'Nicolas J. Muñoz']",12,279,7,2,nicolas j.,muñoz,m,nicolas j. muñoz,A5048446040,n muñoz
A5031602501,https://orcid.org/0000-0002-6656-5544,Marie Rekkas,"['M. Rekkas', 'Marie Rekkas', 'Rekkas, Marie']",27,286,7,3,marie,rekkas,r,marie rekkas,A5031602501,m rekkas
A5014656453,,Rebekah Wong,"['R. Wong', 'Rebekah Wong']",32,6,1,2,rebekah,wong,w,rebekah wong,A5014656453,r wong
A5003326733,,Meaghan Dinney,['Meaghan Dinney'],7,7,2,1,meaghan,dinney,d,meaghan dinney,A5003326733,m dinney
A5014309275,,Khosrow Ebrahimi,"['K.M. Ebrahimi', 'Khosrow Ebrahimi', 'Khosrow, Ebrahimi']",14,1042,5,10,khosrow,ebrahimi,e,khosrow ebrahimi,A5014309275,k ebrahimi
A5021004956,https://orcid.org/0000-0002-8150-4766,David Stock,"['D Stock', 'D. Stock', 'David C Stock', 'David C. Stock', 'David Stock']",59,551,14,40,david,stock,s,david stock,A5021004956,d stock
A5042387035,,Donald MacPherson,"['Donald MacPherson', 'Donald Macpherson', 'MacPherson, Donald']",18,393,10,4,donald,macpherson,m,donald macpherson,A5042387035,d macpherson
A5033906472,https://orcid.org/0000-0003-3649-4703,Payam Mousavi,"['Mousavi, P.', 'Mousavi, Payam', 'P. Mousavi', 'Payam Mousavi']",45,989,13,19,payam,mousavi,m,payam mousavi,A5033906472,p mousavi
A5024932607,https://orcid.org/0000-0003-1681-5602,Hyung Ju Ryu,"['Hyung Ju Ryu', 'Hyung\u2005Ju Ryu']",15,337,9,4,hyung ju,ryu,r,hyung ju ryu,A5024932607,h ryu
A5029305416,https://orcid.org/0000-0002-5015-4089,Kevin Ye,['Kevin Ye'],7,538,6,4,kevin,ye,y,kevin ye,A5029305416,k ye
A5024498371,https://orcid.org/0000-0003-2923-9034,Christina Keller,"['C Keller', 'C P Keller', 'C PETER KELLER', 'C Peter Keller', 'C. Keller', 'C. P. Keller', 'C. PETER KELLER', 'C. Peter Keller', 'C.Peter Keller', 'CHRISTINA KELLER', 'Christina Keller', 'Keller, C.', 'Keller, Christina']",243,5621,37,21,christina,keller,k,christina keller,A5024498371,c keller
A5041370652,https://orcid.org/0000-0003-2048-2433,Xuesong Xu,"['XUESONG XU', 'Xu Xue-Song', 'Xu, Xuesong', 'Xue-Song Xu', 'Xue-song Xu', 'XueSong XU', 'XueSong Xu', 'Xuesong Xu', 'Yizhuo Wang', 'Yu Li']",134,2891,30,32,xuesong,xu,x,xuesong xu,A5041370652,x xu
A5028790108,https://orcid.org/0009-0007-1265-1264,Bianca Te,['Bianca Te'],14,23,1,4,bianca,te,t,bianca te,A5028790108,b te
A5112316165,,Xinyi Zhu,"['Xinyi Zhu', 'Zhu Xinyi', 'Zhu, Xinyi']",21,205,4,13,xinyi,zhu,z,xinyi zhu,A5112316165,x zhu
A5040155279,https://orcid.org/0009-0006-4386-7474,Bryce A. Pasqualotto,"['B A Pasqualotto', 'B. A. Pasqualotto', 'B.A Pasqualotto', 'B.A. Pasqualotto', 'Bryce A. Pasqualotto', 'Bryce Pasqualotto', 'Pasqualotto, Bryce']",23,857,13,4,bryce a.,pasqualotto,p,bryce a. pasqualotto,A5040155279,b pasqualotto
A5008532516,https://orcid.org/0000-0003-3994-2321,Bharanishashank Adluri,"['Adluri, Bharanishashank', 'Bharanishashank Adluri']",7,139,2,1,bharanishashank,adluri,a,bharanishashank adluri,A5008532516,b adluri
A5102608112,https://orcid.org/0009-0005-0874-6469,Qi Lin,"['Lin Qi', 'Qi LIN', 'Qi Lin']",92,789,17,37,qi,lin,l,qi lin,A5102608112,q lin
A5084522918,https://orcid.org/0000-0002-9645-8731,Bright Addae,"['Addae, Bright', 'Bright Addae']",8,185,6,2,bright,addae,a,bright addae,A5084522918,b addae
A5063987753,,Katherine Rossiter,"['Katherine R Rossiter', 'Katherine R. Rossiter', 'Katherine Rossiter', 'Rossiter, Katherine R']",19,444,7,3,katherine,rossiter,r,katherine rossiter,A5063987753,k rossiter
A5110347563,https://orcid.org/0000-0001-7326-1808,Vincent C. Hopkins,"['Hopkins, Vincent', 'Vince Hopkins', 'Vincent C. Hopkins', 'Vincent Hopkins']",43,743,6,4,vincent c.,hopkins,h,vincent c. hopkins,A5110347563,v hopkins
A5049431562,https://orcid.org/0000-0001-5580-248X,Zoha Khawaja,"['Khawaja, Zoha', 'Zoha Khawaja']",10,224,4,5,zoha,khawaja,k,zoha khawaja,A5049431562,z khawaja
A5072310832,https://orcid.org/0000-0003-3970-9271,Janik Sielemann,['Janik Sielemann'],6,92,4,3,janik,sielemann,s,janik sielemann,A5072310832,j sielemann
A5100415289,https://orcid.org/0000-0002-5774-900X,Feng Liu,"['FENG LIU', 'Feng LIU', 'Feng Liu', 'Liu Feng']",129,2816,28,51,feng,liu,l,feng liu,A5100415289,f liu
A5028162335,,Laura Vargas,"['L VARGAS', 'L. M. Vargas', 'L. Vargas', 'Laura M Vargas', 'Laura M. Vargas', 'Laura Musacchio Vargas', 'Laura Vargas', 'Vargas, Laura', 'Vargas, Laura M.', 'Vargas, Laura Musacchio']",50,443,10,19,laura,vargas,v,laura vargas,A5028162335,l vargas
A5103146504,https://orcid.org/0000-0001-8705-4084,Mathew Schneider,['Mathew Schneider'],6,63,3,2,mathew,schneider,s,mathew schneider,A5103146504,m schneider
A5109543486,,Mike Irvine,"['M Irvine', 'M. Irvine', 'Mike A Irvine', 'Mike A. Irvine', 'Mike Irvine']",22,395,7,6,mike,irvine,i,mike irvine,A5109543486,m irvine
A5050115992,https://orcid.org/0000-0002-6298-2869,Ricardo de Oliveira Barbosa Bitencourt,"['R. O. B. Bitencourt', 'RICARDO DE OLIVEIRA BARBOSA BITENCOURT', 'Ricardo Bitencourt', 'Ricardo O. B. Bitencourt', 'Ricardo Oliveira Barbosa Bitencourt', 'Ricardo de O. B. Bitencourt', 'Ricardo de Oliveira Barbosa Bitencourt']",29,374,12,5,ricardo de oliveira barbosa,bitencourt,b,ricardo de oliveira barbosa bitencourt,A5050115992,r bitencourt
A5020945021,https://orcid.org/0000-0003-3068-0425,G. Cerchiari,"['Cerchiari, G', 'Cerchiari, G.', 'Cerchiari, Giovanni', 'G Cerchiari', 'G. Cerchiari', 'Giovanni Cerchiari']",96,908,18,13,g.,cerchiari,c,g. cerchiari,A5020945021,g cerchiari
A5037644440,https://orcid.org/0009-0004-4543-5603,Anand Sagar,"['A.J.G. Sagar', 'Anand Sagar']",9,109,4,4,anand,sagar,s,anand sagar,A5037644440,a sagar
A5012097914,,Bridget Beggs,"['B. Beggs', 'Bridget Beggs']",13,128,6,2,bridget,beggs,b,bridget beggs,A5012097914,b beggs
A5103132728,https://orcid.org/0000-0002-6836-6696,Sudheer Gupta,"['Gupta, S.K.', 'Gupta, Sudheer', 'Gupta, Sudheer.', 'S. Gupta', 'S. K. Gupta', 'S.K. GUPTA', 'S.K. Gupta', 'Sudheer Gupta']",122,5667,26,17,sudheer,gupta,g,sudheer gupta,A5103132728,s gupta
A5066041948,https://orcid.org/0000-0002-4192-2429,Megan Ahuja,"['Ahuja, Megan A.', 'Megan A. Ahuja', 'Megan Ahuja', 'Megan Alyssa Ahuja']",14,369,8,13,megan,ahuja,a,megan ahuja,A5066041948,m ahuja
A5100738642,https://orcid.org/0000-0001-9734-4608,Muhammad Naeem,"['Dr. Muhammad Naeem', 'M. Naeem', 'Mahnoor Naeem', 'Md. Niamatullah Naeem', 'Muhamamd Naeem', 'Muhammad Muzammil Naeem', 'Muhammad Naeem', 'Muhammad S Naeem', 'Muhammand Naeem', 'Naeem, Muhammad']",389,7215,43,58,muhammad,naeem,n,muhammad naeem,A5100738642,m naeem
A5036418910,,Rebecca J. White,"['Rebecca J White', 'Rebecca J. White', 'Rebecca White']",53,698,13,13,rebecca j.,white,w,rebecca j. white,A5036418910,r white
A5104096209,,Paneet Gill,"['P W Gill', 'P. W. Gill', 'Paneet Gill']",12,61,5,3,paneet,gill,g,paneet gill,A5104096209,p gill
A5081000754,https://orcid.org/0000-0001-8580-3416,Christine Leclerc,"['Christine D. Leclerc', 'Christine Leclerc']",43,46,2,1,christine,leclerc,l,christine leclerc,A5081000754,c leclerc
A5035767726,https://orcid.org/0000-0002-8475-0903,İpek Eren Vural,"['Ipek Eren Vural', 'Ipek Eren-Vural', 'İpek Eren Vural']",14,130,5,3,i̇pek eren,vural,v,i̇pek eren vural,A5035767726,i vural
A5051052331,https://orcid.org/0000-0003-2621-6929,Patrick Sheridan,"['F Richardson', 'N Dinccag', 'P. Sheridan', 'Patrick M. Sheridan', 'Patrick Sheridan', '\xa0P. Sheridan']",30,3862,18,10,patrick,sheridan,s,patrick sheridan,A5051052331,p sheridan
A5054090934,https://orcid.org/0000-0001-7501-1319,Anthony T. Herdman,"['A Herdman', 'A T Herdman', 'A. T. Herdman', 'A.T. Herdman', 'Anthony Herdman', 'Anthony T Herdman', 'Anthony T. Herdman', 'Anthony Thomas Herdman', 'At T Herdman', 'Herdman, Anthony T.']",59,2707,25,10,anthony t.,herdman,h,anthony t. herdman,A5054090934,a herdman
A5010354858,,Manuela Cruz,"['Krysta M Coyle', 'M.P.M. Cruz', 'Manuela Cruz']",15,162,4,2,manuela,cruz,c,manuela cruz,A5010354858,m cruz
A5112269473,,Kim McGrail,"['K M McGrail', 'K McGrail', 'K. McGrail', 'K., McGrail', 'Kim McGrail', 'Kim Mcgrail', 'Kimberlyn M. McGrail', 'McGrail, Kim']",67,860,14,27,kim,mcgrail,m,kim mcgrail,A5112269473,k mcgrail
A5072435063,https://orcid.org/0009-0000-3247-1278,Linda Riches,"['L. Riches', 'Linda Riches']",16,107,5,8,linda,riches,r,linda riches,A5072435063,l riches
A5011407083,https://orcid.org/0000-0002-6050-5313,Cédric Beaulac,"['Beaulac Cedric', 'Beaulac, Cédric', 'Cédric Beaulac']",30,234,4,6,cédric,beaulac,b,cédric beaulac,A5011407083,c beaulac
A5041142359,https://orcid.org/0000-0002-7209-9295,John Bateman,"['Bateman John', 'Bateman, John', 'Bateman, John A', 'Bateman, John A.', 'J. A. Bateman', 'J. Bateman', 'JOHN A. BATEMAN', 'John A Bateman', 'John A. Bateman', 'John A. Bateman,', 'John Bateman', 'JohnA. Bateman']",369,6134,38,59,john,bateman,b,john bateman,A5041142359,j bateman
A5066048137,https://orcid.org/0000-0001-7592-7263,Pinyao Liu,"['Liu, Pinyao', 'Pinyao Liu']",11,72,5,7,pinyao,liu,l,pinyao liu,A5066048137,p liu
A5101860315,https://orcid.org/0000-0002-0004-907X,Jing Li,"['Jing LI', 'Jing Li', 'Li Jing']",31,608,10,22,jing,li,l,jing li,A5101860315,j li
A5047541472,https://orcid.org/0000-0002-9940-4878,Rakesh Balachandar,"['Balachandar Rakesh', 'Balachandar, Rakesh', 'R Balachandar', 'R. Balachandar', 'Rakesh B', 'Rakesh BALACHANDAR', 'Rakesh Balachandar']",122,2443,23,19,rakesh,balachandar,b,rakesh balachandar,A5047541472,r balachandar
A5081821608,https://orcid.org/0000-0003-3058-5938,Torben Larsen,"['Larsen, T.', 'Larsen, Torben', 'T Larsen', 'T. LARSEN', 'T. Larsen', 'Torben Larsen']",238,5472,42,26,torben,larsen,l,torben larsen,A5081821608,t larsen
A5026088824,https://orcid.org/0000-0002-3515-1613,Shira Peleg,"['S. Peleg', 'Shira Peleg']",27,296,9,8,shira,peleg,p,shira peleg,A5026088824,s peleg
A5073936596,,Eileen Van der Flier-Keller,"['E. VAN DER FLIER-KELLER', 'E. Van Der Flier-Keller', 'E. Van der Flier-Keller', 'E. van der Flier-Keller', 'EILEEN VAN DER FLIER-KELLER', 'Eileen Van Der Flier-Keller', 'Eileen Van der Flier-Keller', 'Eileen van der Flier-Keller', 'Van der Flier-Keller, Eileen']",34,273,9,3,eileen van der,flier-keller,f,eileen van der flier-keller,A5073936596,e flier-keller
A5025956683,,Conor Hoekstra,['Conor Hoekstra'],6,3,1,2,conor,hoekstra,h,conor hoekstra,A5025956683,c hoekstra
A5074913066,https://orcid.org/0000-0003-0083-6126,Genevieve LeBaron,"['G J LEBARON', 'G.J. LEBARON', 'GENEVIEVE LEBARON', 'Genevieve LEBARON', 'Genevieve LeBaron', 'Genevieve Lebaron', 'LEBARON, G.J.', 'LeBaron, G.', 'LeBaron, Genevieve', 'Lebaron, Genevieve']",85,2971,29,5,genevieve,lebaron,l,genevieve lebaron,A5074913066,g lebaron
A5089317398,,Neda Afzali,"['N. Afzali', 'Neda Afzali']",12,240,6,3,neda,afzali,a,neda afzali,A5089317398,n afzali
A5100534061,,Weiling Zheng,"['Ching-Yu Cheng', 'Weiling Zheng', 'Weiling Zheng (102342)', 'Zheng, Weiling']",24,960,10,7,weiling,zheng,z,weiling zheng,A5100534061,w zheng
A5063015584,https://orcid.org/0000-0002-0097-2745,Seong Hyeon Park,"['Park, Seong Hyeon', 'Seong Hyeon Park']",77,621,14,18,seong hyeon,park,p,seong hyeon park,A5063015584,s park
A5008876155,https://orcid.org/0009-0005-6791-0521,Meehae Song,"['M. Song', 'Meehae Song']",27,155,6,2,meehae,song,s,meehae song,A5008876155,m song
A5091627790,https://orcid.org/0000-0003-3300-8562,Andrew J. Perkins,"['Andrew J. Perkins', 'Andrew James Perkins']",26,195,6,2,andrew j.,perkins,p,andrew j. perkins,A5091627790,a perkins
A5014672057,https://orcid.org/0000-0003-2910-6725,Yi Xiong,"['Chaojiong Zhen', 'Xiong Yi', 'Xiong, Yi', 'Y Xiong', 'Y. Xiong', 'Yi XIONG', 'Yi Xiong', 'Yi 翼 Xiong 熊', 'Yuanji Zhang']",212,4666,38,62,yi,xiong,x,yi xiong,A5014672057,y xiong
A5033995435,https://orcid.org/0000-0002-9307-5006,Maha Shehadeh,"['M. A. Shehadeh', 'Maha Shehadeh', 'Maha̅ Khali̅l Sheḥadeh', 'Shehadeh, Maha']",63,1518,26,14,maha,shehadeh,s,maha shehadeh,A5033995435,m shehadeh
A5013263366,,Jinglin Peng,"['Jinglin Peng', 'Peng, Jinglin']",16,121,5,4,jinglin,peng,p,jinglin peng,A5013263366,j peng
A5022096681,https://orcid.org/0000-0002-6124-9497,Simon Ford,"['Ford, S.', 'Ford, S. J.', 'Ford, Simon', 'S Ford', 'S J Ford', 'S. Ford', 'S. J. Ford', 'S.J Ford', 'S.J. Ford', 'S.\u2009J. Ford', 'Simon Ford', 'Simon J Ford', 'Simon J. Ford', 'Simon James Ford']",147,4859,27,29,simon,ford,f,simon ford,A5022096681,s ford
A5027259807,https://orcid.org/0000-0002-6112-4256,Anna Rybińska,"['Anna Rybinska', 'Anna Rybińska', 'Anna Rybińska‐Campbell', 'Rybinska, Anna']",22,285,8,8,anna,rybińska,r,anna rybińska,A5027259807,a rybińska
A5009159826,,Karen Sawatzky,['Karen Sawatzky'],8,14,3,1,karen,sawatzky,s,karen sawatzky,A5009159826,k sawatzky
A5073325226,https://orcid.org/0000-0001-8713-5490,Gurpreet Singh Sodhi,['Gurpreet Singh Sodhi'],19,532,10,3,gurpreet singh,sodhi,s,gurpreet singh sodhi,A5073325226,g sodhi
A5100390378,https://orcid.org/0000-0003-2036-8200,Jiaqi Liu,"['J. Liu', 'Jia-Qi Liu', 'Jia-qi Liu', 'Jiaqi LIU', 'Jiaqi Liu', 'Liu, Jiaqi']",59,447,9,25,jiaqi,liu,l,jiaqi liu,A5100390378,j liu
A5062467718,,B. Heinrich,"['B Heinrich', 'B. HEINRICH', 'B. Heinrich', 'Bret Heinrich', 'Heinrich, Bret']",131,5303,35,5,b.,heinrich,h,b. heinrich,A5062467718,b heinrich
A5058603439,,Jeffrey van Santen,"['Jeffrey van Santen', 'van Santen, Jeffrey']",7,0,0,1,jeffrey van,santen,s,jeffrey van santen,A5058603439,j santen
A5108247017,,Andreĭ A. Bulatov,"['Andrei A. Bulatov', 'Andrei Bulatov', 'Andreĭ A. Bulatov', 'Bulatov, Andrei', 'Bulatov, Andrei A.', 'Андрей Арнольдович Булатов']",60,1846,14,6,andreĭ a.,bulatov,b,andreĭ a. bulatov,A5108247017,a bulatov
A5060218498,https://orcid.org/0000-0002-9169-5877,Zewen Wu,"['Wu, Zewen', 'Z. Wu', 'Z.Y. Wu', 'Ze-Wen Wu', 'Zewen Wu', 'Zhangci Wu', 'Zhonghong Wu', 'Zuojia Wu']",42,646,12,17,zewen,wu,w,zewen wu,A5060218498,z wu
A5001407540,https://orcid.org/0009-0006-5478-7357,A. Redey,"['A. Redey', 'Ágnes Rédey']",11,8,1,3,a.,redey,r,a. redey,A5001407540,a redey
A5017934199,https://orcid.org/0000-0002-4702-1939,Jane McCarthy,"['J M McCarthy', 'J. McCArthy', 'J. McCarthy', 'J. Mccarthy', 'J.M. McCarthy', 'J.M. Mccarthy', 'JANE M. McCARTHY', 'Jane M McCarthy', 'Jane M. McCarthy', 'Jane McCarthy', 'Jane Mccarthy', 'McCarthy, J.', 'McCarthy, Jane']",201,3626,30,36,jane,mccarthy,m,jane mccarthy,A5017934199,j mccarthy
A5103836811,,Mahendra Prasad,"['M Bhanu Prasad', 'M. Bhanu Prasad', 'M.S. Mahadeva Prasad', 'Mahendra Prasad']",41,74,5,7,mahendra,prasad,p,mahendra prasad,A5103836811,m prasad
A5090633832,,Brinda Prasad,"['B. Durga Prasad', 'Brinda Prasad']",9,69,4,5,brinda,prasad,p,brinda prasad,A5090633832,b prasad
A5048877494,https://orcid.org/0000-0003-1280-202X,Hua Wu,"['H. Wu', 'H.-H. Wu', 'H.H. Wu', 'Han Wu', 'Hao Wu', 'Hua Wu', 'Hua 骅 Wu 吴', 'Wu, H. -H.', 'Wu, Hua']",191,12915,38,32,hua,wu,w,hua wu,A5048877494,h wu
A5021842006,,Danielle Jaye S. Agron,"['Danielle Agron', 'Danielle Jaye Agron', 'Danielle Jaye S. Agron', 'Danielle Jaye Segui Agron']",19,175,6,4,danielle jaye s.,agron,a,danielle jaye s. agron,A5021842006,d agron
A5022256314,https://orcid.org/0000-0002-1290-8943,Farzad Nasirpouri,"['F Nasirpouri', 'F. Nasirpouri', 'F. O. Nasirpouri', 'Farzad Nasirpouri']",142,2683,30,12,farzad,nasirpouri,n,farzad nasirpouri,A5022256314,f nasirpouri
A5100387944,https://orcid.org/0009-0000-3379-6103,Ruiqi Wang,"['Rui-qi Wang', 'Ruiqi Wang']",15,225,5,18,ruiqi,wang,w,ruiqi wang,A5100387944,r wang
A5089655064,https://orcid.org/0000-0002-5013-343X,Pamela Abbott,"['Abbott Pamela', 'Abbott, Pamela', 'P ABBOTT', 'P Abbott', 'P. A. Abbott', 'P. Abbott', 'PAMELA ABBOTT', 'Pamela A Abbott', 'Pamela A. Abbott', 'Pamela Abbott', 'Pamela mname Abbott']",277,3590,35,17,pamela,abbott,a,pamela abbott,A5089655064,p abbott
A5101872740,https://orcid.org/0000-0002-5142-8248,Yule Wang,"['Wang, Yule', 'Yule WANG', 'Yule Wang']",16,24,3,5,yule,wang,w,yule wang,A5101872740,y wang
A5023568906,https://orcid.org/0000-0002-5699-5444,Travis Salway,"['Salway, Travis', 'T Hottes', 'Travis Hottes', 'Travis J. Salway', 'Travis S. Hottes', 'Travis Salway', 'Travis Salway Hottes', 'Travis\xa0S. Hottes']",141,4930,38,26,travis,salway,s,travis salway,A5023568906,t salway
A5026668088,https://orcid.org/0000-0002-7066-7244,Aleena Chia,"['Aleena Chia', 'Chia, Aleena']",25,283,8,8,aleena,chia,c,aleena chia,A5026668088,a chia
A5038022614,https://orcid.org/0000-0002-4856-3510,Hanna Jackson,"['Hanna Jackson', 'Hanna M. Jackson']",8,113,4,1,hanna,jackson,j,hanna jackson,A5038022614,h jackson
A5039010011,,Cynthia Balion,"['Balion, Cynthia', 'C Balion', 'C M Balion', 'C. Balion', 'C.M. Balion', 'Cynthia Balion', 'Cynthia M Balion', 'Cynthia M. Balion']",115,5382,35,21,cynthia,balion,b,cynthia balion,A5039010011,c balion
A5008485780,https://orcid.org/0000-0002-2477-8699,Stefanie Klatt,"['Klatt, Stefanie', 'Stefanie Klatt']",120,1174,18,7,stefanie,klatt,k,stefanie klatt,A5008485780,s klatt
A5048426564,https://orcid.org/0000-0002-1470-5381,Serena Wong,"['Serena Wong', 'Wong, Serena']",17,351,7,7,serena,wong,w,serena wong,A5048426564,s wong
A5033668753,https://orcid.org/0000-0001-8302-6334,Lannie Kanevsky,"['L. Kanevsky', 'Lannie Kanevsky', 'Lannie S. Kanevsky']",32,869,13,3,lannie,kanevsky,k,lannie kanevsky,A5033668753,l kanevsky
A5005097780,,Sarah Adams,"['S Adams', 'S.F. Adams', 'Sarah Adams']",6,128,5,5,sarah,adams,a,sarah adams,A5005097780,s adams
A5028782719,https://orcid.org/0000-0001-6829-7814,Samantha Teichman,['Samantha Teichman'],10,28,3,1,samantha,teichman,t,samantha teichman,A5028782719,s teichman
A5003738473,https://orcid.org/0000-0001-8246-9969,Yu. V. Gusev,"['Gusev, Yu. V.', 'Gusev, Yuri', 'Gusev, Yuri V.', 'Gusev, Yuri Vladimirovich', 'Y V Gusev', 'Y. Gusev', 'Y. V. Gusev', 'Yu V Gusev', 'Yu V.Gusev', 'Yu. V. Gusev', 'Yu.V. Gusev', 'Yuri Gusev', 'Yuri V. Gusev', 'Yuri Vladimirovich Gusev']",44,672,14,17,yu. v.,gusev,g,yu. v. gusev,A5003738473,y gusev
A5007755421,https://orcid.org/0000-0001-8458-2383,Stephen R. Harrigan,"['Harrigan, S. R.', 'Harrigan, Stephen R.', 'S. Harrigan', 'S. R. Harrigan', 'S.R. Harrigan', 'Stephen R. Harrigan']",17,214,4,4,stephen r.,harrigan,h,stephen r. harrigan,A5007755421,s harrigan
A5037577946,https://orcid.org/0000-0003-4453-6256,Michael Budu,"['Michael Budu', 'Michael O Budu', 'Michael O. Budu', 'Michael Owusu Budu']",17,54,3,4,michael,budu,b,michael budu,A5037577946,m budu
A5069306754,,Jefferey Yue,"['Jefferey Yue', 'Yue, Jefferey']",13,55,2,1,jefferey,yue,y,jefferey yue,A5069306754,j yue
A5008779285,https://orcid.org/0000-0002-3195-8495,Timothy Moore,"['Moore, T.', 'Moore, Tim', 'Moore, Timothy', 'Moore, Timothy J.', 'Moore, Timothy John', 'Moore,\xa0Timothy', 'T Moore', 'T. J. Moore', 'T. Moore', 'T.J. MOORE', 'TIMOTHY J. MOORE', 'Tim Moore', 'Timothy J Moore', 'Timothy J. Moore', 'Timothy John Moore', 'Timothy Moore']",195,2149,23,54,timothy,moore,m,timothy moore,A5008779285,t moore
A5100770511,https://orcid.org/0000-0003-4454-6999,D. Sperlich,"['B. Spisso', 'D Sperlich', 'D. Sperlich', 'Dennis Sperlich', 'L. Splendori', 'Lysak, Roman', 'M. Spalla', 'Maevskiy, AS', 'Outschoorn, VIM', 'Smolek, Karel', 'Snesarev, Andrei', 'Sperlich, D.', 'Sperlich, Dennis', 'Stelzer, Bernd', 'Stoicea, Gabriel', 'Z. Soumaimi']",350,5303,40,32,d.,sperlich,s,d. sperlich,A5100770511,d sperlich
A5108232317,https://orcid.org/0009-0004-1137-3651,Ryan Hall,"['R. P. Hall', 'Ryan C. W. Hall', 'Ryan CW Hall', 'Ryan Hall']",22,44,3,8,ryan,hall,h,ryan hall,A5108232317,r hall
A5102728901,,K. Victor Chow,"['Chow, Kevin', 'K. Victor Chow', 'K.Victor Chow', 'Kevin Chow']",43,1515,12,6,k. victor,chow,c,k. victor chow,A5102728901,k chow
A5068710825,https://orcid.org/0000-0002-5605-8848,Pyojin Kim,"['Kim, Pyojin', 'Pyojin Kim']",41,583,14,4,pyojin,kim,k,pyojin kim,A5068710825,p kim
A5014507970,,Michael Bielecki,['Michael Bielecki'],14,115,6,9,michael,bielecki,b,michael bielecki,A5014507970,m bielecki
A5066282225,,Ann Clifton,"['A. Clifton', 'Ann Clifton', 'Clifton, A', 'Clifton, Ann']",29,445,8,5,ann,clifton,c,ann clifton,A5066282225,a clifton
A5027756108,https://orcid.org/0000-0002-0178-5087,Andrew Mendlowitz,"['Andrew B Mendlowitz', 'Andrew B. Mendlowitz', 'Andrew Mendlowitz', 'Mendlowitz, Andrew']",33,225,8,26,andrew,mendlowitz,m,andrew mendlowitz,A5027756108,a mendlowitz
A5023196234,https://orcid.org/0000-0001-5123-8375,Misha Jain,['Misha Jain'],6,60,3,2,misha,jain,j,misha jain,A5023196234,m jain
A5089803253,,Ehsan Hoseinzade,"['Ehsan Hoseinzade', 'Hoseinzade, Ehsan']",12,658,5,2,ehsan,hoseinzade,h,ehsan hoseinzade,A5089803253,e hoseinzade
A5029894289,https://orcid.org/0000-0002-9364-933X,Fausto Carnevale Neto,"['F C Neto', 'F Carnevale Neto', 'F. Carnevale Neto', 'F. Carnevale-Neto', 'Fausto Carnevale Neto', 'Fausto Carnevale-Neto', 'Fausto Carnevale\xa0Neto', 'Fausto Neto', 'Neto, Fausto Carnevale']",62,1721,22,11,fausto carnevale,neto,n,fausto carnevale neto,A5029894289,f neto
A5001004675,https://orcid.org/0000-0001-6656-7833,Valentin Jaumouillé,"['Jaumouillé, Valentin', 'Valentin Jaumouille', 'Valentin Jaumouillé', 'Valentin Jaumouillé']",43,2815,19,7,valentin,jaumouillé,j,valentin jaumouillé,A5001004675,v jaumouillé
A5015037796,https://orcid.org/0000-0001-9957-5733,Jinze Wu,"['Jin-Ze Wu', 'Jinze Wu', 'Wu, Jinze']",32,463,10,11,jinze,wu,w,jinze wu,A5015037796,j wu
A5004354774,https://orcid.org/0000-0003-0942-2333,Matthew Wyon,"['M. A. Wyon', 'M. Wyon', 'M.A. Wyon', 'Matthew A Wyon', 'Matthew A. Wyon', 'Matthew Alexander Wyon', 'Matthew Wyon', 'Wyon, Matthew']",114,2411,27,17,matthew,wyon,w,matthew wyon,A5004354774,m wyon
A5055200248,https://orcid.org/0000-0002-5409-6605,Annika Rosengren,"['A R Rosengren', 'A ROSENGREN', 'A Rosengren', 'A. ROSENGREN', 'A. Rosengren', 'A., Rosengren', 'A.R Rosengren', 'ANNIKA ROSENGREN', 'Afzalhussein Yusufali', 'Annika ROSENGREN', 'Annika Rosengren', 'J Norrie', 'Rosengren A', 'Rosengren, A.', 'Rosengren, Annika']",744,69250,128,46,annika,rosengren,r,annika rosengren,A5055200248,a rosengren
A5031206470,https://orcid.org/0000-0002-8623-4881,Lien Quach,"['L Quach', 'L. Quach', 'Lien Quach', 'Lien T Quach', 'Lien T. Quach', 'Quach, L', 'Quach, Lien T', 'Quach, Lien T.']",70,3553,19,28,lien,quach,q,lien quach,A5031206470,l quach
A5106720642,https://orcid.org/0000-0002-8777-090X,Fa‐tang Li,"['Bao-hang Han', 'F. Li', 'F. T. Li', 'Fa-Tang Li', 'Fa-tang LI', 'Fa-tang Li', 'Fatang Li', 'Fayu Li', 'Fa‐Tang Li', 'Fa‐tang Li', 'Feng-yu Li', 'Fenghai Li', 'Fengwe Li', 'Fubing Li', 'Jiehao Li', 'Jun Zhao', 'Li Fatang', 'Xinying Liu', 'Ying Liu', 'Yingjuan Hao', 'Yu-pei Li']",192,10696,51,25,fa‐tang,li,l,fa‐tang li,A5106720642,f li
A5113787976,,Elizabeth Keating,"['E. Keating', 'ELIZABETH KEATING', 'Elizabeth Keating', 'Keating, Elizabeth']",87,1251,16,51,elizabeth,keating,k,elizabeth keating,A5113787976,e keating
A5053840112,https://orcid.org/0000-0003-1984-0096,Wayne Hall,"['HALL,W.B.', 'Hall', 'Hall , Wayne', 'Hall, W. B.', 'Hall, Wayne', 'Hall,\xa0W', 'W C Hall', 'W D Hall', 'W DALLAS HALL', 'W Dallas Hall', 'W HALL', 'W Hall', 'W. D Hall', 'W. D. HALL', 'W. D. Hall', 'W. DALLAS HALL', 'W. Dallas Hall', 'W. HALL, JR.', 'W. Hall', 'W.D Hall', 'W.D. Hall', 'W.Dallas Hall', 'W.P.J. Hall', 'WAYNE D. HALL', 'WAYNE HALL', 'WAYNE HALLY', 'Wayne C Hall', 'Wayne C. Hall', 'Wayne D HALL', 'Wayne D Hall', 'Wayne D. Hall', 'Wayne Denis Hall', 'Wayne HALL', 'Wayne Hall', 'Wayne Hallxy', 'Wayne Jordan Hall']",1759,102954,130,124,wayne,hall,h,wayne hall,A5053840112,w hall
A5087858861,https://orcid.org/0009-0008-2371-1186,Zhengjie Miao,"['Miao, Zhengjie', 'Zhengjie Miao']",38,426,10,4,zhengjie,miao,m,zhengjie miao,A5087858861,z miao
A5020731483,,S. R. Dunsiger,"['Dunsiger, S. R.', 'Dunsiger, Sarah', 'Dunsiger, Sarah R.', 'Dunsiger, Sarah Ruth', 'S R Dunsiger', 'S. Dunsiger', 'S. R. Dunsiger', 'S.R Dunsiger', 'S.R. Dunsiger', 'S.\u2009R. Dunsiger', 'Sarah Dunsiger', 'Sarah R Dunsiger', 'Sarah R. Dunsiger']",110,1894,23,12,s. r.,dunsiger,d,s. r. dunsiger,A5020731483,s dunsiger
A5068249285,https://orcid.org/0000-0002-1420-4149,Lyana Patrick,"['Lyana Patrick', 'Patrick, Lyana', 'Patrick, Lyana Marie']",23,130,6,2,lyana,patrick,p,lyana patrick,A5068249285,l patrick
A5062829964,https://orcid.org/0000-0001-7726-3085,Rachel D. Field,"['Rachel D Field', 'Rachel D. Field']",10,225,5,5,rachel d.,field,f,rachel d. field,A5062829964,r field
A5082959453,https://orcid.org/0000-0003-0665-2977,Robert S. Anderson,"['Anderson, Robert', 'Anderson, Robert S.', 'Anderson, Robert S. (Robert Samuel)', 'Anderson, Robert Samuel.', 'R S Anderson', 'R. S. Anderson', 'R.S Anderson', 'R.S. ANDERSON', 'R.S. Anderson', 'ROBERT ANDERSON', 'ROBERT ANDERSON IV', 'ROBERT S. ANDERSON', 'Randall S. Anderson', 'Robert Anderson', 'Robert S Anderson', 'Robert S. ANderson', 'Robert S. Anderson', 'Robert S. Anderson; Miklos Garamszeghy; Fred Rodrigues; Ed Nicholls', 'Robert s. Anderson']",384,5498,39,37,robert s.,anderson,a,robert s. anderson,A5082959453,r anderson
A5055864815,https://orcid.org/0000-0002-4618-2810,Alexandra C. Sawyer,"['A. Sawyer', 'Alexandra C Sawyer', 'Alexandra C. Sawyer', 'Alexandra Sawyer']",7,111,5,3,alexandra c.,sawyer,s,alexandra c. sawyer,A5055864815,a sawyer
A5004151776,https://orcid.org/0000-0003-2870-3966,Gustavo Balbinot,"['Balbinot, Gustavo', 'G Balbinot', 'G. Balbinot', 'Gustavo Balbinot', 'Gustavo Catusso Balbinot']",70,542,12,14,gustavo,balbinot,b,gustavo balbinot,A5004151776,g balbinot
A5026316782,https://orcid.org/0000-0003-2607-0851,Kangyi Peng,"['K. Peng', 'Kaidi Peng', 'Kang-Yi Peng', 'Kang-yi PENG', 'Kangyi Peng']",10,12,2,5,kangyi,peng,p,kangyi peng,A5026316782,k peng
A5008321994,,Sidi Wu,"['Sidi WU', 'Sidi Wu', 'Wu, Sidi']",23,36,3,3,sidi,wu,w,sidi wu,A5008321994,s wu
A5016961777,https://orcid.org/0000-0001-7048-7844,Jim Mann,"['J Douglas Mann', 'J MANN', 'J Mann', 'J. John Mann', 'J. Mann', 'Jim Mann']",89,1442,17,21,jim,mann,m,jim mann,A5016961777,j mann
A5086642565,https://orcid.org/0000-0003-2792-8055,Barbara S. Mitchell,"['B Mitchell', 'Barbara Mitchell', 'Barbara S. Mitchell']",48,919,15,6,barbara s.,mitchell,m,barbara s. mitchell,A5086642565,b mitchell
A5000834159,https://orcid.org/0000-0001-5943-9702,Gita Wahi,"['G Wahi', 'G. Wahi', 'Gita Wahi', 'Gita Wahi, MD']",119,1337,20,37,gita,wahi,w,gita wahi,A5000834159,g wahi
A5018038456,,Frederick H. Willeboordse,"['F. H. Willeboordse', 'FREDERICK H. WILLEBOORDSE', 'Frederick H Willeboordse', 'Frederick H. WILLEBOORDSE', 'Frederick H. Willeboordse', 'Willeboordse, Frederick H.']",41,664,12,6,frederick h.,willeboordse,w,frederick h. willeboordse,A5018038456,f willeboordse
A5051345343,https://orcid.org/0000-0002-6427-433X,Chloe Clear,"['C. Clear', 'Chloe Clear', 'Clear, Chloe']",13,118,5,6,chloe,clear,c,chloe clear,A5051345343,c clear
A5060002954,https://orcid.org/0000-0002-3417-9323,Xiangyu Sun,"['SUN, Xiang-Yu', 'Sun, Xiangyu', 'X. Sun', 'X.-Y. Sun', 'Xiang-Yu SUN', 'Xiang-Yu Sun', 'Xiang-yu Sun', 'XiangYu SUN', 'XiangYu Sun', 'Xiangyu SUN', 'Xiangyu Sun', 'xiangyu Sun', 'xiangyu sun']",186,3927,37,57,xiangyu,sun,s,xiangyu sun,A5060002954,x sun
A5104189747,,Mia Sheehan,['Mia Sheehan'],6,2,1,2,mia,sheehan,s,mia sheehan,A5104189747,m sheehan
A5064609941,https://orcid.org/0000-0001-9484-6223,Nick P.G. Gauthier,"['Gauthier, Nick', 'N. Gauthier', 'Nick Gauthier', 'Nick P G Gauthier', 'Nick P. G. Gauthier', 'Nick P. Gauthier', 'Nick P.G. Gauthier']",17,161,7,5,nick p.g.,gauthier,g,nick p.g. gauthier,A5064609941,n gauthier
A5009640482,,Saim Wani,"['Saim Wani', 'Wani, Saim']",9,112,4,2,saim,wani,w,saim wani,A5009640482,s wani
A5048651046,,Alexander Hook,['Alexander Hook'],16,8,2,3,alexander,hook,h,alexander hook,A5048651046,a hook
A5086306134,https://orcid.org/0000-0003-0056-7958,Shuang Wei,"['Shuang Feng Wei', 'Shuang WEI', 'Shuang Wei', 'Shuang 爽 Wei 魏', 'Wei Shuang', 'Wei, Shuang']",94,1036,14,43,shuang,wei,w,shuang wei,A5086306134,s wei
A5077355218,https://orcid.org/0000-0002-2731-315X,Daniel Layton‐Matthews,"['D Layton-Matthews', 'D. Layton-Matthews', 'Dan Layton-Matthews', 'Daniel Layton-Matthews', 'Daniel Layton‐Matthews', 'Daniel Layton‑Matthews', 'Layton-Matthews, D.', 'Layton-Matthews, Dan', 'Layton-Matthews, Daniel']",177,1717,22,6,daniel,layton‐matthews,l,daniel layton‐matthews,A5077355218,d layton‐matthews
A5079442132,https://orcid.org/0000-0001-5988-0987,Amr Radwan,"['A. A. A. Radwan', 'A. Radwan', 'Amr A. Radwan', 'Amr Ahmed A. Radwan', 'Amr Radwan', 'Radwan, Amr A A']",49,1734,18,4,amr,radwan,r,amr radwan,A5079442132,a radwan
A5038515511,,Srabana Dasgupta,['Srabana Dasgupta'],16,230,5,2,srabana,dasgupta,d,srabana dasgupta,A5038515511,s dasgupta
A5088665903,https://orcid.org/0000-0002-7429-094X,Elana Varner,['Elana Varner'],6,30,3,1,elana,varner,v,elana varner,A5088665903,e varner
A5058417544,https://orcid.org/0000-0002-0442-7568,Killian Kleffner,"['Killian Kleffner', 'Killian Kleffner-Canucci']",13,233,6,5,killian,kleffner,k,killian kleffner,A5058417544,k kleffner
A5068383329,https://orcid.org/0009-0009-8116-2514,Abraham J. Wilhelm,"['A J Wilhelm', 'A WILHELM', 'A Wilhelm', 'A. J. WILHELM', 'A. J. Wilhelm', 'A. Wilhelm', 'A.J Wilhelm', 'A.J. Wilhelm', 'AJ Wilhelm', 'Aabraham J. Wilhelm', 'Abraham J Wilhelm', 'Abraham J. Wilhelm', 'Wilhelm, A J', 'Wilhelm, AJ']",84,2147,27,16,abraham j.,wilhelm,w,abraham j. wilhelm,A5068383329,a wilhelm
A5112289737,,Alex Clapp,"['A. Clapp', 'Alex Clapp', 'Alex R. Clapp']",8,67,4,1,alex,clapp,c,alex clapp,A5112289737,a clapp
A5101590823,https://orcid.org/0000-0002-2697-5012,Yongjun He,"['He Yongjun', 'He, Yong-Jun', 'He, Yongjun', 'Y. He', 'YONGJUN HE', 'Yangyang He', 'Yong-Jun He', 'Yong-jun He', 'YongJun He', 'Yongjun HE', 'Yongjun He']",143,1659,22,32,yongjun,he,h,yongjun he,A5101590823,y he
A5092167264,,Liam Buirs,['Liam Buirs'],6,26,2,2,liam,buirs,b,liam buirs,A5092167264,l buirs
A5100437036,https://orcid.org/0000-0002-6170-4744,Kai Wang,"['Anzhen Wang', 'Binyu Song', 'Di Lu', 'Feng Rong', 'Fengtao Xiang', 'Ge Yangyuan', 'Genzhe Shen', 'Huan Gao', 'Jia Zhang', 'Jun Wu', 'K Wang', 'K Y Wang', 'K. Wang', 'K. Y. Wang', 'K., Wang', 'K.-Y. Wang', 'K.Y. Wang', 'K.a.i. Wang', 'KAI WANG', 'Kai Gao', 'Kai WANG', 'Kai Wang', 'Kai Wang (21246)', 'Kai Wang Ma', 'Kai Wang(New Corresponding Author)', 'Kai Wang,', 'Kai You Wang', 'Kai wang', 'Kai-Xuan Wang', 'Kai-Xue Wang', 'Kai-You WANG', 'Kai-You Wang', 'KaiYou Wang', 'Kaidi Wang', 'Kaifeng Wang', 'Kaiqi Wang', 'Kaiyou Wang', 'Kaiyue Wang', 'Kai‐Bo Wang', 'Ke WANG', 'Ke Wang', 'Kim', 'Lijun Chen', 'Lijun Wei', 'Longo', 'Ma Cong', 'Man Li', 'Miao Wang', 'Minzi Tang', 'Ningsheng Xu', 'Qize Wang', 'Runze Zhan', 'Shaowang Zhang', 'Songbai Cheng', 'Tairan Wang', 'Tong-jian Bai', 'WANG, Kai', 'Wang K', 'Wang, K', 'Wang, K Y', 'Wang, K.', 'Wang, Kai', 'Wang, Kaiyou', 'Wang, Kangcai', 'Weiqi Cheng', 'Weiyuan Li', 'X Jialin', 'Xiang Li', 'Xiao Lin', 'Xiongwei Dong', 'Y Zhang', 'Yan Liu', 'Yan Wang', 'Yanghua Tian', 'Yaru Zhang', 'Yuejia Luo', 'Zhai Ciphertext', 'Zhi Zhang', 'Zhiyao Zheng', 'Zong-Kai Wang', 'Zongkai Wang', 'kai Wang', 'kai wang', 'wang, kai']",7223,215894,172,1307,kai,wang,w,kai wang,A5100437036,k wang
A5069127560,,Gerri Sinclair,"['G.J. Sinclair', 'Gerri Sinclair']",7,21,3,1,gerri,sinclair,s,gerri sinclair,A5069127560,g sinclair
A5059561774,,Manthan Desai,"['M.R. Desai', 'Manthan Desai']",6,8,1,1,manthan,desai,d,manthan desai,A5059561774,m desai
A5001764896,,Bert Painter,['Bert Painter'],12,9,2,4,bert,painter,p,bert painter,A5001764896,b painter
A5079171066,https://orcid.org/0000-0002-3477-8748,Mel Krajden,"['Krajden, Mel', 'M KRAJDEN', 'M Krajden', 'M. KRAJDEN', 'M. Krajden', 'M.L. Krajden', 'MEL KRAJDEN', 'Mel Krajden', 'Mel. Krajden']",542,23580,72,86,mel,krajden,k,mel krajden,A5079171066,m krajden
A5027634677,,J.I. Little,"['J. I. Little', 'J.I. Little', 'Jack I. Little', 'Jack Little', 'Little, J I', 'Little, J.I.']",85,295,8,3,j.i.,little,l,j.i. little,A5027634677,j little
A5054281602,https://orcid.org/0000-0002-1868-2121,Bryton R. Varju,"['Bryton R. Varju', 'Bryton Varju', 'Varju, Bryton', 'Varju, Bryton R.']",17,101,6,3,bryton r.,varju,v,bryton r. varju,A5054281602,b varju
A5025399722,https://orcid.org/0000-0001-6757-7443,Tushar Kanti Saha,"['Dr. Tushar Kanti Saha', 'Saha, Tushar K.', 'T K SAHA', 'T. Saha', 'Tushar K. Saha', 'Tushar Kanti Saha', 'Tushar Saha', 'TusharKanti Saha']",69,157,8,13,tushar kanti,saha,s,tushar kanti saha,A5025399722,t saha
A5037049503,https://orcid.org/0000-0002-7604-3475,Marta E. Ulaski,"['Marta E. Ulaski', 'Marta Ulaski', 'Ulaski, Marta E.']",14,70,5,4,marta e.,ulaski,u,marta e. ulaski,A5037049503,m ulaski
A5044896588,https://orcid.org/0000-0001-6180-2515,Robert Geneau,"['Geneau, Robert', 'Prface', 'R Geneau', 'R. Geneau', 'Robert Geneau']",96,4019,28,28,robert,geneau,g,robert geneau,A5044896588,r geneau
A5051520880,,Rosemary Lever,"['R Lever', 'R S Lever', 'R. LEVER', 'R. Lever', 'R. S. LEVER', 'R. S. Lever', 'R.S. LEVER', 'R.S. Lever', 'ROSEMARY LEVER', 'ROSEMARY S. LEVER', 'Rosemary Lever', 'Rosemary S. Lever']",69,2495,24,17,rosemary,lever,l,rosemary lever,A5051520880,r lever
A5024992458,https://orcid.org/0000-0003-3682-9120,Piush J. Mandhane,"['Mandhane, Piush J', 'P J Mandhane', 'P MANDHANE', 'P Mandhane', 'P. J. Mandhane', 'P. Mandhane', 'P.J. Mandhane', 'Piush J Mandhane', 'Piush J. Mandhane', 'Piush Mandhane', 'Piushkumar J Mandhane', 'Piushkumar J. Mandhane', 'Piushkumar Mandhane']",311,13256,55,38,piush j.,mandhane,m,piush j. mandhane,A5024992458,p mandhane
A5000652372,https://orcid.org/0000-0002-1509-0702,Franklin O. Egemole,"['Franklin Egemole', 'Franklin O. Egemole']",8,40,4,2,franklin o.,egemole,e,franklin o. egemole,A5000652372,f egemole
A5050465904,https://orcid.org/0000-0001-6975-8651,Xin Wei,"['Wei, Xin', 'X M Wei', 'X Wei', 'X. Wei', 'X.-M. Wei', 'X.-m. Wei', 'XIN WEI', 'Xin Wei', 'xin Wei']",159,1392,23,56,xin,wei,w,xin wei,A5050465904,x wei
A5074311826,https://orcid.org/0009-0003-0013-3612,Nathaniel J. Johnson,"['N. Johnson', 'Nathaniel J. Johnson']",11,22,3,4,nathaniel j.,johnson,j,nathaniel j. johnson,A5074311826,n johnson
A5089315035,https://orcid.org/0000-0002-3461-9157,Elie Ritch,"['E Ritch', 'E. Ritch', 'Elie J. Ritch', 'Elie Ritch']",73,1140,12,4,elie,ritch,r,elie ritch,A5089315035,e ritch
A5075198325,https://orcid.org/0000-0002-7246-2875,Matthew C. Go,"['Go', 'Go, Matthew C.', 'Matthew C. Go', 'Matthew Go']",34,361,12,7,matthew c.,go,g,matthew c. go,A5075198325,m go
A5025082628,https://orcid.org/0000-0001-9089-7525,David D.L. Bowtell,"['Bowtell, D.', 'Bowtell, David', 'Bowtell, David D.', 'Bowtell, David D. L.', 'D Bowtell', 'D D Bowtell', 'D D L Bowtell', 'D. Bowtell', 'D. D. L. Bowtell', 'D.D. Bowtell', 'D.D.L. Bowtell', 'DAVID D. L. Bowtell', 'David Bowtell', 'David D Bowtell', 'David D L Bowtell', 'David D. Bowtell', 'David D. L. Bowtell', 'David D.L. Bowtell', 'David DL Bowtell', 'David S L Bowtell', 'David\xa0D. Bowtell', 'I. Haviv', 'J. Paulauskis', 'Nicole Cloonan', 'Reanne Bowlby']",1061,74674,116,118,david d.l.,bowtell,b,david d.l. bowtell,A5025082628,d bowtell
A5028747211,https://orcid.org/0000-0003-4896-0388,Laura Belschner,"['Belschner, Laura', 'Laura Belschner']",18,289,9,5,laura,belschner,b,laura belschner,A5028747211,l belschner
A5110738906,,Denis Chetverikov,"['Chetverikov, Denis', 'Chetverikov, Denis N.', 'Denis Chetverikov', 'éCetverikov, Denis N.']",112,7603,35,24,denis,chetverikov,c,denis chetverikov,A5110738906,d chetverikov
A5059829284,https://orcid.org/0000-0001-8254-1158,Amanda Watson,"['Amanda Watson', 'Amanda Watson (4447267)', 'Watson', 'Watson, A', 'Watson, Amanda', 'Watson,\xa0Amanda']",75,111,4,11,amanda,watson,w,amanda watson,A5059829284,a watson
A5106259598,https://orcid.org/0009-0000-1673-0890,Zena Rossouw,"['Rossouw, Zena', 'Zena Rossouw']",7,4,2,2,zena,rossouw,r,zena rossouw,A5106259598,z rossouw
A5007850063,https://orcid.org/0000-0002-6447-0031,Ken Seigneurie,"['Ken Seigneurie', 'Seigneurie, Ken']",24,38,4,4,ken,seigneurie,s,ken seigneurie,A5007850063,k seigneurie
A5074169056,https://orcid.org/0000-0001-6698-539X,J. Hui,"['J. Hui', 'Jonathan Hui']",13,211,8,5,j.,hui,h,j. hui,A5074169056,j hui
A5029384322,https://orcid.org/0000-0001-5250-7127,Hadi Balouei Jamkhaneh,['Hadi Balouei Jamkhaneh'],46,467,11,6,hadi balouei,jamkhaneh,j,hadi balouei jamkhaneh,A5029384322,h jamkhaneh
A5071097940,https://orcid.org/0000-0003-0122-7912,Xinzhi Cao,"['XINZHI CAO', 'Xinzhi Cao']",15,414,6,4,xinzhi,cao,c,xinzhi cao,A5071097940,x cao
A5012654310,,Rebecca Metcalfe,"['R A Metcalfe', 'R Metcalfe', 'R. A Metcalfe', 'R. A. METCALFE', 'R. A. Metcalfe', 'R. Metcalfe', 'R.A. Metcalfe', 'Rebecca Metcalfe']",59,751,14,27,rebecca,metcalfe,m,rebecca metcalfe,A5012654310,r metcalfe
A5030415636,,Alireza Moazeni,"['A. Moazeni', 'A. R. Moazeni', 'Alireza Moazeni', 'Moazeni, Alireza']",11,8,2,2,alireza,moazeni,m,alireza moazeni,A5030415636,a moazeni
A5083362514,https://orcid.org/0000-0001-5842-4058,Sherene Balanji,"['Balanji, Sherene', 'Sherene Balanji']",7,92,4,1,sherene,balanji,b,sherene balanji,A5083362514,s balanji
A5101991970,https://orcid.org/0000-0002-2338-1665,Takashi Sato,"['A Kobayashi', 'Sato, Takashi', 'T Sato', 'T. SATO', 'T. Sato', 'TAKASHI SATO', 'Takashi SATO', 'Takashi Sato']",246,3208,29,59,takashi,sato,s,takashi sato,A5101991970,t sato
A5005947347,,Caitlin J. Riebe,"['C. Riebe', 'C.J. Riebe', 'Caitlin J. Riebe', 'Caitlin J.N. Riebe', 'Caitlin Riebe']",13,531,9,9,caitlin j.,riebe,r,caitlin j. riebe,A5005947347,c riebe
A5021081093,https://orcid.org/0000-0003-0420-0416,Sarah Beaulieu,"['S Beaulieu', 'Sarah Beaulieu', 'Sarah E. Beaulieu', 'Steven  Richard Beaulieu', 'Steven Richard Beaulieu']",9,11,2,4,sarah,beaulieu,b,sarah beaulieu,A5021081093,s beaulieu
A5102879365,https://orcid.org/0000-0002-6361-964X,Nansheng Chen,"['Chen, Nansheng', 'Nansheng Chen']",11,193,4,4,nansheng,chen,c,nansheng chen,A5102879365,n chen
A5030246925,https://orcid.org/0000-0002-2107-6966,Huiru Dong,"['Dong, Huiru', 'H Dong', 'H. Dong', 'HUIRU DONG', 'Huiru Dong']",135,2859,26,17,huiru,dong,d,huiru dong,A5030246925,h dong
A5100384145,https://orcid.org/0000-0001-9532-6596,Lingling Zhang,"['LING-LING ZHANG', 'LINGLING ZHANG', 'Ling-Ling Zhang', 'LingLing Zhang', 'Lingling ZHANG', 'Lingling Zhang', 'Ling‐Ling Zhang']",160,1096,17,40,lingling,zhang,z,lingling zhang,A5100384145,l zhang
A5081578838,https://orcid.org/0000-0001-9824-7797,Ana Navas‐Acién,"['A Navas-Acien', 'A. Navas-Acien', 'ANA NAVAS-ACIÉN', 'Ana A. Navas-Acien', 'Ana Navas-Acien', 'Ana Navas-Acien*', 'Ana Navas-Acién', 'Ana Navas‐Acien', 'Ana Navas‐Acién', 'Ana Navas‑Acien', 'Ana Navas–Acien', 'Navas-Acien A', 'Navas-Acien, A.', 'Navas-Acien, Ana']",694,29991,90,69,ana,navas‐acién,n,ana navas‐acién,A5081578838,a navas‐acién
A5006590803,,Zhilin Ge,"['Ge, Zhilin', 'ZhiLin Ge', 'Zhilin Ge']",18,45,4,3,zhilin,ge,g,zhilin ge,A5006590803,z ge
A5038242735,https://orcid.org/0000-0003-4360-1343,Brian de Vries,"['B Vries', 'B. De Vries', 'B. de Vries', 'Brian D. De Vries', 'Brian De Vries', 'Brian Vries', 'Brian de Vries', 'De Vries, Brian', 'de Vries, B.']",151,3781,35,15,brian de,vries,v,brian de vries,A5038242735,b vries
A5012716490,https://orcid.org/0009-0004-9710-9121,Soyean Kim,"['Soyean (Julia) Kim', 'Soyean Kim', '김소연']",29,123,6,5,soyean,kim,k,soyean kim,A5012716490,s kim
A5067226056,https://orcid.org/0000-0003-3018-5109,Donna Rowen,"['C Mukuria', 'D Rowen', 'D. Rowen', 'Donna L. Rowen', 'Donna Louise Rowen', 'Donna Rowen', 'R. Ramamirtham', 'Rowen D', 'Rowen, D.', 'Rowen, Donna']",276,7158,47,33,donna,rowen,r,donna rowen,A5067226056,d rowen
A5051857446,,Heather Baroody,"['Heather A. Baroody', 'Heather Ann Baroody', 'Heather Baroody']",11,93,3,2,heather,baroody,b,heather baroody,A5051857446,h baroody
A5101964988,,David Alexander,"['Alexander, David', 'David Alexander']",15,48,4,4,david,alexander,a,david alexander,A5101964988,d alexander
A5076169159,https://orcid.org/0000-0001-6712-2908,Amélie Trotignon,"['A. Trotignon', 'Amélie Trotignon', 'Trotignon, A', 'Trotignon, Amelie', 'Trotignon, Amélie']",10,46,4,7,amélie,trotignon,t,amélie trotignon,A5076169159,a trotignon
A5046672528,https://orcid.org/0000-0002-1795-2038,Yiming Qian,"['Qian Yiming', 'Qian, Yiming', 'Y. H. Qian', 'Y. Qian', 'Y.H. Qian', 'Yiming Qian', 'Ying Qian']",127,3839,30,30,yiming,qian,q,yiming qian,A5046672528,y qian
A5028585593,https://orcid.org/0000-0001-6198-4646,Sarah Zhang,"['S. Sarah Zhang', 'Sarah Zhang', 'Zhang, Sarah']",21,15,3,6,sarah,zhang,z,sarah zhang,A5028585593,s zhang
A5009609419,https://orcid.org/0000-0002-2168-1883,Hasheem Hakeem,['Hasheem Hakeem'],13,21,3,3,hasheem,hakeem,h,hasheem hakeem,A5009609419,h hakeem
A5031580450,https://orcid.org/0000-0002-2411-952X,Mayel Gharanei,"['A M Gharanei', 'A. M. Gharanei', 'M Gharanei', 'M. Gharanei', 'Mayel Gharanei']",35,272,6,5,mayel,gharanei,g,mayel gharanei,A5031580450,m gharanei
A5051351244,,Brett C. DiNatale,"['B. DINATALE', 'Brett C. DiNatale', 'Brett DiNatale', 'Brett Dinatale']",23,1625,11,6,brett c.,dinatale,d,brett c. dinatale,A5051351244,b dinatale
A5062347404,https://orcid.org/0000-0003-2339-4922,Jacobus C. Duburg,"['J. C. Duburg', 'Jacobus  Cornelis Duburg', 'Jacobus C. Duburg', 'Jacobus Cornelis Duburg']",12,89,5,4,jacobus c.,duburg,d,jacobus c. duburg,A5062347404,j duburg
A5034363861,https://orcid.org/0000-0001-5038-6210,Viswanathan Mohan,"['>V. Mohan', 'Amitabha Islam', 'Anne R. Kearney', 'B Mohan', 'B V Murali Mohan', 'Bornali Dutta', 'Gordon C S Smith', 'Grading Using', 'J Shaw', 'Jose Patricio Lopez-Lopez', 'MOHAN V', 'MOHAN VISWANATHAN', 'Mohan', 'Mohan V', 'Mohan V.', 'Mohan V. M.V.', 'Mohan Viswanathan', 'Mohan, V.', 'Mohan, Viswanathan', 'Mohan,Viswanathan', 'V Krishna Mohan', 'V MOHAN', 'V Mohan', 'V. Krishna Mohan', 'V. MOHAN', 'V. Mohan', 'VISWANATHAN MOHAN', 'Vishwanathan Mohan', 'Viswananthan Mohan', 'Viswanathan  Mohan', 'Viswanathan M', 'Viswanathan Mohan']",1951,139044,145,164,viswanathan,mohan,m,viswanathan mohan,A5034363861,v mohan
A5067182619,https://orcid.org/0000-0001-8084-573X,Brian Stewart,"['B G Stewart', 'B Stewart', 'B. G Stewart', 'B. G. Stewart', 'B. Stewart', 'B.G. Stewart', 'Beverley Stewart', 'Brian G Stewart', 'Brian G. Stewart', 'Brian Stewart', 'Brian. G. Stewart', 'Brianna Stewart', 'Eric David', 'Stewart, B', 'Stewart, Brian', 'Stewart, Brian G.', 'Stewart,B']",391,4362,34,49,brian,stewart,s,brian stewart,A5067182619,b stewart
A5049859335,,Michael Brian Whitwick,"['M B Whitwick', 'M. B. Whitwick', 'M. Whitwick', 'M.B. Whitwick', 'Michael B. Whitwick', 'Michael Brian Whitwick', 'Michael Whitwick', 'Whitwick, Michael Brian']",24,2291,12,5,michael brian,whitwick,w,michael brian whitwick,A5049859335,m whitwick
A5037934590,https://orcid.org/0000-0003-0560-2564,Julia Schillo,['Julia Schillo'],6,17,2,2,julia,schillo,s,julia schillo,A5037934590,j schillo
A5038940302,,S. Sidhu,"['S. Sidhu', 'S.S. Sidhu', 'Sidhu, S.', 'Sidhu, Steve', 'Steve Sidhu']",25,86,4,7,s.,sidhu,s,s. sidhu,A5038940302,s sidhu
A5018419311,https://orcid.org/0000-0003-4776-5601,Salim Yusuf,"['Christopher B Granger', 'J Bosch', 'J Potter', 'J S Matsumura', 'K Teo', 'Marialaura Bonaccio', 'Martin Leon', 'Philip S. Tsao', 'R Pearson', 'S A Yusuf', 'S I Yusuf', 'S M Yusuf', 'S W Yusuf', 'S Wamique Yusuf', 'S YUSUF', 'S Yusuf', 'S. A. Yusuf', 'S. M. Yusuf', 'S. W Yusuf', 'S. W. Yusuf', 'S. Wamique Yusuf', 'S. Waquar Yusuf', 'S. YUSUF', 'S. Yusuf', 'S. yusuf', 'S., Yusuf', 'S.A. Yusuf', 'S.M Yusuf', 'S.M. Yusuf', 'S.M.N. Yusuf', 'S.W Yusuf', 'S.W. Yusuf', 'S.Wamique Yusuf', 'SALIM YUSUF', 'Saifullah Bin Yusuf', 'Salim Yusuf', 'Salim Yusuf (84083)', 'Salim Yusuf\xa0', 'Salwa Nevara Yusuf', 'Sani Yusuf', 'Steven R. Steinhubl', 'Stuart Connolly', 'Sumathy Rangarajan', 'Yusuf S', 'Yusuf S.', 'Yusuf, S', 'Yusuf, S.', 'Yusuf, S. M.', 'Yusuf, SW', 'Yusuf, Salim']",2149,293880,264,448,salim,yusuf,y,salim yusuf,A5018419311,s yusuf
A5013408607,https://orcid.org/0000-0003-2181-9579,Rafael Díaz,"['Diaz, R', 'Diaz, R.', 'Diaz, Rafael', 'Díaz, Rafael', 'R Angeles Diaz', 'R DIAZ', 'R Diaz', 'R Díaz', 'R. Diaz', 'R. Díaz', 'RAFAEL DIAZ', 'Rafael Diaz', 'Rafael Díaz', 'Rafael Díaz', 'Rafael Ugarriza Díaz', 'Rafaël Diaz']",383,78923,114,98,rafael,díaz,d,rafael díaz,A5013408607,r díaz
A5002194849,https://orcid.org/0000-0001-8591-7413,Minh Xuan Bui,"['Bui, Minh', 'Bui, Minh Xuan', 'M. X. Bui', 'M.X. Bui', 'Minh Bui', 'Minh X. Bui', 'Minh Xuan Bui']",37,271,9,6,minh xuan,bui,b,minh xuan bui,A5002194849,m bui
A5074094141,https://orcid.org/0000-0001-6685-4365,Braden Walsh,"['B. Walsh', 'Braden Walsh', 'Walsh, Braden']",17,170,6,4,braden,walsh,w,braden walsh,A5074094141,b walsh
A5045235875,https://orcid.org/0000-0001-6809-1357,Alexandra de Pokomandy,"['A de Pokomandy', 'A. De Pokomandy', 'A. de Pokomandy', 'Alexandra DE Pokomandy', 'Alexandra De Pokomandy', 'Alexandra De\xa0Pokomandy', 'Alexandra de Pokomandy', 'De Pokomandy, Alexandra']",205,4757,36,20,alexandra de,pokomandy,p,alexandra de pokomandy,A5045235875,a pokomandy
A5047326296,https://orcid.org/0009-0008-0410-7223,N.C. Friggens,"['Friggens N.C.', 'Friggens, N.', 'Friggens, N.C.', 'Friggens, Nic', 'Friggens, Nic C', 'Friggens, Nicolas', 'Friggens, Nicolas C', 'Friggens, Nicolas C.', 'Friggens, Nicolas Charles', 'Friggens, Nicolas,', 'Friggens, Nicolas, C', 'Friggens, Nicolas, N.C.', 'N C Friggens', 'N. C. Friggens', 'N. Friggens', 'N.C Friggens', 'N.C. FRIGGENS', 'N.C. Friggens', 'NC Friggens', 'Nicolas C FRIGGENS', 'Nicolas C Friggens', 'Nicolas C. FRIGGENS', 'Nicolas C. Friggens', 'Nicolas FRIGGENS', 'Nicolas Friggens']",302,7392,45,34,n.c.,friggens,f,n.c. friggens,A5047326296,n friggens
A5078858243,https://orcid.org/0000-0003-4447-3697,JangHyeon Lee,"['J.-H. Lee', 'JangHyeon Lee', 'Janghyeon Lee', 'Lee, JangHyeon']",12,210,5,6,janghyeon,lee,l,janghyeon lee,A5078858243,j lee
A5046194548,https://orcid.org/0000-0003-3964-7867,Amir Abdolahzadeh,"['A. Abdolahzadeh', 'Ali Abdolahzadeh', 'Amir Abdolahzadeh']",13,897,8,5,amir,abdolahzadeh,a,amir abdolahzadeh,A5046194548,a abdolahzadeh
A5044161257,,Erin Knock,"['Erin H. Knock', 'Erin Knock']",20,468,12,11,erin,knock,k,erin knock,A5044161257,e knock
A5087062738,https://orcid.org/0000-0001-9968-9968,David R. Kaufman,"['D Kaufman', 'D R Kaufman', 'D. Kaufman', 'D. R. KAUFMAN', 'D. R. Kaufman', 'D.R. Kaufman', 'DAVID KAUFMAN', 'David Kaufman', 'David R Kaufman', 'David R. Kaufman', 'David Ross Kaufman', 'Kaufman David', 'Kaufman David R.', 'Kaufman, David', 'Kaufman, David R', 'Kaufman, David.']",278,13646,44,48,david r.,kaufman,k,david r. kaufman,A5087062738,d kaufman
A5049595323,,Yifan Wei,"['Wei, Yifan', 'Yifan Wei']",26,267,6,4,yifan,wei,w,yifan wei,A5049595323,y wei
A5017554602,https://orcid.org/0000-0002-0761-3796,Sachini Herath,"['Herath, Sachini', 'S. Herath', 'Sachini Herath']",24,469,9,3,sachini,herath,h,sachini herath,A5017554602,s herath
A5051247957,https://orcid.org/0000-0001-6945-0972,Miguel Alcaide,"['Alcaide, M.', 'M Alcaide', 'M F Alcaide', 'M. ALCAIDE', 'M. Alcaide', 'MIGUEL ALCAIDE', 'Miguel Alcaide']",108,3726,33,16,miguel,alcaide,a,miguel alcaide,A5051247957,m alcaide
A5112102265,,Hossein Sharifi Noghabi,"['Hossein Sharifi Noghabi', 'Noghabi, H. Sharifi', 'Noghabi, Hossein Sharifi']",16,60,3,2,hossein sharifi,noghabi,n,hossein sharifi noghabi,A5112102265,h noghabi
A5054380447,https://orcid.org/0000-0003-3765-3630,Valéria Magalhães Aguiar,"['V Aguiar', 'V M Aguiar', 'V. M. Aguiar', 'V.M. Aguiar', 'VALÉRIA M. AGUIAR', 'Valeria Aguiar', 'Valeria M Aguiar', 'Valéria M Aguiar', 'Valéria M. Aguiar', 'Valéria Magalhães Aguiar', 'Valéria Magalhães Aguiar Coelho']",64,334,10,7,valéria magalhães,aguiar,a,valéria magalhães aguiar,A5054380447,v aguiar
A5075259415,https://orcid.org/0000-0003-3921-7250,Hung Truong,"['H Truong', 'H.V. Truong', 'Hung TRUONG', 'Hung Truong', 'Hung V. Truong', 'Hy Minh Trong Truong', 'Truong, Hung']",27,68,5,12,hung,truong,t,hung truong,A5075259415,h truong
A5049644851,https://orcid.org/0000-0002-9393-3170,Anna Marie Prentiss,"['ANNA MARIE PRENTISS', 'Anna M. Prentiss', 'Anna Marie Prentiss', 'Anna Prentiss', 'Prentiss, Anna M.', 'Prentiss, Anna Marie']",126,1365,18,7,anna marie,prentiss,p,anna marie prentiss,A5049644851,a prentiss
A5045192793,,Sanjay Haresh,"['Haresh, Sanjay', 'S Haresh', 'Sanjay Haresh']",24,250,6,1,sanjay,haresh,h,sanjay haresh,A5045192793,s haresh
A5007173604,https://orcid.org/0000-0002-2684-4565,Samantha L. Zimmerman,"['S. Zimmerman', 'Sam Zimmerman', 'Samantha L. Zimmerman', 'Samantha Zimmerman']",13,54,5,6,samantha l.,zimmerman,z,samantha l. zimmerman,A5007173604,s zimmerman
A5026782519,https://orcid.org/0000-0003-3457-2552,Justin Cook,"['Cook, Justin', 'J. Cook', 'Justin Cook', 'Justin L. Cook']",21,5289,9,6,justin,cook,c,justin cook,A5026782519,j cook
A5102863817,https://orcid.org/0000-0003-3545-8671,Tianyu Guan,"['Guan, Tianyu', 'Tianyu Guan']",70,578,14,15,tianyu,guan,g,tianyu guan,A5102863817,t guan
A5062093817,,Ed Bukszar,['Ed Bukszar'],11,93,5,3,ed,bukszar,b,ed bukszar,A5062093817,e bukszar
A5008305528,https://orcid.org/0000-0003-3090-3334,Jwalin Patel,"['Jwalin Nishith Patel', 'Jwalin Patel', 'Patel, Jwalin']",38,84,5,7,jwalin,patel,p,jwalin patel,A5008305528,j patel
A5088013281,https://orcid.org/0000-0001-7696-5894,Chris G. Gill,"['C Gill', 'C. G. Gill', 'C. Gill', 'C.G. Gill', 'Chris G Gill', 'Chris G. Gill', 'Chris Gill', 'Chris\xa0G. Gill', 'Gill, Chris G.']",115,1742,24,16,chris g.,gill,g,chris g. gill,A5088013281,c gill
A5011981202,https://orcid.org/0000-0003-4652-3029,Marc‐André Langlois,"['Langlois, Marc-André', 'M LANGLOIS', 'M. Langlois', 'M.-A. Langlois', 'M.A. Langlois', 'Marc-Andre Langlois', 'Marc-André Langlois', 'Marc-André Langlois', 'Marc‐Andre Langlois', 'Marc‐André Langlois']",149,3711,29,33,marc‐andré,langlois,l,marc‐andré langlois,A5011981202,m langlois
A5030055668,,Mahmud Muhammad,"['Mahmud M. Muhammad', 'Mahmud Muhammad']",9,80,5,1,mahmud,muhammad,m,mahmud muhammad,A5030055668,m muhammad
A5042951063,https://orcid.org/0000-0001-9541-0894,Oladele Ademola Atoyebi,"['Atoyebi, OA', 'O Atoyebi', 'O. ATOYEBI', 'O. Atoyebi', 'OA Atoyebi', 'Oladele A. Atoyebi', 'Oladele Ademola Atoyebi', 'Oladele Atoyebi', 'OladeleA. Atoyebi', 'Victoria Adebara']",37,368,11,10,oladele ademola,atoyebi,a,oladele ademola atoyebi,A5042951063,o atoyebi
A5089318544,,Omnia Taha,"['Omnia M. Taha', 'Omnia Taha']",6,46,3,3,omnia,taha,t,omnia taha,A5089318544,o taha
A5100318419,https://orcid.org/0000-0003-2802-7443,Wei Li,"['Li, W. D.', 'Li, Wei', 'Li, Weiqiang', 'Meiqing Shen', 'Shaoshuai Chen', 'Shiqi Bai', 'W. D. Li', 'W. Li', 'W.\u2009D. Li', 'Wan Li', 'Wei LI', 'Wei Li', 'Wei li', 'Weiguo Li', 'Weiqiang Li', 'Wen-jun Li', 'Yongxiang Cai']",432,25080,75,180,wei,li,l,wei li,A5100318419,w li
A5051778550,https://orcid.org/0000-0002-7178-9403,Kaitlyn M. Fallow,"['Fallow, Kaitlyn', 'Kaitlyn Fallow', 'Kaitlyn M. Fallow']",13,197,4,3,kaitlyn m.,fallow,f,kaitlyn m. fallow,A5051778550,k fallow
A5056582727,https://orcid.org/0000-0002-1299-1724,Edward Park,"['E Park', 'EDWARD PARK', 'Edward Park', 'Edward Parke', 'Edward, Park', 'Park, Edward']",195,5690,36,24,edward,park,p,edward park,A5056582727,e park
A5090594958,https://orcid.org/0000-0001-8542-4774,Stella R. Harden,"['Stella Harden', 'Stella R. Harden']",12,432,7,3,stella r.,harden,h,stella r. harden,A5090594958,s harden
A5068477431,https://orcid.org/0000-0003-2234-3226,Xia Hu,"['Hu Xia', 'Hu, X.', 'Hu, Xia', 'Hu, Xia Ben', 'Xia Ben Hu', 'Xia HU', 'Xia Hu']",459,25762,66,47,xia,hu,h,xia hu,A5068477431,x hu
A5044695819,,Kevin Roth,"['Kevin D. Roth', 'Kevin Roth', 'Roth, Kevin D.']",22,412,10,17,kevin,roth,r,kevin roth,A5044695819,k roth
A5092340716,,Spencer Myrtle,"['Myrtle, Spencer', 'Spencer Myrtle']",6,11,2,1,spencer,myrtle,m,spencer myrtle,A5092340716,s myrtle
A5013184367,https://orcid.org/0000-0002-5243-6469,Sanam Monjazeb,"['Monjazeb, Sanam', 'Sanam Monjazeb']",8,57,3,1,sanam,monjazeb,m,sanam monjazeb,A5013184367,s monjazeb
A5040424385,https://orcid.org/0000-0002-2021-5055,Bocheng Jing,"['BOCHENG JING', 'Bocheng Jing', 'Jing, Bocheng']",66,1364,16,12,bocheng,jing,j,bocheng jing,A5040424385,b jing
A5022846536,https://orcid.org/0000-0001-9453-5898,Carson O. Zellmann-Parrotta,"['Carson O. Zellmann-Parrotta', 'Carson O. Zellmann‐Parrotta', 'Carson Zellmann-Parrotta']",6,9,2,2,carson o.,zellmann-parrotta,z,carson o. zellmann-parrotta,A5022846536,c zellmann-parrotta
A5050953909,https://orcid.org/0000-0003-4757-5998,Jie Yang,"['JIE YANG', 'Jie YANG', 'Jie Yang', 'Yang Jie', 'Yang, Jie, 1983-']",115,825,14,32,jie,yang,y,jie yang,A5050953909,j yang
A5050884636,https://orcid.org/0000-0002-1189-8405,Hamish Johnson,['Hamish Johnson'],10,49,4,1,hamish,johnson,j,hamish johnson,A5050884636,h johnson
A5002583029,,Anderson de Andrade,"['A de Andrade', 'A. De Andrade', 'A. de Andrade', 'Anderson De Andrade', 'Anderson de Andrade', 'De Andrade, Anderson', 'de Andrade, Anderson']",36,574,11,8,anderson de,andrade,a,anderson de andrade,A5002583029,a andrade
A5084961324,https://orcid.org/0000-0001-5440-1318,Fien Depaepe,"['Depaepe, Fien', 'Fien Depaepe', 'Karel Van Nieuwenhuyse']",269,5366,33,18,fien,depaepe,d,fien depaepe,A5084961324,f depaepe
A5069106689,,Monica Ye,"['Jenny Li', 'Monica Ye', 'Ye, Monica']",23,157,7,17,monica,ye,y,monica ye,A5069106689,m ye
A5055099201,https://orcid.org/0000-0002-5728-6527,Friederike Landau‐Donnelly,"['Friederike Landau', 'Friederike Landau-Donnelly', 'Friederike Landau‐Donnelly', 'Фридерике Ландау Донели']",74,288,10,12,friederike,landau‐donnelly,l,friederike landau‐donnelly,A5055099201,f landau‐donnelly
A5077085197,,Yejia Liu,"['Liu, Yejia', 'Yejia Liu']",6,36,3,1,yejia,liu,l,yejia liu,A5077085197,y liu
A5078934712,,Zhang Xueying,"['Xueying Zhang', 'Zhang Xueying']",6,12,1,3,zhang,xueying,x,zhang xueying,A5078934712,z xueying
A5045966575,https://orcid.org/0000-0001-7930-969X,Jillian Campbell,"['J. Campbell', 'J. PATRICK CAMPBELL', 'J. Patrick Campbell', 'Jillian Campbell']",48,1776,17,17,jillian,campbell,c,jillian campbell,A5045966575,j campbell
A5038985862,,Ryan Prox,['Ryan Prox'],7,12,2,2,ryan,prox,p,ryan prox,A5038985862,r prox
A5111024816,,M. Ruth Lavergne,"['Lavergne, Miriam Ruth', 'M Lavergne', 'M Ruth Lavergne', 'M. LAVERGNE', 'M. Lavergne', 'M. R. Lavergne', 'M. RUTH LAVERGNE', 'M. Ruth Lavergne', 'M. de Bony de Lavergne', 'M.R. Lavergne', 'Miriam Ruth Lavergne']",136,1788,25,39,m. ruth,lavergne,l,m. ruth lavergne,A5111024816,m lavergne
A5047102367,https://orcid.org/0000-0002-8091-7235,Daniel M. Murphy,"['D. M. Murphy', 'D. Murphy', 'D.M Murphy', 'D.M. Murphy', 'Daniel J. Murphy', 'Daniel M Murphy', 'Daniel M. Murphy', 'Daniel Murphy', 'Daniel Patrick Murphy', 'Murphy, D.M.', 'Murphy, Daniel', 'Murphy, Daniel M.']",343,17671,76,27,daniel m.,murphy,m,daniel m. murphy,A5047102367,d murphy
A5103045136,https://orcid.org/0000-0001-6268-053X,Mary Kelly,"['Kelly, Mary', 'M Kelly', 'M. Kelly', 'Mary Kelly', 'Mary T. Kelly']",15,39,3,7,mary,kelly,k,mary kelly,A5103045136,m kelly
A5111065802,,Cheryl Geisler,"['C Daniel Geisler', 'C. Geisler', 'CHERYL GEISLER', 'Cheryl Geisler', 'Geisler, Cheryl']",61,1874,19,6,cheryl,geisler,g,cheryl geisler,A5111065802,c geisler
A5068362770,https://orcid.org/0000-0001-5293-388X,Kara M. Plotnikoff,"['K Plotnikoff', 'Kara M Plotnikoff', 'Kara M. Plotnikoff', 'Kara Plotnikoff']",17,550,10,7,kara m.,plotnikoff,p,kara m. plotnikoff,A5068362770,k plotnikoff
A5081312292,https://orcid.org/0000-0001-8166-1182,Jephat Chifamba,"['Annika Rosengren', 'Chifamba, Jephat', 'J CHIFAMBA', 'J Chifamba', 'J. Chifamba', 'J. M. Chifamba', 'Jephat Chifamba']",167,22614,62,15,jephat,chifamba,c,jephat chifamba,A5081312292,j chifamba
A5055692067,https://orcid.org/0009-0002-9108-431X,Jonghyeok Kim,"['Hyoungwon Park', 'Jonghyeok Kim']",11,103,5,10,jonghyeok,kim,k,jonghyeok kim,A5055692067,j kim
A5100340218,https://orcid.org/0009-0003-7689-5090,Qi Cui,"['Cui Qi', 'Cui, Qi', 'Qi Cui', 'Zejun Wang']",53,270,8,35,qi,cui,c,qi cui,A5100340218,q cui
A5083653088,https://orcid.org/0000-0002-3748-2387,Aldo Barrera,"['Aldo A Barrera-Machuca', 'Aldo A. Barrera', 'Aldo A. Barrera-Machuca', 'Aldo Barrera']",23,640,12,5,aldo,barrera,b,aldo barrera,A5083653088,a barrera
A5072986611,https://orcid.org/0000-0002-5293-4118,Hui Xie,"['H Xie', 'H. Xie', 'Hui XIE', 'Hui Xie', 'Hui fang Xie', 'Xie, Hui']",104,4905,33,42,hui,xie,x,hui xie,A5072986611,h xie
A5037328673,,Hamid Younesy,"['H. R. Younesy', 'H. Younesy', 'Hamid Younesy', 'Younesy, H.', 'Younesy, Hamid']",17,302,9,6,hamid,younesy,y,hamid younesy,A5037328673,h younesy
A5016055451,https://orcid.org/0000-0002-7034-6387,Sarah Spencer,"['S. Spencer', 'Sarah Spencer', 'Sarah V. Spencer', 'Spencer, Sarah']",57,912,20,10,sarah,spencer,s,sarah spencer,A5016055451,s spencer
A5037650155,https://orcid.org/0000-0003-2548-0410,Sieme Bossier,"['S. Bossier', 'Sieme Bossier']",14,320,7,3,sieme,bossier,b,sieme bossier,A5037650155,s bossier
A5110425840,,D. Stead,"['D Stead', 'D. Stead', 'Dean Stead']",47,2434,13,5,d.,stead,s,d. stead,A5110425840,d stead
A5085999390,https://orcid.org/0000-0001-8954-4511,François Cooren,"['Cooren François', 'Cooren, François', 'F. Cooren', 'FRANÇOIS COOREN', 'Francois Cooren', 'Franois Cooren', 'François COOREN', 'François Cooren']",236,8088,45,60,françois,cooren,c,françois cooren,A5085999390,f cooren
A5100735888,https://orcid.org/0000-0002-8139-6590,Yan Zhou,"['Y. Zhou', 'Yan ZHOU', 'Yan Zhou', 'Zhou Yan']",50,773,11,22,yan,zhou,z,yan zhou,A5100735888,y zhou
A5070123212,https://orcid.org/0000-0002-3847-2025,Srinivas Kantham,['Srinivas Kantham'],10,318,6,2,srinivas,kantham,k,srinivas kantham,A5070123212,s kantham
A5084708763,https://orcid.org/0000-0001-5858-8634,Jenny M. Lewis,"['J Lewis', 'J M LEWIS', 'J M Lewis', 'J. LEWIS', 'J. Lewis', 'J. M. L. Lewis', 'J. M. LEWIS', 'J. M. Lewis', 'J.M. LEWIS', 'J.M. Lewis', 'JENNY M. LEWIS', 'JM Lewis', 'Jenny Lewis', 'Jenny M Lewis', 'Jenny M. Lewis', 'Lewis, J', 'Lewis, J.', 'Lewis, Jenny', 'Lewis, Jenny M', 'Lewis, Jenny M. 1960-']",366,7782,43,44,jenny m.,lewis,l,jenny m. lewis,A5084708763,j lewis
A5088499180,https://orcid.org/0000-0003-4327-6659,Fabusuyi Akindele Aroge,"['Aroge, Fabusuyi Akindele', 'F. A. Aroge', 'F.A. Aroge', 'Fabusuyi A. Aroge', 'Fabusuyi Akindele Aroge']",19,46,4,2,fabusuyi akindele,aroge,a,fabusuyi akindele aroge,A5088499180,f aroge
A5024163807,,Laya Behbahani,"['Behbahani, Laya', 'Laya Behbahani']",8,298,4,2,laya,behbahani,b,laya behbahani,A5024163807,l behbahani
A5101609304,https://orcid.org/0000-0001-9956-5316,Jin Zhang,"['J. Zhang', 'Jin Zhang', 'Jin, Zhang', 'Zhang Jin']",41,745,9,22,jin,zhang,z,jin zhang,A5101609304,j zhang
A5111992439,https://orcid.org/0009-0007-1118-1352,Marco Carmosino,"['Carmosino, Marco', 'Carmosino, Marco L.', 'Carmosino, Marco Leandro', 'M. L. Carmosino', 'M.L. Carmosino', 'Marco Carmosino', 'Marco L. Carmosino']",54,6573,21,9,marco,carmosino,c,marco carmosino,A5111992439,m carmosino
A5003405975,,Rebecca L. Goyan,"['R L Goyan', 'R. Goyan', 'Rebecca Goyan', 'Rebecca L. Goyan']",10,207,6,5,rebecca l.,goyan,g,rebecca l. goyan,A5003405975,r goyan
A5078839381,https://orcid.org/0000-0002-9931-1938,Lucas Oliveira Maia,"['LUCAS OLIVEIRA MAIA', 'Lucas Maia', 'Lucas O. Maia', 'Lucas Oliveira Maia', 'Lucas O．\u202fMaia', 'Lucas de Oliveira Maia', 'Maia, Lucas O.']",42,617,15,9,lucas oliveira,maia,m,lucas oliveira maia,A5078839381,l maia
A5079097227,https://orcid.org/0000-0002-7853-709X,Abbin Perunnilathil Joy,['Abbin Perunnilathil Joy'],6,57,4,2,abbin perunnilathil,joy,j,abbin perunnilathil joy,A5079097227,a joy
A5111063659,,P Dominiak,"['P Dominiak', 'Par Lex Dominiak']",6,0,0,2,p,dominiak,d,p dominiak,A5111063659,p dominiak
A5079981787,https://orcid.org/0000-0003-3821-6221,M‐J Milloy,"['M -J Milloy', 'M J Milloy', 'M Milloy', 'M-J Milloy', 'M-J Milloy, PhD', 'M-J. Milloy', 'M. J. Milloy', 'M. J. S. Milloy', 'M. Milloy', 'M.- J. Milloy', 'M.- J. S. Milloy', 'M.-.J. Milloy', 'M.-J Milloy', 'M.-J. Milloy', 'M.-J. S. Milloy', 'M.-J.S. Milloy', 'M.J. Milloy', 'M.‐J. MILLOY', 'M.‐J. Milloy', 'MJ Milloy', 'Milloy, M-J', 'M‐J Milloy', 'M‐J. Milloy']",363,9094,47,26,m‐j,milloy,m,m‐j milloy,A5079981787,m milloy
A5074269619,https://orcid.org/0000-0003-3141-1964,SangEun Han,"['Han, SangEun', 'Han, Sangeun', 'Han, Shuangyue', 'S. Han', 'SangEun Han', 'Sangeun Han']",45,655,12,7,sangeun,han,h,sangeun han,A5074269619,s han
A5023044639,,Lauren Faulkner Rossi,['Lauren Faulkner Rossi'],14,16,2,1,lauren faulkner,rossi,r,lauren faulkner rossi,A5023044639,l rossi
A5064893776,https://orcid.org/0000-0002-7804-4025,Andrew Waxman,"['Andrew R . Waxman', 'Andrew R Waxman', 'Andrew R. Waxman', 'Andrew Waxman']",29,328,9,18,andrew,waxman,w,andrew waxman,A5064893776,a waxman
A5057728679,https://orcid.org/0009-0000-7571-9480,Mandeep Gurm,"['Gurm, Mandeep', 'Mandeep Gurm', 'Mandeep K. Gurm']",15,119,3,2,mandeep,gurm,g,mandeep gurm,A5057728679,m gurm
A5059655652,https://orcid.org/0000-0002-4975-1572,William E. Ruth,"['Ruth, William', 'W E RUTH', 'W E Ruth', 'W. E. RUTH', 'WILLIAM E. RUTH', 'William E Ruth', 'William E. Ruth', 'William Ruth']",42,871,16,10,william e.,ruth,r,william e. ruth,A5059655652,w ruth
A5111053391,,Hannah Cavanagh,"['H. Cavanagh', 'Hannah Cavanagh']",7,41,3,2,hannah,cavanagh,c,hannah cavanagh,A5111053391,h cavanagh
A5100351907,https://orcid.org/0000-0003-0424-9965,Lin Zhang,"['LIN ZHANG', 'Lin ZHANG', 'Lin Zhang', 'Yu Wang', 'ZHANG Lin', 'Zhang Lin', 'Zhang Lin Zhang Lin', 'Zhang, Lin']",573,5787,36,130,lin,zhang,z,lin zhang,A5100351907,l zhang
A5076770374,,Chenyu Hou,"['Chen-Yu Hou', 'Chenyu Hou', 'Hou Chenyu', 'Hou, Chenyu']",73,407,10,17,chenyu,hou,h,chenyu hou,A5076770374,c hou
A5020016503,,Adam Rosen,"['Adam M Rosen', 'Adam M. Rosen', 'Adam Rosen', 'Rosen, A.M.', 'Rosen, Adam', 'Rosen, Adam M.', 'Sokbae Lee']",58,1603,16,30,adam,rosen,r,adam rosen,A5020016503,a rosen
A5102801207,https://orcid.org/0009-0005-3943-6121,Lara Campbell,"['Campbell, Lara', 'L. Campbell', 'Lara A. Campbell', 'Lara Campbell']",50,136,8,9,lara,campbell,c,lara campbell,A5102801207,l campbell
A5074852760,https://orcid.org/0000-0003-1064-5817,Rachel H. Platel,"['Platel, R.H.', 'Platel, Rachel H.', 'Rachel H. Platel', 'Rachel Platel']",63,1527,16,6,rachel h.,platel,p,rachel h. platel,A5074852760,r platel
A5007112989,https://orcid.org/0000-0003-1742-4849,G. Gary Wang,"['G. Gary Wang', 'Guangtong Wang', 'Guangyang Wang', 'Wang, G. Gary', 'Wang, Guangtong']",19,151,5,3,g. gary,wang,w,g. gary wang,A5007112989,g wang
A5113600431,,Michael G. Chambers,"['Michael G Chambers', 'Michael G. Chambers']",7,82,2,7,michael g.,chambers,c,michael g. chambers,A5113600431,m chambers
A5112292305,,Caitlin Pugh,"['C. Pugh', 'Caitlin Pugh']",8,158,6,7,caitlin,pugh,p,caitlin pugh,A5112292305,c pugh
A5062520798,https://orcid.org/0000-0001-7350-0696,Mehrsan Javan,"['Javan, M.', 'Javan, Mehrsan', 'Javan-Roshtkhari, Mehrsan', 'M. Javan Roshtkhari', 'M. Javan-Roshtkhari', 'Mehrsan Javan', 'Mehrsan Javan Roshtkhari', 'Mehrsan Javan-Roshtkhari', 'Roshtkhari, Mehraveh Javan', 'Roshtkhari, Mehrsan Javan']",50,1893,17,5,mehrsan,javan,j,mehrsan javan,A5062520798,m javan
A5040169002,,Patrick Morgan Ritchie,['Patrick Morgan Ritchie'],7,141,4,4,patrick morgan,ritchie,r,patrick morgan ritchie,A5040169002,p ritchie
A5011853456,https://orcid.org/0000-0002-2747-3030,Antoine É. Simond,"['Antoine E. Simond', 'Antoine É. Simond']",7,143,5,5,antoine é.,simond,s,antoine é. simond,A5011853456,a simond
A5013818656,,Vinícius Vanzan,"['Vinicius Vanzan', 'Vinícius Vanzan']",10,49,3,3,vinícius,vanzan,v,vinícius vanzan,A5013818656,v vanzan
A5093865082,,Am Johal,['Am Johal'],15,0,0,2,am,johal,j,am johal,A5093865082,a johal
A5100402626,https://orcid.org/0009-0000-6832-4771,Jian Li,"['Cunyan Xia', 'J. Li', 'JIAN LI', 'Jian LI', 'Jian Li', 'Jian 健 Li 黎', 'L. Li', 'LI, Jian', 'Li, Jian']",76,686,13,24,jian,li,l,jian li,A5100402626,j li
A5112787108,https://orcid.org/0000-0003-1603-1007,A. M. Glazer,"['A M Glazer', 'A. Glazer', 'A. M. GLAZER', 'A. M. Glazer', 'A. Michael Glazer', 'A.M. GLAZER', 'A.M. Glazer', 'AM Glazer', 'Aubrey Glazer', 'Glazer, A. M.', 'Glazer, A.M.']",261,15400,49,39,a. m.,glazer,g,a. m. glazer,A5112787108,a glazer
A5104357407,,James Reeves,"['James Reeves', 'Reeves, James']",55,116,6,3,james,reeves,r,james reeves,A5104357407,j reeves
A5044675407,https://orcid.org/0000-0002-0950-354X,Sarah Faber,"['Faber, Sarah', 'S. Faber', 'Sarah E. M. Faber', 'Sarah EM Faber', 'Sarah Faber']",30,142,5,7,sarah,faber,f,sarah faber,A5044675407,s faber
A5066294275,https://orcid.org/0000-0001-8362-2638,Susan Barber,"['Barber, S.', 'Susan Barber']",15,22,2,2,susan,barber,b,susan barber,A5066294275,s barber
A5001499829,,Nicholas M. Hein,"['Hein, Nicholas M.', 'Nicholas M. Hein']",33,150,7,6,nicholas m.,hein,h,nicholas m. hein,A5001499829,n hein
A5006368396,https://orcid.org/0000-0001-5580-9745,Roy Ballantyne,"['Ballantyne, Roy', 'R Ballantyne', 'R. BALLANTYNE', 'R. Ballantyne', 'R. R. Ballantyne', 'R.R.. Ballantyne', 'Rob Ballantyne', 'Roy Ballantyne', 'Roy Ballantynet', 'Roy R. Ballantyne']",227,10138,50,17,roy,ballantyne,b,roy ballantyne,A5006368396,r ballantyne
A5060276798,https://orcid.org/0000-0001-9356-163X,Diana Juanita Mora,"['Desiree Lucassen', 'Diana J Mora', 'Diana J. Mora', 'Diana Juanita Mora', 'Diana Mora']",12,20,2,6,diana juanita,mora,m,diana juanita mora,A5060276798,d mora
A5066289207,https://orcid.org/0000-0001-7952-4023,Simran Simran,"['. Simran', 'Dr. Simran', 'Dr. Simran -', 'SIMRAN', 'Simran', 'Simran .', 'Simran Simran', 'Simran, .']",57,92,6,28,simran,simran,s,simran simran,A5066289207,s simran
A5085993342,https://orcid.org/0000-0002-0619-2774,Crystal Yin,"['Crystal Yin', 'Yin, Crystal']",14,29,2,1,crystal,yin,y,crystal yin,A5085993342,c yin
A5036775014,https://orcid.org/0000-0002-1504-2284,Harpreet Kaur,"['H. Kaur', 'Harpreet Kaur', 'Kaur, Harpreet']",112,1518,19,21,harpreet,kaur,k,harpreet kaur,A5036775014,h kaur
A5055405920,https://orcid.org/0000-0001-5703-6192,Grant Statham,"['G. Statham', 'Grant Statham']",39,346,11,3,grant,statham,s,grant statham,A5055405920,g statham
A5108508946,,P.B. MacDonald,"['P MacDonald', 'P.B. MacDonald', 'Paul MacDonald', 'Paul Macdonald']",23,979,8,10,p.b.,macdonald,m,p.b. macdonald,A5108508946,p macdonald
A5063888808,,Stelios Georgiades,"['Georgiades, Stelios', 'S Georgiades', 'S. Georgiades', 'STELIOS GEORGIADES', 'Stelios Georgiades']",223,7858,47,25,stelios,georgiades,g,stelios georgiades,A5063888808,s georgiades
A5100422186,https://orcid.org/0000-0003-4469-7594,Rui Zhang,"['Ceyhun Tola', 'Cong Xiang', 'Han Chunlei', 'Juan Xu', 'Qian Li', 'Rui ZHANG', 'Rui Zhang', 'Wang', 'Yuying Pang', 'Zaixian Li', 'Zhang Rui', 'Zhang, R.', 'Zhang, Rui']",274,6196,43,105,rui,zhang,z,rui zhang,A5100422186,r zhang
A5028440357,https://orcid.org/0000-0002-0499-9400,Norbert H. Haunerland,"['N. H. HAUNERLAND', 'N. H. Haunerland', 'N.H. Haunerland', 'Norbert H Haunerland', 'Norbert H. HAUNERLAND', 'Norbert H. Haunerland', 'Norbert HAUNERLAND', 'Norbert Haunerland']",814,2475,24,3,norbert h.,haunerland,h,norbert h. haunerland,A5028440357,n haunerland
A5048910472,https://orcid.org/0009-0005-9521-5171,Zayed Ahmed,"['Ahmed, Zayed', 'Zayed Ahmed']",27,91,5,6,zayed,ahmed,a,zayed ahmed,A5048910472,z ahmed
A5070529600,,Zoe Todd,"['Todd, Zoe', 'Todd, Zoe S', 'Todd, Zoe Sarah Croucher', 'ZOE TODD', 'Zoe Todd']",27,3331,10,5,zoe,todd,t,zoe todd,A5070529600,z todd
A5008736871,https://orcid.org/0000-0003-3771-0156,Steve Ko,"['S.Y. Ko', 'Steve Ko', 'Steven Y. Ko']",6,19,2,3,steve,ko,k,steve ko,A5008736871,s ko
A5048650591,https://orcid.org/0000-0002-3980-0027,Alexander Brasil,"['Alexander Brasil', 'Brasil, Alexander']",11,48,4,4,alexander,brasil,b,alexander brasil,A5048650591,a brasil
A5022798367,https://orcid.org/0000-0002-8275-7888,Daniel A. Messenger,"['D. Messenger', 'D.\u2009A. Messenger', 'Daniel A Messenger', 'Daniel A. Messenger', 'Daniel Messenger', 'Messenger, D. A.', 'Messenger, Daniel', 'Messenger, Daniel A.']",49,405,7,6,daniel a.,messenger,m,daniel a. messenger,A5022798367,d messenger
A5055183434,https://orcid.org/0000-0003-4204-0978,Hamed Shirzad,"['H Shirzad', 'Hamed Shirzad', 'Shirzad, H.; Department of Electrical Engineering Islamic Azad University of Urmia branch, Urmia, West Azarbayjan, Iran', 'Shirzad, Hamed']",23,375,8,5,hamed,shirzad,s,hamed shirzad,A5055183434,h shirzad
A5082115634,https://orcid.org/0000-0001-5208-0864,Alireza Sadeghi Alavijeh,"['A. S. Alavijeh', 'A. Sadeghi Alavijeh', 'Alavijeh, Alireza Sadeghi', 'Alireza Sadeghi Alavijeh']",31,1139,16,2,alireza sadeghi,alavijeh,a,alireza sadeghi alavijeh,A5082115634,a alavijeh
A5005032504,https://orcid.org/0000-0002-3583-9805,Tiffany Muller Myrdahl,"['Myrdahl, Tiffany Muller', 'TIFFANY MULLER MYRDAHL', 'Tiffany Muller Myrdahl']",18,146,6,2,tiffany muller,myrdahl,m,tiffany muller myrdahl,A5005032504,t myrdahl
A5050605968,https://orcid.org/0000-0002-6077-0686,Ian Hutchinson,"['Hutchinson, Ian', 'I Hutchinson', 'I. HUTCHINSON', 'I. Hutchinson', 'IAN HUTCHINSON', 'Ian Hutchinson']",48,1654,23,5,ian,hutchinson,h,ian hutchinson,A5050605968,i hutchinson
A5059325972,https://orcid.org/0000-0002-0852-1850,Md. Rashedul Hoque,"['M Rashedul Hoque', 'M. R. Hoque', 'M. Rashedul Hoque', 'M.R. Hoque', 'Md Rashedul Hoque', 'Md. Rashedul Hoque']",16,69,6,7,md. rashedul,hoque,h,md. rashedul hoque,A5059325972,m hoque
A5109611455,,Makaela Prentice,"['M A Prentice', 'Makaela Prentice']",8,16,2,1,makaela,prentice,p,makaela prentice,A5109611455,m prentice
A5100431366,https://orcid.org/0000-0003-1723-4746,Rui Wang,"['FENG WANG', 'Feng Wang', 'Feng Wang -', 'Feng Wang,', 'Fubin Li', 'He Sun', 'RUI WANG', 'Rui Gang Wang', 'Rui Qiang Wang', 'Rui WANG', 'Rui Wang', 'Rui Wang -', 'Rui yi Wang', 'Wang Rui', 'Wang, Feng', 'Wang, Rui', 'Wei-Lin Liang', 'Xiaoting Chen']",884,25799,68,389,rui,wang,w,rui wang,A5100431366,r wang
A5066550433,https://orcid.org/0000-0002-0580-9269,Carina Albrecht,"['Albrecht, C', 'Albrecht, Carina I.', 'Carina Albrecht']",15,8,2,1,carina,albrecht,a,carina albrecht,A5066550433,c albrecht
A5055285234,https://orcid.org/0000-0002-6849-7776,Mary Ann Gillies,"['Gillies, Mary Ann', 'M.A. Gillies', 'Mary A. Gillies', 'Mary Ann Gillies', 'Mary Gillies']",32,299,6,2,mary ann,gillies,g,mary ann gillies,A5055285234,m gillies
A5021888945,,Nafiseh Sedaghat,"['N Sedaghat', 'N. Sedaghat', 'NAFISEH SEDAGHAT', 'Nafiseh Sedaghat', 'Sedaghat N.', 'Sedaghat, Nafiseh']",28,193,7,7,nafiseh,sedaghat,s,nafiseh sedaghat,A5021888945,n sedaghat
A5051625020,,Brian Freer,"['Brian Freer', 'Freer, Brian']",8,57,3,6,brian,freer,f,brian freer,A5051625020,b freer
A5026883918,https://orcid.org/0000-0001-8257-4371,Seyed Sobhan Aleyasin,"['Aleyasin, Seyed Sobhan', 'S.S. Aleyasin', 'SEYED SOBHAN ALEYASIN', 'Seyed S. Aleyasin', 'Seyed Sobhan Aleyasin', 'Sobhan Aleyasin, Seyed']",38,398,9,3,seyed sobhan,aleyasin,a,seyed sobhan aleyasin,A5026883918,s aleyasin
A5051862077,,I. Kulin,"['I Kulin', 'I. Kulin', 'Ian Kulin', 'Kulin, Ian']",18,89,5,12,i.,kulin,k,i. kulin,A5051862077,i kulin
A5032830288,https://orcid.org/0000-0002-0399-5416,Amanda Pereira Monteiro,"['A. Monteiro', 'Amanda Monteiro', 'Amanda P. Monteiro', 'Amanda Pereira Monteiro', 'MONTEIRO, Amanda Pereira.']",28,100,6,7,amanda pereira,monteiro,m,amanda pereira monteiro,A5032830288,a monteiro
A5005697845,,Amir Moztarzadeh,"['A. Moztarzadeh', 'Amir Moztarzadeh']",9,37,3,1,amir,moztarzadeh,m,amir moztarzadeh,A5005697845,a moztarzadeh
A5022813675,https://orcid.org/0000-0001-8279-8172,Amiram Gafni,"['A Gafni', 'A. Gafni', 'AMIRAM GAFNI', 'Amiram Gafni', 'Amiram Gafni PhD', 'Amiram Gafni, PhD', 'Amiram Jacob Gafni', 'Camille Orridge', 'Gafni, A', 'Gafni, A.', 'Gafni, Amiram']",993,34125,87,124,amiram,gafni,g,amiram gafni,A5022813675,a gafni
A5024761278,https://orcid.org/0000-0001-9351-4390,Tsogtbaatar Byambaa,"['Byambaa Tsogtbaatar', 'Byambaa, Tsogtbaatar', 'Tsogtbaatar Byambaa']",16,541,8,4,tsogtbaatar,byambaa,b,tsogtbaatar byambaa,A5024761278,t byambaa
A5101560904,https://orcid.org/0000-0003-1545-0875,J. Kvasnička,"['J Kvasnicka', 'J Kvasnička', 'J. Kvasnicka', 'J. Kvasnička', 'Jiri Kvasnicka', 'Jirí Kvasnicka', 'Jiří Kvasnička', 'Kvasnicka, J.', 'Kvasnicka, Jiri', 'Kvasnička, J.']",107,910,16,17,j.,kvasnička,k,j. kvasnička,A5101560904,j kvasnička
A5109250191,,W Hodge,"['W Hodge', 'W R Hodge', 'W. Fin Hodge', 'WR Hodge']",9,124,4,3,w,hodge,h,w hodge,A5109250191,w hodge
A5030803678,https://orcid.org/0000-0002-9891-2811,Golnaz Gharachorlu,"['Gharachorlu, Golnaz', 'Golnaz Gharachorlu']",10,33,3,3,golnaz,gharachorlu,g,golnaz gharachorlu,A5030803678,g gharachorlu
A5038936705,,Colton Fehr,"['Colton Fehr', 'Fehr, Colton']",43,35,2,5,colton,fehr,f,colton fehr,A5038936705,c fehr
A5115019526,https://orcid.org/0000-0003-3228-4784,Ayşe Ercan Kydonakis,"['Ayşe Ercan Kydonakis', 'Ayşe Ercan\xa0Kydonakis']",6,1,1,2,ayşe ercan,kydonakis,k,ayşe ercan kydonakis,A5115019526,a kydonakis
A5006370149,,Kenneth P. Lertzman,"['K. Lertzman', 'Kenneth Lertzman', 'Kenneth P Lertzman', 'Kenneth P. Lertzman', 'Lertzman, Kenneth', 'Lertzman, Kenneth P.', 'Lertzman, Kenneth Peter']",37,2860,21,5,kenneth p.,lertzman,l,kenneth p. lertzman,A5006370149,k lertzman
A5021181281,,Raaj Chatterjee,['Raaj Chatterjee'],9,181,2,2,raaj,chatterjee,c,raaj chatterjee,A5021181281,r chatterjee
A5101422235,https://orcid.org/0000-0003-0067-4294,Amir Mousavi,"['& Tahereh Mousavi', 'A Mousavi', 'A. Mousavi', 'A. Mousavi .', 'Amir   Mousavi', 'Amir MOUSAVI', 'Amir Mosavi', 'Amir Mousavi', 'Mousavi A', 'Mousavi, Amir', 'R.S. Mousavi']",235,2499,26,19,amir,mousavi,m,amir mousavi,A5101422235,a mousavi
A5054262111,https://orcid.org/0009-0002-2926-5419,Changan Chen,"[""Chang'an Chen"", 'Chang-An Chen', 'Chang-An Chen#', 'Chang-an Chen', 'Changan Chen', 'Chang‐An Chen', 'Chang’an Chen', 'Chen, Changan', 'Dongwen Wang', 'Jiangfeng Song', 'Ruei-Che Chang']",258,4716,29,33,changan,chen,c,changan chen,A5054262111,c chen
A5108502134,https://orcid.org/0000-0002-7953-013X,Inderjeet S. Sahota,"['I. S. Sahota', 'I.S. Sahota', 'Inderjeet S Sahota', 'Inderjeet S. Sahota', 'Inderjeet Sahota']",27,267,8,10,inderjeet s.,sahota,s,inderjeet s. sahota,A5108502134,i sahota
A5037654364,https://orcid.org/0000-0002-5663-2651,F. Javier Domínguez-Zamora,['F. Javier Domínguez-Zamora'],6,123,4,2,f. javier,domínguez-zamora,d,f. javier domínguez-zamora,A5037654364,f domínguez-zamora
A5083936200,https://orcid.org/0000-0002-8158-0734,Mirelle Takaki,"['Mirelle Takaki', 'Takaki, Mirelle']",10,213,5,5,mirelle,takaki,t,mirelle takaki,A5083936200,m takaki
A5100389312,https://orcid.org/0000-0003-1663-2603,Gang Chen,"['G. Chen', 'Gang Chen']",94,1714,22,39,gang,chen,c,gang chen,A5100389312,g chen
A5051063005,https://orcid.org/0000-0002-8473-5551,Jaime Flamenbaum,['Jaime Flamenbaum'],8,22,2,12,jaime,flamenbaum,f,jaime flamenbaum,A5051063005,j flamenbaum
A5058595933,https://orcid.org/0000-0003-0072-9347,Yuanfeng Zhou,['Yuanfeng Zhou'],26,362,11,2,yuanfeng,zhou,z,yuanfeng zhou,A5058595933,y zhou
A5088242666,https://orcid.org/0000-0001-5143-4325,Tanya S. Prinzing,"['Prinzing, Tanya', 'Tanya S. Prinzing']",8,88,5,2,tanya s.,prinzing,p,tanya s. prinzing,A5088242666,t prinzing
A5088092481,,Cody Reading,"['Cody Reading', 'Reading, Cody']",8,106,4,3,cody,reading,r,cody reading,A5088092481,c reading
A5111462610,,Mary Lynn Stewart,"['El Dorado', 'Ellen Poole', 'Fnp-Bc Valhalla', 'MARY LYNN STEWART', 'Mary L. Stewart', 'Mary Lynn Stewart', 'Mary Stewart', 'Mary\xa0Lynn Stewart', 'Patho Hills']",159,674,14,18,mary lynn,stewart,s,mary lynn stewart,A5111462610,m stewart
A5022497019,https://orcid.org/0000-0002-2092-0045,E.O. Balogun,"['Balogun Oluwadare Emmanuel', 'Balogun, Emmanuel O.', 'Balogun, Emmanuel Oluwadare', 'Dahliyusmanto Dahliyusmanto', 'E Balogun', 'E. Balogun', 'E. O. Balogun', 'E. O. S. Balogun', 'E. Oluwadare Balogun', 'E.O. Balogun', 'E.O. Balogun .', 'E.O.S. Balogun', 'EO Balogun', 'Elisabeth. O Balogun', 'Emmanuel Balogun', 'Emmanuel O Balogun', 'Emmanuel O. Balogun', 'Emmanuel Oludare Balogun', 'Emmanuel Oluwadare Balogun', 'O. Balogun E.', 'O. E.']",213,1798,23,24,e.o.,balogun,b,e.o. balogun,A5022497019,e balogun
A5074171911,,Ken Van Wieren,"['K. Van Wieren', 'K. van Wieren', 'Ken Van Wieren']",24,93,6,6,ken van,wieren,w,ken van wieren,A5074171911,k wieren
A5001322539,https://orcid.org/0000-0002-9196-2189,Hamza Hanif,"['H. Hanif', 'Hamza Hanif', 'Hamzah Hanif']",47,215,7,15,hamza,hanif,h,hamza hanif,A5001322539,h hanif
A5070568249,https://orcid.org/0000-0001-6853-4875,Sonia Raychaudhuri,"['Raychaudhuri, Sonia', 'Sonia Raychaudhuri']",17,66,3,1,sonia,raychaudhuri,r,sonia raychaudhuri,A5070568249,s raychaudhuri
A5019041456,,Alessandra Capperdoni,"['Alessandra Capperdoni', 'Capperdoni, Alessandra']",10,20,2,2,alessandra,capperdoni,c,alessandra capperdoni,A5019041456,a capperdoni
A5046379365,https://orcid.org/0000-0002-1739-2157,Ofir Sadka,"['Ofir Sadka', 'Sadka, Ofir']",17,212,8,4,ofir,sadka,s,ofir sadka,A5046379365,o sadka
A5005223990,,Dara Culhane,"['Culhane, Dara', 'DARA CULHANE', 'Dara Culhane']",22,190,4,1,dara,culhane,c,dara culhane,A5005223990,d culhane
A5042816631,https://orcid.org/0000-0001-6769-624X,Tracey A. Proverbs,"['Karina Speziale', 'T. A. Proverbs', 'Tracey A. Proverbs', 'Tracey Proverbs']",10,116,7,8,tracey a.,proverbs,p,tracey a. proverbs,A5042816631,t proverbs
A5011268186,,Cherie Ng,"['Cherie Ng', 'Cherie T Ng', 'Cherie T. Ng', 'Cherie Tracy Ng', 'Cherie\xa0T. Ng']",59,2237,16,13,cherie,ng,n,cherie ng,A5011268186,c ng
A5087869307,,Anna Petersson,"['A Petersson', 'Anna M. Petersson', 'Anna Petersson']",27,742,12,6,anna,petersson,p,anna petersson,A5087869307,a petersson
A5045134858,https://orcid.org/0000-0002-3807-6559,Danica Marsden,"['D Marsden', 'D. Marsden', 'Danica Marsden', 'Danica W. Marsden', 'Marsden, Danica']",54,4753,31,10,danica,marsden,m,danica marsden,A5045134858,d marsden
A5046303550,https://orcid.org/0009-0001-2648-5152,Shanwei Tong,['Shanwei Tong'],6,48,4,4,shanwei,tong,t,shanwei tong,A5046303550,s tong
A5100429250,https://orcid.org/0009-0001-8475-0305,Siyuan Chen,"['Chen Si-yuan', 'Chen, Si-Yuan', 'Chen, Siyuan', 'Si-Yuan Chen', 'Si-yuan Chen', 'Siyuan Chen', 'Zhibin Wang']",205,3566,29,104,siyuan,chen,c,siyuan chen,A5100429250,s chen
A5065439988,https://orcid.org/0000-0002-9100-9849,Xiaohan Li,"['Li Xiaohan', 'Li Xiaohan -', 'Xiaohan Li']",41,188,7,21,xiaohan,li,l,xiaohan li,A5065439988,x li
A5048791217,https://orcid.org/0000-0003-3492-2057,Vanessa Utz,"['Utz, Vanessa', 'Vanessa Utz']",10,54,2,2,vanessa,utz,u,vanessa utz,A5048791217,v utz
A5108574293,,Pamela Young,"['P Young', 'P. YOUNG', 'P. Young', 'PAMELA YOUNG', 'Pamela Young', 'Young P.', 'Young, Pamela.']",41,1095,13,21,pamela,young,y,pamela young,A5108574293,p young
A5039262439,,Nitish Kumar,['Nitish Kumar'],23,102,7,1,nitish,kumar,k,nitish kumar,A5039262439,n kumar
A5043840244,https://orcid.org/0000-0002-1610-0204,Shadi Momtahen,"['Momtahen, S.', 'S. Momtahen', 'Shadi Momtahen']",12,85,5,4,shadi,momtahen,m,shadi momtahen,A5043840244,s momtahen
A5100658008,https://orcid.org/0000-0001-6139-6887,Shujun Zhang,"['Avigdor Zangvil', 'Fujita Toyohisa', 'J Liu', 'Jinglei Li', 'R Mao', 'S J Zhang', 'S Zhang', 'S. J. Zhang', 'S. S. Zhang', 'S. ZHANG', 'S. Zhang', 'S., Zhang', 'S.J Zhang', 'S.J. Zhang', 'SHUJUN ZHANG', 'Sh.J Zhang', 'Sh.J. Zhang', 'Shiming Lei', 'Shu Yu Zhang', 'Shu-Jun ZHANG', 'Shu-Jun Zhang', 'Shu-jun ZHANG', 'Shu-jun Zhang', 'ShuJun Zhang', 'Shujun J. Zhang', 'Shujun ZHANG', 'Shujun Zhang', 'Wei Wu', 'Y Shao', 'Y Xu', 'Ye Zhu', 'Yiling Zhang', 'ZHANG, Shujun', 'Zhang S', 'Zhang S J', 'Zhang Shujun', 'Zhang, S J', 'Zhang, S. J.', 'Zhang, Shu-Jun', 'Zhang, Shujun', 'Zhang,Shu', 'Zhen Xu']",1116,63185,116,202,shujun,zhang,z,shujun zhang,A5100658008,s zhang
A5108852213,,Wenqian Sun,"['Maocao La', 'Sun, Wenqian', 'Wenqian Sun']",18,166,7,9,wenqian,sun,s,wenqian sun,A5108852213,w sun
A5011048097,https://orcid.org/0000-0001-9845-7866,S. Mahdi H. Miangoleh,"['Miangoleh, S. Mahdi H.', 'S. Mahdi H. Miangoleh']",11,81,4,1,s. mahdi h.,miangoleh,m,s. mahdi h. miangoleh,A5011048097,s miangoleh
A5029115038,https://orcid.org/0000-0002-9186-073X,Eduard Durech,"['Durech, Eduard', 'Durech, Eduard F.', 'Eduard Durech']",7,44,2,1,eduard,durech,d,eduard durech,A5029115038,e durech
A5061757128,,Jacob Sauer,['Jacob Sauer'],7,3,1,3,jacob,sauer,s,jacob sauer,A5061757128,j sauer
A5002719227,https://orcid.org/0000-0002-3856-208X,Gioachino Roberti,"['Gioachino Roberti', 'Roberti, G.', 'Roberti, Gioachino', 'gioachino roberti']",34,149,7,8,gioachino,roberti,r,gioachino roberti,A5002719227,g roberti
A5110428902,,A. Chakma,"['A CHAKMA', 'A Chakma', 'A. CHAKMA', 'A. Chakma', 'Amit Chakma']",216,6828,44,13,a.,chakma,c,a. chakma,A5110428902,a chakma
A5061615290,https://orcid.org/0000-0001-7096-7290,Melanie Benson Marshall,"['Marshall, Melanie', 'Melanie Benson Marshall']",11,4,1,6,melanie benson,marshall,m,melanie benson marshall,A5061615290,m marshall
A5015575684,https://orcid.org/0009-0001-7719-5374,Julia Lane,"['Julia Helen Lane', 'Julia Lane', 'Lane, Julia', 'Lane, Julia Helen']",9,4,2,1,julia,lane,l,julia lane,A5015575684,j lane
A5043490606,https://orcid.org/0000-0002-2742-348X,Wahyu Fuadi,"['W Fuadi', 'W. Fuadi', 'Wahyu Fuadi']",56,147,5,2,wahyu,fuadi,f,wahyu fuadi,A5043490606,w fuadi
A5110620538,,Mary Catherine A. Kropinski,"['Kropinski, Mary Catherine A.', 'MARY CATHERINE A. KROPINSKI', 'Mary Catherine A. Kropinski', 'Mary Catherine Kropinski']",17,347,9,3,mary catherine a.,kropinski,k,mary catherine a. kropinski,A5110620538,m kropinski
A5032687301,https://orcid.org/0000-0003-1638-0098,Ladan Dawoody Nejad,['Ladan Dawoody Nejad'],8,108,5,6,ladan dawoody,nejad,n,ladan dawoody nejad,A5032687301,l nejad
A5061230139,,Rawley Heimer,"['Rawley Heimer', 'Rawley Z Heimer', 'Rawley Z. Heimer']",65,1637,18,26,rawley,heimer,h,rawley heimer,A5061230139,r heimer
A5042810784,https://orcid.org/0000-0002-2137-4082,Florian Herbolsheimer,"['F Herbolsheimer', 'F. Herbolsheimer', 'Florian Herbolsheimer', 'Herbolsheimer, Florian']",68,1380,22,17,florian,herbolsheimer,h,florian herbolsheimer,A5042810784,f herbolsheimer
A5035220166,https://orcid.org/0000-0003-1389-7921,Janelle Jenstad,"['JANELLE JENSTAD', 'Janelle Day Jenstad', 'Janelle Jenstad', 'Jenstad, Janelle']",35,36,3,4,janelle,jenstad,j,janelle jenstad,A5035220166,j jenstad
A5013157128,https://orcid.org/0000-0003-0835-1668,Patrick S. R. Davidson,"['P. S. R. DAVIDSON', 'P. S. R. Davidson', 'P.S.R. Davidson', 'PATRICK S. R. DAVIDSON', 'Patrick Davidson', 'Patrick S R Davidson', 'Patrick S. R. Davidson', 'Patrick S.R Davidson', 'Patrick S.R. Davidson', 'Patrick SR Davidson']",97,4571,31,15,patrick s. r.,davidson,d,patrick s. r. davidson,A5013157128,p davidson
A5007096248,https://orcid.org/0000-0002-9609-1108,Margaret Jamieson,"['Jamieson, Margaret.', 'M N Jamieson', 'Margaret Jamieson']",41,584,14,15,margaret,jamieson,j,margaret jamieson,A5007096248,m jamieson
A5063358608,https://orcid.org/0000-0001-5784-0850,Jim Hutchinson,"['J Hutchinson', 'J.N. Hutchinson', 'Jim Hutchinson', 'Skinner']",14,75,3,16,jim,hutchinson,h,jim hutchinson,A5063358608,j hutchinson
A5101701358,https://orcid.org/0000-0003-1242-1112,Julie Shi,"['Julie Shi', 'Shi, Julie']",11,18,2,15,julie,shi,s,julie shi,A5101701358,j shi
A5100354062,https://orcid.org/0000-0003-3704-8377,Xin Li,"['LI XIN', 'Li Xin', 'Li xin', 'Li, Mike Xin', 'Li, Xin', 'XIN LI', 'Xiao-Lin Li', 'Xin LI', 'Xin Li', 'Xin Xiang Li']",127,2315,21,55,xin,li,l,xin li,A5100354062,x li
A5066631478,https://orcid.org/0000-0001-5560-7668,Dmitry Nikolaev,"['D P Nikolaev', 'D. Nikolaev', 'D. P Nikolaev', 'D. P. Nikolaev', 'D.P. Nikolaev', 'Dmitri Nikolaev', 'Dmitri P. Nikolaev', 'Dmitrii Nikolaev', 'Dmitrii P. Nikolaev', 'Dmitriy Nikolaev', 'Dmitry A. Nikolaev', 'Dmitry E. NIKOLAEV', 'Dmitry Nikolaev', 'Dmitry Nikolaevich Zemliakov', 'Dmitry P. Nikolaev', 'Dmitry, Nikolaev', 'Nikolaev Dmitry', 'Nikolaev Dmitry, P.', 'Nikolaev, D. P.', 'Nikolaev, Dmitry', 'Nikolaev, Dmitry P.', 'Д. П. Николаев', 'Д.П. НИКОЛАЕВ  .', 'Дмитрий Николаев']",274,1750,18,21,dmitry,nikolaev,n,dmitry nikolaev,A5066631478,d nikolaev
A5044298370,,Kathleen A Fitzpatrick,"['Fitzpatrick, Kathleen Anne', 'K A Fitzpatrick', 'K. A. Fitzpatrick', 'K.A Fitzpatrick', 'Kathleen A Fitzpatrick', 'Kathleen A. Fitzpatrick', 'Kathleen Fitzpatrick']",15,406,10,5,kathleen a,fitzpatrick,f,kathleen a fitzpatrick,A5044298370,k fitzpatrick
A5059293269,https://orcid.org/0009-0007-1338-6474,Leslie Meredith,"['L Meredith', 'Leslie Meredith']",69,1133,15,16,leslie,meredith,m,leslie meredith,A5059293269,l meredith
A5101460677,https://orcid.org/0000-0001-8095-0425,Jing Li,"['Jing LI', 'Jing Li', 'Li Jing', 'Li hui jing', 'Li, Jing']",72,661,10,37,jing,li,l,jing li,A5101460677,j li
A5100628775,https://orcid.org/0000-0002-0797-4655,Ke Wang,"['K. Wang', 'Ke WANG', 'Ke Wang', 'Ke wang', 'Wang Ke', 'Wang Ke Wang Ke', 'Wang, Ke', 'ke wang']",155,2827,28,60,ke,wang,w,ke wang,A5100628775,k wang
A5101925492,https://orcid.org/0000-0002-3100-9919,Wenzong Zhou,"['W F ZHOU', 'W. Zhou', 'Wenzong Zhou']",34,2151,15,8,wenzong,zhou,z,wenzong zhou,A5101925492,w zhou
A5047325658,https://orcid.org/0000-0002-3805-5803,Kay Richardson,"['K. Richardson', 'KAY P. RICHARDSON', 'KAY RICHARDSON', 'Kay P. Richardson', 'Kay Richardson', 'Richardson, Kristy.']",95,1237,17,50,kay,richardson,r,kay richardson,A5047325658,k richardson
A5030275285,https://orcid.org/0000-0002-5073-0832,James A. Scott,"['J A Scott', 'J. A. SCOTT', 'J. A. Scott', 'J. Alexander Scott', 'J. SCOTT', 'J. Scott', 'J.A. Scott', 'JA Scott', 'JAMES A. SCOTT', 'JAMES SCOTT', 'James  A. Scott', 'James A Scott', 'James A. Scott', 'James Alexander Scott', 'James Scott', 'Scott, J', 'Scott, James', 'Scott, James Alexander']",261,16655,56,64,james a.,scott,s,james a. scott,A5030275285,j scott
A5044632159,https://orcid.org/0000-0003-2392-4903,Aaron Hoyle,"['A Hoyle', 'A. Hoyle', 'Aaron Hoyle', 'Hoyle, Aaron Benjamin Sinclair']",16,129,7,5,aaron,hoyle,h,aaron hoyle,A5044632159,a hoyle
A5030425802,https://orcid.org/0000-0003-0531-8010,Tom P. Flower,"['T. P. FLOWER', 'T. P. Flower', 'T.P. Flower', 'TOM P. FLOWER', 'Thomas Flower', 'Thomas P. Flower', 'Tom Flower', 'Tom P Flower', 'Tom P. Flower', 'Tom\xa0P. Flower']",26,1330,16,7,tom p.,flower,f,tom p. flower,A5030425802,t flower
A5047319141,https://orcid.org/0000-0002-9100-5928,Shelly Bolotin,"['Bolotin, Shelly', 'S Bolotin', 'S M Bolotin', 'S. Bolotin', 'Shelly Bolotin']",128,2918,29,54,shelly,bolotin,b,shelly bolotin,A5047319141,s bolotin
A5049537916,https://orcid.org/0000-0001-8839-323X,Nicholas J. Reo,"['Nicholas J Reo', 'Nicholas J. Reo', 'Nicholas James Reo', 'Nicholas Reo', 'Reo, Nicholas J.']",39,2216,18,8,nicholas j.,reo,r,nicholas j. reo,A5049537916,n reo
A5063852211,https://orcid.org/0000-0002-8382-9943,Poh Tan,"['Poh Hiang Tan', 'Poh Tan']",18,32,3,2,poh,tan,t,poh tan,A5063852211,p tan
A5016234696,,Kogila Moodley,"['KOGILA MOODLEY', 'Kogila A. Moodley', 'Kogila MOODLEY', 'Kogila Moodley', 'Moodley K', 'Zyl Slabbert']",76,852,15,6,kogila,moodley,m,kogila moodley,A5016234696,k moodley
A5008045941,https://orcid.org/0000-0003-2817-0223,Nastaran Hajinazar,"['Hajinazar, Nastaran', 'Nastaran Hajinaza', 'Nastaran Hajinazar']",26,383,11,4,nastaran,hajinazar,h,nastaran hajinazar,A5008045941,n hajinazar
A5001833250,https://orcid.org/0000-0002-1292-0256,Angela Wong,"['Angela O. C. Wong', 'Angela O.C. Wong', 'Angela Wong', 'On Chi Wong', 'Wong, Angela']",17,722,9,5,angela,wong,w,angela wong,A5001833250,a wong
A5103151044,https://orcid.org/0009-0000-0875-5334,Xue Bin Peng,"['Peng Xue', 'Peng Xue -', 'Peng, Xue Bin', 'Xi, Pengcheng', 'Xue Bin Peng', 'Xue Peng', 'Xue, Peng']",36,671,11,12,xue bin,peng,p,xue bin peng,A5103151044,x peng
A5110021811,,William C. Hsiao,"['Hsiao, William', 'Hsiao, William C.', 'W C Hsiao', 'WILLIAM C. HSIAO', 'William C Hsiao', 'William C. Hsiao', 'William C.L. Hsiao', 'William Hsiao']",151,11316,53,21,william c.,hsiao,h,william c. hsiao,A5110021811,w hsiao
A5015743921,,John‐Christopher Boyer,"['J. C. Boyer', 'J.C Boyer', 'J.C. Boyer', 'J.Christopher Boyer', 'John-Christopher Boyer', 'John‐Christopher Boyer']",53,8653,33,8,john‐christopher,boyer,b,john‐christopher boyer,A5015743921,j boyer
A5100372143,https://orcid.org/0009-0006-9878-1985,Yue Wang,"['Dr. Yue Wang', 'YUE WANG', 'Yue Lan Wang', 'Yue Wang']",84,1644,15,22,yue,wang,w,yue wang,A5100372143,y wang
A5054478132,https://orcid.org/0000-0001-5400-6369,Richard Jones,"['D Bower', 'Jones, R.', 'Jones, Richard', 'Jones, Richard A', 'Jones, Richard A.', 'Jones, Richard A. L.', 'Jones, Richard L.', 'Jones, Richard T', 'Jones,\xa0R', 'R A L Jones', 'R JONES', 'R Jones', 'R L JONES', 'R. A. JONES', 'R. A. Jones', 'R. A. L Jones', 'R. A. L. Jones', 'R. JONES', 'R. Jones', 'R. L. JONES', 'R. L. Jones', 'R.A. Jones', 'R.A.L Jones', 'R.A.L. Jones', 'R.L. Jones', 'R.\u2009A.\u2009L. Jones', 'RICHARD A. L. JONES', 'Richard A L Jones', 'Richard A. Jones', 'Richard A. L. Jones', 'Richard A.L Jones', 'Richard A.L. Jones', 'Richard AL Jones', 'Richard Jones', 'Richard L Jones', 'Richard L. Jones', 'Richard. A. L. Jones']",436,18831,65,66,richard,jones,j,richard jones,A5054478132,r jones
A5110564839,,Paul Crowe,"['Crowe, Paul B. M.', 'Crowe, Paul Benjamin Michael', 'P. B. Crowe', 'Paul Crowe']",16,33,2,2,paul,crowe,c,paul crowe,A5110564839,p crowe
A5062117667,https://orcid.org/0000-0002-4008-3053,Nicholas Murray,"['Murray, Nicholas', 'Murray, Nicholas J.', 'Murray, Nicholas James', 'N Murray', 'N. J. Murray', 'N. Murray', 'N.J. Murray', 'NICHOLAS MURRAY', 'Nicholas  J. Murray', 'Nicholas J Murray', 'Nicholas J. Murray', 'Nicholas Murray', 'Nicholas R. Murray', 'Nicola Murray']",252,10054,48,41,nicholas,murray,m,nicholas murray,A5062117667,n murray
A5103516870,,Janet C. Sturgeon,"['JANET C. STURGEON', 'Janet C. STURGEON', 'Janet C. Sturgeon', 'Janet Sturgeon']",28,973,15,4,janet c.,sturgeon,s,janet c. sturgeon,A5103516870,j sturgeon
A5011460152,https://orcid.org/0000-0002-7326-4467,Jonathan Boron,"['Jonathan Boron', 'Jonathan M. Boron', 'Jonathan Martin Boron']",7,125,4,1,jonathan,boron,b,jonathan boron,A5011460152,j boron
A5087809691,https://orcid.org/0009-0000-3094-6006,Caitlin Courchesne,"['C. Courchesne', 'Caitlin Courchesne', 'Courchesne, Caitlin']",8,69,4,5,caitlin,courchesne,c,caitlin courchesne,A5087809691,c courchesne
A5041422465,https://orcid.org/0000-0001-8096-9855,Ross Cloak,"['Cloak, Ross', 'R. Cloak', 'Ross Cloak', 'Ross J Cloak']",38,498,13,12,ross,cloak,c,ross cloak,A5041422465,r cloak
A5047766392,,Tiffany A. O’Connor,"[""T O'Connor"", ""Tiffany A. O'Connor"", 'Tiffany A. O’Connor', 'Tiffany O’Connor']",11,87,5,2,tiffany a.,o’connor,o,tiffany a. o’connor,A5047766392,t o’connor
A5037331354,https://orcid.org/0000-0001-9515-7753,James D. Young,"['J D Young', 'J. D. Young', 'J. Young', 'J.D. Young', 'JAMES D. YOUNG', 'James D Young', 'James D. Young', 'James Young']",18,659,12,8,james d.,young,y,james d. young,A5037331354,j young
A5100657865,https://orcid.org/0000-0003-4080-7274,Andrew Park,"['A. W. Park', 'A.W. Park', 'ANDREW PARK', 'ANDREW W. PARK', 'Andrew Park', 'Andrew W Park', 'Andrew W. Park', 'Angela Minassian', 'Gina Cui', 'Park, A.', 'Park, Andrew', 'Park, Andrew W', 'Park, Andrew W.']",203,5962,40,58,andrew,park,p,andrew park,A5100657865,a park
A5102861819,https://orcid.org/0000-0001-9451-3541,Michael Ford,"['M Ford', 'M J Ford', 'M. Ford', 'M. J. FORD', 'M. J. Ford', 'M.J. Ford', 'MICHAEL J. FORD', 'Michael Ford', 'Michael J Ford', 'Michael J. Ford', 'Michael John Ford', 'Michael K B Ford']",104,2258,23,23,michael,ford,f,michael ford,A5102861819,m ford
A5039907228,https://orcid.org/0000-0001-8928-4780,Jennifer L. Berdahl,"['Berdahl, Jennifer L.', 'Jennifer Berdahl', 'Jennifer L Berdahl', 'Jennifer L. Berdahl', 'Jennifer L.Berdahl']",82,7886,29,8,jennifer l.,berdahl,b,jennifer l. berdahl,A5039907228,j berdahl
A5012273495,https://orcid.org/0000-0003-2781-3514,Chris Muris,"['Chris Muris', 'Muris, Chris', 'Muris, Chris (Department Of Economics, Simon Fraser University)']",70,770,11,17,chris,muris,m,chris muris,A5012273495,c muris
A5112468026,https://orcid.org/0009-0002-4989-5178,M. Saddam Hossain Khan,"['M Saddam Hossain Khan', 'M. Saddam Hossain Khan', 'Meheryar Khan', 'Misbah U. Khan', 'Muhammad Khan', 'Muhammad Ubaidullah Khan']",31,288,8,9,m. saddam hossain,khan,k,m. saddam hossain khan,A5112468026,m khan
A5056020106,https://orcid.org/0000-0002-7686-6586,Yangqing Zhao,"['Yang-Qing Zhao', 'Yangqing Zhao']",16,126,7,6,yangqing,zhao,z,yangqing zhao,A5056020106,y zhao
A5079373433,,Christian C. Petersen,"['Christian C. Petersen', 'Christian Petersen']",6,43,3,1,christian c.,petersen,p,christian c. petersen,A5079373433,c petersen
A5001197353,https://orcid.org/0000-0002-7514-2199,Heather L. More,"['H. L. More', 'Heather L. More', 'Heather More', 'More, Heather L.']",16,500,9,5,heather l.,more,m,heather l. more,A5001197353,h more
A5003728156,https://orcid.org/0000-0001-8776-772X,Guldana Salimjan,['Guldana Salimjan'],10,56,5,5,guldana,salimjan,s,guldana salimjan,A5003728156,g salimjan
A5037606234,,Shelbie F. Anderson,"['Shelbie Anderson', 'Shelbie F. Anderson']",7,20,3,1,shelbie f.,anderson,a,shelbie f. anderson,A5037606234,s anderson
A5027346499,,Shirin Fartash Toloue,['Shirin Fartash Toloue'],10,128,5,2,shirin fartash,toloue,t,shirin fartash toloue,A5027346499,s toloue
A5076330236,https://orcid.org/0000-0002-1077-876X,Sugandha Agarwal,"['Dr. Sugandha Agarwal', 'S. Agarwal', 'Sugandha Agarwal']",46,1121,9,17,sugandha,agarwal,a,sugandha agarwal,A5076330236,s agarwal
A5075265579,https://orcid.org/0000-0003-3270-1533,Chirag Vashist,"['Chirag Vashist', 'Vashist, Chirag']",8,17,1,2,chirag,vashist,v,chirag vashist,A5075265579,c vashist
A5112776512,,Anthony Chan,"['Anthony Chan', 'Anthony Moung-yin Chan', 'Anthony W. Y. Chan']",35,422,9,12,anthony,chan,c,anthony chan,A5112776512,a chan
A5031900706,https://orcid.org/0000-0002-9897-6559,Richard Rogers,"['A Farquharson', 'Gomes, Daniel', 'R A Rogers', 'R Rogers', 'R. A. Rogers', 'R. Rogers', 'R.A. Rogers', 'RICHARD A. ROGERS', 'RICHARD ROGERS', 'Richard A Rogers', 'Richard A. Rogers', 'Richard Rogers', 'Rogers, R.', 'Rogers, Richard']",278,6947,38,42,richard,rogers,r,richard rogers,A5031900706,r rogers
A5101425015,https://orcid.org/0000-0002-8037-7953,Haixu Wang,"['Hai-Xu Wang', 'Hai-xu Wang', 'Haixu Wang', 'Hai‐Xu Wang', 'Junhong Wang', 'Wang, Haixu']",41,514,11,16,haixu,wang,w,haixu wang,A5101425015,h wang
A5100389108,https://orcid.org/0009-0009-2730-0816,Yanyan Zhang,"['Meiwen Tie', 'Peng Wang', 'Tong Wang', 'Xuke Chen', 'Y. Zhang', 'Yan-Yan Zhang', 'Yan-yan ZHANG', 'Yan-yan Zhang', 'YanYan Zhang', 'Yanyan Yanyan Zhang', 'Yanyan ZHANG', 'Yanyan Zhang', 'Yanyan Zhang -', 'Yanyan zhang', 'Yan‐Yan Zhang', 'Yun-Yun Lu', 'Zhang Yanyan', 'Zhang, Yan-Yan', 'Zhang, Yanyan']",440,16933,67,142,yanyan,zhang,z,yanyan zhang,A5100389108,y zhang
A5029313842,,Brennan Jones,"['Brennan Jones', 'Brennan, Jones']",21,481,10,2,brennan,jones,j,brennan jones,A5029313842,b jones
A5038871253,https://orcid.org/0000-0001-7496-7562,Kelly Grounds,['Kelly Grounds'],7,15,1,2,kelly,grounds,g,kelly grounds,A5038871253,k grounds
A5088099073,https://orcid.org/0000-0003-0123-053X,Monique Auger,"['Monique Auger', 'Monique D Auger', 'Monique D. Auger']",15,490,8,5,monique,auger,a,monique auger,A5088099073,m auger
A5004067360,https://orcid.org/0000-0002-6918-1685,Heather Higo,"['H Higo', 'H. A. Higo', 'H. Higo', 'H.A. Higo', 'Heather A Higo', 'Heather A. Higo', 'Heather Higo']",48,1840,23,7,heather,higo,h,heather higo,A5004067360,h higo
A5083362344,https://orcid.org/0000-0002-4575-7512,Joanna Marie B. Rivera,"['Joanna M. Rivera', 'Joanna Marie B. Rivera', 'Joanna Rivera']",6,70,3,4,joanna marie b.,rivera,r,joanna marie b. rivera,A5083362344,j rivera
A5058395557,https://orcid.org/0000-0002-0963-7580,Robyn Ilten-Gee,['Robyn Ilten-Gee'],25,55,4,3,robyn,ilten-gee,i,robyn ilten-gee,A5058395557,r ilten-gee
A5033656765,https://orcid.org/0000-0001-5046-2279,Paul Luff,"['Luff, P', 'Luff, Paul', 'P Luff', 'P. Luff', 'P. Luff,', 'PAUL LUFF', 'Paul K. Luff', 'Paul Keith Luff', 'Paul Luff']",214,9431,44,63,paul,luff,l,paul luff,A5033656765,p luff
A5061800776,https://orcid.org/0000-0001-6917-3784,Gerry Veenstra,"['G Veenstra', 'G. Veenstra', 'GERRY VEENSTRA', 'Gerry Veenstra']",123,4993,35,12,gerry,veenstra,v,gerry veenstra,A5061800776,g veenstra
A5088814508,https://orcid.org/0000-0002-3856-6902,Qiong Zhang,"['Qiong Zhang', 'Zhang, Qiong']",31,391,8,7,qiong,zhang,z,qiong zhang,A5088814508,q zhang
A5110896915,,Ata Roudgar,['Ata Roudgar'],21,751,10,4,ata,roudgar,r,ata roudgar,A5110896915,a roudgar
A5033887472,https://orcid.org/0000-0003-0349-8521,Márcia Pereira Alves dos Santos,"['Marcia Pereira Alves Dos Santos', 'Marcia Pereira Alves dos SANTOS', 'Marcia Pereira Alves dos Santos', 'Marcia Pereira Santos', 'MÁRCIA PEREIRA ALVES DOS SANTOS', 'Márcia P. A. dos Santos', 'Márcia P. Alves dos Santos', 'Márcia Peraira Alves dos Santos', 'Márcia Pereira Alves Dos Santos', 'Márcia Pereira Alves dos SANTOS', 'Márcia Pereira Alves dos Santos', 'Márcia Pereira Santos']",43,476,7,15,márcia pereira alves dos,santos,s,márcia pereira alves dos santos,A5033887472,m santos
A5044431801,,Amin M. Elsafi,"['Amin  M. Elsafi', 'Amin Elsafi', 'Amin M. Elsafi', 'Elsafi, Amin']",14,403,8,4,amin m.,elsafi,e,amin m. elsafi,A5044431801,a elsafi
A5036105914,https://orcid.org/0000-0002-7345-8106,Shaoyi Xu,"['Shaoyi XU', 'Shaoyi Xu']",34,1249,14,10,shaoyi,xu,x,shaoyi xu,A5036105914,s xu
A5029943377,https://orcid.org/0000-0003-3070-7368,Gaëtan Plantefève,"['G PLANTEFEVE', 'G Plantefeve', 'G Plantefve', 'G Plantefève', 'G. Plantefeve', 'G. Plantefève', 'Gaetan J Plantefeve', 'Gaetan Plantefeve', 'Gaetan Plantefève', 'Gaetan\xa0 Plantefeve', 'Gaétan Plantefeve', 'Gaétan Plantefève', 'Gaëtan Plantefeve', 'Gaëtan Plantefève', 'Plantefeve Gaetan', 'Plantefeve Gaëtan']",169,8692,44,35,gaëtan,plantefève,p,gaëtan plantefève,A5029943377,g plantefève
A5104104120,,Hossein Asghari,"['Asghari, Hossein', 'Hossein Asghari', 'Hossein Asghari,']",29,287,9,5,hossein,asghari,a,hossein asghari,A5104104120,h asghari
A5050112592,https://orcid.org/0000-0001-9738-3447,J. Scott Matthews,"['J Matthews', 'J Scott Matthews', 'J. SCOTT MATTHEWS', 'J. Scott Matthews', 'Matthews, J. Scott', 'Matthews, Scott', 'Paul Pierson', 'Scott Matthews']",55,848,13,11,j. scott,matthews,m,j. scott matthews,A5050112592,j matthews
A5023236928,https://orcid.org/0000-0002-1994-4445,Parisa Shiri,['Parisa Shiri'],14,259,6,6,parisa,shiri,s,parisa shiri,A5023236928,p shiri
A5103183400,https://orcid.org/0000-0003-2947-4018,Zhiyang Gu,"['Zhi-Yang Gu', 'Zhiyang Gu']",30,539,14,6,zhiyang,gu,g,zhiyang gu,A5103183400,z gu
A5101490257,https://orcid.org/0000-0002-0306-139X,Jie Liang,"['Jie Liang', 'Liang Jie', 'Liang, Jie']",80,946,18,20,jie,liang,l,jie liang,A5101490257,j liang
A5103227013,https://orcid.org/0000-0003-1008-946X,A.S. Wright,"['A. Wright', 'A.S. Wright', 'ANDREW WRIGHT, JR.', 'Andrew  S. Wright', 'Andrew S Wright', 'Andrew S. Wright', 'Wright, Andrew S']",22,432,8,8,a.s.,wright,w,a.s. wright,A5103227013,a wright
A5006213206,https://orcid.org/0000-0002-8384-4158,Julie K. Nielsen,"['J. K. Nielsen', 'J. Nielsen', 'J.K. Nielsen', 'JULIE NIELSEN', 'Julie K. Nielsen', 'Julie Nielsen', 'Nielsen, Julie K.']",33,429,13,9,julie k.,nielsen,n,julie k. nielsen,A5006213206,j nielsen
A5025604809,,Lisa Del Giudice,"['L Giudice', 'L. Del Giudice', 'Lisa Del Giudice']",14,121,7,13,lisa del,giudice,g,lisa del giudice,A5025604809,l giudice
A5015667412,https://orcid.org/0000-0001-7093-3058,Stirling Bryan,"['Bryan Stirling', 'Bryan, S', 'Bryan, S.', 'Bryan, Stirling', 'S Bryan', 'S. BRYAN', 'S. Bryan', 'S. E. Bryan', 'STIRLING BRYAN', 'Stirling Bryan']",366,15034,63,67,stirling,bryan,b,stirling bryan,A5015667412,s bryan
A5058440934,https://orcid.org/0000-0001-9908-220X,Isabela Butnar,"['Butnar, I.', 'Butnar, Isabela', 'I Butnar', 'I. Butnar', 'Isabela Butnar']",56,1796,21,12,isabela,butnar,b,isabela butnar,A5058440934,i butnar
A5100311024,https://orcid.org/0009-0001-5501-9011,Yimeng Fan,"['Fan, Yimeng', 'Wenlin Li', 'Yimeng Fan']",53,102,5,14,yimeng,fan,f,yimeng fan,A5100311024,y fan
A5072888960,,Zwetelina Iliewa,"['ZWETELINA ILIEWA', 'Zwetelina Iliewa']",13,184,7,15,zwetelina,iliewa,i,zwetelina iliewa,A5072888960,z iliewa
A5046741842,https://orcid.org/0000-0003-2389-605X,Anita Santos,"['A. C. F. B. M. SANTOS', 'A. Santos', 'A.C.J. Dos Santos', 'A.J. Santos', 'Anita Dos Santos', 'Anita Santos', 'Anita dos Santos']",58,1064,14,10,anita,santos,s,anita santos,A5046741842,a santos
A5075584709,https://orcid.org/0000-0002-8227-8844,Ryan Allen,"['R Allen', 'Ryan Allen', 'Ryan T. Allen']",25,3036,9,12,ryan,allen,a,ryan allen,A5075584709,r allen
A5052471980,https://orcid.org/0000-0001-7281-2372,Warren H. L. Wong,"['Warren H L Wong', 'Warren H. L. Wong', 'Warren H.L. Wong']",9,213,6,4,warren h. l.,wong,w,warren h. l. wong,A5052471980,w wong
A5087982823,https://orcid.org/0000-0002-4301-1901,Jed A. Meltzer,"['J. A. Meltzer', 'J. Meltzer', 'J.A. Meltzer', 'Jed  A. Meltzer', 'Jed A Meltzer', 'Jed A. Meltzer', 'Jed Meltzer', 'Jed\xa0A. Meltzer']",105,3532,29,14,jed a.,meltzer,m,jed a. meltzer,A5087982823,j meltzer
A5013486536,https://orcid.org/0000-0002-4007-1220,R. Baartman,"['Baartman, R A', 'Baartman, R.', 'Baartman, Richard', 'R Baartman', 'R. A. Baartman', 'R. BAARTMAN', 'R. Baartman', 'R.A. Baartman', 'Richard A. Baartman', 'Richard Baartman', 'Rick Baartman']",187,1295,17,7,r.,baartman,b,r. baartman,A5013486536,r baartman
A5101570221,https://orcid.org/0000-0002-0585-6858,M. Alamgir Hossain,"['Hossain, M. Alamgir', 'M Alamgir Hossain', 'M. Alamgir Hossain', 'Mohammad Alamgir Hossain']",12,64,4,4,m. alamgir,hossain,h,m. alamgir hossain,A5101570221,m hossain
A5002117843,https://orcid.org/0000-0002-4069-1171,Shuna Shu Ham Ho,"['Ho, Shuna Shu Ham', 'Shu Ham Ho', 'Shuna Ho', 'Shuna S. H. Ho', 'Shuna Shu Ham Ho']",13,121,3,3,shuna shu ham,ho,h,shuna shu ham ho,A5002117843,s ho
A5087294470,,Stephanie Vlachos,"['S. Vlachos', 'Stephanie Vlachos']",7,150,5,2,stephanie,vlachos,v,stephanie vlachos,A5087294470,s vlachos
A5076424458,https://orcid.org/0000-0003-3051-3985,Milton Campos,"['Milton Campos', 'Milton N. Campos', 'Milton Nunes Campos', 'Milton. Campos']",43,184,7,6,milton,campos,c,milton campos,A5076424458,m campos
A5003742308,,Laurenna Peters,['Laurenna Peters'],6,51,3,9,laurenna,peters,p,laurenna peters,A5003742308,l peters
A5029779020,https://orcid.org/0000-0001-9090-2793,Colleen Varcoe,"['C Varcoe', 'C. Varcoe', 'COLLEEN M. VARCOE', 'COLLEEN VARCOE', 'Colleen M Varcoe', 'Colleen M. Varcoe', 'Colleen Varcoe', 'Varcoe, Colleen Marie', 'Varcoe, Colleen, 1952-']",217,9526,52,32,colleen,varcoe,v,colleen varcoe,A5029779020,c varcoe
A5016324092,,Byoungjoo Yoo,['Byoungjoo Yoo'],6,70,4,1,byoungjoo,yoo,y,byoungjoo yoo,A5016324092,b yoo
A5100638121,https://orcid.org/0000-0003-0807-2036,Xiang Feng,"['Feng XIANG', 'Feng Xiang', 'Feng, Xiang', 'X. Feng', 'X.T. Feng', 'Xiang Feng']",65,468,11,22,xiang,feng,f,xiang feng,A5100638121,x feng
A5102764557,https://orcid.org/0000-0002-6295-3929,John R. Tyson,"['J. R. Tyson', 'John R Tyson', 'John R. Tyson', 'John Tyson', 'John\xa0R. Tyson', 'Tyson, John']",80,5467,23,21,john r.,tyson,t,john r. tyson,A5102764557,j tyson
A5111814811,,Nathalie Sinclair,"['Nathalie Sinclair', 'Sinclair, Nathalie']",33,320,10,3,nathalie,sinclair,s,nathalie sinclair,A5111814811,n sinclair
A5100366176,https://orcid.org/0000-0001-9047-3482,Si Chen,['Si Chen'],31,650,13,10,si,chen,c,si chen,A5100366176,s chen
A5030752031,,Marilyn Gates,"['Gates, Marilyn', 'Gates, Marilyn G.', 'MARILYN GATES', 'Marilyn Gates']",26,254,8,2,marilyn,gates,g,marilyn gates,A5030752031,m gates
A5033539871,https://orcid.org/0000-0001-5645-4931,Mahesh Kumar Krishna Reddy,"['Mahesh Kumar Krishna Reddy', 'Mahesh Reddy', 'Reddy, Mahesh Kumar Krishna']",15,288,7,2,mahesh kumar krishna,reddy,r,mahesh kumar krishna reddy,A5033539871,m reddy
A5012006207,https://orcid.org/0000-0002-7717-870X,Christina Manning,"['C. J. Manning', 'C. Manning', 'C.J. Manning', 'Christina  J. Manning', 'Christina J. Manning', 'Christina Manning', 'Manning, Christina']",63,1456,20,2,christina,manning,m,christina manning,A5012006207,c manning
A5101833585,https://orcid.org/0000-0003-0145-703X,Yudong Luo,"['Luo, Yudong', 'Yudong Luo']",31,377,7,8,yudong,luo,l,yudong luo,A5101833585,y luo
A5016824282,https://orcid.org/0000-0003-0264-4793,Lily Proctor,"['L. Proctor', 'Lily Proctor', 'Proctor, Lily']",32,582,9,9,lily,proctor,p,lily proctor,A5016824282,l proctor
A5084273448,https://orcid.org/0000-0002-6075-9022,C.K. Morley,"['C. K. MORLEY', 'C. K. Morley', 'C. Morley', 'C.K Morley', 'C.K. Morley', 'CHRIS K. MORLEY', 'Chris K. Morley', 'Chris Morley', 'Christopher K. Morley', 'Christopher K. Morley*', 'Christopher Keith Morley', 'Christopher Morley', 'D MORLEY', 'D Morley', 'D. MORLEY', 'D. Morley', 'MORLEY, C. K., Amoco Production Com', 'Morley, C.', 'Morley, C. K.', 'Morley, Chris', 'Morley, Chris K.', 'Morley, Christopher', 'Morley, Christopher K.', 'Morley, D']",357,13922,68,30,c.k.,morley,m,c.k. morley,A5084273448,c morley
A5051967085,,Nicholas Peatfield,"['N. A. Peatfield', 'N. Peatfield', 'Nicholas A. Peatfield', 'Nicholas Peatfield']",25,376,6,8,nicholas,peatfield,p,nicholas peatfield,A5051967085,n peatfield
A5016821064,https://orcid.org/0009-0007-2273-2658,Abdul Rahman Diab,"['A Diab', 'Abdul Rahman Al Diab', 'Abdul Rahman Diab', 'Diab, Abdul Rahman']",14,127,6,6,abdul rahman,diab,d,abdul rahman diab,A5016821064,a diab
A5110343277,,Emmanuel Sulle,"['Emmanuel B. Sulle', 'Emmanuel Sulle', 'Sulle, E.', 'Sulle, Emmanuel']",61,905,15,13,emmanuel,sulle,s,emmanuel sulle,A5110343277,e sulle
A5044850295,https://orcid.org/0000-0001-7024-3508,Shona Adams,"['Adams, Shona', 'S M Adams', 'Shona Adams']",12,65,4,4,shona,adams,a,shona adams,A5044850295,s adams
A5035251726,,Steven Pearce,"['Pearce, Steven', 'S. Pearce', 'S.L. Pearce', 'Steven Pearce']",56,283,6,7,steven,pearce,p,steven pearce,A5035251726,s pearce
A5101988633,https://orcid.org/0000-0003-3260-8224,Qirui Wu,"['Q. Wu', 'Qi-Rui Wu', 'Qi-rui WU', 'Qirui Wu', 'Quanmin Wu', 'Wu, Qirui', '吴启锐 Qirui Wu']",87,1024,18,23,qirui,wu,w,qirui wu,A5101988633,q wu
A5058761429,,Xiaosu Li,"['Li, Xiaosu', 'Xiao-Su Li', 'Xiaosu Li', 'Xiaosu li']",55,1074,19,24,xiaosu,li,l,xiaosu li,A5058761429,x li
A5100657860,https://orcid.org/0000-0002-1780-3921,Andrew Park,['Andrew Park'],25,180,6,9,andrew,park,p,andrew park,A5100657860,a park
A5052000561,https://orcid.org/0000-0002-1617-051X,Olga Vishnyakova,"['O Vishnyakova', 'O. D. Vishnyakova', 'O. Vishnyakova', 'O., Vishnyakova', 'O.D. Vishnyakova', 'Olga D. Vishnyakova', 'Olga Dmitrievna Vishnyakova', 'Olga Vishnyakova']",44,127,6,14,olga,vishnyakova,v,olga vishnyakova,A5052000561,o vishnyakova
A5018045901,https://orcid.org/0009-0005-6539-7103,Deepak Vembar,"['Deepak Vembar', 'Vembar, D.', 'Vembar, Deepak']",17,53,5,5,deepak,vembar,v,deepak vembar,A5018045901,d vembar
A5053606219,,Brenden B. Yee,"['Brenden B. Yee', 'Brenden Yee', 'Yee, B Brenden']",6,59,3,3,brenden b.,yee,y,brenden b. yee,A5053606219,b yee
A5026091237,https://orcid.org/0000-0003-4904-8606,Maureen Maloney,"['Maloney, Maureen', 'Maureen A. Maloney', 'Maureen Maloney']",27,136,4,5,maureen,maloney,m,maureen maloney,A5026091237,m maloney
A5057955834,https://orcid.org/0000-0001-5114-3309,Anthony Wray,"['Anthony Wray', 'Wray, Anthony', 'Wray, Anthony; id_orcid 0000-0001-5114-3309']",38,121,5,21,anthony,wray,w,anthony wray,A5057955834,a wray
A5035385095,,S. R. Dunsiger,"['Dunsiger, S. R.', 'Dunsiger, S.R.', 'S Dunsiger', 'S R Dunsiger', 'S. Dunsiger', 'S. R. Dunsiger', 'S.R. Dunsiger', 'S.\u2009R. Dunsiger']",54,2023,20,9,s. r.,dunsiger,d,s. r. dunsiger,A5035385095,s dunsiger
A5010643968,,Ryan Brodie,"['Ryan Brodie', 'Ryan T. Brodie']",8,219,4,3,ryan,brodie,b,ryan brodie,A5010643968,r brodie
A5054796209,,Amirhossein Kazeminia,"['Amirhossein Kazeminia', 'Kazeminia, Amirhossein']",7,2,1,2,amirhossein,kazeminia,k,amirhossein kazeminia,A5054796209,a kazeminia
A5101841802,https://orcid.org/0000-0002-3112-3893,Richard Norman,"['Norman, R', 'Norman, Richard', 'R Norman', 'R. J. Norman', 'R. NORMAN', 'R. Norman', 'RICHARD NORMAN', 'Richard J. Norman', 'Richard Norman']",474,9687,49,45,richard,norman,n,richard norman,A5101841802,r norman
A5087962548,https://orcid.org/0000-0002-8360-9086,Isabelle Côté,"['Cote, Isabelle M.', 'Côté, I.', 'Côté, Isabelle', 'I COTE', 'I Cote', 'I Coté', 'I Côté', 'I. Cote', 'I. Coté', 'I. Côté', 'ISABELLE CÔTÉ', 'Isabelle Cote', 'Isabelle Coté', 'Isabelle Ct', 'Isabelle CôTé', 'Isabelle Côte', 'Isabelle Côté', 'Isabelle M. Côté', 'isabelle cote']",229,4747,39,50,isabelle,côté,c,isabelle côté,A5087962548,i côté
A5024348219,https://orcid.org/0000-0002-7190-3675,Keith L. Duncan,"['K DUNCAN', 'K Duncan', 'K. DUNCAN', 'K. Duncan', 'K. L. Duncan', 'K.L. Duncan', 'Keith  L. Duncan', 'Keith Duncan', 'Keith L. Duncan']",69,2105,26,11,keith l.,duncan,d,keith l. duncan,A5024348219,k duncan
A5089709263,https://orcid.org/0000-0002-2042-5423,D. Kim Rossmo,"['D Kim Rossmo', 'D. K. Rossmo', 'D. Kim Rossmo', 'DK Rossmo']",79,1650,23,9,d. kim,rossmo,r,d. kim rossmo,A5089709263,d rossmo
A5102021618,https://orcid.org/0000-0002-9394-8209,Na Na,"['&amp;Na;,', 'NA', 'NA NA', 'NA, NA', 'Na', 'Na Na', 'Na Na Ma']",240,3796,34,53,na,na,n,na na,A5102021618,n na
A5060930517,,Annette Berndt,"['Annette Berndt', 'Berndt, Annette']",68,926,11,11,annette,berndt,b,annette berndt,A5060930517,a berndt
A5032363825,,Hilmar Μ. Pabel,"['Giles', 'H. M. Pabel', 'H.M. Pabel', 'HILMAR M. PABEL', 'Hilmar M Pabel', 'Hilmar M. Pabel', 'Hilmar M. Pabel (book editor)', 'Hilmar M. Pabel (review author)', 'Hilmar Pabel', 'Hilmar Μ. Pabel']",81,252,7,4,hilmar μ.,pabel,p,hilmar μ. pabel,A5032363825,h pabel
A5027656892,https://orcid.org/0000-0003-1482-8688,Andrew S. Perrotta,"['A.S. Perrotta', 'Andrew Perrotta', 'Andrew S. Perrotta', 'Andrew Scott Perrotta', 'Perrotta, Andrew', 'Perrotta, Andrew S', 'Perrotta, Andrew Scott']",52,486,9,5,andrew s.,perrotta,p,andrew s. perrotta,A5027656892,a perrotta
A5019781908,,Carlos A. Sierra Hernandez,"['Carlos A Sierra Hernandez', 'Carlos A. Sierra Hernandez']",12,118,6,2,carlos a. sierra,hernandez,h,carlos a. sierra hernandez,A5019781908,c hernandez
A5018077544,,Zhuangfei Wang,"['Wang, Zhuangfei', 'Zhuangfei Wang']",8,46,4,1,zhuangfei,wang,w,zhuangfei wang,A5018077544,z wang
A5018275461,https://orcid.org/0000-0002-2864-1585,Annamina Rieder,"['Annamina Rieder', 'Rieder, Annamina']",28,156,6,2,annamina,rieder,r,annamina rieder,A5018275461,a rieder
A5077295930,https://orcid.org/0000-0001-7845-6970,Pierre Leroy,"['Leroy, P.', 'P LEROY', 'P Leroy', 'P. Leroy', 'P.L. LeRoy', 'Pierre L LeRoy', 'Pierre L. LeRoy', 'Pierre LeRoy', 'Pierre Leroy']",39,214,7,17,pierre,leroy,l,pierre leroy,A5077295930,p leroy
A5101487271,https://orcid.org/0000-0002-5515-1020,Saurabh Garg,"['Saurabh Garg', 'Saurabh K. Garg†']",20,232,8,4,saurabh,garg,g,saurabh garg,A5101487271,s garg
A5048829739,https://orcid.org/0000-0002-9008-4003,N. Azari,"['Azari, N.', 'N. Azari', 'Nasrin Azari']",7,78,4,1,n.,azari,a,n. azari,A5048829739,n azari
A5000791536,,Vidhi Chauhan,"['Chauhan, Vidhi', 'V. Chauhan', 'Vidhi Chauhan']",9,72,4,2,vidhi,chauhan,c,vidhi chauhan,A5000791536,v chauhan
A5086579269,https://orcid.org/0000-0001-5279-3354,Megan Kaulius,"['Kaulius, Megan', 'Kaulius, Megan Maureen', 'Megan Kaulius']",25,550,7,3,megan,kaulius,k,megan kaulius,A5086579269,m kaulius
A5028551253,,Cornelia Wieman,"['Cornelia (Nel) Wieman', 'Cornelia Wieman']",14,139,7,11,cornelia,wieman,w,cornelia wieman,A5028551253,c wieman
A5040200112,https://orcid.org/0000-0002-9596-6726,Ivan Lau,"['I LAU', 'I Lau', 'I T Lau', 'I. Lau', 'I. T. Lau', 'I.T. Lau', 'Ivan Lau', 'Lau, Ivan', 'Lau, Ivan T.']",33,248,6,8,ivan,lau,l,ivan lau,A5040200112,i lau
A5114332798,,Christina Wiesmann,['Christina Wiesmann'],7,4,1,3,christina,wiesmann,w,christina wiesmann,A5114332798,c wiesmann
A5021941387,https://orcid.org/0000-0002-4022-8531,Katharina Sielemann,"['Dr. Katharina Sielemann', 'K Sielemann', 'Katharina Sielemann', 'Katharina Sielemann (Frey)', 'Sielemann, Katharina']",37,352,9,8,katharina,sielemann,s,katharina sielemann,A5021941387,k sielemann
A5113804601,https://orcid.org/0000-0002-3800-8193,Margaret Grant,"['Grant, Margaret', 'Margaret Ann Grant', 'Margaret Grant']",23,355,8,4,margaret,grant,g,margaret grant,A5113804601,m grant
A5076047528,https://orcid.org/0000-0002-2754-9728,Doug Blackie,['Doug Blackie'],7,171,7,10,doug,blackie,b,doug blackie,A5076047528,d blackie
A5066408059,,Haya Shaalan,"['H. Shaalan', 'Haya Shaalan', 'Prasath Pararajalingam', 'Shaalan, Haya']",10,102,3,3,haya,shaalan,s,haya shaalan,A5066408059,h shaalan
A5069419461,https://orcid.org/0009-0004-8447-0137,Qimin Chen,"['Chen, Qimin', 'Q.R. Chen', 'Qimin Chen']",12,45,4,7,qimin,chen,c,qimin chen,A5069419461,q chen
A5111482026,,Emily O’Brien,"[""Emily O'Brien"", 'Emily O’Brien', 'Emily O’Brien (book author)', 'Emily O’Brien (review author)', ""O'Brien, Emily L.""]",41,127,5,5,emily,o’brien,o,emily o’brien,A5111482026,e o’brien
A5059230514,https://orcid.org/0009-0003-7116-9903,Angela McIntyre,"['A. M. McIntyre', 'ANGELA MCINTYRE', 'Angela M McIntyre', 'Angela M. McIntyre', 'Angela McIntyre', 'McIntyre, A.']",47,398,12,9,angela,mcintyre,m,angela mcintyre,A5059230514,a mcintyre
A5063415966,https://orcid.org/0000-0001-9956-2916,Jack P. Solomon,"['JACK SOLOMON', 'Jack P Solomon', 'Jack P. Solomon', 'Jack Solomon', 'Jack\xa0P. Solomon', 'Solomon, Jack P.']",25,241,8,5,jack p.,solomon,s,jack p. solomon,A5063415966,j solomon
A5002687474,https://orcid.org/0000-0002-7270-554X,Juanyi Xu,"['JUANYI XU', 'Juanyi (Jenny) Xu', 'Juanyi Xu', 'Xu, Juanyi']",51,980,12,5,juanyi,xu,x,juanyi xu,A5002687474,j xu
A5066055215,,Tom Nesbit,"['Nesbit, Tom', 'T. Nesbit', 'Tom Nesbit']",71,1210,15,3,tom,nesbit,n,tom nesbit,A5066055215,t nesbit
A5112003754,,Dan Marshall,"['D. MARSHALL', 'Dan Marshall']",14,274,8,2,dan,marshall,m,dan marshall,A5112003754,d marshall
A5101156639,,Wenzhao Zhou,['Wenzhao Zhou'],14,84,5,10,wenzhao,zhou,z,wenzhao zhou,A5101156639,w zhou
A5025736332,https://orcid.org/0000-0002-0971-0741,Bach Xuan Nguyen,"['Bach X. Nguyen', 'Bach Xuan Nguyen', 'Nguyen, Bach X.']",7,42,4,4,bach xuan,nguyen,n,bach xuan nguyen,A5025736332,b nguyen
A5018517742,https://orcid.org/0000-0001-9922-444X,Soungmin Bae,"['Bae, Soungmin', 'S Bae', 'S. Bae', 'Soungmin Bae']",39,643,11,9,soungmin,bae,b,soungmin bae,A5018517742,s bae
A5102767692,https://orcid.org/0000-0002-7711-4212,Benjamin M. Anderson,"['B Anderson', 'B. M. Anderson', 'Benjamin Anderson', 'Benjamin M. Anderson']",56,182,6,8,benjamin m.,anderson,a,benjamin m. anderson,A5102767692,b anderson
A5029796019,https://orcid.org/0000-0003-2292-5154,Ching Leong,"['C. Leong', 'CHING LEONG', 'Ching Ching Leong', 'Ching LEONG', 'Ching Leong', 'Leong, Ching']",59,838,17,3,ching,leong,l,ching leong,A5029796019,c leong
A5078002280,,Masayuki Yagasaki,"['Masayuki Yagasaki', 'Yagasaki, Masayuki']",19,17,2,9,masayuki,yagasaki,y,masayuki yagasaki,A5078002280,m yagasaki
A5056822650,https://orcid.org/0000-0001-5269-134X,Jing Li,"['Jing Li', 'Jing Victor Li', 'LI Jing', 'LI, Jing', 'Li Jing', 'Li, Jing']",98,897,16,43,jing,li,l,jing li,A5056822650,j li
A5055098956,https://orcid.org/0000-0002-6284-6648,William Scott,"['Scott, W.', 'Scott, W.D.', 'Scott, William D.', 'Scott,William D', 'Scott,William D.', 'W Scott', 'W. Scott', 'W.R. Scott', 'WILLIAM SCOTT', 'William Robert Scott', 'William Scott']",167,1920,12,20,william,scott,s,william scott,A5055098956,w scott
A5107377267,,Ephrem Belaineh Mekonnen,"['Ephrem B. Mekonnen', 'Ephrem Belaineh Mekonnen']",6,0,0,1,ephrem belaineh,mekonnen,m,ephrem belaineh mekonnen,A5107377267,e mekonnen
A5100444288,https://orcid.org/0000-0001-8668-2644,Dongho Kim,"['D H Kim', 'D KIM', 'D Kim', 'DONG-HO KIM', 'DONGHO KIM', 'Dong Hoe Kim', 'Dong Young Kim', 'Dong-Ho Kim', 'Dong-ho Kim', 'Dongho Kim', 'Dongho. Kim', 'Dong‐Ho Kim', 'Gil Sang Han', 'Hoichang Yang', 'Jan O. Jeppesen', 'Kim Dong-Ho', 'Kim, Dong Hoe', 'Kim, Dong-Ho', 'Kim, Dongho', 'Myung Gwan Hahm', 'Vincent M. Lynch', 'Yang-Hee Kim', '김동호']",1898,52074,113,144,dongho,kim,k,dongho kim,A5100444288,d kim
A5027244342,https://orcid.org/0000-0002-9167-9121,Jian Chai,"['Chai Jian', 'Chai, Jian', 'J.Y. Chai', 'Jian Chai', 'Jian 健 Chai 柴']",122,2405,28,20,jian,chai,c,jian chai,A5027244342,j chai
A5080265303,https://orcid.org/0000-0001-6288-5076,Thomas S. Buchanan,"['Buchanan, T.S.', 'Buchanan, Thomas S.', 'T S. Buchanan', 'T. BUCHANAN', 'T. Buchanan', 'T. S. Buchanan', 'T.S. Buchanan', 'THOMAS BUCHANAN', 'THOMAS S. BUCHANAN', 'Thomas Buchanan', 'Thomas S Buchanan', 'Thomas S. Buchanan']",196,11824,57,23,thomas s.,buchanan,b,thomas s. buchanan,A5080265303,t buchanan
A5056196322,,Nadine R. Caron,"['N Caron', 'N. Caron', 'N. R. Caron', 'Nadine Caron', 'Nadine R Caron', 'Nadine R. Caron', 'Nadine Rena Caron', 'T Dao']",77,2642,23,47,nadine r.,caron,c,nadine r. caron,A5056196322,n caron
A5074836447,https://orcid.org/0000-0001-9445-0405,Anirban Kar,"['Anirban Kar', 'Kar, Anirban']",42,422,9,6,anirban,kar,k,anirban kar,A5074836447,a kar
A5028860365,,Megan E. McLarnon,"['Megan E McLarnon', 'Megan E. McLarnon', 'Megan McLarnon']",12,234,7,3,megan e.,mclarnon,m,megan e. mclarnon,A5028860365,m mclarnon
A5013327106,https://orcid.org/0000-0002-1082-9205,Phillip Shreeves,"['Phillip Shreeves', 'Shreeves, Phillip']",12,109,6,7,phillip,shreeves,s,phillip shreeves,A5013327106,p shreeves
A5036222048,https://orcid.org/0000-0002-8031-9833,Padmapriya Muralidharan,"['Muralidharan, Padmapriya', 'P. Muralidharan', 'Padmapriya Muralidharan']",30,261,8,6,padmapriya,muralidharan,m,padmapriya muralidharan,A5036222048,p muralidharan
A5001893229,https://orcid.org/0000-0002-6749-176X,Jiayun Yao,"['Jiayun Angela Yao', 'Jiayun Angela Yao*', 'Jiayun Yao', 'Jiayun Yao*', 'Yao, Jiayun']",36,796,16,10,jiayun,yao,y,jiayun yao,A5001893229,j yao
A5026447228,https://orcid.org/0000-0003-0941-7139,Mehran Mehrandezh,"['M. Mehrandezh', 'M. Mehrandezh -', 'Mehran Mehrandezh', 'Mehrandezh, Mehran']",122,1826,18,8,mehran,mehrandezh,m,mehran mehrandezh,A5026447228,m mehrandezh
A5047741001,,Sepideh Mirabi,"['Mirabi, Sepideh', 'S. Mirabi', 'Sepideh Mirabi']",9,39,4,5,sepideh,mirabi,m,sepideh mirabi,A5047741001,s mirabi
A5017737416,https://orcid.org/0000-0003-2637-2833,J. C. Anzieta,"['Anzieta, Juan', 'J. Anzieta', 'J. C. Anzieta', 'Juan Anzieta', 'Juan Anzieta V', 'Juan Anzieta-Reyes', 'Juan C. Anzieta', 'Juan Camilo Anzieta']",19,88,5,4,j. c.,anzieta,a,j. c. anzieta,A5017737416,j anzieta
A5027043765,,Ashiv Dhondea,"['Ashiv Dhondea', 'Dhondea, Ashiv']",7,11,1,2,ashiv,dhondea,d,ashiv dhondea,A5027043765,a dhondea
A5081728285,https://orcid.org/0000-0003-0185-8458,Ryan W. Woods,"['R W Woods', 'R.W. Woods', 'Ryan W Woods', 'Ryan W. Woods', 'Ryan W. Woods MD, MPH', 'Ryan W. Woods, MD, MPH', 'Ryan Woods', 'Woods, Ryan W.']",65,1015,15,12,ryan w.,woods,w,ryan w. woods,A5081728285,r woods
A5025580865,https://orcid.org/0000-0002-5656-429X,L E Jackson,"['Jackson, Lionel', 'L E Jackson', 'L Jackson', 'L. E. Jackson', 'L. E. Jackson Jr', 'L. E. Jackson Jr.', 'L.E. Jackson', 'L.E. Jackson Jr', 'LIONEL E. JACKSON', 'LIONEL E. JACKSON Jr.', 'Lionel E Jackson', 'Lionel E Jackson Jr.', 'Lionel E Jackson, Jr.', 'Lionel E. Jackson', 'Lionel E. Jackson Jr.', 'Lionel E. Jackson,', 'Lionel E. Jackson, Jr.', 'Lionel Jackson']",197,1424,18,9,l e,jackson,j,l e jackson,A5025580865,l jackson
A5010565748,https://orcid.org/0000-0001-5302-5250,Vesna Iršič,"['Iršič, Vesna', 'VESNA IRSİC', 'Vesna Irsic', 'Vesna Iršič', 'Vesna Iršič Chenoweth']",55,123,6,3,vesna,iršič,i,vesna iršič,A5010565748,v iršič
A5067869424,https://orcid.org/0000-0002-9708-0670,Mohammad Amin Arab,"['Arab, Mohammad Amin', 'Mohammad Amin Arab']",6,19,3,1,mohammad amin,arab,a,mohammad amin arab,A5067869424,m arab
A5101766630,https://orcid.org/0000-0003-3320-7414,Shinhye Kim,"['Shin-Hye Kim', 'Shinhye Kim']",28,571,12,20,shinhye,kim,k,shinhye kim,A5101766630,s kim
A5106406020,https://orcid.org/0000-0002-9840-0795,Michael S. Brown,"['Brown, Michael S.', 'M Brown', 'M S Brown', 'M. Brown', 'M. S. Brown', 'M.S. Brown', 'MICHAEL BROWN', 'MICHAEL S. BROWN', 'Matthew Walter', 'Michael Brown', 'Michael S Brown', 'Michael S. Brown', 'Michael Stuart. Brown']",211,5976,38,51,michael s.,brown,b,michael s. brown,A5106406020,m brown
A5017858754,,Saghar Irandoust,"['Irandoust, Saghar', 'Saghar Irandoust']",7,38,3,1,saghar,irandoust,i,saghar irandoust,A5017858754,s irandoust
A5054938448,,Hasham Kamran,['Hasham Kamran'],6,54,3,2,hasham,kamran,k,hasham kamran,A5054938448,h kamran
A5024828139,https://orcid.org/0000-0001-9259-9935,Daniel T. Selbie,"['D. T. Selbie', 'DANIEL T. SELBIE', 'Daniel Selbie', 'Daniel T Selbie', 'Daniel T. Selbie', 'Selbie, Daniel T.']",38,878,14,5,daniel t.,selbie,s,daniel t. selbie,A5024828139,d selbie
A5042260004,https://orcid.org/0000-0002-2061-3862,Andrew J. Bell,"['A BELL', 'A Bell', 'A J Bell', 'A. Bell', 'A. J. BELL', 'A. J. Bell', 'A. J. E. Bell', 'A.J Bell', 'A.J. Bell', 'ANDREW J. BELL', 'Andrew Bell', 'Andrew J Bell', 'Andrew J. Bell', 'Andrew J. E. Bell', 'Andrew. J. Bell', 'Bell, Andrew', 'Bell, Andrew J.']",318,7724,43,52,andrew j.,bell,b,andrew j. bell,A5042260004,a bell
A5100725685,https://orcid.org/0000-0003-3215-7486,Yixuan Chen,"['Chen Yixuan', 'Chen, Yixuan', 'Yixuan Chen']",57,703,12,22,yixuan,chen,c,yixuan chen,A5100725685,y chen
A5014447300,https://orcid.org/0000-0001-9535-4319,Kathleen P. Moriarty,"['Kathleen P. Moriarty', 'Moriarty, Kathleen P.']",9,81,4,1,kathleen p.,moriarty,m,kathleen p. moriarty,A5014447300,k moriarty
A5103820823,,Julia Smith,"['Julia D. Smith', 'Julia Smith']",16,305,8,8,julia,smith,s,julia smith,A5103820823,j smith
A5061980530,https://orcid.org/0000-0001-7753-1748,Sam Pimentel,"['Pimentel, Sam', 'S. Pimentel', 'Sam Pimentel']",41,549,11,7,sam,pimentel,p,sam pimentel,A5061980530,s pimentel
A5103894549,,Caroline Walker,"['Caroline H Walker', 'Caroline H. Walker', 'Caroline Walker']",33,250,7,17,caroline,walker,w,caroline walker,A5103894549,c walker
A5013136179,https://orcid.org/0000-0001-8719-284X,Saurabh Garg,"['Dr. Saurabh Garg', 'GARG, SAURABH', 'Garg, S', 'Garg, Saurabh', 'Garg, Saurabh Kumar', 'S Garg', 'S. Garg', 'S. K. Garg', 'S.Garg', 'SAURABH GARG', 'SK Garg', 'Saurabh GARG', 'Saurabh Garg', 'Saurabh Garg (14737216)', 'Saurabh K. Garg', 'Saurabh K. Garg†', 'Saurabh Kumar Garg', 'Saurabh\xa0K. Garg']",393,10738,53,53,saurabh,garg,g,saurabh garg,A5013136179,s garg
A5025769381,https://orcid.org/0000-0001-7930-8507,Hanene Ben Yedder,"['Ben Yedder, Hanene', 'Hanene Ben Yedder', 'Yedder, Hanene Ben']",30,327,9,3,hanene ben,yedder,y,hanene ben yedder,A5025769381,h yedder
A5103048799,,Rui Qian,"['Qian, Rongsheng', 'R.J. Qian', 'Rongsheng Qian', 'Rui Qian']",11,184,5,2,rui,qian,q,rui qian,A5103048799,r qian
A5102748906,https://orcid.org/0000-0001-8354-7463,Vahid R. Asadi,"['Asadi, Vahid R.', 'V. Asadi', 'Vahid Asadi', 'Vahid R. Asadi']",28,76,5,5,vahid r.,asadi,a,vahid r. asadi,A5102748906,v asadi
A5082257439,https://orcid.org/0000-0002-9865-7283,Jonathan Mendel,"['J Mendel', 'JONATHAN MENDEL', 'Jonathan Mendel', 'Mendel, Jonathan']",41,351,10,3,jonathan,mendel,m,jonathan mendel,A5082257439,j mendel
A5026811404,,Tristan Thrush,"['Thrush, Tristan', 'Tristan Thrush']",45,895,14,10,tristan,thrush,t,tristan thrush,A5026811404,t thrush
A5008222653,,Brenda Carolina Guerra‐Alejos,"['B Carolina Guerra-Alejos', 'Brenda C. Guerra‐Alejos', 'Brenda Carolina Guerra-Alejos', 'Brenda Carolina Guerra‐Alejos']",19,118,5,9,brenda carolina,guerra‐alejos,g,brenda carolina guerra‐alejos,A5008222653,b guerra‐alejos
A5045955404,https://orcid.org/0000-0003-1996-9121,Erin G. Seagren,"['E. G. Seagren', 'Erin G. Seagren', 'Erin Seagren', 'Seagren, Erin G.']",26,287,9,5,erin g.,seagren,s,erin g. seagren,A5045955404,e seagren
A5027884634,https://orcid.org/0000-0001-7140-6794,Terence Day,"['Day, Terence', 'Terence Day', 'Terence P. Day']",31,647,9,4,terence,day,d,terence day,A5027884634,t day
A5056040572,https://orcid.org/0000-0003-1846-7699,Marina Najm,"['M. Najm', 'M.H. Najm', 'Marina Najm', 'Najm, Marina']",15,331,6,3,marina,najm,n,marina najm,A5056040572,m najm
A5087982383,https://orcid.org/0000-0002-7621-8431,Daniella Rempe,"['D. M. Rempe', 'DM Rempe', 'Daniella M Rempe', 'Daniella M. Rempe', 'Daniella Rempe', 'Rempe, Daniella', 'Rempe, Daniella M.']",164,2689,23,8,daniella,rempe,r,daniella rempe,A5087982383,d rempe
A5013167809,,A. George Alder,"['A. George Alder', 'Alder, A.', 'Alder, A. George']",11,73,3,4,a. george,alder,a,a. george alder,A5013167809,a alder
A5101552588,https://orcid.org/0000-0002-2921-0832,César Jiménez,"['C. JIMENEZ', 'C. Jimenez', 'C. Jiménez', 'Cesar Jimenez', 'Cesar Jimenez-Martinez', 'Cesar Jiménez', 'César Eduardo Jiménez Jiménez', 'César Jimenez', 'César Jiménez', 'César Jiménez-Martínez', 'César Jiménez‐Martínez', 'Jiménez,César Eduardo Jiménez', 'Jiménez-Martínez, César']",153,2248,25,19,césar,jiménez,j,césar jiménez,A5101552588,c jiménez
A5073943991,https://orcid.org/0000-0002-7356-9690,Andressa Coope,"['A Coope', 'A. Coope', 'Andressa Coope', 'Coope Andressa', 'Coope, Andressa', 'Coope, Andressa, 1982-']",59,2920,17,10,andressa,coope,c,andressa coope,A5073943991,a coope
A5102739231,https://orcid.org/0000-0002-4768-1531,Ziyuan Ma,"['Ma, Ziyuan', 'Ziyuan Ma']",15,301,7,5,ziyuan,ma,m,ziyuan ma,A5102739231,z ma
A5084466037,https://orcid.org/0000-0001-7040-595X,Justin J. King,"['Justin J King', 'Justin J. King', 'Justin King', 'Justin\xa0J. King']",15,410,12,3,justin j.,king,k,justin j. king,A5084466037,j king
A5113196639,,Sandra A. O’Toole,"[""O'Toole, S"", ""O'Toole, S."", ""S A O'Toole"", ""S O'Toole"", ""S. A. O'Toole"", ""S. O'Toole"", 'S. O’Toole', ""S.A. O'Toole"", 'S.A. O’Toole', ""Sandra A O'Toole"", 'Sandra A O’Toole', ""Sandra A. O'Toole"", 'Sandra A. O’Toole', ""Sandra O'Toole"", 'Sandra O’Toole']",121,4773,27,44,sandra a.,o’toole,o,sandra a. o’toole,A5113196639,s o’toole
A5019164097,https://orcid.org/0000-0001-8151-4625,Simon Fraser,['Simon Fraser'],11,46,2,9,simon,fraser,f,simon fraser,A5019164097,s fraser
A5027481968,,Valentin-Gabriel Soumah,"['Soumah, Valentin-Gabriel', 'Valentin-Gabriel Soumah']",7,1,1,2,valentin-gabriel,soumah,s,valentin-gabriel soumah,A5027481968,v soumah
A5066813537,https://orcid.org/0000-0003-0486-6568,Jennifer Walker,"['J Michael Walker', 'J Walker', 'J. D. Walker', 'J. Walker', 'J.D. Walker', 'Jennifer D Walker', 'Jennifer D. Walker', 'Jennifer Walker', 'Walker, J', 'Walker, Jennifer', 'Walker, Jennifer D.', 'jennifer walker']",259,6420,37,85,jennifer,walker,w,jennifer walker,A5066813537,j walker
A5074911249,https://orcid.org/0000-0001-7460-4307,Mengqin Wang,"['Mengqin Wang', 'Wang, Mengqin']",33,633,12,22,mengqin,wang,w,mengqin wang,A5074911249,m wang
A5064111090,https://orcid.org/0000-0003-1387-4009,Julian M. Hess,"['Hess, Julian', 'Hess, Julian M.', 'J. Hess', 'J. M. Hess', 'Julian Hess', 'Julian M Hess', 'Julian M. Hess', 'Peter Hersey']",171,76465,78,38,julian m.,hess,h,julian m. hess,A5064111090,j hess
A5072734864,,Rochelle Nocos,['Rochelle Nocos'],6,68,3,4,rochelle,nocos,n,rochelle nocos,A5072734864,r nocos
A5110516399,https://orcid.org/0000-0001-6036-2685,Xin Zhang,"['Chaoran Zhou', 'Chen Li', 'Hua Zhou', 'Josh Bock', 'Lu Nie', 'Peng Su', 'Pengxin Zhang', 'Qi Feng', 'Renjie Ju', 'Riwei Zhang', 'Ting-Ting Cao', 'Tingjun Song', 'X Zhang', 'XIN ZHANG', 'Xin  Zhang', 'Xin ZHANG', 'Xin Zhang', 'Yibin Li', 'Yong Liu', 'Yongquan Liang', 'ZHANG, XIN', 'Zhang X', 'Zhang Xin', 'Zhang, Xin', 'Zhou Xiaoyu', 'xin zhang']",1660,34339,86,575,xin,zhang,z,xin zhang,A5110516399,x zhang
A5036475593,,Gritta Tettweiler,"['G. Tettweiler', 'Gritta Tettweiler']",11,424,7,2,gritta,tettweiler,t,gritta tettweiler,A5036475593,g tettweiler
A5060169756,https://orcid.org/0000-0002-6690-7807,Jeffrey Yip,['Jeffrey Yip'],50,1180,14,6,jeffrey,yip,y,jeffrey yip,A5060169756,j yip
A5006549345,https://orcid.org/0000-0003-2961-5642,Katayoun Sepehri,"['K. Sepehri', 'Katayoun Sepehri']",10,70,4,4,katayoun,sepehri,s,katayoun sepehri,A5006549345,k sepehri
A5044560051,https://orcid.org/0000-0003-2946-0353,David Murphy,"['D L Murphy', 'D Murphy', 'D murphy', 'D. MURPHY', 'D. Murphy', 'DAVID MURPHY', 'David L. Murphy', 'David Murphy', 'David\xa0L. Murphy', 'José Antunes Rodrigues', 'L. Murphy, David', 'Murphy, D', 'Murphy, D B', 'Murphy, D.', 'Murphy, David', 'Murphy, David F.']",867,10456,55,80,david,murphy,m,david murphy,A5044560051,d murphy
A5017199418,,Gregory Haljan,"['G Haljan', 'Gregory Haljan', 'Gregory J. Haljan']",24,561,8,13,gregory,haljan,h,gregory haljan,A5017199418,g haljan
A5003715359,https://orcid.org/0000-0003-1759-2236,Richard Lester,"['Lester, Richard', 'Lester, Richard T.', 'R Lester', 'R T Lester', 'R. Lester', 'RIchard Lester', 'Richard Lester', 'Richard T Lester', 'Richard T. Lester', 'Richard Todd Lester']",176,7853,47,33,richard,lester,l,richard lester,A5003715359,r lester
A5003392868,https://orcid.org/0009-0007-0359-2442,Meghann O'Brien,"['M. F. O’Brien', ""M. O'Brien"", ""Meghann O'Brien"", ""O'Brien, Meghann""]",12,13,1,1,meghann,o'brien,o,meghann o'brien,A5003392868,m o'brien
A5086535026,,Eric D. Digel,['Eric D. Digel'],8,72,5,1,eric d.,digel,d,eric d. digel,A5086535026,e digel
A5051620397,,Martin Siegert,"['M Siegert', 'M. Siegert', 'Martin R. Siegert', 'Martin Siegert', 'Siegert, M.', 'Siegert, Martin', 'Siegert, Martin R.']",44,1546,16,9,martin,siegert,s,martin siegert,A5051620397,m siegert
A5044478584,,Adriano D’Alessandro,"[""A.R. D'Alessandro"", ""Adriano D'Alessandro"", 'Adriano D’Alessandro', ""D'Alessandro, Adriano""]",6,2,1,1,adriano,d’alessandro,d,adriano d’alessandro,A5044478584,a d’alessandro
A5054628296,https://orcid.org/0000-0003-3308-4936,Philippa Hood,['Philippa Hood'],7,28,3,6,philippa,hood,h,philippa hood,A5054628296,p hood
A5100329847,https://orcid.org/0009-0002-7713-1220,Xi Chen,"['Chen, Xi', 'Xi Chen']",44,1199,17,27,xi,chen,c,xi chen,A5100329847,x chen
A5031084891,,Łutsël K’é Dene First Nation,"[""Lutsël K'é Dene First Nation"", 'Łutsël K’e Dëne First Nation', 'Łutsël K’é Dene First Nation']",6,156,5,5,łutsël k’é dene first,nation,n,łutsël k’é dene first nation,A5031084891,ł nation
A5029631340,https://orcid.org/0000-0002-9244-2142,Joshua Batson,"['Batson, Joshua', 'Batson, Joshua D.', 'J. Batson', 'Joshua Batson', 'Joshua D. Batson']",68,1819,18,9,joshua,batson,b,joshua batson,A5029631340,j batson
A5075141079,https://orcid.org/0000-0002-1008-2551,Alan M. Jacobs,"['A Jacobs', 'A M Jacobs', 'A. JACOBS', 'A. Jacobs', 'A. M. Jacobs', 'A.M. Jacobs', 'ALAN M. JACOBS', 'Alan Jacobs', 'Alan M. Jacobs', 'Challis', 'Jacobs, Alan', 'Jacobs, Alan M.', 'Jacobs, Alan M. (University Of British Columbia); Matthews, J. Scott (Memorial University Of Newfoundland)']",187,3050,22,26,alan m.,jacobs,j,alan m. jacobs,A5075141079,a jacobs
A5069728608,https://orcid.org/0000-0003-2420-5986,Sumathy Rangarajan,"['Antonio Dans', 'Rangarajan, S.', 'Rangarajan, Sumathy', 'S Rangarajan', 'S. Rangarajan', 'S., Rangarajan', 'SUMATHY RANGARAJAN', 'Sumathy Rangarajan']",250,33522,75,36,sumathy,rangarajan,r,sumathy rangarajan,A5069728608,s rangarajan
A5033884494,,Abhinav Shantanam,"['Abhinav Shantanam', 'Shantanam, Abhinav']",8,17,2,1,abhinav,shantanam,s,abhinav shantanam,A5033884494,a shantanam
A5050726592,https://orcid.org/0000-0003-2459-9882,Usman Iqbal,"['U. Iqbal', 'Usman Iqbal']",7,32,3,5,usman,iqbal,i,usman iqbal,A5050726592,u iqbal
A5026991178,https://orcid.org/0000-0002-8296-8941,Alice Yue,"['A. Miao Yue', 'Alice Yue', 'Yue, Alice']",24,1641,6,7,alice,yue,y,alice yue,A5026991178,a yue
A5011290116,https://orcid.org/0000-0002-3959-485X,Kwestan Safari,"['K Safari', 'Kwestan Safari']",6,46,3,5,kwestan,safari,s,kwestan safari,A5011290116,k safari
A5089810216,https://orcid.org/0000-0002-7184-648X,Adrienne Arbor,"['Adrienne Arbor', 'Arbor, Adrienne']",6,84,3,2,adrienne,arbor,a,adrienne arbor,A5089810216,a arbor
A5085753634,https://orcid.org/0000-0002-2998-1696,Jens Ludwig,"['J Ludwig', 'J. Ludwig', 'JENS LUDWIG', 'Jens Ludwig', 'Ludwig, J', 'Ludwig, J.', 'Ludwig, Jens']",334,17305,63,55,jens,ludwig,l,jens ludwig,A5085753634,j ludwig
A5027631030,,Ziqian Bai,"['Bai, Ziqian', 'Ziqian Bai']",13,219,4,2,ziqian,bai,b,ziqian bai,A5027631030,z bai
A5002259971,,Rowshan Rahmanian,"['Rahmanian, Rowshan', 'Rowshan Rahmanian']",7,102,2,2,rowshan,rahmanian,r,rowshan rahmanian,A5002259971,r rahmanian
A5052491530,https://orcid.org/0000-0001-9246-9110,Carl S. Blyth,"['Blyth, Carl', 'Blyth, Carl S.', 'C Blyth', 'C. S. Blyth', 'CARL BLYTH', 'CARL S. BLYTH', 'Carl Blyth', 'Carl S. Blyth']",100,1925,18,7,carl s.,blyth,b,carl s. blyth,A5052491530,c blyth
A5067205817,https://orcid.org/0000-0002-2091-0875,Reem A. Mustafa,"['Mustafa R', 'Mustafa r', 'Mustafa, R.', 'Mustafa, Reem', 'Mustafa, Reem A.', 'R Mustafa', 'R Mustafá', 'R. Mustafa', 'Reem A Mustafa', 'Reem A. Mustafa', 'Reem Adel Mustafa', 'Reem Mustafa', 'Reem\xa0A. Mustafa']",437,38125,93,61,reem a.,mustafa,m,reem a. mustafa,A5067205817,r mustafa
A5039716183,https://orcid.org/0000-0003-1955-6204,Quincy Wang,['Quincy Wang'],11,33,4,4,quincy,wang,w,quincy wang,A5039716183,q wang
A5082410578,https://orcid.org/0000-0001-5737-5821,Brad Woods,"['B. Woods', 'Brad D. Woods', 'Brad Woods', 'Woods, B.', 'Woods, Brad', 'Woods, Brad D.']",13,43,4,3,brad,woods,w,brad woods,A5082410578,b woods
A5060248317,https://orcid.org/0000-0003-4858-5602,Brian Wixted,['Brian Wixted'],49,593,9,7,brian,wixted,w,brian wixted,A5060248317,b wixted
A5025170574,https://orcid.org/0000-0001-8602-7068,Jorge Calderón,"['Calderón, Jorge', 'E Calderon', 'Jorge Caldern', 'Jorge Calderón', 'Jorge E. Arias-Calderón', 'Jorge Enrique Arias Calderón', 'Jorge Enrique Calderón']",30,78,3,10,jorge,calderón,c,jorge calderón,A5025170574,j calderón
A5029167856,,Noel R. Swain,['Noel R. Swain'],6,121,4,1,noel r.,swain,s,noel r. swain,A5029167856,n swain
A5041204678,https://orcid.org/0000-0003-4993-4544,Deborah Da Costa,"['D Da Costa', 'D. Da Costa', 'DEBORAH DA COSTA', 'Da Costa, D', 'Debora Terribilli da Costa', 'Deborah Da Costa', 'Deborah da Costa']",160,4817,40,17,deborah da,costa,c,deborah da costa,A5041204678,d costa
A5112569423,,Joy James,"['J. James', 'J. Joy James', 'JOY JAMES', 'James J', 'James, J. Joy', 'James, Joy', 'Joy J. James', 'Joy James']",134,1760,24,17,joy,james,j,joy james,A5112569423,j james
A5110366202,,Wenli Xu,['Wenli Xu'],10,24,2,4,wenli,xu,x,wenli xu,A5110366202,w xu
A5003075400,,Korcan Uyanik,"['Korcan Uyanik', 'Uyanik, Korcan']",8,7,1,1,korcan,uyanik,u,korcan uyanik,A5003075400,k uyanik
A5046332877,https://orcid.org/0000-0003-4323-3886,Chris Tijs,"['C Tijs', 'C. Tijs', 'Chris Tijs']",14,261,11,4,chris,tijs,t,chris tijs,A5046332877,c tijs
A5083535641,https://orcid.org/0000-0002-4021-018X,Sally Sharif,"['Sally Sharif', 'Sharif, Sally']",27,81,6,6,sally,sharif,s,sally sharif,A5083535641,s sharif
A5043592807,,Kayla Hilstob,"['Hilstob, Kayla', 'Kayla Hilstob']",7,10,2,1,kayla,hilstob,h,kayla hilstob,A5043592807,k hilstob
A5028740537,https://orcid.org/0000-0001-9254-7342,Ian C. T. May,"['Ian C. T. May', 'Ian May', 'May, Ian C. T.']",8,10,2,3,ian c. t.,may,m,ian c. t. may,A5028740537,i may
A5086266844,https://orcid.org/0000-0002-7557-8515,Marla J. Buchanan,"['Buchanan, Marla J.', 'M. Buchanan', 'M. J. Buchanan', 'Marla Buchanan', 'Marla J. Buchanan', 'Marla Jean Buchanan']",50,929,16,19,marla j.,buchanan,b,marla j. buchanan,A5086266844,m buchanan
A5011649577,https://orcid.org/0000-0002-6876-9057,Layla Gould,"['Gould, Layla', 'L Gould', 'Layla A. Gould', 'Layla Gould']",48,552,15,5,layla,gould,g,layla gould,A5011649577,l gould
A5068445626,,Alex Boswell,"['Alex Boswell', 'Boswell, Alex']",6,35,2,1,alex,boswell,b,alex boswell,A5068445626,a boswell
A5028990077,https://orcid.org/0000-0001-7610-8913,Lars Lenze,"['Lars Lenze', 'Lenze, Lars', 'Lenze, Lars Michael']",17,56,5,7,lars,lenze,l,lars lenze,A5028990077,l lenze
A5102548039,https://orcid.org/0000-0002-5051-4902,Yihan Lin,"['Yi-Han Lin', 'Yi-han Lin', 'Yihan Lin']",11,99,4,9,yihan,lin,l,yihan lin,A5102548039,y lin
A5094069946,,Josie Tuong,"['J. Tuong', 'Josie Tuong']",6,41,2,4,josie,tuong,t,josie tuong,A5094069946,j tuong
A5012233835,,Christian Guilbault,"['C. Guilbault', 'Christian Guilbault']",7,2,1,2,christian,guilbault,g,christian guilbault,A5012233835,c guilbault
A5001107499,https://orcid.org/0000-0001-9366-3118,Rahul Chanchlani,"['Chanchlani R', 'Chanchlani, Rahul', 'R Chanchlani', 'R. CHANCHLANI', 'R. Chanchlani', 'RAHUL CHANCHLANI', 'Rahul Chanchlani', 'Tania Cellucci']",186,2225,24,30,rahul,chanchlani,c,rahul chanchlani,A5001107499,r chanchlani
A5030136150,https://orcid.org/0000-0002-0263-0343,Sylvia Cho,"['Cho, Sylvia', 'Sylvia Cho']",42,825,12,14,sylvia,cho,c,sylvia cho,A5030136150,s cho
A5001536243,https://orcid.org/0000-0002-0828-9588,Daniel Kwon,"['Daniel Kwon', 'Daniel S. Kwon', 'Kwon, Daniel']",30,785,13,11,daniel,kwon,k,daniel kwon,A5001536243,d kwon
A5075831451,,Mar Rivera,['Mar Rivera'],17,0,0,1,mar,rivera,r,mar rivera,A5075831451,m rivera
A5061442334,,Florian P. Weissenboeck,"['Florian P. Weissenboeck', 'Florian Weissenboeck']",11,385,7,2,florian p.,weissenboeck,w,florian p. weissenboeck,A5061442334,f weissenboeck
A5070476569,https://orcid.org/0000-0002-0670-0513,Ivan R. Nabi,"['I R Nabi', 'I. R. Nabi', 'I.R. Nabi', 'IVAN R. NABI', 'Ivan  Robert Nabi', 'Ivan Nabi', 'Ivan R Nabi', 'Ivan R. Nabi', 'Ivan Robert Nabi', 'Nabi, Ivan R.', 'Nabi, Ivan Robert']",247,20248,63,23,ivan r.,nabi,n,ivan r. nabi,A5070476569,i nabi
A5012106743,https://orcid.org/0000-0001-7989-3419,Xiaolei Wang,"['Wang, Xiaolei', 'Xiaolei Wang']",8,30,3,3,xiaolei,wang,w,xiaolei wang,A5012106743,x wang
A5050174852,https://orcid.org/0000-0002-0159-8011,Louis N. Awad,"['Awad, Louis N.', 'L N Awad', 'L. Awad', 'L. N. Awad', 'Lou Awad', 'Lou N Awad', 'Lou N. Awad', 'Louis Awad', 'Louis N Awad', 'Louis N. Awad']",96,3597,27,22,louis n.,awad,a,louis n. awad,A5050174852,l awad
A5075267560,https://orcid.org/0000-0002-1708-3493,Javier A. Almonacid,"['Almonacid, Javier', 'Almonacid, Javier A.', 'Javier A Almonacid', 'Javier A. Almonacid']",15,105,6,2,javier a.,almonacid,a,javier a. almonacid,A5075267560,j almonacid
A5100395366,https://orcid.org/0000-0002-5780-0709,Yiming Zhang,"['Yi-ming Zhang', 'Yiming ZHANG', 'Yiming Zhang', 'Zhang, Yiming']",51,1224,17,19,yiming,zhang,z,yiming zhang,A5100395366,y zhang
A5034544165,https://orcid.org/0009-0002-1907-1928,Punyashlok Dash,['Punyashlok Dash'],9,40,4,2,punyashlok,dash,d,punyashlok dash,A5034544165,p dash
A5075109570,,John M. Swales,"['J Swales', 'J. M. Swales', 'J. SWALES', 'J. Swales', 'JOHN M. SWALES', 'John M Swales', 'John M. Swales', 'John Swales', 'John\xa0M. Swales', 'M. Swales, John', 'Swales, John', 'Swales, John M.']",178,17575,48,56,john m.,swales,s,john m. swales,A5075109570,j swales
A5003692078,https://orcid.org/0000-0002-7696-627X,Peng Wu,"['Ke Wang', 'P. Wu', 'Peng Wu', 'Wu Peng', 'Wu, Peng', 'peng wu']",38,344,9,17,peng,wu,w,peng wu,A5003692078,p wu
A5100423125,https://orcid.org/0000-0001-6496-5045,Yan Yu,"['Y Yu', 'Y. Yu', 'Yan Xin Yu', 'Yan YU', 'Yan Yu', 'Yanqi Yu', 'Yu, Yan', 'yan Yu']",705,4642,37,94,yan,yu,y,yan yu,A5100423125,y yu
A5091099729,https://orcid.org/0000-0002-3703-0049,Yun Wen,"['Yun Dong Wen', 'Yun Wen']",63,303,8,12,yun,wen,w,yun wen,A5091099729,y wen
A5028615443,https://orcid.org/0000-0003-4628-6270,Mahyar Etminan,"['M Etminan', 'M. ETMINAN', 'M. Etminan', 'Mahyar Etminan']",228,11557,51,34,mahyar,etminan,e,mahyar etminan,A5028615443,m etminan
A5108994051,,Aiden Bushell,"['Aiden Bushell', 'Bushell, Aiden']",8,28,2,1,aiden,bushell,b,aiden bushell,A5108994051,a bushell
A5087249630,https://orcid.org/0000-0002-5220-3200,Jianqiu Zhang,"['JIAN-QIU ZHANG', 'Jian-Qiu Zhang', 'Jian-qiu ZHANG', 'Jian-qiu Zhang', 'JianQiu Zhang', 'Jianqiu (Michelle) Zhang', 'Jianqiu ZHANG', 'Jianqiu Zhang', 'Jian‐qiu Zhang', 'ZHANG Jianqiu', 'Zhang Jianqiu', 'Zhang, Jian-qiu', 'Zhang, Jianqiu']",235,2330,23,48,jianqiu,zhang,z,jianqiu zhang,A5087249630,j zhang
A5091132477,https://orcid.org/0000-0002-4172-4406,Simon Fraser,"['Brian Fisher', 'Fraser, S', 'Fraser, S. D.', 'Fraser, Simon', 'Julian Teicher', 'S D S Fraser', 'S Fraser', 'S. D. Fraser', 'S. D.S Fraser', 'S. Fraser', 'S.D. Fraser', 'S.D.S. Fraser', 'S.\u2009D. Fraser', 'SDS Fraser', 'Simon D Fraser', 'Simon D S Fraser', 'Simon D. Fraser', 'Simon D. S. Fraser', 'Simon D.S. Fraser', 'Simon DS Fraser', 'Simon Fraser', 'Simon\xa0D.S. Fraser', 'William Cleveland']",335,6642,45,105,simon,fraser,f,simon fraser,A5091132477,s fraser
A5083055059,https://orcid.org/0000-0003-0556-3307,Abdullah Mosabbir,"['Abdullah A Mosabbir', 'Abdullah A. Mosabbir', 'Abdullah Al Mosabbir', 'Abdullah Mosabbir']",15,301,9,9,abdullah,mosabbir,m,abdullah mosabbir,A5083055059,a mosabbir
A5011157781,https://orcid.org/0000-0002-3100-3648,Debra Donnelly,"['Debra Donnelly', 'Debra Donnelly (21135557)', 'Debra J. Donnelly', 'Donnelly, Debra', 'Donnelly, Debra Jean']",64,303,10,21,debra,donnelly,d,debra donnelly,A5011157781,d donnelly
A5055874543,https://orcid.org/0000-0002-4214-3347,Rachel L. Miller,"['A Roeber', 'J Wesley', 'Judith Bernardini', 'Metallurgy', 'Miller R', 'Miller, Rachel', 'Miller, Rachel L.', 'R L Miller', 'R Miller', 'R. L. MILLER', 'R. L. Miller', 'R. Miller', 'R.L. Miller', 'RACHEL L. MILLER', 'Rachel  L. Miller', 'Rachel K. Miller', 'Rachel L Miller', 'Rachel L. Miller', 'Rachel Miller']",464,14157,67,68,rachel l.,miller,m,rachel l. miller,A5055874543,r miller
A5093029619,https://orcid.org/0009-0007-0755-4259,Brittany Skov,"['B. Skov', 'Brittany  Catharina Skov', 'Brittany Skov']",7,17,2,3,brittany,skov,s,brittany skov,A5093029619,b skov
A5102980024,https://orcid.org/0000-0003-3409-8571,Pei Wang,"['Pei Wang', 'Wang Pei', 'Wang, Pei']",58,480,10,34,pei,wang,w,pei wang,A5102980024,p wang
A5100707855,https://orcid.org/0000-0002-2616-923X,Hang Zhou,"['H. Zhou', 'Hang Zhou', 'Qianlong Zhang', 'Zhou Hang', 'Zhou, Hang']",198,3755,27,72,hang,zhou,z,hang zhou,A5100707855,h zhou
A5051247800,https://orcid.org/0000-0002-6457-4017,Sajjad S Fazel,"['S. Fazel', 'SS Fazel', 'Sajjad Fazel', 'Sajjad S Fazel', 'Sajjad S. Fazel']",26,331,8,10,sajjad s,fazel,f,sajjad s fazel,A5051247800,s fazel
A5033057656,https://orcid.org/0000-0002-6131-7568,Jenna Whitehead,"['J.H.C. Whitehead', 'Jenna Whitehead']",11,168,5,2,jenna,whitehead,w,jenna whitehead,A5033057656,j whitehead
A5066595790,https://orcid.org/0000-0002-1784-9604,Lena Rebecca Richardson,"['Lena Rebecca Richardson', 'Richardson, Lena']",11,7,2,3,lena rebecca,richardson,r,lena rebecca richardson,A5066595790,l richardson
A5091574652,https://orcid.org/0000-0002-8902-3297,James Zhou,"['J. Zhou', 'James H.-W. Zhou', 'James H.‐W. Zhou', 'James Zhou']",18,116,6,4,james,zhou,z,james zhou,A5091574652,j zhou
A5023228396,https://orcid.org/0000-0002-3095-2323,Anna Gottschlich,"['A Gottschlich', 'A. Gottschlich', 'Anna Gottschlich', 'Anna Sophia Gottschlich', 'Gottschlich, Anna']",84,1045,15,17,anna,gottschlich,g,anna gottschlich,A5023228396,a gottschlich
A5101859398,https://orcid.org/0000-0003-1996-3264,Jiawei He,"['He, JiaWei', 'He, Jiawei', 'Jiawei He']",13,30,3,10,jiawei,he,h,jiawei he,A5101859398,j he
A5100366165,https://orcid.org/0000-0001-6371-616X,Si Chen,"['CHEN Si', 'Chen Si', 'Chen, Si', 'SI CHEN', 'Si Chen', 'Si‐Han Chen', 'Xiong Zhao']",309,7202,43,94,si,chen,c,si chen,A5100366165,s chen
A5042496555,https://orcid.org/0000-0003-0826-1275,Ali Jannati,"['A Jannati', 'A. Jannati', 'Ali Jannati', 'Ayu Sufi Jannati', 'Jannati, Ali', 'ali Jannati']",147,2461,28,23,ali,jannati,j,ali jannati,A5042496555,a jannati
A5066334243,,Fatemeh Edalatfar,['Fatemeh Edalatfar'],7,48,4,2,fatemeh,edalatfar,e,fatemeh edalatfar,A5066334243,f edalatfar
A5013341553,https://orcid.org/0000-0003-0945-9160,Eric Deal,"['Deal, Eric', 'Deal, Eric A.', 'E. Deal', 'Eric Deal']",83,573,10,14,eric,deal,d,eric deal,A5013341553,e deal
A5048753514,,Amie McLean,['Amie McLean'],11,14,2,2,amie,mclean,m,amie mclean,A5048753514,a mclean
A5103968975,,Kieran Egan,"['EGAN, Kieran', 'Egan, Kieran', 'KIERAN EGAN', 'Kieran Egan']",204,5174,31,6,kieran,egan,e,kieran egan,A5103968975,k egan
A5110128893,,T. Nazari,"['T. Nazari', 'Tara Nazari']",6,109,2,3,t.,nazari,n,t. nazari,A5110128893,t nazari
A5060984061,https://orcid.org/0000-0003-1215-3277,Mona Shahsavari,"['M. H. Shahsavari', 'M. Shahsavari', 'Mona Shahsavari', 'Shahsavari, Mona', 'shahsavari, mona']",26,101,5,11,mona,shahsavari,s,mona shahsavari,A5060984061,m shahsavari
A5005912029,https://orcid.org/0000-0002-5812-7798,Emma Rodrigues,['Emma Rodrigues'],8,120,3,3,emma,rodrigues,r,emma rodrigues,A5005912029,e rodrigues
A5058053699,https://orcid.org/0000-0002-9483-1766,Broňa Brejová,"['B. Brejova', 'BROŇA BREJOVÁ', 'Brejova, Brona', 'Brejová, Broňa', 'Brona Bejova', 'Brona Brejova', 'Brona Brejova\xa0', 'Bronislava Brejová', 'BroŇa Brejová', 'Broňa Brejová']",142,3037,25,11,broňa,brejová,b,broňa brejová,A5058053699,b brejová
A5052106541,,Joseph Burton,"['J.D.K. Burton', 'Joseph Burton']",9,5,1,6,joseph,burton,b,joseph burton,A5052106541,j burton
A5037533745,https://orcid.org/0000-0002-8269-3837,Xiaocen Lu,['Xiaocen Lu'],21,397,7,4,xiaocen,lu,l,xiaocen lu,A5037533745,x lu
A5084276088,,Niveditha Ramkumar,"['Niveditha Ramkumar', 'Ramkumar, Niveditha']",8,25,3,7,niveditha,ramkumar,r,niveditha ramkumar,A5084276088,n ramkumar
A5024868933,https://orcid.org/0000-0003-2788-7484,Philipp Kolb,"['Kolb, Philipp', 'Kolb, Philipp Ulrich', 'P. Kolb', 'Philipp Kolb']",46,430,7,9,philipp,kolb,k,philipp kolb,A5024868933,p kolb
A5083095466,https://orcid.org/0000-0002-1110-1291,Andrea D. Olmstead,"['A Olmstead', 'A. Olmstead', 'Andrea D Olmstead', 'Andrea D. Olmstead', 'Andrea Olmstead', 'Olmstead, Andrea D.']",54,837,15,8,andrea d.,olmstead,o,andrea d. olmstead,A5083095466,a olmstead
A5100349457,https://orcid.org/0000-0002-5121-7547,Ze Liu,"['Chunhui Zhang', 'Dongru Liu', 'Fei Liu', 'Fuli Liu', 'Liu Ze', 'Liu, Ze', 'Xiong Zhang', 'Ze Liu', '刘泽']",168,4541,38,43,ze,liu,l,ze liu,A5100349457,z liu
A5031977891,https://orcid.org/0000-0002-9678-3542,Owen G. Ward,"['Owen G. Ward', 'Owen Ward', 'Ward, Owen G.']",22,28,3,4,owen g.,ward,w,owen g. ward,A5031977891,o ward
A5100444195,https://orcid.org/0000-0002-8135-9757,Yichi Zhang,"['Chen, Mo', 'Mo Chen', 'Yi-Chi Zhang', 'YiChi Zhang', 'Yichi Zhang', 'Zhang, Yichi']",149,1066,15,63,yichi,zhang,z,yichi zhang,A5100444195,y zhang
A5070622074,https://orcid.org/0000-0002-5555-9675,Danielle C. Lavallee,"['D C Lavallee', 'D Lavallee', 'D. Lavallee', 'D.C. LAVALLEE', 'DC Lavallee', 'Danielle C Lavallee', 'Danielle C. Lavallee', 'Danielle Chauncey Lavallee', 'Danielle LaVallee', 'Danielle Lavallee', 'Kemi Doll', 'Lavallee, Danielle C.']",138,6372,32,31,danielle c.,lavallee,l,danielle c. lavallee,A5070622074,d lavallee
A5016057071,https://orcid.org/0000-0003-3634-0624,Cauê A. Martins,"['C A Martins', 'C Martins', 'C. A. Martins', 'CA. Martins', 'Caue A. Martins', 'Cauê  A. Martins', 'Cauê A. Martins', 'Cauê Alves Martins']",73,1566,26,11,cauê a.,martins,m,cauê a. martins,A5016057071,c martins
A5108356232,,Lily Lin,"['7', 'Lily Lin', 'Lin, Lily']",113,3332,31,66,lily,lin,l,lily lin,A5108356232,l lin
A5017076167,https://orcid.org/0000-0002-9260-800X,Minasadat Khoddami,"['Mina Sadat Khoddami', 'Minasadat Khoddami']",8,92,5,3,minasadat,khoddami,k,minasadat khoddami,A5017076167,m khoddami
A5047936644,,Clyde G. Reed,"['C. G. Reed', 'CLYDE G. REED', 'Clyde G Reed', 'Clyde G. Reed', 'Clyde Reed']",37,443,13,3,clyde g.,reed,r,clyde g. reed,A5047936644,c reed
A5040257102,https://orcid.org/0009-0001-2751-5974,Amirhossein Safari,"['Amir Hossein Safari', 'Amirhossein Safari', 'Safari, Amir Hosein']",13,57,5,4,amirhossein,safari,s,amirhossein safari,A5040257102,a safari
A5090567967,,Kyogo Kanazawa,"['Kanazawa, Kyogo', 'Kyogo Kanazawa']",10,69,4,10,kyogo,kanazawa,k,kyogo kanazawa,A5090567967,k kanazawa
A5111751302,,Patricia A. Baird,"['Baird, Patricia', 'Baird, Patricia A.', 'P A Baird', 'P Baird', 'P. A. Baird', 'P.A Baird', 'P.A. Baird', 'PATRICIA A. BAIRD', 'Patricia A Baird', 'Patricia A. Baird', 'Patricia Baird']",107,3909,35,12,patricia a.,baird,b,patricia a. baird,A5111751302,p baird
A5129518471,,Jonathan Driver,"['Driver, Jonathan', 'Jonathan Driver']",34,0,0,3,jonathan,driver,d,jonathan driver,A5129518471,j driver
A5110883813,,Laura D’Amico,"[""D'Amico, Laura"", 'L D’Amico', ""Laura D'Amico"", 'Laura D’Amico']",34,346,10,11,laura,d’amico,d,laura d’amico,A5110883813,l d’amico
A5076400276,https://orcid.org/0000-0003-4351-8400,Alex B. Rivard,"['Alex B. Rivard', 'Alex Rivard', 'Alexandre Rivard', 'Rivard, Alexandre']",27,29,3,12,alex b.,rivard,r,alex b. rivard,A5076400276,a rivard
A5076597853,https://orcid.org/0000-0002-0213-8711,Christina Wolfson,"['C M Wolfson', 'C Wolfson', 'C. WOLFSON', 'C. Wolfson', 'C.M. Wolfson', 'Christina M. Wolfson', 'Christina Wolfson', 'Mathieu Bray', 'S Maier', 'Wolfson C.', 'Wolfson, C.', 'Wolfson, Christina']",350,18983,67,58,christina,wolfson,w,christina wolfson,A5076597853,c wolfson
A5100692258,https://orcid.org/0000-0002-8356-3137,Rajeev Gupta,"['Gupta, Rajeev', 'Gupta, Rajeev Kumar 1984-', 'R Gupta', 'R K Gupta', 'R. Gupta', 'R. K. Gupta', 'RK Gupta', 'Rajeev Gupta', 'Rajeev K. Gupta', 'Rajeev Kumar Gupta', 'Sagar', 'Sanjoy Mandal', 'Viswanathan Mohan']",475,77425,89,85,rajeev,gupta,g,rajeev gupta,A5100692258,r gupta
A5043488542,,Hande Gürses,"['Hande Gurses', 'Hande Gürses']",14,8,2,3,hande,gürses,g,hande gürses,A5043488542,h gürses
A5008256724,https://orcid.org/0000-0002-1632-3862,Leanne Bartley,"['Bartley, Leanne', 'Bartley, Leanne Victoria', 'Leanne Bartley', 'Leanne Victoria Bartley']",21,171,8,4,leanne,bartley,b,leanne bartley,A5008256724,l bartley
A5016550040,https://orcid.org/0000-0002-2140-4261,David D. Hope,"['D. D. Hope', 'David D. Hope', 'David Hope', 'Hope, David']",22,163,7,3,david d.,hope,h,david d. hope,A5016550040,d hope
A5036593088,,June Scudeler,"['June Scudeler', 'Scudeler, June']",17,26,2,1,june,scudeler,s,june scudeler,A5036593088,j scudeler
A5084612623,https://orcid.org/0000-0003-2760-1554,Daniel T. Chang,"['A Koong', 'Chang', 'Chang, Daniel', 'Chang, Daniel T', 'Chang, Daniel T.', 'D Chang', 'D. Chang', 'D. T. Chang', 'D.T. Chang', 'DT Chang', 'Daniel Chang', 'Daniel H. Chang', 'Daniel T Chang', 'Daniel T. Chang', 'Daniel Tandel Chang', 'Ngan Samuel', 'S Chang', 'S. Chang', 'S.D. Chang', 'Steven D. Chang,']",548,14002,61,70,daniel t.,chang,c,daniel t. chang,A5084612623,d chang
A5081849854,,Mark Deggan,"['Deggan, Mark', 'Mark Deggan']",15,2,1,6,mark,deggan,d,mark deggan,A5081849854,m deggan
A5007720902,https://orcid.org/0000-0002-7049-7097,F. David Fracchia,"['F. D. Fracchia', 'F. David Fracchia', 'F. Fracchia', 'F.D Fracchia', 'F.D. Fracchia', 'F.DAVID FRACCHIA', 'Francesco Fracchia']",49,1364,18,8,f. david,fracchia,f,f. david fracchia,A5007720902,f fracchia
A5030987522,https://orcid.org/0009-0009-1545-0008,Claire G. Cupples,"['C G Cupples', 'C. G. Cupples', 'C.G. Cupples', 'CLAIRE G. CUPPLES', 'Claire Cupples', 'Claire G Cupples', 'Claire G. Cupples', 'Cupples, Claire Georgina']",40,2010,22,10,claire g.,cupples,c,claire g. cupples,A5030987522,c cupples
A5073680913,https://orcid.org/0000-0002-3605-767X,Kathryn C. Fisher,"['Fisher, Kathryn C.', 'Kathryn C. Fisher']",7,44,3,1,kathryn c.,fisher,f,kathryn c. fisher,A5073680913,k fisher
A5042584864,,BaRun Kim,['BaRun Kim'],8,83,5,2,barun,kim,k,barun kim,A5042584864,b kim
A5108251198,,Lisa Kan,"['Kan, Lisa', 'L Kan', 'LISA KAN', 'Lisa Kan', 'Lisa Y. Kan']",49,1403,19,9,lisa,kan,k,lisa kan,A5108251198,l kan
A5061122098,,Gaelen Fehr,"['Fehr, Gaelen', 'G.\xa0M. Fehr', 'Gaelen Fehr']",8,61,2,3,gaelen,fehr,f,gaelen fehr,A5061122098,g fehr
A5075804951,https://orcid.org/0000-0002-2858-2167,M. Zhao,"['M. Zhao', 'Ming-Rui Zhao', 'MingRui Zhao', 'Mingrui Zhao', 'Zhao, M.', 'Zhao, Ming-Rui', 'Zhao, Mingrui']",279,2908,27,56,m.,zhao,z,m. zhao,A5075804951,m zhao
A5085193387,https://orcid.org/0000-0003-2248-4483,Amyn B. Sajoo,"['A. B. Sajoo', 'Amyn B Sajoo', 'Amyn B. Sajoo', 'Amyn Sajoo', 'Sajoo, Amyn B.']",41,234,6,2,amyn b.,sajoo,s,amyn b. sajoo,A5085193387,a sajoo
A5101428943,https://orcid.org/0000-0002-0236-9683,Aditi Jain,"['Aditi Jain', 'JAIN, ADITI']",23,85,5,10,aditi,jain,j,aditi jain,A5101428943,a jain
A5073569348,https://orcid.org/0000-0002-3093-7940,Elika Garg,"['E Garg', 'Elika Garg', 'Garg, Elika']",32,989,12,7,elika,garg,g,elika garg,A5073569348,e garg
A5008661502,https://orcid.org/0009-0008-2714-8343,A. Fournier,"['A. Fournier', 'Fournier, A.']",9,64,4,2,a.,fournier,f,a. fournier,A5008661502,a fournier
A5113097205,https://orcid.org/0000-0002-1523-696X,Samann Pinder,"['Pinder, Samann', 'Samann Pinder']",7,8,1,1,samann,pinder,p,samann pinder,A5113097205,s pinder
A5038691933,https://orcid.org/0000-0002-3304-8663,Fiaz Ahmad,"['Ahmad, Fiaz', 'F. Ahmad', 'F.Ahmad', 'Fiaz Ahmad']",84,1269,21,18,fiaz,ahmad,a,fiaz ahmad,A5038691933,f ahmad
A5011995262,https://orcid.org/0000-0001-6930-3104,Jianping Lin,"['Jian-Ping Lin', 'Jian-ping LIN', 'Jianping LIN', 'Jianping Lin', 'Lin, Jianping']",27,767,11,8,jianping,lin,l,jianping lin,A5011995262,j lin
A5008266555,https://orcid.org/0000-0001-8143-2574,Geneviève Brisson,"['Brisson, Geneviève', 'Brisson, Geneviève', 'G Brisson', 'G R Brisson', 'G. BRISSON', 'G. Brisson', 'G. R. BRISSON', 'G. R. Brisson', 'G.R. Brisson', 'Genevi`ève Brisson', 'Geneviève BRISSON', 'Geneviève Brisson']",118,1690,23,22,geneviève,brisson,b,geneviève brisson,A5008266555,g brisson
A5102497336,,Sanjib Sapkota,['Sanjib Sapkota'],19,355,8,6,sanjib,sapkota,s,sanjib sapkota,A5102497336,s sapkota
A5068590881,https://orcid.org/0000-0003-3522-3530,Maya Montalvo,"['M. Montalvo', 'Maya Montalvo', 'Maya S. Montalvo', 'Montalvo, Maya']",16,106,5,2,maya,montalvo,m,maya montalvo,A5068590881,m montalvo
A5050615368,,Glaucia Salgado,"['Alexis Domeracki', 'Glaucia Nascimento Salgado', 'Glaucia Salgado', 'Gláucia Nascimento Salgado']",28,60,4,7,glaucia,salgado,s,glaucia salgado,A5050615368,g salgado
A5029544666,https://orcid.org/0000-0003-0488-7238,Chelsea Stunden,['Chelsea Stunden'],11,180,5,4,chelsea,stunden,s,chelsea stunden,A5029544666,c stunden
A5081943434,,Natália Lopes,"['Cruz Santos', 'Marcos Polido', 'Natalia Moura Lopes', 'Natália  Moura Lopes', 'Natália Lopes', 'Natália Moura Lopes']",25,79,5,4,natália,lopes,l,natália lopes,A5081943434,n lopes
A5106172807,https://orcid.org/0000-0001-8008-8249,Charlotte Barclay,"['Barclay, Charlotte', 'Charlotte Barclay']",9,12,3,1,charlotte,barclay,b,charlotte barclay,A5106172807,c barclay
A5036577006,,John Lyon,"['J. Noel Lyon', 'John Lyon', 'Lyon, John']",10,59,3,2,john,lyon,l,john lyon,A5036577006,j lyon
A5107843533,,Zhenman Fang,['Zhenman Fang'],7,75,5,2,zhenman,fang,f,zhenman fang,A5107843533,z fang
A5061275105,,Gerlinde Mautner,"['GERLINDE MAUTNER', 'Gerlinde Mautner']",56,1379,15,45,gerlinde,mautner,m,gerlinde mautner,A5061275105,g mautner
A5035967319,https://orcid.org/0000-0001-6942-2955,Hannah Kobluk,"['Hannah Kobluk', 'Hannah M. Kobluk']",10,112,4,2,hannah,kobluk,k,hannah kobluk,A5035967319,h kobluk
A5066639690,https://orcid.org/0000-0002-4116-6272,Shuo Chen,"['Chen, Shuo', 'Shuo Chen']",6,17,2,2,shuo,chen,c,shuo chen,A5066639690,s chen
A5113155829,https://orcid.org/0009-0003-1974-2258,Minju Kim,"['Kim, Minju', 'Minju Kim']",24,35,2,15,minju,kim,k,minju kim,A5113155829,m kim
A5025923162,,Christopher Adamson,"['Adamson, Christopher', 'Christopher Adamson', 'Christopher Leslie Adamson']",16,126,5,6,christopher,adamson,a,christopher adamson,A5025923162,c adamson
A5054379604,https://orcid.org/0000-0002-9463-1713,Laurie Smith,"['L Smith', 'L W Smith', 'L. Smith', 'L.W. Smith', 'Laurie Smith', 'Laurie W Smith', 'Laurie W. Smith', 'Smith, Laurie W', 'Smith, Laurie W.']",125,1966,21,13,laurie,smith,s,laurie smith,A5054379604,l smith
A5024327358,,Jesse Campion Loth,"['Jesse Campion Loth', 'Loth, Jesse Campion']",16,14,2,3,jesse campion,loth,l,jesse campion loth,A5024327358,j loth
A5018600577,https://orcid.org/0000-0001-5053-9344,Matthew Steele‐MacInnis,"['M. Steele-MacInnis', 'M. Steele-Macinnis', 'M. Steele‐MacInnis', 'M.J. Steele-MacInnis', 'Mathew Steele-MacInnis', 'Matthew J. Steele‐MacInnis', 'Matthew Steele-MacInnis', 'Matthew Steele-Macinnis', 'Matthew Steele‐MacInnis']",194,4250,34,9,matthew,steele‐macinnis,s,matthew steele‐macinnis,A5018600577,m steele‐macinnis
A5066212291,https://orcid.org/0000-0003-3050-208X,Md Asaduzzaman,"['Asaduzzaman, Md', 'Asaduzzaman, Md.', 'Md Asaduzzaman', 'Md. Asaduzzaman']",12,56,5,4,md,asaduzzaman,a,md asaduzzaman,A5066212291,m asaduzzaman
A5062405993,https://orcid.org/0000-0001-5440-5618,Worawee Janpongsri,"['Janpongsri, Worawee', 'Worawee Janpongsri']",7,63,2,1,worawee,janpongsri,j,worawee janpongsri,A5062405993,w janpongsri
A5015729497,https://orcid.org/0000-0002-5876-2070,Yan Qing Zhang,"['Yan Qing Zhang', 'Yan Zhang', 'Yan-Qing Zhang', 'YanQing Zhang', 'Yanqing Zhang', 'Zhang Yan Qing']",45,278,7,25,yan qing,zhang,z,yan qing zhang,A5015729497,y zhang
A5041424489,,Alison Beale,"['Alison Beale', 'Beale, Alison']",21,76,5,3,alison,beale,b,alison beale,A5041424489,a beale
A5031122662,https://orcid.org/0000-0002-9875-5377,Rebecca Dowson,"['Dowson, Rebecca', 'Rebecca Dowson']",12,9,2,1,rebecca,dowson,d,rebecca dowson,A5031122662,r dowson
A5062938211,https://orcid.org/0000-0002-8928-8172,Taher Ahmadi,"['Ahmadi, T.', 'Ahmadi, Taher', 'T. Ahmadi', 'Taher Ahmadi']",25,260,9,6,taher,ahmadi,a,taher ahmadi,A5062938211,t ahmadi
A5018075974,https://orcid.org/0000-0001-8227-4635,Lorena R. Braid,"['L.R. Braid', 'Lorena Braid', 'Lorena R Braid', 'Lorena R. Braid']",23,322,9,3,lorena r.,braid,b,lorena r. braid,A5018075974,l braid
A5018136055,https://orcid.org/0000-0002-2008-4403,Jayme M. M. Lewthwaite,"['J. M. M. Lewthwaite', 'J.M.M Lewthwaite', 'Jayme Lewthwaite', 'Jayme M. M. Lewthwaite', 'Jayme M.M. Lewthwaite', 'Jayme M.\xa0M. Lewthwaite', 'Jayme MM Lewthwaite', 'Lewthwaite, Jayme M. M.']",18,342,8,5,jayme m. m.,lewthwaite,l,jayme m. m. lewthwaite,A5018136055,j lewthwaite
A5025188143,https://orcid.org/0000-0003-0209-1922,Yi Chien Jade Ho,"['Yi Chien (Jade) Ho', 'Yi Chien Jade Ho']",11,72,3,2,yi chien jade,ho,h,yi chien jade ho,A5025188143,y ho
A5030126257,,Diego Martelino,"['Diego Martelino', 'Martelino, Diego']",12,65,4,2,diego,martelino,m,diego martelino,A5030126257,d martelino
A5056557307,https://orcid.org/0000-0003-2956-6422,Dheva Setiaputra,"['Dheva Setiaputra', 'Dheva T Setiaputra', 'Dheva T. Setiaputra', 'Setiaputra, Dheva']",33,1732,17,5,dheva,setiaputra,s,dheva setiaputra,A5056557307,d setiaputra
A5021575514,,Élise Couture‐Grondin,"['Couture-Grondin, Élise', 'Elise Couture-Grondin', 'Élise Couture-Grondin', 'Élise Couture‐Grondin', 'Élise Couture‑Grondin']",15,16,3,3,élise,couture‐grondin,c,élise couture‐grondin,A5021575514,é couture‐grondin
A5064065871,,Xinting Shen,['Xinting Shen'],14,139,6,6,xinting,shen,s,xinting shen,A5064065871,x shen
A5078401526,,Sharalyn Jordan,"['Jordan, Sharalyn R.', 'Jordan, Sharalyn Renee', 'Sharalyn Jordan', 'Sharalyn R. Jordan']",19,471,9,3,sharalyn,jordan,j,sharalyn jordan,A5078401526,s jordan
A5002796065,https://orcid.org/0000-0003-0479-631X,Wen Zhou,"['W. Zhou', 'Wen Xin Zhou', 'Wen ZHOU', 'Wen Zhou', 'Zhou Wen']",123,2307,25,18,wen,zhou,z,wen zhou,A5002796065,w zhou
A5007383027,https://orcid.org/0000-0002-2994-7674,Marjorie Harness Goodwin,"['Goodwin, Marjorie Harness', 'M H Goodwin', 'M. Goodwin', 'MARJORIE HARNESS GOODWIN', 'Marjorie Goodwin', 'Marjorie H Goodwin', 'Marjorie H. Goodwin', 'Marjorie Harness Goodwin', 'Marjorie\xa0Harness Goodwin']",106,7868,41,54,marjorie harness,goodwin,g,marjorie harness goodwin,A5007383027,m goodwin
A5033437741,https://orcid.org/0009-0001-2026-3495,Weiqi Ding,"['Weiqi DING', 'Weiqi Ding']",26,174,9,7,weiqi,ding,d,weiqi ding,A5033437741,w ding
A5020365303,https://orcid.org/0000-0001-6813-7706,Nigel C. Sainsbury,"['N. Sainsbury', 'Nigel C. Sainsbury', 'Nigel Sainsbury']",15,171,7,2,nigel c.,sainsbury,s,nigel c. sainsbury,A5020365303,n sainsbury
A5101765506,https://orcid.org/0000-0003-4014-0270,Mohan Zhang,"['MoHan Zhang', 'Mohan Zhang', 'Yunfan Ye', 'Zhang Mohan', 'Zhang, Mohan']",32,150,7,13,mohan,zhang,z,mohan zhang,A5101765506,m zhang
A5042855825,,Vu Thuy Anh Phan,['Vu Thuy Anh Phan'],23,14,2,3,vu thuy anh,phan,p,vu thuy anh phan,A5042855825,v phan
A5067565254,https://orcid.org/0000-0003-3698-0920,Thibaut Durand,"['Durand, Thibaut', 'Thibaut Durand']",29,1135,11,10,thibaut,durand,d,thibaut durand,A5067565254,t durand
A5067798266,https://orcid.org/0000-0002-0234-6270,Yunsong Li,"['LI Yunsong', 'Li Yunsong', 'Li, Yunsong', 'Yongjun Li', 'Yun-Song Li', 'Yun-song Li', 'YunSong Li', 'Yunsong Li', 'Yunsong Li -']",648,12428,58,54,yunsong,li,l,yunsong li,A5067798266,y li
A5042732948,https://orcid.org/0000-0002-4769-8819,Anthony Duffy,"['A. Duffy', 'A. G. Duffy', 'Anthony Duffy']",21,1052,5,9,anthony,duffy,d,anthony duffy,A5042732948,a duffy
A5113772568,,Ronald Woods,"['R. Woods', 'R.G. Woods', 'Ronald Woods', 'Ronald. Woods', 'Woods, Ronald']",63,1537,22,7,ronald,woods,w,ronald woods,A5113772568,r woods
A5113507450,,Benoı̂t Mojon,"['B. Mojon', 'Benoit Mojon', 'BenoÃ ̄t Mojon', 'Benoît Mojon', 'Benoı̂t Mojon', 'MOJON, B.', 'Mojon, Benoit', 'Mojon, Benoît']",161,3839,30,15,benoı̂t,mojon,m,benoı̂t mojon,A5113507450,b mojon
A5022403286,https://orcid.org/0000-0001-6433-5721,Layla Cameron,"['Cameron, Layla', 'Layla Cameron']",9,84,4,1,layla,cameron,c,layla cameron,A5022403286,l cameron
A5074400045,https://orcid.org/0000-0001-5223-5205,Holly A. Shiels,"['C Adams', 'H Shiels', 'H. A. Shiels', 'H. Shiels', 'H.A. Shiels', 'H.\xa0A. Shiels', 'HA Shiels', 'Holly A Shiels', 'Holly A. Shiels', 'Holly Alice Shiels', 'Holly Shiels', 'Holly\xa0A. Shiels', 'Mr Tombleson', 'Shiels, Holly A.', 'Shiels, Holly; id_orcid 0000-0001-5223-5205']",212,4287,39,33,holly a.,shiels,s,holly a. shiels,A5074400045,h shiels
A5101467255,https://orcid.org/0000-0003-1447-6600,Nguyễn Thanh Liêm,"['Liem M. Nguyen', 'Liem Nguyen', 'Liem Nguyen (726184)', 'Liem T Nguyen', 'Liem T. Nguyen', 'Liem Thanh Nguyen', 'N. T. Liem', 'NGUYEN THANH LIEM', 'Nguyen T Liem', 'Nguyen Thanh Liem', 'Nguyen Thanh Liem Liem', 'Nguyen, Liem', 'Nguyễn Thanh Liêm']",58,1998,18,25,nguyễn thanh,liêm,l,nguyễn thanh liêm,A5101467255,n liêm
A5100771854,https://orcid.org/0000-0001-7389-5763,Chi Xu,"['CHI XU', 'Chi Xu', 'Chi Xu0000-0002-6242-8550', 'Haoran Leng', 'Xu C', 'Xu, Chi', 'chi xu']",184,1946,23,59,chi,xu,x,chi xu,A5100771854,c xu
A5034904626,https://orcid.org/0000-0001-8121-4964,Julia Meyers,"['J. Meyers', 'J.W. Meyers', 'Julia Meyers']",8,26,2,5,julia,meyers,m,julia meyers,A5034904626,j meyers
A5090717361,https://orcid.org/0000-0002-4268-0679,Victoria Thomas,"['Thomas, Victoria', 'Victoria E Thomas', 'Victoria E. Thomas', 'Victoria Thomas']",32,426,3,9,victoria,thomas,t,victoria thomas,A5090717361,v thomas
A5056292519,,Amirhussein Zia,['Amirhussein Zia'],10,4,2,2,amirhussein,zia,z,amirhussein zia,A5056292519,a zia
A5110963386,,R. Sheehan,"['R. A. Sheehan', 'R. Sheehan', 'Ryan Sheehan', 'Sheehan, Ryan']",19,60,4,7,r.,sheehan,s,r. sheehan,A5110963386,r sheehan
A5025436197,https://orcid.org/0009-0007-7978-4491,Robert Kesic,['Robert Kesic'],7,81,3,2,robert,kesic,k,robert kesic,A5025436197,r kesic
A5087101587,https://orcid.org/0000-0001-9578-8539,Thenille Braun Janzen,"['Janzen, Thenille Braun', 'Thenile Braun Janzen', 'Thenille Braun Janzen']",32,890,13,9,thenille braun,janzen,j,thenille braun janzen,A5087101587,t janzen
A5100709188,https://orcid.org/0009-0004-0879-4850,Xinyu Zhao,"['Xinyu Zhao', 'Zhao, XinYu', 'Zhao, Xinyu']",30,90,4,27,xinyu,zhao,z,xinyu zhao,A5100709188,x zhao
A5042815040,https://orcid.org/0000-0001-7051-9199,Keshav Mukunda,"['Keshav Mukunda', 'Keshav S. Mukunda', 'Mukunda, Keshav']",10,85,3,1,keshav,mukunda,m,keshav mukunda,A5042815040,k mukunda
A5103180391,https://orcid.org/0009-0001-2224-7915,Jaewon Yang,"['Jae-Won Yang', 'Jaewon Yang', 'Jae‐Won Yang', 'Yang, JaeWon', 'Yang, Jaewon']",54,2773,17,10,jaewon,yang,y,jaewon yang,A5103180391,j yang
A5101605727,https://orcid.org/0009-0002-7569-5962,Yifan Shi,"['YIFAN SHI', 'Yi-Fan Shi', 'Yi-fan Shi', 'Yifan Shi']",33,418,8,14,yifan,shi,s,yifan shi,A5101605727,y shi
A5086931084,,Caroline O’Keefe-Markman,"['Caroline O-Keefe-Markman', 'Caroline O’Keefe-Markman', ""O'Keefe-Markman, Caroline""]",6,128,4,2,caroline,o’keefe-markman,o,caroline o’keefe-markman,A5086931084,c o’keefe-markman
A5088252201,https://orcid.org/0000-0002-6907-0408,Seyed Hesam Mirfarsi,['Seyed Hesam Mirfarsi'],15,232,8,3,seyed hesam,mirfarsi,m,seyed hesam mirfarsi,A5088252201,s mirfarsi
A5049189066,https://orcid.org/0000-0001-7887-8997,Mona Loutfy,"['Charlotte Martin', 'Loutfy, Mona', 'Loutfy, Mona R.', 'M LOUTFY', 'M Loutfy', 'M R Loutfy', 'M. Loutfy', 'M. R. Loutfy', 'M.R. Loutfy', 'Mona  Loutfy', 'Mona Loutfy', 'Mona R Loutfy', 'Mona R. Loutfy', 'Mona Rafik Loutfy', 'Mona\xa0R. Loutfy']",499,14457,57,72,mona,loutfy,l,mona loutfy,A5049189066,m loutfy
A5070616182,https://orcid.org/0000-0003-4718-0064,Shivika Mittal,"['Mittal, Shivika', 'S. Mittal', 'Shivika Mittal', 'shivika Mittal']",112,2359,25,16,shivika,mittal,m,shivika mittal,A5070616182,s mittal
A5073401127,https://orcid.org/0000-0001-7126-6314,Jim Christenson,"['J Christenson', 'J M Christenson', 'J. Christenson', 'JIM CHRISTENSON', 'Jim Christenson', 'Jim M. Christenson', 'Mayank Goyal', 'Rohit Singal', 'T Schmidt']",240,9870,48,58,jim,christenson,c,jim christenson,A5073401127,j christenson
A5100403471,https://orcid.org/0000-0002-4974-3329,Fan Zhang,"['Fan Zhang', 'Zhang, Fan']",84,1569,23,27,fan,zhang,z,fan zhang,A5100403471,f zhang
A5067568629,https://orcid.org/0000-0002-6026-082X,Markus von der Heyde,"['M. Heyde', 'M. von der Heyde', 'Markus Von Der Heyde', 'Markus von der Heyde', 'Von Der Heyde, Markus', 'von der Heyde, Markus']",112,845,14,9,markus von der,heyde,h,markus von der heyde,A5067568629,m heyde
A5077814441,https://orcid.org/0000-0001-6440-0626,O. Winslow Edwards,"['O Winslow Edwards', 'O. Winslow Edwards']",13,143,5,8,o. winslow,edwards,e,o. winslow edwards,A5077814441,o edwards
A5018066720,https://orcid.org/0000-0002-5466-8060,Ann Pederson,"['A Pederson', 'A. Pederson', 'Ann P. Pederson', 'Ann Pederson', 'Pederson, Ann', 'Pederson, Ann Patricia']",93,1506,19,10,ann,pederson,p,ann pederson,A5018066720,a pederson
A5044378379,https://orcid.org/0000-0002-8210-2160,Sonya A. Pastran,"['Sonya A Pastran', 'Sonya A. Pastran', 'Sonya Pastran']",11,60,3,4,sonya a.,pastran,p,sonya a. pastran,A5044378379,s pastran
A5018726467,,S. J. Leach,"['S J Leach', 'S. J. LEACH', 'S. J. Leach', 'S.J. Leach', 'Suzanne Leach']",25,238,7,6,s. j.,leach,l,s. j. leach,A5018726467,s leach
A5023507003,,Nisreen Shumayrikh,"['Nisreen M Shumayrikh', 'Nisreen Shumayrikh']",6,114,4,1,nisreen,shumayrikh,s,nisreen shumayrikh,A5023507003,n shumayrikh
A5103186283,https://orcid.org/0000-0001-9470-9720,Călin D. Popa,"['C D Popa', 'C Popa', 'C. D. Popa', 'C. Popa', 'C.D. Popa', 'CALIN POPA', 'Calin D Popa', 'Calin D. Popa', 'Calin Popa', 'Călin D. Popa', 'Călin Popa']",95,4496,29,25,călin d.,popa,p,călin d. popa,A5103186283,c popa
A5070231827,https://orcid.org/0000-0002-6577-4387,Yang Zou,"['Yang ZOU', 'Yang Zou', 'Zou, Yang']",46,247,9,9,yang,zou,z,yang zou,A5070231827,y zou
A5084293266,https://orcid.org/0009-0001-3396-9972,Yiqi Jia,"['YIQI JIA', 'Yiqi Jia']",13,42,3,3,yiqi,jia,j,yiqi jia,A5084293266,y jia
A5030442222,,Graham Hallson,['Graham Hallson'],6,178,4,2,graham,hallson,h,graham hallson,A5030442222,g hallson
A5084482639,https://orcid.org/0000-0002-4616-2932,Ante Ćustić,"['A. Ćustić', 'Ante Ćustić', 'Custic, Ante', 'Ćustić, Ante']",29,133,5,4,ante,ćustić,ć,ante ćustić,A5084482639,a ćustić
A5015526055,https://orcid.org/0000-0002-8434-1712,Aaron Lyons,"['Aaron D. Lyons', 'Aaron Lyons', 'Lyons, Aaron', 'Lyons, Aaron D']",25,216,6,6,aaron,lyons,l,aaron lyons,A5015526055,a lyons
A5042407415,,Julia Schillaci-Ventura,"['Julia M. Schillaci-Ventura', 'Julia Schillaci-Ventura', 'Schillaci-Ventura, Julia']",7,5,2,1,julia,schillaci-ventura,s,julia schillaci-ventura,A5042407415,j schillaci-ventura
A5051902457,,Bharathy S. Parimalam,"['B S Parimalam', 'B. S. Parimalam', 'Bharathy Parimalam', 'Bharathy S Parimalam', 'Bharathy S. Parimalam', 'Bharathy Subramanian Parimalam', 'Bharathy. S. Parimalam']",21,1749,11,3,bharathy s.,parimalam,p,bharathy s. parimalam,A5051902457,b parimalam
A5052179777,https://orcid.org/0000-0002-3812-854X,Hua Yang,"['H YANG', 'H Yang', 'H. Yang', 'Hua Gui Yang', 'Hua YANG', 'Hua Yang', 'Kang Huang', 'Mingli Peng', 'Xiaodan Wang', 'Xiaoqiong Li', 'YANG, Hua', 'Yang, Hua']",289,6279,43,68,hua,yang,y,hua yang,A5052179777,h yang
A5112476216,https://orcid.org/0000-0002-1516-920X,Kathleen Moriarty,"['K. Moriarty', 'KATHLEEN MORIARTY', 'Kathleen E. Moriarty', 'Kathleen Moriarty']",38,222,8,14,kathleen,moriarty,m,kathleen moriarty,A5112476216,k moriarty
A5033985268,https://orcid.org/0000-0002-7878-0719,Adam Vaughan,"['A. Vaughan', 'Adam R. Vaughan', 'Adam Vaughan', 'Vaughan, Adam', 'Vaughan, Adam R', 'Vaughan, Adam R.']",496,2011,23,14,adam,vaughan,v,adam vaughan,A5033985268,a vaughan
A5058254440,https://orcid.org/0000-0001-5660-9200,Matteo Saletti,"['M. Saletti', 'Matteo Saletti', 'Saletti, Matteo']",49,344,11,4,matteo,saletti,s,matteo saletti,A5058254440,m saletti
A5024370092,https://orcid.org/0000-0001-5960-1028,Xinyi Feng,"['Dong Guan', 'Feng, Xinyi', 'Xin-Yi Feng', 'Xinyi FENG', 'Xinyi Feng']",94,560,12,46,xinyi,feng,f,xinyi feng,A5024370092,x feng
A5051516104,,Zahra Haeri,"['Z. Haeri', 'Zahra Haeri']",6,97,3,1,zahra,haeri,h,zahra haeri,A5051516104,z haeri
A5080042065,https://orcid.org/0000-0003-1079-0053,P. Jeffrey Brantingham,"['Brantingham, P. Jeffrey', 'Jeffrey Brantingham', 'P Brantingham', 'P Jeffrey Brantingham', 'P. J. BRANTINGHAM', 'P. J. Brantingham', 'P. JEFFREY BRANTINGHAM', 'P. Jeffrey Brantingham', 'P.J. Brantingham', 'P.Jeffrey Brantingham', 'P.\xa0Jeffrey Brantingham', 'Paul Brantingham', 'Paul J Brantingham', 'Paul J. Brantingham', 'Paul Jeffrey Brantingham']",212,12361,55,15,p. jeffrey,brantingham,b,p. jeffrey brantingham,A5080042065,p brantingham
A5010564714,,Estella C. Kuchta,"['Estella C. Kuchta', 'Estella Carolye Kuchta', 'Estella Kuchta', 'Kuchta, Estella Carolye']",39,17,2,4,estella c.,kuchta,k,estella c. kuchta,A5010564714,e kuchta
A5078053905,,Jonathan Barenboim,"['Andrew P. Barbour', 'Barenboim, Jonathan', 'Jonathan Barenboim']",60,15177,25,14,jonathan,barenboim,b,jonathan barenboim,A5078053905,j barenboim
A5049901270,https://orcid.org/0000-0003-4258-8407,Inna Stepaniuk,"['INNA STEPANIUK', 'Inna Stepaniuk']",13,143,5,2,inna,stepaniuk,s,inna stepaniuk,A5049901270,i stepaniuk
A5029723404,https://orcid.org/0000-0002-5316-2973,Alexander P. Sweeten,"['Alex Sweeten', 'Alexander P Sweeten', 'Alexander P. Sweeten', 'Sweeten, Alexander']",9,355,6,5,alexander p.,sweeten,s,alexander p. sweeten,A5029723404,a sweeten
A5014077037,https://orcid.org/0000-0003-0157-1430,Stefanie Haustein,"['Haustein, S.', 'Haustein, Stefanie', 'S Haustein', 'S. Haustein', 'Stefanie Haustein', 'Stefanie Haustein (3213780)']",228,8426,34,19,stefanie,haustein,h,stefanie haustein,A5014077037,s haustein
A5039070878,,Jamie Baker,"['Baker, Jamie', 'Jamie Baker', 'Jamie J. Baker']",28,62,4,2,jamie,baker,b,jamie baker,A5039070878,j baker
A5034131206,https://orcid.org/0000-0002-1501-6318,Paméla Filiatrault-Veilleux,"['Filiatrault-Veilleux, Pamela', 'P. Filiatrault-Veilleux', 'Pamela Filiatrault-Veilleux', 'Pamela Filiatrault‐Veilleux', 'Paméla Filiatrault-Veilleux']",24,149,5,5,paméla,filiatrault-veilleux,f,paméla filiatrault-veilleux,A5034131206,p filiatrault-veilleux
A5072679393,https://orcid.org/0000-0003-3518-4009,M. Abedi,"['Abedi, M.', 'M. Abedi', 'Mae Abedi', 'Maedeh Abedi']",8,68,4,2,m.,abedi,a,m. abedi,A5072679393,m abedi
A5113464659,,John H. Richards,"['J H RICHARDS', 'J H Richards', 'J RICHARDS', 'J. H. RICHARDS', 'J. H. Richards', 'J. Richards', 'J.H. Richards', 'JOHN H. RICHARDS', 'John H Richards', 'John H. RICHARDS', 'John H. Richards', 'John Hall Richards', 'John Hall. Richards', 'John Richards']",251,9294,47,46,john h.,richards,r,john h. richards,A5113464659,j richards
A5033617037,https://orcid.org/0000-0001-8969-7630,Edward Thoeng,"['E Thoeng', 'E. Thoeng', 'Edward Thoeng', 'Thoeng, Edward']",33,96,6,5,edward,thoeng,t,edward thoeng,A5033617037,e thoeng
A5050862872,,Qiuyu Han,['Qiuyu Han'],9,81,5,4,qiuyu,han,h,qiuyu han,A5050862872,q han
A5039311485,https://orcid.org/0000-0001-6592-1984,Jiangchuan Liu,"['JIANGCHUAN LIU', 'Jiangchuan LIU', 'Jiangchuan Liu', 'Jiang‐Chuan Liu', 'Liu, JiangChuan', 'Liu, Jiangchuan']",806,21293,71,39,jiangchuan,liu,l,jiangchuan liu,A5039311485,j liu
A5021495029,,Camille Jordan,['Camille Jordan'],56,807,13,1,camille,jordan,j,camille jordan,A5021495029,c jordan
A5064634742,,Maureen Kihika,['Maureen Kihika'],7,19,3,1,maureen,kihika,k,maureen kihika,A5064634742,m kihika
A5108589610,,Marine Randon,"['M Randon', 'Marine Randon', 'Randon, M.', 'Randon, Marine', 'Randon,, M']",19,141,8,7,marine,randon,r,marine randon,A5108589610,m randon
A5008130571,,Alessia Pallaoro,"['A PALLAORO', 'A. PALLAORO', 'A. Pallaoro', 'A.A. Pallaoro', 'Alessia Pallaoro', 'Pallaoro, Alessia']",54,2392,23,13,alessia,pallaoro,p,alessia pallaoro,A5008130571,a pallaoro
A5064920960,,David M. Schaepe,"['David M Schaepe', 'David M. Schaepe', 'David Schaepe', 'Schaepe, David', 'Schaepe, David M.']",55,321,9,3,david m.,schaepe,s,david m. schaepe,A5064920960,d schaepe
A5108890719,,Danrui Qi,"['Danrui Qi', 'Qi, Danrui']",8,15,3,1,danrui,qi,q,danrui qi,A5108890719,d qi
A5022369267,https://orcid.org/0000-0002-1355-0031,Amanda Slaunwhite,"['A. Slaunwhite', 'Amanda K Slaunwhite', 'Amanda K. Slaunwhite', 'Amanda Kathleen Slaunwhite', 'Amanda Slaunwhite', 'Shabbar I. Ranapurwala', 'Slaunwhite, A.', 'Slaunwhite, Amanda']",116,1748,23,23,amanda,slaunwhite,s,amanda slaunwhite,A5022369267,a slaunwhite
A5057514660,https://orcid.org/0000-0002-3473-1616,Mingqi Song,"['Mingqi Song', 'Song, Mingqi']",16,57,4,6,mingqi,song,s,mingqi song,A5057514660,m song
A5066302647,https://orcid.org/0000-0001-8866-3041,David R. Wood,"['D R Wood', 'D. R. WOOD', 'D. R. Wood', 'D. WOOD', 'D. Wood', 'D. Wood³', 'D.R. WOOD', 'D.R. Wood', 'DAVID R. WOOD', 'David R Wood', 'David R. Wood', 'David Wood', 'R. Wood', 'Wood, DR', 'Wood, David', 'Wood, David R.']",446,4938,35,41,david r.,wood,w,david r. wood,A5066302647,d wood
A5068188257,https://orcid.org/0000-0002-9679-3054,Hazrat Bilal,"['Bilal H', 'H Bilal', 'H. Bilal', 'H. K. Bilal', 'Hasnat Ahmad Bilal', 'Hazrat Bilal']",112,1399,18,33,hazrat,bilal,b,hazrat bilal,A5068188257,h bilal
A5007910503,https://orcid.org/0000-0002-6234-7777,Suelí Maria Gomes,"['Gomes, S.', 'Gomes, Sueli Maria', 'S. Gomes', 'S.M. Gomes', 'SUELI M. GOMES', 'SUELI MARIA GOMES', 'Sueli Gomes', 'Sueli M Gomes', 'Sueli M. Gomes', 'Sueli Maria Gomes', 'Suelí Maria Gomes']",53,576,12,8,suelí maria,gomes,g,suelí maria gomes,A5007910503,s gomes
A5040518041,,Khushi Navin Patni,"['Khushi Navin Patni', 'Khushi Patni', 'Patni, Khushi Navin']",9,16,2,2,khushi navin,patni,p,khushi navin patni,A5040518041,k patni
A5080557934,,Robert Ehlert,"['R. Ehlert', 'R. S. Ehlert', 'Robert Ehlert', 'Robert S. Ehlert']",16,144,5,3,robert,ehlert,e,robert ehlert,A5080557934,r ehlert
A5003964627,https://orcid.org/0000-0003-3843-064X,Luke A. Rogers,"['L. Rogers', 'Luke A. Rogers', 'Luke Rogers', 'Rogers, Luke A.']",22,310,9,8,luke a.,rogers,r,luke a. rogers,A5003964627,l rogers
A5028349353,https://orcid.org/0000-0003-0506-3652,Alan Nevill,"['A M Nevill', 'A M. Nevill', 'A Nevill', 'A. J. Nevill', 'A. M. NEVILL', 'A. M. Nevill', 'A. M. Nevill, R. L. Holder', 'A. Nevill', 'A.M Nevill', 'A.M. NEVILL', 'A.M. Nevill', 'ALAN M. NEVILL', 'ALAN NEVILL', 'AM NEVILL', 'AM Nevill', 'Alain Nevill', 'Alan AM Nevill', 'Alan M Nevill', 'Alan M. Nevill', 'Alan Michael Nevill', 'Alan Nevill', 'Alan. M. Nevill', 'Allan Nevill', 'Nevill A.', 'Nevill, Alan M.']",631,28387,78,55,alan,nevill,n,alan nevill,A5028349353,a nevill
A5055210116,https://orcid.org/0000-0002-4458-0516,Kimberly Yolton,"['Brenda B. Poindexter', 'K Yolton', 'K. Yolton', 'Kimberly A. Yolton', 'Kimberly Yolton', 'Yolton K', 'Yolton, K.', 'Yolton, Kimberly']",386,17148,66,29,kimberly,yolton,y,kimberly yolton,A5055210116,k yolton
A5084725905,https://orcid.org/0000-0001-6381-7403,Kamil Malikov,"['K Malikov', 'K. Malikov', 'Kamil Malikov']",32,374,9,6,kamil,malikov,m,kamil malikov,A5084725905,k malikov
A5109341171,,Stephanie Simmons,"['S Simmons', 'S. J. Simmons', 'S. Simmons', 'Simmons S.', 'Simmons, S.', 'Simmons, Stephanie', 'Stephanie Simmons']",89,3179,23,16,stephanie,simmons,s,stephanie simmons,A5109341171,s simmons
A5039918909,https://orcid.org/0000-0001-7157-7745,Egan J. Chernoff,"['Chernoff, Egan J.', 'EGAN J. CHERNOFF', 'Egan Chernoff', 'Egan J Chernoff', 'Egan J. Chernoff']",104,761,12,8,egan j.,chernoff,c,egan j. chernoff,A5039918909,e chernoff
A5078952563,,Leandro da Silva Corrêa,"['Leandro Correa', 'Leandro Da Silva Correa', 'Leandro da Silva Correa', 'Leandro da Silva Corrêa']",7,55,3,3,leandro da silva,corrêa,c,leandro da silva corrêa,A5078952563,l corrêa
A5016384103,https://orcid.org/0000-0003-4274-617X,Ben Wilson,"['B Wilson', 'B. Wilson', 'BEN WILSON', 'Ben Wilson', 'HARRIETT WILSON, B.Sc., Ph.D.', 'Wilson, Ben']",92,3240,28,19,ben,wilson,w,ben wilson,A5016384103,b wilson
A5019203096,,Hope Fan,['Hope Fan'],10,515,5,4,hope,fan,f,hope fan,A5019203096,h fan
A5054704984,,Uros Petronijevic,['Uros Petronijevic'],38,993,13,21,uros,petronijevic,p,uros petronijevic,A5054704984,u petronijevic
A5109070943,,Kaylee E. A. Magee,"['Kaylee E. A. Magee', 'Kaylee E. Magee', 'Kaylee E.A. Magee']",8,23,3,2,kaylee e. a.,magee,m,kaylee e. a. magee,A5109070943,k magee
A5100460986,https://orcid.org/0009-0002-5008-7522,Siqi Chen,"['S Chen', 'Si-qi Chen', 'Siqi Chen']",52,549,12,37,siqi,chen,c,siqi chen,A5100460986,s chen
A5032331597,https://orcid.org/0000-0002-8524-587X,Cristina Cordoba,"['Cordoba, Cristina', 'Cristina Cordoba']",21,122,5,2,cristina,cordoba,c,cristina cordoba,A5032331597,c cordoba
A5110910081,https://orcid.org/0009-0003-7502-1279,Ross Duncan,"['Duncan Ross', 'Duncan, Ross', 'Duncan, Ross; id_orcid 0009-0003-7502-1279', 'R. Duncan', 'Ross  M. Duncan', 'Ross Duncan', 'Ross M. Duncan', 'Ross, Duncan']",67,542,14,26,ross,duncan,d,ross duncan,A5110910081,r duncan
A5110631057,,Steven Bergner,"['Bergner, Steven', 'Steven Bergner']",21,487,9,3,steven,bergner,b,steven bergner,A5110631057,s bergner
A5062244415,,Mario Gregorio,"['M. Di Gregorio', 'Mario Gregorio', 'mario Gregorio']",30,819,10,9,mario,gregorio,g,mario gregorio,A5062244415,m gregorio
A5050348133,https://orcid.org/0000-0002-8011-7772,Monica R. Brown,"['Brown, Monica', 'Brown, Monica R. M.', 'Brown, Monica Ree', 'M Brown', 'Monica Brown', 'Monica R. Brown']",63,927,15,15,monica r.,brown,b,monica r. brown,A5050348133,m brown
A5009291467,https://orcid.org/0000-0002-7074-2347,Michael Lee,"['Michael K.‐Y. Lee', 'Michael Kang Yin Lee', 'Michael Kang-Yin LEE', 'Michael Kang-Yin Lee', 'Michael Kang-yin Lee', 'Michael Lee']",127,2522,20,34,michael,lee,l,michael lee,A5009291467,m lee
A5014379235,https://orcid.org/0000-0002-8057-878X,Brett Favaro,"['BRETT FAVARO', 'Brett Favaro', 'Brett Favaro (5459948)', 'Favaro, Brett']",56,826,18,12,brett,favaro,f,brett favaro,A5014379235,b favaro
A5077120774,https://orcid.org/0000-0003-1450-7809,Yabome Gilpin‐Jackson,"['Gilpin-Jackson, Yabome', 'Yabome Gilpin-Jackson', 'Yabome Gilpin‐Jackson']",15,231,6,6,yabome,gilpin‐jackson,g,yabome gilpin‐jackson,A5077120774,y gilpin‐jackson
A5080895753,https://orcid.org/0000-0003-1761-5266,Ryan N. Konno,"['Konno, Ryan', 'Konno, Ryan N.', 'Ryan Konno', 'Ryan N. Konno']",14,95,5,3,ryan n.,konno,k,ryan n. konno,A5080895753,r konno
A5081188612,https://orcid.org/0000-0002-7660-982X,Daniela Andrade Damasceno,"['D. A. Damasceno', 'D.A. Damasceno', 'Damasceno, Daniela A', 'Damasceno, Daniela A.', 'Damasceno, Daniela Andrade', 'Daniela A. Damasceno', 'Daniela Andrade Damasceno', 'Daniela Andrade Damasceno Damasceno', 'Daniela Damasceno']",29,74,5,4,daniela andrade,damasceno,d,daniela andrade damasceno,A5081188612,d damasceno
A5028268794,https://orcid.org/0000-0001-6204-1164,Steven P. Rossi,"['Rossi, Steven P.', 'Steven P Rossi', 'Steven P. Rossi', 'Steven Rossi']",8,57,3,2,steven p.,rossi,r,steven p. rossi,A5028268794,s rossi
A5051409384,https://orcid.org/0000-0001-5678-9889,Anna Marie Bergman,['Anna Marie Bergman'],9,26,3,3,anna marie,bergman,b,anna marie bergman,A5051409384,a bergman
A5062324270,https://orcid.org/0000-0002-1068-371X,Joseph N. E. Lucero,"['Joseph  N.E. Lucero', 'Joseph N. E. Lucero', 'Joseph N.E. Lucero', 'Joseph N.\u2009E. Lucero', 'Joseph Neil Lucero', 'Lucero, Joseph', 'Lucero, Joseph N. E.']",21,197,7,3,joseph n. e.,lucero,l,joseph n. e. lucero,A5062324270,j lucero
A5015027891,https://orcid.org/0000-0002-8155-6873,Andrew Flostrand,['Andrew Flostrand'],14,292,5,2,andrew,flostrand,f,andrew flostrand,A5015027891,a flostrand
A5040120516,https://orcid.org/0000-0002-5691-0519,Renny Doig,"['Doig, Renny', 'R. N. C. Doig', 'Renny Doig']",18,450,5,3,renny,doig,d,renny doig,A5040120516,r doig
A5000035333,https://orcid.org/0000-0001-8244-1579,Carolina Bergonzoni,"['Bergonzoni, Carolina', 'Carolina Bergonzoni']",17,19,2,3,carolina,bergonzoni,b,carolina bergonzoni,A5000035333,c bergonzoni
A5070660994,https://orcid.org/0000-0001-8637-4609,Laurence L. Delina,"['DELINA, Laurence L.', 'Delina, Laurence', 'Delina, Laurence L.', 'Laurence Delina', 'Laurence L Delina', 'Laurence L. Delina', 'Laurence\xa0L. Delina', 'Rob Raven']",166,1884,22,7,laurence l.,delina,d,laurence l. delina,A5070660994,l delina
A5035561816,https://orcid.org/0000-0003-0478-4546,Budd L. Hall,"['B Hall', 'B. Hall', 'B.L. Hall', 'BUDD L. HALL', 'Budd Hall', 'Budd L Hall', 'Budd L. Hall', 'Budd Lionel Hall', 'Hall, B.', 'Hall, B. V.', 'Hall, B.V.', 'Hall, Budd']",173,3355,25,22,budd l.,hall,h,budd l. hall,A5035561816,b hall
A5014560486,https://orcid.org/0000-0001-6593-4865,Emily Leung,"['E. LEUNG', 'E. Leung', 'E. W. Leung', 'Emily Leung', 'Emily W. Leung', 'Leung, Emily']",39,223,8,11,emily,leung,l,emily leung,A5014560486,e leung
A5046802692,https://orcid.org/0000-0002-0395-1907,Jens Claßen,"['Classen, Jens', 'Claßen, J', 'Claßen, Jens', 'Jens Classen', 'Jens Claßen']",33,300,11,3,jens,claßen,c,jens claßen,A5046802692,j claßen
A5065006433,https://orcid.org/0000-0002-1357-4666,Irvin Ng,"['I Ng', 'Irvin Ng']",45,231,7,11,irvin,ng,n,irvin ng,A5065006433,i ng
A5007767804,https://orcid.org/0009-0001-6381-287X,Christina U. Johnston,['Christina U. Johnston'],7,43,4,2,christina u.,johnston,j,christina u. johnston,A5007767804,c johnston
A5051999729,https://orcid.org/0000-0002-6127-2654,Hannah Caird,['Hannah Caird'],6,48,3,6,hannah,caird,c,hannah caird,A5051999729,h caird
A5013692065,,Isabelle Palhière,"['I Palhière', 'I. PALHIERE', 'I. PALHIÈRE', 'I. Palhiere', 'I. Palhière', 'Isabelle PALHIÈRE', 'Isabelle Palhiere', 'Isabelle Palhière', 'PALHIERE, I.', 'Palhiere, Isabelle', 'Palhière, I.', 'Palhière, Isabelle', 'Palhière, Isabelle,', 'Palhière, Isabelle, Palhiere']",192,1820,22,14,isabelle,palhière,p,isabelle palhière,A5013692065,i palhière
A5054930620,https://orcid.org/0000-0002-2919-2574,Ahmed Jaber,"['A. Jaber', 'Ahmed F. Jaber', 'Ahmed Jaber', 'Ahmed S. Jaber', 'Ahmed Shawki Jaber', 'Ahmed Showqi Jaber', 'Jaber, Ahmed']",37,170,8,15,ahmed,jaber,j,ahmed jaber,A5054930620,a jaber
A5101800884,https://orcid.org/0000-0002-1970-0272,Brian Li,"['B. Li', 'Bang‐Tao Li', 'Brian Li', 'Li, Brian']",36,519,11,16,brian,li,l,brian li,A5101800884,b li
A5023084721,https://orcid.org/0000-0003-4562-7010,Justin Reich,"['J B REICH', 'Justin Reich', 'Kizilcec, René', 'Reich, Justin']",208,4578,28,14,justin,reich,r,justin reich,A5023084721,j reich
A5012249934,https://orcid.org/0000-0002-7918-5065,Dimitrios Panagopoulos,"['D Panagopoulos', 'D. Panagopoulos', 'DIMITRIOS PANAGOPOULOS', 'Dimitrios Panagopoulos', 'Panagopoulos, Dimitrios']",119,1436,14,30,dimitrios,panagopoulos,p,dimitrios panagopoulos,A5012249934,d panagopoulos
A5043620289,https://orcid.org/0000-0002-5663-7794,Clark A. Chinn,"['CLARK A. CHINN', 'Chinn, Clark A', 'Chinn, Clark A.', 'Clark A. Chinn', 'Clark CHINN', 'Clark Chinn']",182,11227,35,22,clark a.,chinn,c,clark a. chinn,A5043620289,c chinn
A5067538914,https://orcid.org/0000-0002-5209-8471,Sandeep Dhillon,"['Dhillon, Sandeep', 'S. S. Dhillon', 'S.S. Dhillon', 'SANDEEP DHILLON', 'Sandeep Dhillon', 'Sandeep K. Dhillon']",27,878,11,14,sandeep,dhillon,d,sandeep dhillon,A5067538914,s dhillon
A5015227918,https://orcid.org/0000-0002-7758-7765,Spozhmay Oriya,['Spozhmay Oriya'],11,97,4,7,spozhmay,oriya,o,spozhmay oriya,A5015227918,s oriya
A5038197566,https://orcid.org/0000-0002-5257-1732,Lindsay Forsman-Phillips,['Lindsay Forsman-Phillips'],7,35,3,6,lindsay,forsman-phillips,f,lindsay forsman-phillips,A5038197566,l forsman-phillips
A5044978994,https://orcid.org/0000-0002-2869-2147,Anne Lynn S. Chang,"['A Chang', 'A S Chang', 'A. Chang', 'A. L. S. Chang', 'A. S. Chang', 'A. X. Chang', 'A.L. Chang', 'A.L. S Chang', 'A.L.S. Chang', 'A.S. Chang', 'AL Chang', 'ANNE LYNN S. CHANG', 'Angel Chang', 'Angel X. Chang', 'Anne Chang', 'Anne L S Chang', 'Anne L. Chang', 'Anne L. S. Chang', 'Anne L.S. Chang', 'Anne Lynn Chang', 'Anne Lynn S Chang', 'Anne Lynn S. Chang', 'Anne Lynn Su Chang', 'Anne Lynne S. Chang', 'Anne\xa0Lynn\xa0S. Chang', 'Chang, Angel X.', 'Chang, Anne Lynn S', 'Chang, Anne Lynn S.', 'Vittorio Castelli']",382,26080,64,68,anne lynn s.,chang,c,anne lynn s. chang,A5044978994,a chang
A5071533499,,Stephen Healey,"['S. Healey', 'S.T. Healey', 'Stephen Healey']",13,273,3,5,stephen,healey,h,stephen healey,A5071533499,s healey
A5110690364,,Kenzie Hanson,"['Hanson, Kenzie', 'Kenzie Hanson']",13,153,5,2,kenzie,hanson,h,kenzie hanson,A5110690364,k hanson
A5035258055,https://orcid.org/0000-0003-1258-9636,Gontran Sangouard,"['Gontran Sangouard', 'Sangouard, Gontran']",10,218,7,2,gontran,sangouard,s,gontran sangouard,A5035258055,g sangouard
A5008925315,https://orcid.org/0000-0001-5526-663X,J. Antonio Aviña‐Zubieta,"['Aviña-Zubieta, Juan Antonio', 'Aviña-Zubieta, Juan Antonio.', 'J A Avina-Zubieta', 'J A Aviña-Zubieta', 'J A. Aviña-Zubieta', 'J Antonio Avina-Zubieta', 'J Antonio Aviña-Zubieta', 'J Antonio Aviña‐Zubieta', 'J Avina-Zubieta', 'J Aviña-Zubieta', 'J. A. Avina-Zubieta', 'J. A. Aviña-Zubieta', 'J. Antonio Avina-Zubieta', 'J. Antonio Avina‐Zubieta', 'J. Antonio Aviña-Zubieta', 'J. Antonio Aviña‐Zubieta', 'J. Avina-Zubieta', 'J.A Avina-Zubieta', 'J.A. Avina-Zubieta', 'J.A. Aviña-Zubieta', 'J.Antonio Aviña-Zubieta', 'Juan Antonio Avina-Zubieta', 'Juan Antonio Avina‐Zubieta', 'Juan Antonio Aviña-Zubieta', 'Marko Yurkovich']",192,8609,41,27,j. antonio,aviña‐zubieta,a,j. antonio aviña‐zubieta,A5008925315,j aviña‐zubieta
A5069392729,https://orcid.org/0000-0002-0974-9793,Kevin Zhao,"['K. Zhao', 'Kevin H. Zhao', 'Kevin Zhao']",47,432,9,23,kevin,zhao,z,kevin zhao,A5069392729,k zhao
A5043449782,,Bryan Chow,"['B. Chow', 'Bryan Chow']",21,467,9,11,bryan,chow,c,bryan chow,A5043449782,b chow
A5027659062,,Michael Friesen,"['MICHAEL FRIESEN', 'Michael E. Friesen', 'Michael Friesen']",26,145,7,14,michael,friesen,f,michael friesen,A5027659062,m friesen
A5042036874,https://orcid.org/0000-0002-6732-956X,Rhien Hare,"['R HARE', 'R. Hare', 'Rhien Hare']",8,34,4,3,rhien,hare,h,rhien hare,A5042036874,r hare
A5033496080,https://orcid.org/0000-0002-1290-9786,Catherine Page Jeffery,"['Catherine Jeffery', 'Catherine Page Jeffery']",29,185,6,3,catherine page,jeffery,j,catherine page jeffery,A5033496080,c jeffery
A5047767496,,Zeinab Zoveidadianpour,['Zeinab Zoveidadianpour'],8,110,4,4,zeinab,zoveidadianpour,z,zeinab zoveidadianpour,A5047767496,z zoveidadianpour
A5070837664,https://orcid.org/0000-0002-8493-7161,Nicholas Vincent,"['N Vincent', 'N. VINCENT', 'N. Vincent', 'NICHOLAS VINCENT', 'Nicholas C. Vincent', 'Nicholas Vincent', 'Vincent, N.', 'Vincent, Nicholas']",243,960,17,13,nicholas,vincent,v,nicholas vincent,A5070837664,n vincent
A5020526682,,Ji Hoon Kwon,['Ji Hoon Kwon'],8,67,3,4,ji hoon,kwon,k,ji hoon kwon,A5020526682,j kwon
A5072412131,https://orcid.org/0000-0001-7900-2575,Mike Prescott,"['M V Prescott', 'Michael Prescott', 'Mike Prescott']",21,251,8,13,mike,prescott,p,mike prescott,A5072412131,m prescott
A5033694856,https://orcid.org/0000-0001-8470-6833,Mohammad Mahdavian,"['Bahram Ramezanzadeh', 'M.  M. Mahdavian', 'M. M. Mahdavian', 'M. Mahdavian', 'M. Mahdavian A.', 'M.M. Mahdavian', 'Mahdavian, M.', 'Mahdavian, Mohammad', 'Mohammad Mahdavian', 'Mohammad Mahdavian-Ahadi']",288,15513,69,14,mohammad,mahdavian,m,mohammad mahdavian,A5033694856,m mahdavian
A5102951745,https://orcid.org/0000-0003-1998-2617,Calvin Ge,"['C. B. Ge', 'CB Ge', 'Calvin B Ge', 'Calvin B. Ge', 'Calvin Ge']",17,151,6,5,calvin,ge,g,calvin ge,A5102951745,c ge
A5086557273,https://orcid.org/0000-0002-7365-8423,Sarah Robinson,"['Robinson, Sarah', 'S J Q Robinson', 'S Robinson', 'S. Robinson', 'Sarah J Robinson', 'Sarah J. Robinson', 'Sarah Robinson']",75,1035,18,16,sarah,robinson,r,sarah robinson,A5086557273,s robinson
A5071964913,https://orcid.org/0000-0002-6853-6106,Anna Lukkarinen,"['Anna Lukkarinen', 'Anna Miriam Lukkarinen']",22,714,7,4,anna,lukkarinen,l,anna lukkarinen,A5071964913,a lukkarinen
A5060920979,,Beatrice Donald,['Beatrice Donald'],6,70,1,1,beatrice,donald,d,beatrice donald,A5060920979,b donald
A5006625444,https://orcid.org/0000-0003-0522-0275,Shiyi Xie,"['S. Xie', 'Shi-yi Xie', 'Shiyi Xie']",135,299,7,13,shiyi,xie,x,shiyi xie,A5006625444,s xie
A5000551798,https://orcid.org/0000-0002-8582-1590,Emily Barr,"['E. Barr', 'Emily Barr']",9,244,4,2,emily,barr,b,emily barr,A5000551798,e barr
A5013567811,https://orcid.org/0000-0001-8118-1242,Andreas Pilarinos,"['Andreas Pilarinos', 'Pilarinos, Andreas']",22,716,10,8,andreas,pilarinos,p,andreas pilarinos,A5013567811,a pilarinos
A5045133603,https://orcid.org/0000-0003-4725-6540,Cecilia Sierra-Heredia,"['C Sierra-Heredia', 'Cecilia Sierra-Heredia']",14,64,4,5,cecilia,sierra-heredia,s,cecilia sierra-heredia,A5045133603,c sierra-heredia
A5053489966,https://orcid.org/0000-0002-6148-7460,François Jean,"['F Jean', 'F. Jean', 'FRANCOIS JEAN', 'FRANÇOIS JEAN', 'Francois Jean', 'François Jean', 'Jean, François']",82,3374,30,11,françois,jean,j,françois jean,A5053489966,f jean
A5090923288,https://orcid.org/0000-0001-6647-811X,James Carter,"['Carter, James', 'Carter, James Horace', 'James Carter', 'James H. Carter', 'James L. Carter']",84,1688,24,18,james,carter,c,james carter,A5090923288,j carter
A5111560027,,Jana Novotná,"['J Novotna', 'J Novotná', 'J. Novotna', 'J. Novotná', 'Jana Novotna', 'Jana Novotná', 'Krawczyk, Monika', 'Novotná, Jana']",52,324,7,4,jana,novotná,n,jana novotná,A5111560027,j novotná
A5081184635,,Aryan Mikaeili,"['Aryan Mikaeili', 'Mikaeili, Aryan']",12,58,2,1,aryan,mikaeili,m,aryan mikaeili,A5081184635,a mikaeili
A5071521598,https://orcid.org/0000-0003-4804-9869,Thomas Iype,"['Dr Thomas Iype', 'Dr. Thomas Iype, MD, MRCP(UK), FRCP(Edin), DM', 'Iype, Thomas', 'Nakul Pampaniya', 'Praveen Panicker', 'T Iype', 'T. Iype', 'THOMAS IYPE', 'Thomas Iype']",122,1525,20,31,thomas,iype,i,thomas iype,A5071521598,t iype
A5089067930,,Noel Melton,"['Melton, Noel', 'Noel Melton']",9,430,6,1,noel,melton,m,noel melton,A5089067930,n melton
A5066617183,,V. A. Karasyuk,"['Karasyuk, V. A.', 'V A Karasyuk', 'V. A. Karasyuk', 'V.A Karasyuk', 'V.A. Karasyuk', 'Valentin A. Karasyuk', 'Valentin Karasyuk']",30,239,9,5,v. a.,karasyuk,k,v. a. karasyuk,A5066617183,v karasyuk
A5056900688,https://orcid.org/0000-0001-6665-1779,Rupak Shrestha,['Rupak Shrestha'],9,23,2,7,rupak,shrestha,s,rupak shrestha,A5056900688,r shrestha
A5100337078,https://orcid.org/0000-0003-2360-5486,Jing Li,['Jing Li'],45,2312,17,4,jing,li,l,jing li,A5100337078,j li
A5055696136,,V. Rachel Chimuka,"['Chimuka, V. Rachel', 'V. Rachel Chimuka']",6,15,2,1,v. rachel,chimuka,c,v. rachel chimuka,A5055696136,v chimuka
A5033831558,,Preeti Ramadoss,['Preeti Ramadoss'],27,1436,18,6,preeti,ramadoss,r,preeti ramadoss,A5033831558,p ramadoss
A5014872605,https://orcid.org/0000-0003-4498-1069,Bradley R. Jones,"['B Jones', 'B. JONES', 'B. Jones', 'B. R. Jones', 'B.R. Jones', 'Brad Jones', 'Brad R Jones', 'Brad R. Jones', 'Bradley Jones', 'Bradley R Jones', 'Bradley R. Jones', 'Jones, Bradley', 'Jones, Bradley R']",63,1784,17,24,bradley r.,jones,j,bradley r. jones,A5014872605,b jones
A5056291369,https://orcid.org/0000-0001-9450-8486,Stephen Dooley,"['Dooley, S.', 'Dooley, Stephen', 'S Dooley', 'S. Dooley', 'Stephen Dooley']",132,4968,38,14,stephen,dooley,d,stephen dooley,A5056291369,s dooley
A5053576662,,Radhakrishnan Sabarinathan,"['Borislav C. Rusev', 'Radhakrishnan Sabarinathan']",49,9411,14,9,radhakrishnan,sabarinathan,s,radhakrishnan sabarinathan,A5053576662,r sabarinathan
A5056598194,,Alan C. Foster,"['A C Foster', 'A FOSTER', 'A Foster', 'A. C. FOSTER', 'A. C. Foster', 'A. Foster', 'A.C. Foster', 'ALAN C. FOSTER', 'Alan C Foster', 'Alan C. Foster', 'Alan Foster', 'D Lodge']",180,13085,57,36,alan c.,foster,f,alan c. foster,A5056598194,a foster
A5036431060,https://orcid.org/0009-0002-4991-2687,Junzhe Liang,"['Junzhe Liang', 'Liang, Junzhe']",15,239,5,5,junzhe,liang,l,junzhe liang,A5036431060,j liang
A5021578281,https://orcid.org/0009-0001-6834-8199,Yuelang Xu,"['Xu, Yuelang', 'Yuelang Xu']",12,252,6,2,yuelang,xu,x,yuelang xu,A5021578281,y xu
A5037171681,https://orcid.org/0000-0001-6193-4032,Hallie Dau,"['Dau, Hallie', 'Hallie Dau']",43,628,10,13,hallie,dau,d,hallie dau,A5037171681,h dau
A5013733147,,Tommy Kim,['Tommy Kim'],10,232,5,6,tommy,kim,k,tommy kim,A5013733147,t kim
A5112905098,,Leo Chen,['Leo Chen'],51,488,12,13,leo,chen,c,leo chen,A5112905098,l chen
A5101979875,https://orcid.org/0000-0002-7938-5948,Yuepeng Wang,"['Wang, Yue-Peng', 'Wang, Yuepeng', 'Yongju Chen', 'Yue-Peng Wang', 'Yue-peng WANG', 'Yue-peng Wang', 'Yuepeng Wang']",103,1432,21,34,yuepeng,wang,w,yuepeng wang,A5101979875,y wang
A5059939068,https://orcid.org/0000-0002-5874-0488,Yasutora Watanabe,"['Watanabe, Yasutora', 'Y Watanabe', 'Y. WATANABE', 'Y. Watanabe', 'Yasutora Watanabe']",57,963,14,22,yasutora,watanabe,w,yasutora watanabe,A5059939068,y watanabe
A5055490054,,Paul Garfinkel,"['Paul A. Garfinkel', 'Paul Garfinkel']",12,50,3,1,paul,garfinkel,g,paul garfinkel,A5055490054,p garfinkel
A5049064009,https://orcid.org/0000-0003-3242-2737,John Knowles,"['J. A. Knowles', 'J. Hinton Knowles', 'J. Knowles', 'JOHN A. KNOWLES', 'John A Knowles', 'John A. Knowles', 'John Knowles']",113,1680,19,19,john,knowles,k,john knowles,A5049064009,j knowles
A5051315654,,Samopriya Basu,"['Basu, Samopriya', 'Samopriya Basu']",11,12,2,6,samopriya,basu,b,samopriya basu,A5051315654,s basu
A5069610108,,Sarabjit Sangha,"['Sarabjit S Sangha', 'Sarabjit S. Sangha', 'Sarabjit Sangha']",8,176,4,5,sarabjit,sangha,s,sarabjit sangha,A5069610108,s sangha
A5088861162,https://orcid.org/0000-0001-7065-7129,Mirela Krešić,"['M. Kresić', 'Mirela Krešić']",55,41,3,3,mirela,krešić,k,mirela krešić,A5088861162,m krešić
A5031571861,https://orcid.org/0000-0002-6248-5299,Kathlyn J. Gan,"['K.J. Gan', 'Kathlyn Gan', 'Kathlyn J. Gan']",13,576,10,3,kathlyn j.,gan,g,kathlyn j. gan,A5031571861,k gan
A5027876343,https://orcid.org/0000-0003-2719-0556,Gilaad G. Kaplan,"['G G K Kaplan', 'G G Kaplan', 'G KAPLAN', 'G Kaplan', 'G. G. KAPLAN', 'G. G. Kaplan', 'G. KAPLAN', 'G. Kaplan', 'G.G. Kaplan', 'Gil G. Kaplan', 'Gil Kaplan', 'Gilaad  G. Kaplan', 'Gilaad G KAPLAN', 'Gilaad G Kaplan', 'Gilaad G. Kaplan', 'Gilaad Kaplan', 'Gilaad\xa0G. Kaplan', 'Kaplan, G.', 'Kaplan, Gilaad G', 'Kaplan, Gilaad G.']",924,54211,96,79,gilaad g.,kaplan,k,gilaad g. kaplan,A5027876343,g kaplan
A5058388442,https://orcid.org/0000-0003-2284-3992,Shaun McDonald,"['McDonald, Shaun', 'Shaun McDonald']",7,9,1,3,shaun,mcdonald,m,shaun mcdonald,A5058388442,s mcdonald
A5070861421,https://orcid.org/0000-0002-3440-464X,Coleman Nye,"['Coleman Nye', 'Nye, Coleman']",13,135,5,4,coleman,nye,n,coleman nye,A5070861421,c nye
A5101607401,https://orcid.org/0000-0001-6529-5784,Martin Lee,"['M. Lee', 'MARTIN LEE', 'Martin Lee', 'Martin W Lee', 'Martin W. Lee']",104,5112,32,33,martin,lee,l,martin lee,A5101607401,m lee
A5062299701,https://orcid.org/0000-0002-2597-1941,Lauren T. Clark,"['Lauren Clark', 'Lauren T Clark', 'Lauren T. Clark']",14,69,3,6,lauren t.,clark,c,lauren t. clark,A5062299701,l clark
A5078050979,,David Nicolas Giuseppe Huebert,"['David Huebert', 'David N. G. Huebert', 'David N.G. Huebert', 'David Nicolas Giuseppe Huebert', 'Huebert, David Nicolas Giuseppe']",7,58,2,3,david nicolas giuseppe,huebert,h,david nicolas giuseppe huebert,A5078050979,d huebert
A5018748908,https://orcid.org/0000-0001-9125-9373,Ross W. Jamieson,"['Jamieson, Ross', 'Jamieson, Ross W.', 'R. W. JAMIESON', 'R. W. Jamieson', 'Ross Jamieson', 'Ross W Jamieson', 'Ross W. Jamieson']",48,569,11,3,ross w.,jamieson,j,ross w. jamieson,A5018748908,r jamieson
A5041551850,,Charith Karunarathna,"['Charith B. Karunarathna', 'Charith Bhagya Karunarathna', 'Charith Karunarathna', 'Karunarathna, Charith', 'Karunarathna, Charith Bhagya']",13,7,2,2,charith,karunarathna,k,charith karunarathna,A5041551850,c karunarathna
A5040526530,https://orcid.org/0000-0001-7171-1967,Joshua N. Silberg,"['J. N Silberg', 'Joshua N. Silberg', 'Joshua Neal Silberg']",10,101,3,5,joshua n.,silberg,s,joshua n. silberg,A5040526530,j silberg
A5034865907,https://orcid.org/0000-0003-3463-5488,Robert S. Hogg,"['', 'B Hogg', 'Hogg, R', 'Hogg, R.S.', 'Hogg, RS', 'Hogg, Robert', 'Hogg, Robert S.', 'Hogg, Robert Stephen', 'R HOGG', 'R Hogg', 'R S Hogg', 'R. HOGG', 'R. Hogg', 'R. S Hogg', 'R. S. Hogg', 'R.S Hogg', 'R.S. Hogg', 'R.\xa0S. Hogg', 'ROBERT S. HOGG', 'RS Hogg', 'Robert Hogg', 'Robert S Hogg', 'Robert S. Hogg', 'Robert S. hogg', 'Robert Stephen Hogg', 'RobertS. Hogg', 'Robert\xa0S. Hogg']",816,48784,99,102,robert s.,hogg,h,robert s. hogg,A5034865907,r hogg
A5094119586,https://orcid.org/0009-0009-3072-8186,Leanna M. Karn,['Leanna M. Karn'],6,11,2,1,leanna m.,karn,k,leanna m. karn,A5094119586,l karn
A5068176051,,Deborah L. Lacroix,"['D. L. Lacroix', 'DEBORAH L. LACROIX', 'Deborah L Lacroix', 'Deborah L. Lacroix', 'Deborah Lacroix', 'Déborah Lacroix']",12,108,6,4,deborah l.,lacroix,l,deborah l. lacroix,A5068176051,d lacroix
A5029914089,https://orcid.org/0000-0001-5016-1927,Olga Belikov,"['Olga Belikov', 'Olga M. Belikov', 'Olga Maria Belikov', 'Olga Reitzik']",22,659,12,3,olga,belikov,b,olga belikov,A5029914089,o belikov
A5113915541,,Helen Chong,['Helen Chong'],9,130,5,2,helen,chong,c,helen chong,A5113915541,h chong
A5003359844,,Anurag Sanyal,"['Anurag Sanyal', 'Sanyal, Anurag']",6,9,2,2,anurag,sanyal,s,anurag sanyal,A5003359844,a sanyal
A5037662785,,Chloe Hill,['Chloe Hill'],10,30,3,1,chloe,hill,h,chloe hill,A5037662785,c hill
A5054622019,https://orcid.org/0000-0002-0216-3538,Victoria Brown,"['Brown, Victoria', 'V. Brown', 'V. N. BROWN', 'Victoria Brown']",24,531,8,2,victoria,brown,b,victoria brown,A5054622019,v brown
A5002843048,,Carlos Sierra Hernandez,['Carlos Sierra Hernandez'],9,47,4,3,carlos sierra,hernandez,h,carlos sierra hernandez,A5002843048,c hernandez
A5110111039,,Amy Harris,"['A. S. HARRIS', 'Amy Harris', 'Cory Atkinson', 'Harris, Amy']",183,41,5,8,amy,harris,h,amy harris,A5110111039,a harris
A5091147357,https://orcid.org/0000-0003-2888-9836,Damanvir Singh Binner,"['Binner, Damanvir Singh', 'Damanvir Singh Binner']",22,9,2,3,damanvir singh,binner,b,damanvir singh binner,A5091147357,d binner
A5038837628,,Alana Gerecke,"['ALANA GERECKE', 'Alana Gerecke']",15,15,2,2,alana,gerecke,g,alana gerecke,A5038837628,a gerecke
A5064103476,,Tania Bakshi,"['Bakshi, Tania', 'Tania Bakshi', 'Tania S. Bakshi']",8,140,6,8,tania,bakshi,b,tania bakshi,A5064103476,t bakshi
A5084276100,,M. X. Chen,"['Chen, M. X.', 'Dr. Mei-Ling Wong and Dr. Sheng-You Chen', 'M. X. Chen', 'Mo Chen']",9,85,2,3,m. x.,chen,c,m. x. chen,A5084276100,m chen
A5015222581,,Kathleen Furtado,"['Furtado, Kathleen', 'Kathleen Furtado']",6,23,2,2,kathleen,furtado,f,kathleen furtado,A5015222581,k furtado
A5112516079,,M. Mercier,"['M Mercier', 'M. Mercier', 'Marion Mercier', 'Mercier, M.', 'Moira Le Mercier']",64,1338,14,27,m.,mercier,m,m. mercier,A5112516079,m mercier
A5054818798,https://orcid.org/0000-0003-4518-4758,John O. Ticknor,"['J O Ticknor', 'J.O. Ticknor', 'J.\u2009O. Ticknor', 'John O Ticknor', 'John O. Ticknor', 'Ticknor, John O.']",32,118,7,5,john o.,ticknor,t,john o. ticknor,A5054818798,j ticknor
A5050567283,https://orcid.org/0000-0002-7793-8780,Willow Samara Allen,"['Dr. Willow Samara Allen', 'Willow Allen', 'Willow S. Allen', 'Willow Samara Allen']",11,29,3,4,willow samara,allen,a,willow samara allen,A5050567283,w allen
A5014768343,,Ashley Livingstone,"['Ashley C. Livingstone', 'Ashley Livingstone']",15,186,8,3,ashley,livingstone,l,ashley livingstone,A5014768343,a livingstone
A5045544087,https://orcid.org/0000-0001-6015-347X,Gavia Lertzman‐Lepofsky,"['Gavia F. Lertzman‐Lepofsky', 'Gavia Lertzman-Lepofsky', 'Gavia Lertzman‐Lepofsky', 'Lertzman-Lepofsky, Gavia']",14,214,4,2,gavia,lertzman‐lepofsky,l,gavia lertzman‐lepofsky,A5045544087,g lertzman‐lepofsky
A5054475127,https://orcid.org/0000-0002-9882-0415,Mei-ling Wiedmeyer,"['M Wiedmeyer', 'Mei-Ling Wiedmeyer', 'Mei-ling Wiedmeyer']",25,205,9,17,mei-ling,wiedmeyer,w,mei-ling wiedmeyer,A5054475127,m wiedmeyer
A5044064540,,Aman Dheri,"['A Dheri', 'Aman Dheri', 'Aman K Dheri', 'Aman K. Dheri', 'Dheri, Aman']",9,158,5,7,aman,dheri,d,aman dheri,A5044064540,a dheri
A5049775315,https://orcid.org/0000-0002-9345-0750,Han Zhang,['Han Zhang'],12,78,4,11,han,zhang,z,han zhang,A5049775315,h zhang
A5080353462,https://orcid.org/0000-0002-4970-053X,Lisa Goddard,"['Goddard, Lisa', 'L. Goddard', 'Lisa Goddard']",65,1492,15,11,lisa,goddard,g,lisa goddard,A5080353462,l goddard
A5002048689,,Yinjie Du,"['Du, Yinjie', 'Yinjie Du']",7,21,2,5,yinjie,du,d,yinjie du,A5002048689,y du
A5058205892,https://orcid.org/0000-0003-3692-7441,Sonia S. Anand,"['Anand S', 'Anand S.', 'Anand Sonia', 'Anand, S.S.', 'Anand, Sonia', 'Anand, Sonia S.', 'Louis Akkermans', 'S Anand', 'S S Anand', 'S. Anand', 'S. S Anand', 'S. S. Anand', 'S.S Anand', 'S.S. Anand', 'SONIA ANAND', 'Sonia Anand', 'Sonia S Anand', 'Sonia S. Anand', 'Sonia Savitri Anand', 'Sonia\xa0S. Anand', 'Young Jin Kim']",663,53925,101,120,sonia s.,anand,a,sonia s. anand,A5058205892,s anand
A5073522356,,G. Mund,"['G. Mund', 'Garry Mund', 'Mund, G.']",25,127,6,2,g.,mund,m,g. mund,A5073522356,g mund
A5068992638,,Nancy Calhoun,"['Calhoun, N. C.', 'N. Calhoun', 'Nancy A. Calhoun', 'Nancy Calhoun']",26,99,4,4,nancy,calhoun,c,nancy calhoun,A5068992638,n calhoun
A5045066589,https://orcid.org/0000-0002-4201-6030,Thomas Wong,"['T. Wong', 'T.T.Y. Wong', 'Thomas T. Y. Wong', 'Thomas T.Y. Wong', 'Thomas Wong', 'Wong, Thomas']",125,1387,17,14,thomas,wong,w,thomas wong,A5045066589,t wong
A5036799494,https://orcid.org/0000-0001-9251-0558,Alaz Munzur,"['Alaz Munzur', 'Munzur, Alaz']",21,27,3,3,alaz,munzur,m,alaz munzur,A5036799494,a munzur
A5100329932,https://orcid.org/0000-0002-3160-614X,Xi Chen,"['CHEN Xi', 'Chen X', 'Chen Xi', 'Chen, Xi', 'Chen,Xi', 'Glaucia Furtado', 'Tian Zhang', 'X CHEN', 'X Chen', 'X. Chen', 'X., Chen', 'XI CHEN', 'Xi CHEN', 'Xi Chen', 'Xi Chen (35903)', 'Xiao cui Chen', 'Xiaokang Gong', 'Xin Chen', 'Xinrong Chen', 'Xiurong Chen', 'Xuanzheng Chen', 'Xuyi Chen']",933,25624,81,300,xi,chen,c,xi chen,A5100329932,x chen
A5019844079,,Hilary Aime,['Hilary Aime'],7,115,3,1,hilary,aime,a,hilary aime,A5019844079,h aime
A5032632519,https://orcid.org/0000-0002-3014-6719,Xueping Hu,"['Hu, X. Joan', 'X Hu', 'X. Hu', 'X. J. Hu', 'X. Joan Hu', 'XIA HU', 'Xiao-Le Hu', 'Xiaojuan Hu', 'Xiaorong Hu', 'Xiaosong Hu', 'Xin-Ru Hu', 'Xuanwei Hu', 'Xue-Ping Hu', 'Xue-ping Hu', 'Xueping Hu', 'Xue‐ping Hu']",77,1361,21,24,xueping,hu,h,xueping hu,A5032632519,x hu
A5017398687,,Brahmjot Kaur,"['Brahmjot Kaur', 'Kaur, Brahmjot']",11,87,4,6,brahmjot,kaur,k,brahmjot kaur,A5017398687,b kaur
A5016325737,https://orcid.org/0000-0002-6667-2913,Pawel Kudzia,"['Kudzia, Pawel', 'Pawel Kudzia']",17,1033,5,9,pawel,kudzia,k,pawel kudzia,A5016325737,p kudzia
A5064538645,https://orcid.org/0000-0002-4993-298X,Jie Pan,"['J Pan', 'J. Pan', 'JIE PAN', 'Jie PAN', 'Jie Pan', 'Jie. Pan', 'Pan Jie', 'Pan, Jie']",132,3567,29,53,jie,pan,p,jie pan,A5064538645,j pan
A5100453702,https://orcid.org/0000-0003-3886-0420,Tao Wang,"['Tao Wang', 'Wang, Tao']",19,330,7,5,tao,wang,w,tao wang,A5100453702,t wang
A5076832978,https://orcid.org/0000-0002-4763-0160,Jian Zhuang,"['J. Zhuang', 'Jian Yong Zhuang', 'Jian Zhuang', 'Jian Zhuang Che', 'Kun Zheng', 'Zhuang, Jian']",111,2161,23,33,jian,zhuang,z,jian zhuang,A5076832978,j zhuang
A5077934746,https://orcid.org/0000-0003-2498-5513,Deanna Reder,"['Deanna Reder', 'Reder, Deanna', 'Reder, Deanna Helen']",27,88,4,3,deanna,reder,r,deanna reder,A5077934746,d reder
A5006475651,https://orcid.org/0009-0004-5255-7617,Katy Peng,"['K Ken Peng', 'K. Ken Peng', 'Katy Peng', 'Peng, K. Ken']",10,143,5,4,katy,peng,p,katy peng,A5006475651,k peng
A5023954289,https://orcid.org/0000-0002-1036-6116,Jacky Barreiro,"['Jacky Barreiro', 'Jacqueline Barreiro']",10,19,3,4,jacky,barreiro,b,jacky barreiro,A5023954289,j barreiro
A5031756130,https://orcid.org/0000-0001-9149-8294,Sasan V. Grayli,"['Grayli, Sasan V.', 'Sasan V Grayli', 'Sasan V. Grayli', 'Sasan V. Grayli (8928452)', 'Sasan V.-Grayli']",25,41,4,2,sasan v.,grayli,g,sasan v. grayli,A5031756130,s grayli
A5057043078,https://orcid.org/0000-0002-2530-5957,Robyn Lee,['Robyn Lee'],18,202,7,3,robyn,lee,l,robyn lee,A5057043078,r lee
A5040388209,https://orcid.org/0009-0000-6641-6373,Dana A. Page,"['Dana A. Page', 'Dana Page']",14,81,4,3,dana a.,page,p,dana a. page,A5040388209,d page
A5011642774,https://orcid.org/0009-0000-2304-4442,Jordyn Hrenyk,"['Hrenyk, Jordyn', 'Jordyn Hrenyk']",15,49,4,1,jordyn,hrenyk,h,jordyn hrenyk,A5011642774,j hrenyk
A5074134148,https://orcid.org/0000-0002-3844-5852,Marvin Messing,['Marvin Messing'],9,323,7,2,marvin,messing,m,marvin messing,A5074134148,m messing
A5009690588,https://orcid.org/0000-0003-4034-0977,David Prime,"['D. Prime', 'David J Prime', 'David Prime']",15,259,7,7,david,prime,p,david prime,A5009690588,d prime
A5014594202,https://orcid.org/0000-0002-5640-937X,Lei Sun,"['Jiangbo Zhu', 'L Sun', 'L. Sun', 'L.-C. Sun', 'Lei Sun', 'Sun, L.-C.', 'Sun, Lei', 'Zhiliang Wei']",186,5346,39,53,lei,sun,s,lei sun,A5014594202,l sun
A5053772564,https://orcid.org/0000-0003-3898-3447,Tomáš Vinař,"['T. Vinar', 'TOMÁŠ VINAŘ', 'Tomas Vinar', 'Tomas Vinař', 'Tomáš Vinar', 'Tomáš VinaŘ', 'Tomáš Vinař', 'Vinar, Tomas', 'Vinař, Tomáš', 'Xiao Liu', '\xa0Tomas Vinar']",148,7420,28,12,tomáš,vinař,v,tomáš vinař,A5053772564,t vinař
A5033617921,https://orcid.org/0000-0002-1784-6702,Heather Clarke,"['Clarke, H', 'Clarke, Heather', 'Eliot Jones', 'H CLARKE', 'H. J. Clarke', 'H.C. Clarke', 'H.J. Clarke', 'HC Clarke', 'Heather Clarke', 'Heather J Clarke', 'Heather J. Clarke', 'Heather. J. Clarke', 'Katie Bell']",45,1607,17,4,heather,clarke,c,heather clarke,A5033617921,h clarke
A5046385319,,Helene Love,"['Helene Love', 'Love, Helene']",19,28,3,3,helene,love,l,helene love,A5046385319,h love
A5033008869,,Shichong Peng,"['Peng, Shichong', 'Shichong Peng']",28,130,5,3,shichong,peng,p,shichong peng,A5033008869,s peng
A5019093441,https://orcid.org/0000-0003-4696-764X,Stephen Pinfield,"['Pinfield, Stephen', 'Stephen PINFIELD', 'Stephen Pinfield']",202,4073,33,22,stephen,pinfield,p,stephen pinfield,A5019093441,s pinfield
A5059367853,https://orcid.org/0000-0001-6519-7164,Cassondra Armstrong,"['Armstrong, Cassondra', 'C Armstrong', 'Cassondra Armstrong']",9,85,4,2,cassondra,armstrong,a,cassondra armstrong,A5059367853,c armstrong
A5034954560,,Will McKenzie,"['W.F. McKenzie', 'Will F. McKenzie', 'Will McKenzie', 'Will Mckenzie', 'Will. F. Mckenzie']",11,130,3,6,will,mckenzie,m,will mckenzie,A5034954560,w mckenzie
A5033922432,,Claudette Lauzon,"['Claudette Lauzon', 'Lauzon, Claudette', 'Lauzon, Claudette 1969-']",18,33,3,2,claudette,lauzon,l,claudette lauzon,A5033922432,c lauzon
A5035068594,https://orcid.org/0000-0002-8321-9950,Mark A. Rubin,"['M A Rubin', 'M A. Rubin', 'M RUBIN', 'M Rubin', 'M. A. RUBIN', 'M. A. Rubin', 'M. Rubin', 'M.A Rubin', 'M.A. RUBIN', 'M.A. Rubin', 'M.A.R. Rubin', 'MA Rubin', 'MARK A RUBIN', 'MARK A. RUBIN', 'MARK RUBIN', 'MarK Rubin', 'Marco A Marra', 'Mark  Rubin', 'Mark A Rubin', 'Mark A. Rubin', 'Mark A. Rubin, MD', 'Mark Andrew Rubin', 'Mark Rubin', 'Mark Rubin (21268061)', 'Mark. A. Rubin', 'Mark\xa0A. Rubin', 'Romina Royo', 'Rubin Mark A', 'Rubin, M A', 'Rubin, M.A.', 'Rubin, Mark', 'Rubin, Mark A', 'Rubin, Mark A.', 'Rubin, Mark Andrew']",1518,167338,186,209,mark a.,rubin,r,mark a. rubin,A5035068594,m rubin
A5055200286,https://orcid.org/0000-0002-8418-9343,Kiran Nakka,"['K K Nakka', 'Kiran K. Nakka', 'Kiran Kumar Nakka', 'Kiran Nakka', 'Nakka, Kiran K.']",29,986,15,15,kiran,nakka,n,kiran nakka,A5055200286,k nakka
A5111096781,,Amirreza Kazemi,"['Amirreza Kazemi', 'Kazemi, Amirreza']",8,11,1,5,amirreza,kazemi,k,amirreza kazemi,A5111096781,a kazemi
A5014944419,https://orcid.org/0000-0002-6084-2635,Tyler Kelly,"['Tyler Kelly', 'Tyler T Kelly', 'Tyler T. Kelly']",9,42,3,2,tyler,kelly,k,tyler kelly,A5014944419,t kelly
A5109802582,,C. M. Hamm,"['C. M. Hamm', 'Cornell Hamm']",6,90,2,1,c. m.,hamm,h,c. m. hamm,A5109802582,c hamm
A5086599116,,Richard Rosenthal,"['Richard A. Rosenthal', 'Richard Rosenthal']",9,58,3,2,richard,rosenthal,r,richard rosenthal,A5086599116,r rosenthal
A5071652259,,Rob Higgins,['Rob Higgins'],6,41,3,3,rob,higgins,h,rob higgins,A5071652259,r higgins
A5078622865,https://orcid.org/0000-0002-4193-1640,Oloyede Solomon Oyelekan,"['Oloyede S. Oyelekan', 'Oloyede Solomon Oyelekan']",22,115,7,2,oloyede solomon,oyelekan,o,oloyede solomon oyelekan,A5078622865,o oyelekan
A5044050496,https://orcid.org/0000-0002-9128-3290,Mu Chiao,"['M Chiao', 'M. Chiao', 'MU Chiao', 'Mu Chiao', 'Mu. Chiao']",166,4994,31,8,mu,chiao,c,mu chiao,A5044050496,m chiao
A5075682350,,Rémi Léger,"['Léger, Rémi 1983-', 'Rémi Léger']",67,131,7,6,rémi,léger,l,rémi léger,A5075682350,r léger
A5092143050,https://orcid.org/0000-0002-7158-0749,Aivija Grundmane,['Aivija Grundmane'],8,33,3,2,aivija,grundmane,g,aivija grundmane,A5092143050,a grundmane
A5074529002,https://orcid.org/0000-0002-1662-3734,Edmond W. H. Lee,"['E. W. H. Lee', 'EDMOND W. H. LEE', 'Edmond Lee', 'Edmond W H Lee', 'Edmond W. H. Lee', 'Edmond W. \u200aH. Lee', 'Edmond W.H. Lee', 'Lee, Edmond W. H.']",94,655,15,5,edmond w. h.,lee,l,edmond w. h. lee,A5074529002,e lee
A5038207962,,Becky Palmer,"['Becky C. Palmer', 'Becky Palmer', 'Palmer, Becky Carolynn']",7,30,3,10,becky,palmer,p,becky palmer,A5038207962,b palmer
A5040483393,,Soroush Naeiji,['Soroush Naeiji'],12,23,3,2,soroush,naeiji,n,soroush naeiji,A5040483393,s naeiji
A5059056746,,Roumi Ilieva,['Roumi Ilieva'],6,118,3,1,roumi,ilieva,i,roumi ilieva,A5059056746,r ilieva
A5002046327,,Rowan Melling,"['Melling, Rowan', 'Rowan Melling']",6,3,1,1,rowan,melling,m,rowan melling,A5002046327,r melling
A5050240657,,Kyle E Simpson,"['Kyle E Simpson', 'Kyle E. Simpson', 'Kyle Simpson']",18,33652,10,4,kyle e,simpson,s,kyle e simpson,A5050240657,k simpson
A5101514420,https://orcid.org/0000-0002-3173-6139,Luiz F. R. Oliveira,"['Luiz F. R. Oliveira', 'Luiz F.R. Oliveira', 'Luiz Felipe Oliveira', 'Oliveira, Luiz F. R.']",10,30,3,4,luiz f. r.,oliveira,o,luiz f. r. oliveira,A5101514420,l oliveira
A5023015443,https://orcid.org/0009-0008-4588-1215,Zahra Halavani,"['Halavani, Zahra', 'Zahra Halavani']",8,10,2,2,zahra,halavani,h,zahra halavani,A5023015443,z halavani
A5014032927,https://orcid.org/0000-0001-8876-9225,Jonathan Han,['Jonathan Han'],20,142,6,16,jonathan,han,h,jonathan han,A5014032927,j han
A5071435032,,Nastaran Arianpoo,"['Arianpoo, Nastaran', 'Nastaran Arianpoo']",7,74,4,3,nastaran,arianpoo,a,nastaran arianpoo,A5071435032,n arianpoo
A5089196349,https://orcid.org/0000-0003-1882-8132,Shahzad Ghanbarian,"['S Ghanbarian', 'S. Ghanbarian', 'Shahzad Ghanbarian']",16,140,5,9,shahzad,ghanbarian,g,shahzad ghanbarian,A5089196349,s ghanbarian
A5022513403,https://orcid.org/0000-0001-6049-0046,Mari Fukuda,"['FUKUDA, Mari', 'Fukuda, Mari', 'M Fukuda', 'M. Fukuda', 'MARI FUKUDA', 'Mari FUKUDA', 'Mari Fukuda']",60,521,12,22,mari,fukuda,f,mari fukuda,A5022513403,m fukuda
A5046405628,https://orcid.org/0000-0003-3723-3177,Melissa B. Glier,"['Glier, Melissa Beth', 'M.B. Glier', 'MB Glier', 'Melissa B Glier', 'Melissa B. Glier', 'Melissa Glier']",29,520,12,6,melissa b.,glier,g,melissa b. glier,A5046405628,m glier
A5016103754,https://orcid.org/0000-0003-0240-9582,Montek Singh Boparai,"['Boparai, Montek', 'Montek Boparai', 'Montek Singh Boparai']",7,4,1,5,montek singh,boparai,b,montek singh boparai,A5016103754,m boparai
A5103749822,https://orcid.org/0000-0002-4383-7121,Carlos Ponce,"['C Ponce', 'CARLOS PONCE', 'Carlos J. Ponce', 'Carlos Luis Calderón Ponce', 'Carlos Ponce', 'Ponce, Carlos']",99,2193,23,22,carlos,ponce,p,carlos ponce,A5103749822,c ponce
A5018683795,https://orcid.org/0000-0002-5110-6409,Helen Kelly‐Holmes,"['H. Kelly-Holmes', 'HELEN KELLY-HOLMES', 'HELEN KELLY‐HOLMES', 'Helen Kelly-Holmes', 'Helen Kellyholmes', 'Helen Kelly‐Holmes', 'Kelly-Holmes, Helen']",110,2194,25,51,helen,kelly‐holmes,k,helen kelly‐holmes,A5018683795,h kelly‐holmes
A5108826949,,George Chow,"['G C Chow', 'George Chow']",8,47,2,4,george,chow,c,george chow,A5108826949,g chow
A5058311924,https://orcid.org/0000-0002-3730-4310,Delphine Labbé,"['D LABBE', 'D Labbe', 'D Labbé', 'D. Labbé', 'D. Maria Labbe', 'Delphine Labbe', 'Delphine LabbÉ', 'Delphine Labbé', 'Labbé, Delphine']",93,867,18,15,delphine,labbé,l,delphine labbé,A5058311924,d labbé
A5000958944,https://orcid.org/0000-0001-6087-9182,Paul Jones,"['Dahlys Root', 'Jones, P. W.', 'Jones, PW', 'Jones, Paul', 'Jones, Paul W.', 'Jones,Paul W', 'P Jones', 'P W Jones', 'P. Jones', 'P. W. Jones', 'P.W JONES', 'P.W. JONES', 'P.W. Jones', 'PAUL JONES', 'PW Jones', 'Paul Jones', 'Paul W Jones', 'Paul W. Jones', 'Paul Wyatt Jones', 'Peter Giele']",560,60589,91,91,paul,jones,j,paul jones,A5000958944,p jones
A5103751297,https://orcid.org/0000-0003-3423-8976,Skye Augustine,"['Augustine, Skye', 'Skye Augustine']",13,143,4,4,skye,augustine,a,skye augustine,A5103751297,s augustine
A5006194173,https://orcid.org/0000-0002-9226-0568,Samantha Thompson,"['S THOMPSON', 'S Thompson', 'S. Thompson', 'Samantha Thompson']",33,803,9,13,samantha,thompson,t,samantha thompson,A5006194173,s thompson
A5034176592,https://orcid.org/0000-0003-3583-2555,Ana María Herrera,"['A. M. Herrera', 'ANA MARÍA HERRERA', 'Ana Herrera', 'Ana Maria Herrera', 'Ana María Herrera', 'Herrera, Ana Maria']",63,3116,24,19,ana maría,herrera,h,ana maría herrera,A5034176592,a herrera
A5084578768,,Damir Paripovic,"['Damir Paripovic', 'Paripovic, Damir']",7,11,2,1,damir,paripovic,p,damir paripovic,A5084578768,d paripovic
A5081094552,https://orcid.org/0000-0003-4446-7561,Navid Balazadeh,"['Navid Balazadeh', 'Navid Balazadeh Meresht', 'Navid Balazadeh‐Meresht']",17,166,6,3,navid,balazadeh,b,navid balazadeh,A5081094552,n balazadeh
A5037005145,https://orcid.org/0000-0001-7904-306X,Nadish de Silva,"['Nadish de Silva', 'de Silva, Nadish']",16,53,3,2,nadish de,silva,s,nadish de silva,A5037005145,n silva
A5010351825,https://orcid.org/0000-0002-4206-4585,Hannah Potgieter,"['Hannah Potgieter', 'Potgieter, Hannah']",7,0,0,2,hannah,potgieter,p,hannah potgieter,A5010351825,h potgieter
A5062471502,https://orcid.org/0000-0002-6763-3940,Alice Campbell,"['Alice Campbell', 'Alice K. Campbell', 'Alice Kate Campbell', 'Campbell, Alice']",75,561,12,8,alice,campbell,c,alice campbell,A5062471502,a campbell
A5109064977,https://orcid.org/0009-0002-4330-0671,Sarah Garner,"['Garner, Sarah', 'Garner, Sarah E.', 'Gordon Granados', 'S. Garner', 'Sarah E Garner', 'Sarah E. Garner', 'Sarah Garner']",101,3862,30,42,sarah,garner,g,sarah garner,A5109064977,s garner
A5005632299,https://orcid.org/0009-0004-8067-1927,Zhengqing Wang,['Zhengqing Wang'],8,86,3,5,zhengqing,wang,w,zhengqing wang,A5005632299,z wang
A5045201508,https://orcid.org/0000-0003-4357-8438,Yasaman Vaghei,"['Vaghei, Yasaman', 'Y. Vaghei', 'Yasaman Vaghei']",13,150,5,3,yasaman,vaghei,v,yasaman vaghei,A5045201508,y vaghei
A5017115099,,Simon Tavener,"['S J Tavener', 'S Tavener', 'S. J Tavener', 'S. J. TAVENER', 'S. J. Tavener', 'S. Tavener', 'S.J Tavener', 'S.J. Tavener', 'SIMON J. TAVENER', 'Simon J. Tavener', 'Simon Tavener', 'Tavener, S. J.', 'Tavener, Simon', 'Tavener, Simon J.']",145,2139,26,12,simon,tavener,t,simon tavener,A5017115099,s tavener
A5033805174,,Margaret de Groh,"['M Groh', 'M de Groh', 'M. de Groh', 'Margaret De Groh', 'Margaret de Groh', 'de Groh, Margaret']",121,2402,26,12,margaret de,groh,g,margaret de groh,A5033805174,m groh
A5090509767,,Matt Hern,"['MATT HERN', 'Matt Hern']",47,49,5,3,matt,hern,h,matt hern,A5090509767,m hern
A5080413518,https://orcid.org/0000-0002-7147-1489,Zezhong Wang,"['Wang, Zezhong', 'Zezhong Wang']",13,39,4,2,zezhong,wang,w,zezhong wang,A5080413518,z wang
A5049617747,https://orcid.org/0000-0001-8803-3744,Junine Toy,"['J Toy', 'Junine Toy', 'K. Junine Toy']",36,492,10,8,junine,toy,t,junine toy,A5049617747,j toy
A5027435122,https://orcid.org/0000-0001-7380-5414,Yutaro Izumi,['Yutaro Izumi'],9,24,3,9,yutaro,izumi,i,yutaro izumi,A5027435122,y izumi
A5021447806,,Cara Camcastle,"['CARA CAMCASTLE', 'Camcastle, Cara', 'Cara Camcastle']",9,78,5,2,cara,camcastle,c,cara camcastle,A5021447806,c camcastle
A5057763871,,María Teresa Moreno Sala,"['Maria T Moreno Sala', 'Maria T. Moreno Sala', 'Maria Teresa Moreno Sala', 'María Teresa Moreno Sala']",13,157,5,3,maría teresa moreno,sala,s,maría teresa moreno sala,A5057763871,m sala
A5054454698,https://orcid.org/0000-0001-7083-4383,Armi Behzad,['Armi Behzad'],8,100,3,2,armi,behzad,b,armi behzad,A5054454698,a behzad
A5006940681,https://orcid.org/0000-0002-3899-5205,Saina Beitari,"['Beitari, Saina', 'S. Beitari', 'Saina Beitari']",22,223,6,7,saina,beitari,b,saina beitari,A5006940681,s beitari
A5101537580,https://orcid.org/0000-0002-8022-1369,Chia-Ying Lin,"['Chia-Ying Lin', 'Chia‐Ying Lin', 'Yung-Hsiang Chen']",21,135,8,12,chia-ying,lin,l,chia-ying lin,A5101537580,c lin
A5032262644,https://orcid.org/0000-0002-2775-8159,Karen Ferguson,"['K. Ferguson', 'K. J. Ferguson', 'KAREN FERGUSON', 'Karen Ferguson', 'Karen J Ferguson', 'Karen J. Ferguson', 'Kazuo Minematsu']",99,4209,30,22,karen,ferguson,f,karen ferguson,A5032262644,k ferguson
A5026460248,,Paul Edward Dutton,"['Dutton, Paul', 'Dutton, Paul Edward', 'Dutton, Paul Edward 1952-', 'P E Dutton', 'Paul Dutton', 'Paul E. Dutton', 'Paul Edward Dutton']",87,987,16,5,paul edward,dutton,d,paul edward dutton,A5026460248,p dutton
A5038226620,https://orcid.org/0000-0002-7595-3581,Avi Bick,"['AVI BICK', 'Avi Bick']",18,400,8,2,avi,bick,b,avi bick,A5038226620,a bick
A5006472892,https://orcid.org/0000-0001-9749-3814,Erin M. Gibson,"['E. Gibson', 'Erin Gibson', 'Erin M Gibson', 'Erin M. Gibson', 'Erin\xa0M. Gibson', 'Gibson, Erin']",69,4895,22,21,erin m.,gibson,g,erin m. gibson,A5006472892,e gibson
A5000697353,https://orcid.org/0000-0003-4882-2989,Madi Yerlanov,"['M. Yerlanov', 'Madi Yerlanov', 'Yerlanov, Madi']",14,226,4,4,madi,yerlanov,y,madi yerlanov,A5000697353,m yerlanov
A5070670231,,Luiz Pereira da Silva,"['LUIZ PEREIRA DA SILVA', 'Luiz A. Pereira da Silva', 'Luiz Pereira Da Silva', 'Luiz Pereira da Silva', 'Pereira da Silva, Luiz']",42,1516,16,7,luiz pereira da,silva,s,luiz pereira da silva,A5070670231,l silva
A5057999502,https://orcid.org/0000-0002-5924-6983,Stefan Trandafir,"['Stefan Trandafir', 'Trandafir, Stefan']",20,9,2,2,stefan,trandafir,t,stefan trandafir,A5057999502,s trandafir
A5101688198,,Kevin Lam,"['K. S. Jimmy Lam', 'Katherine Lam', 'Kevin Lam', 'Lam, K.', 'Lam, Kevin']",31,316,6,7,kevin,lam,l,kevin lam,A5101688198,k lam
A5080223835,,Satwinder Kaur Bains,"['Satwinder Bains', 'Satwinder K. Bains', 'Satwinder Kaur Bains']",14,38,4,12,satwinder kaur,bains,b,satwinder kaur bains,A5080223835,s bains
A5053831484,,Kimia Kiani,['Kimia Kiani'],6,153,3,3,kimia,kiani,k,kimia kiani,A5053831484,k kiani
A5024549424,https://orcid.org/0000-0002-3203-9255,Crispin Thurlow,"['C. Thurlow', 'CRISPIN THURLOW', 'Crispin Thurlow', 'Thurlow, Crispin']",181,4596,31,53,crispin,thurlow,t,crispin thurlow,A5024549424,c thurlow
A5111804618,,Ahmed Ayoub,"['A. Ayoub', 'AHMED AYOUB', 'Ahmed Ayoub', 'Ahmed E. Ayoub']",14,42,4,6,ahmed,ayoub,a,ahmed ayoub,A5111804618,a ayoub
A5074985980,https://orcid.org/0000-0003-2809-374X,Gemma Hunting,"['G Hunting', 'G. Hunting', 'Gemma Hunting', 'Hunting, Gemma']",20,1025,9,5,gemma,hunting,h,gemma hunting,A5074985980,g hunting
A5110161050,,Yuzhen Mao,"['Mao, Yuzhen', 'Yuzhen Mao']",11,557,7,4,yuzhen,mao,m,yuzhen mao,A5110161050,y mao
A5044586253,https://orcid.org/0000-0002-5300-7500,Da Ma,"['D Ma', 'D. MA', 'Da Ma', 'Da ma', 'Ma, Da', 'Zhan-Ting Li']",155,3169,29,34,da,ma,m,da ma,A5044586253,d ma
A5108986632,,D. H. Scott,"['D H Scott', 'D. H. SCOTT', 'D. H. Scott', 'D.H. SCOTT', 'D.H. Scott', 'DYLAN SCOTT', 'Devon Scott', 'Scott, D. H.']",96,700,13,19,d. h.,scott,s,d. h. scott,A5108986632,d scott
A5078080270,,Catherine Wang,"['Catherine Wang', 'Rosalie Tung', 'Simon Fraser']",11,9,2,6,catherine,wang,w,catherine wang,A5078080270,c wang
A5030428474,,Kelsey Duncan,"['K. R. Duncan', 'K. Rose Duncan', 'K.R. Duncan', 'Kelsey Duncan', 'Kelsey L. Duncan']",32,502,9,11,kelsey,duncan,d,kelsey duncan,A5030428474,k duncan
A5109588923,,Rachel Park,"['Jiang Meng', 'Park Rachel', 'Rachel Park', 'Rachel Yoonjo Park']",16,70,4,14,rachel,park,p,rachel park,A5109588923,r park
A5074800507,https://orcid.org/0000-0003-3974-0594,John H. Borden,"['Borden, J.', 'Borden, John H.', 'Borden, John H. (John Harvey)', 'J H Borden', 'J. H Borden', 'J. H. BORDEN', 'J. H. Borden', 'J.H. Borden', 'JOHN H. BORDEN', 'John Borden', 'John H Borden', 'John H. Borden', 'John Harvey Borden', 'M Blinkhorn']",395,11618,56,22,john h.,borden,b,john h. borden,A5074800507,j borden
A5044191654,https://orcid.org/0000-0002-5214-5370,Sherry H. Young,"['S H-Y Young', 'S Young', 'S. Young', 'Sherry H Y Young', 'Sherry H Young', 'Sherry H. Y. Young', 'Sherry H. Young', 'Sherry H.Y. Young', 'Sherry Hsueh Yi Young', 'Sherry Young', 'Sherry\xa0H. Young']",50,981,19,9,sherry h.,young,y,sherry h. young,A5044191654,s young
A5004129270,https://orcid.org/0009-0000-4848-4890,Haixu Wang,"['Hai-Xu Wang', 'Hai-xu Wang', 'Haixu Wang', 'Lu Bai', 'Wang Haixu', 'Wang, Haixu']",116,2146,26,53,haixu,wang,w,haixu wang,A5004129270,h wang
A5084507280,,Lambertus C. Struik,"['L C Struik', 'L. C. Struik', 'L.C. Struik', 'Lambertus C Struik', 'Lambertus C. Struik', 'Lambertus Struik', 'Struik, L.C.', 'Struik, Lambertus Cornelis', 'Struik, Lambertus,', 'Struik, Lambertus, C.']",30,420,12,3,lambertus c.,struik,s,lambertus c. struik,A5084507280,l struik
A5021923749,https://orcid.org/0000-0002-9511-0899,Amara Amara,"['A. Amara', 'Amara AMARA', 'Amara Amara', 'Amara, Amara', 'Hoon Myung', 'Sunwoo', 'Vp-Technical']",306,1508,18,52,amara,amara,a,amara amara,A5021923749,a amara
A5061603743,https://orcid.org/0000-0003-0835-9395,Reza Farzam,"['R. Farzam', 'Reza Farzam']",7,74,4,2,reza,farzam,f,reza farzam,A5061603743,r farzam
A5011459593,https://orcid.org/0000-0002-8614-4640,Minh Nhat Nguyen,"['M. Nguyen', 'M.N. Nguyen', 'Minh N. Nguyen', 'Minh Nguyen', 'Minh Nhat Nguyen']",28,301,10,12,minh nhat,nguyen,n,minh nhat nguyen,A5011459593,m nguyen
A5080839869,,Milena Wrobel,"['MILENA WROBEL', 'Milena Wrobel', 'Wrobel, Milena']",20,98,5,6,milena,wrobel,w,milena wrobel,A5080839869,m wrobel
A5068488866,https://orcid.org/0000-0002-5243-5503,Martin Peifer,"['Chandra Sekhar Pedamallu', 'M Peifer', 'M. Peifer', 'MARTIN PEIFER', 'Martin Peifer', 'Peifer, Martin']",481,34460,73,44,martin,peifer,p,martin peifer,A5068488866,m peifer
A5100398804,https://orcid.org/0000-0003-2460-6851,Kun Liu,"['K Liu', 'Ke Liu', 'Kun LIU', 'Kun Liu', 'Liu, K, Tianjin University', 'Liu, Kun', 'Shuang Liu']",585,7581,44,134,kun,liu,l,kun liu,A5100398804,k liu
A5061918895,https://orcid.org/0000-0002-4019-9363,N. Benjamin,"['B Ma', 'Benjamin Ma', 'Benjamin N. Ma', 'M A Benjamin', 'N Benjamin', 'N. Benjamin']",15,330,9,6,n.,benjamin,b,n. benjamin,A5061918895,n benjamin
A5087934463,https://orcid.org/0000-0003-3525-2956,Justine R. Magnuson,"['JUSTINE R. MAGNUSON', 'Justine Magnuson', 'Justine R. Magnuson', 'Justine\xa0R. Magnuson', 'Magnuson, Justine R.']",25,324,9,12,justine r.,magnuson,m,justine r. magnuson,A5087934463,j magnuson
A5082660511,https://orcid.org/0000-0003-2847-2053,Derek Fujimoto,"['D Fujimoto', 'D. Fujimoto', 'Derek Fujimoto', 'Fujimoto, D.', 'Fujimoto, Derek', 'Fujimoto, Derek Jun']",56,208,9,7,derek,fujimoto,f,derek fujimoto,A5082660511,d fujimoto
A5094279370,,Joshua Ighalo,"['Joshua Ighalo', 'Joshua O.   Ighalo', 'Joshua O. Ighalo']",7,4,1,2,joshua,ighalo,i,joshua ighalo,A5094279370,j ighalo
A5064347095,https://orcid.org/0009-0006-5754-6938,Kristina Henriksson,['Kristina Henriksson'],13,1129,5,3,kristina,henriksson,h,kristina henriksson,A5064347095,k henriksson
A5083128208,https://orcid.org/0000-0001-7562-9602,David C. Thompson,"['David C. Thompson', 'David Thompson', 'Thompson, David C.']",18,8,2,5,david c.,thompson,t,david c. thompson,A5083128208,d thompson
A5083037172,https://orcid.org/0009-0008-1813-0475,Sara Izadi‐Najafabadi,"['Izadi-Najafabadi, Sara', 'Sara Izadi-Najafabadi', 'Sara Izadi-najafabadi', 'Sara Izadi‐Najafabadi']",27,518,12,14,sara,izadi‐najafabadi,i,sara izadi‐najafabadi,A5083037172,s izadi‐najafabadi
A5065091013,https://orcid.org/0000-0003-1117-3495,Katharina Ehret,"['Ehret, Katharina', 'KATHARINA EHRET', 'Katharina Ehret']",22,353,11,5,katharina,ehret,e,katharina ehret,A5065091013,k ehret
A5089911235,https://orcid.org/0000-0002-0810-4678,Alexander D. Sodeman,"['Alexander D. Sodeman', 'Alexander Sodeman']",15,7,2,2,alexander d.,sodeman,s,alexander d. sodeman,A5089911235,a sodeman
A5074599821,https://orcid.org/0000-0002-9034-8419,Henning Andersen,"['Andersen, Henning', 'Chul', 'H K Andersen', 'H. ANDERSEN', 'H. Andersen', 'H.K. Andersen', 'HENNING ANDERSEN', 'Henning Andersen', 'Henning K Andersen', 'Henning K. Andersen', 'Henning Keinke Andersen', 'Jessica 585 Albano', 'Rok Blagus']",124,4661,29,16,henning,andersen,a,henning andersen,A5074599821,h andersen
A5106945064,,David A. Patterson,"['David A. Patterson', 'David Allen Patterson', 'David Patterson', 'Patterson, David', 'Patterson, David A.']",11,88,5,7,david a.,patterson,p,david a. patterson,A5106945064,d patterson
A5056233676,https://orcid.org/0000-0002-3944-1116,Martin Holmes,"['Holmes, Martin', 'M. HOLMES', 'MARTIN HOLMES', 'Martin Holmes']",137,374,11,13,martin,holmes,h,martin holmes,A5056233676,m holmes
A5080819927,https://orcid.org/0000-0002-0079-6622,Alex Garnett,"['Alex Garnett', 'Garnett, Alex']",28,139,7,4,alex,garnett,g,alex garnett,A5080819927,a garnett
A5008093355,https://orcid.org/0000-0002-0490-8708,Alexandra Ferrerón,"['Alexandra Ferreron', 'Alexandra Ferrerón', 'Ferreron, Alexandra']",10,29,3,4,alexandra,ferrerón,f,alexandra ferrerón,A5008093355,a ferrerón
A5086900931,,Renaud Bougueng,"['Bougueng Renaud', 'Bougueng, Renaud', 'Renaud Bougueng']",6,20,2,1,renaud,bougueng,b,renaud bougueng,A5086900931,r bougueng
A5044054549,https://orcid.org/0000-0003-2327-2124,Paul McIlvenny,"[', McIlvenny', 'McIlvenny, Paul', 'McIlvenny, Paul; id_orcid 0000-0003-2327-2124', 'Paul B. McIlvenny', 'Paul Bruce McIlvenny', 'Paul Bruce Mcilvenny', 'Paul McIlvenny', 'Paul Mcilvenny']",97,777,15,50,paul,mcilvenny,m,paul mcilvenny,A5044054549,p mcilvenny
A5012848907,,Joseph Owen,"['J. A. Owen', 'Joseph Owen', 'Owen, J. A. (Jean Allan)', 'Owen, Joseph']",10,216,3,2,joseph,owen,o,joseph owen,A5012848907,j owen
A5107843949,,P. Tan,"['P Tan', 'P. Tan', 'PING TAN', 'Ping Tan', 'Tan, P.', 'Tan, Ping']",157,8032,55,15,p.,tan,t,p. tan,A5107843949,p tan
A5091656507,https://orcid.org/0000-0002-5992-1125,Vanessa Taler,"['Taler, Vanessa', 'V TALER', 'V. Taler', 'VANESSA TALER', 'Vanessa Taler']",140,3817,31,20,vanessa,taler,t,vanessa taler,A5091656507,v taler
A5102992614,https://orcid.org/0009-0006-8113-6154,Muhammad Waseem,"['Muhammad Shahzaib Waseem', 'Muhammad Waseem']",32,231,8,10,muhammad,waseem,w,muhammad waseem,A5102992614,m waseem
A5108347145,,Kevin J. Dawson,"['Brandi N. Davis-Dusenbery', 'Dawson, KJ', 'Dawson, Kevin', 'Dawson, Kevin J', 'K Dawson', 'K J Dawson', 'K. Dawson', 'K.J. Dawson', 'KEVIN J. DAWSON', 'Kevin Dawson', 'Kevin J Dawson', 'Kevin J. Dawson']",147,25990,52,32,kevin j.,dawson,d,kevin j. dawson,A5108347145,k dawson
A5001462958,https://orcid.org/0000-0003-0429-6067,Juan Pablo Rud,"['Juan Pablo Rud', 'Juan Rud', 'Rud, Juan Pablo']",70,1595,13,15,juan pablo,rud,r,juan pablo rud,A5001462958,j rud
A5062978375,,Jamie S. Yin,"['Jamie S. Yin', 'Yin, Jamie', 'Yin, Jamie S.']",9,862,3,2,jamie s.,yin,y,jamie s. yin,A5062978375,j yin
A5006617703,https://orcid.org/0000-0001-6695-1974,Mohammed Fayyad Zaman,"['M. F. Zaman', 'M. ZAMAN', 'M. Zaman', 'M.F. Zaman', 'Mohammad F. Zaman', 'Mohammad Fayyad Zaman', 'Mohammad Zaman', 'Mohammed Fayyad Zaman']",50,775,12,6,mohammed fayyad,zaman,z,mohammed fayyad zaman,A5006617703,m zaman
A5100376598,https://orcid.org/0000-0002-8683-6436,Jin Hee Kim,"['Jaehoon Kim', 'Jin H. Kim', 'Jin Hee Kim', 'Jin-Hee Kim', 'Jinhee Kim', 'Seunghee Hong']",108,2483,29,39,jin hee,kim,k,jin hee kim,A5100376598,j kim
A5025562668,https://orcid.org/0000-0001-9394-7081,Charlotte Clegg,"['Charlotte Clegg', 'Clegg, Charlotte']",19,303,8,4,charlotte,clegg,c,charlotte clegg,A5025562668,c clegg
A5111115981,https://orcid.org/0000-0002-9506-1695,Loretta Fung,"['Fung, Loretta', 'L. Fung', 'LORETTA FUNG', 'Loretta Fung']",28,676,10,5,loretta,fung,f,loretta fung,A5111115981,l fung
A5036691558,,Reza Asad,"['Asad, Reza', 'Reza Asad']",9,15,1,2,reza,asad,a,reza asad,A5036691558,r asad
A5027118168,,Alison Granger‐Brown,"['A. Granger‐Brown', 'Alison Granger-Brown', 'Alison Granger‐Brown', 'Granger-Brown, Alison']",12,222,9,13,alison,granger‐brown,g,alison granger‐brown,A5027118168,a granger‐brown
A5066693482,https://orcid.org/0000-0002-1324-9943,Eric Brace,"['E. Brace', 'Eric Brace']",17,18,2,3,eric,brace,b,eric brace,A5066693482,e brace
A5087587907,https://orcid.org/0000-0002-6848-3526,Claudia Umaña-Diaz,"['C Umaña-Diaz', 'Claudia Umana-Diaz', 'Claudia Umaña-Diaz', 'Umana, C.']",12,577,8,14,claudia,umaña-diaz,u,claudia umaña-diaz,A5087587907,c umaña-diaz
A5033399784,https://orcid.org/0000-0001-5965-3215,Peter G. Klein,"['Klein, Peter', 'Klein, Peter G.', 'P Klein', 'PETER G. KLEIN', 'Peter Charles Klein', 'Peter G Klein', 'Peter G. Klein', 'Peter G. mname Klein', 'Peter Klein']",345,12795,53,26,peter g.,klein,k,peter g. klein,A5033399784,p klein
A5081493136,,Oshin Sangha,['Oshin Sangha'],10,76,3,2,oshin,sangha,s,oshin sangha,A5081493136,o sangha
A5052859727,https://orcid.org/0000-0003-1345-4119,Martin Pelchat,"['M PELCHAT', 'M. Pelchat', 'MARTIN PELCHAT', 'Martin Pelchat', 'Martin Pelchat (73058)', 'Pelchat, Martin']",73,1703,26,22,martin,pelchat,p,martin pelchat,A5052859727,m pelchat
A5083655032,https://orcid.org/0000-0002-3416-9109,Jordan Benner,"['J. P. Benner', 'Jordan Benner']",9,372,6,3,jordan,benner,b,jordan benner,A5083655032,j benner
A5048739213,,Carlos Lee,['Carlos Lee'],23,98,6,7,carlos,lee,l,carlos lee,A5048739213,c lee
A5091718668,https://orcid.org/0000-0002-7483-9162,Triston Cooper,"['Cooper, T', 'Triston B. Cooper', 'Triston Cooper']",7,65,4,3,triston,cooper,c,triston cooper,A5091718668,t cooper
A5009693299,https://orcid.org/0000-0001-6595-3580,Alex Zheng,"['A. Zheng', 'ALEX ZHENG', 'Alex Zheng', 'Zheng, Alex', 'Zheng, Alex (Yi Alexis)']",96,1730,20,17,alex,zheng,z,alex zheng,A5009693299,a zheng
A5089390762,,David Laycock,"['D. Laycock', 'DAVID LAYCOCK', 'David Laycock', 'Laycock, David']",44,567,10,22,david,laycock,l,david laycock,A5089390762,d laycock
A5075351481,https://orcid.org/0000-0003-2173-7717,Paula Rosehart,['Paula Rosehart'],9,137,3,1,paula,rosehart,r,paula rosehart,A5075351481,p rosehart
A5030873927,https://orcid.org/0000-0003-3760-3916,Ian Brown,"['Brown, I', 'Brown, Ian', 'Brown, Ian Patrick', 'I. Brown', 'I. P. Brown', 'I.P. Brown', 'Ian Brown', 'Ian P. Brown', 'Ian Phillip Brown']",259,2164,19,24,ian,brown,b,ian brown,A5030873927,i brown
A5073010780,,Mona Lisa Delva,"['M.L. Delva', 'Mona L. Delva', 'Mona Lisa Delva']",15,81,5,3,mona lisa,delva,d,mona lisa delva,A5073010780,m delva
A5013669916,https://orcid.org/0009-0004-5553-6424,Zafar Qureshi,"['Qureshi, Zafar', 'Z. Qureshi', 'Z. S. Qureshi', 'Zafar Qureshi']",102,732,13,4,zafar,qureshi,q,zafar qureshi,A5013669916,z qureshi
A5028527016,,Dirk van Niekerk,"['D van Niekerk', 'D. van Niekerk', 'Dirk Van Niekerk', 'Dirk van Niekerk', 'van Niekerk, Dirk']",83,1496,22,20,dirk van,niekerk,n,dirk van niekerk,A5028527016,d niekerk
A5059953481,https://orcid.org/0009-0007-7383-4216,Benoît Gomis,['Benoît Gomis'],30,97,6,4,benoît,gomis,g,benoît gomis,A5059953481,b gomis
A5004269333,https://orcid.org/0000-0003-2203-6904,Cara Kubiak,"['C. Kubiak', 'Cara Kubiak']",6,136,3,3,cara,kubiak,k,cara kubiak,A5004269333,c kubiak
A5078503824,https://orcid.org/0000-0002-5107-4945,Fern Jaspers‐Fayer,"['F. Jaspers‐Fayer', 'Fern Jaspers-Fayer', 'Fern Jaspers-Feyer', 'Fern Jaspers‐Fayer', 'Jaspers-Fayer, F.']",42,1637,19,18,fern,jaspers‐fayer,j,fern jaspers‐fayer,A5078503824,f jaspers‐fayer
A5060328033,https://orcid.org/0000-0002-2755-8042,R. Krüecken,"['Kruecken, R.', 'Kruecken, Reiner', 'Krüecken, Reiner', 'R. KRUECKEN', 'R. Kruecken', 'R. Krücken', 'R. Krüecken', 'Reiner Kruecken', 'Reiner Krücken']",87,550,9,9,r.,krüecken,k,r. krüecken,A5060328033,r krüecken
A5052294017,https://orcid.org/0000-0003-1510-1077,Aishwarya Deep Shukla,"['Aishwarya Deep Shukla', 'Aishwarya Shukla', 'Shukla, Aishwarya Deep']",10,123,4,2,aishwarya deep,shukla,s,aishwarya deep shukla,A5052294017,a shukla
A5100884990,,Molly Lin,"['M.Z. Lin', 'Molly Lin']",11,473,5,8,molly,lin,l,molly lin,A5100884990,m lin
A5084294726,https://orcid.org/0000-0001-8923-1152,Simon W. Rabkin,"['Rabkin, Simon W', 'Rabkin, Simon W.', 'S Rabkin', 'S W Rabkin', 'S. Rabkin', 'S. W RABKIN', 'S. W Rabkin', 'S. W. RABKIN', 'S. W. Rabkin', 'S.W. Rabkin', 'SIMON W. RABKIN', 'Simon Rabkin', 'Simon W Rabkin', 'Simon W. Rabkin', 'Simon W. Rabkin (Discussant)', 'Simon w. Rabkin']",317,16568,57,21,simon w.,rabkin,r,simon w. rabkin,A5084294726,s rabkin
A5016554146,,Matthew King–Roskamp,"['King-Roskamp, Matthew', 'Matthew King-Roskamp', 'Matthew King–Roskamp', 'Matthew M. King-Roskamp']",8,102,3,2,matthew,king–roskamp,k,matthew king–roskamp,A5016554146,m king–roskamp
A5021922894,,Lilia Yumagulova,"['L. Yumagulova', 'Lilia Yumagulova', 'Yumagulova, Lilia']",23,689,12,4,lilia,yumagulova,y,lilia yumagulova,A5021922894,l yumagulova
A5012645580,,L Elliot,"['L Elliot', 'Lee-Anne Elliot']",9,225,6,9,l,elliot,e,l elliot,A5012645580,l elliot
A5047742848,https://orcid.org/0000-0002-5113-7846,Inderbir S. Gill,"['Andre Berger', 'Boston', 'Castro Abreu', 'Gill I', 'Gill, Inderbir', 'Gill, Inderbir S.', 'I Gill', 'I S Gill', 'I. Gill', 'I. S Gill', 'I. S. Gill', 'I., Gill', 'I.-S. Gill', 'I.S Gill', 'I.S. Gill', 'INDERBIR GILL', 'INDERBIR S. GILL', 'Inderbir GILL', 'Inderbir Gill', 'Inderbir Gill*', 'Inderbir S Gill', 'Inderbir S. GILL', 'Inderbir S. Gill', 'Inderbir S.* Gill', 'Inderbir Singh Gill', 'InderbirS Gill', 'Inderbir\xa0S. Gill', 'Mihir Desai', 'Sotelo, René']",1801,62031,134,113,inderbir s.,gill,g,inderbir s. gill,A5047742848,i gill
A5007283033,https://orcid.org/0000-0003-4029-0578,Margaret Hall,"['Hall M', 'Hall, M. (Michael)', 'Hall, Margaret', 'Hall, Margaret Isabel', 'M Hall', 'M. HALL', 'M. I. Hall', 'M.I. Hall', 'MARGARET HALL', 'MARGARET I. HALL', 'Margaret Hall', 'Margaret I Hall', 'Margaret I. Hall', 'Margaret Isabel Hall']",194,2255,26,18,margaret,hall,h,margaret hall,A5007283033,m hall
A5053298356,,Eline De Rooij,"['De Rooij, Eline', 'Eline Adriane de Rooij', 'Eline De Rooij', 'Eline de Rooij', 'de Rooij, Eline']",11,19,2,4,eline de,rooij,r,eline de rooij,A5053298356,e rooij
A5064485244,https://orcid.org/0000-0003-3492-348X,Anjian Li,"['Anjian Li', 'Li An-Jian', 'Li Anjian', 'Li, Anjian']",43,219,7,10,anjian,li,l,anjian li,A5064485244,a li
A5038328106,https://orcid.org/0000-0001-6965-7615,Sarah Morris,"['Morris, S.', 'Morris, Sarah', 'Morris, Sarah K', 'Morris, Sarah K.', 'S. Morris', 'Sarah K. Morris', 'Sarah Morris']",18,457,6,4,sarah,morris,m,sarah morris,A5038328106,s morris
A5009505107,https://orcid.org/0000-0001-6499-8699,Arezou Pakzad,"['Arezou Pakzad', 'Pakzad, Arezou']",6,22,2,1,arezou,pakzad,p,arezou pakzad,A5009505107,a pakzad
A5008133694,https://orcid.org/0009-0009-1091-0802,Atif Noori,"['A. M. Noori', 'A. Noori', 'A.M. Noori', 'Alireza Noori', 'Atif M Noori', 'Atif M. Noori', 'Atif Noori']",28,165,6,5,atif,noori,n,atif noori,A5008133694,a noori
A5083543309,https://orcid.org/0000-0002-6685-9550,Shiva Hajian,['Shiva Hajian'],12,501,6,4,shiva,hajian,h,shiva hajian,A5083543309,s hajian
A5090764071,,Ruyu Yan,"['R.-Y. YAN', 'Ruyu Yan']",8,69,2,5,ruyu,yan,y,ruyu yan,A5090764071,r yan
A5022426180,https://orcid.org/0000-0002-9280-2742,Emma K. Davison,"['Davison, Emma', 'Davison, Emma K.', 'Emma K Davison', 'Emma K. Davison']",23,582,11,7,emma k.,davison,d,emma k. davison,A5022426180,e davison
A5063078372,https://orcid.org/0000-0001-7919-5995,Jade Boyd,"['Boyd, Jade Lanore', 'J. Boyd', 'Jade Boyd']",85,3570,37,7,jade,boyd,b,jade boyd,A5063078372,j boyd
A5086331004,https://orcid.org/0009-0004-0078-130X,Elizabeth Oishi,"['EM Oishi', 'Elizabeth M. Oishi', 'Elizabeth Oishi', 'Oishi, Elizabeth M.']",8,26,2,1,elizabeth,oishi,o,elizabeth oishi,A5086331004,e oishi
A5055965971,https://orcid.org/0000-0002-1367-4800,Aniket Kumar,['Aniket Kumar'],58,1640,24,8,aniket,kumar,k,aniket kumar,A5055965971,a kumar
A5036269989,https://orcid.org/0000-0001-8941-723X,Ke Wang,"['Ke Wang', 'Wang Ke', 'Wang, Ke', 'ke Wang']",72,1648,18,39,ke,wang,w,ke wang,A5036269989,k wang
A5056704479,,Richard Peregoy,"['Richard P. Peregoy', 'Richard Peregoy']",14,25,2,3,richard,peregoy,p,richard peregoy,A5056704479,r peregoy
A5079780080,,Daina V. Baker,"['Daina Baker', 'Daina V. Baker']",6,63,3,3,daina v.,baker,b,daina v. baker,A5079780080,d baker
A5079746460,https://orcid.org/0000-0001-5783-4493,Gina Ogilvie,"['Colene Bentley', 'G OGILVIE', 'G Ogilvie', 'G S Ogilvie', 'G. Ogilvie', 'G. S. Ogilvie', 'G.S. Ogilvie', 'GINA S. OGILVIE', 'Gina M. Ogilvie', 'Gina Ogilvie', 'Gina S Ogilvie', 'Gina S. Ogilvie', 'Gina Suzanne Ogilvie', 'Gina\xa0S. Ogilvie', 'Ogilvie, Gina', 'Ogilvie, Gina S', 'Ogilvie, Gina S.', 'Ogilvie, Gina Suzanne']",451,12990,55,61,gina,ogilvie,o,gina ogilvie,A5079746460,g ogilvie
A5069807843,https://orcid.org/0000-0001-6166-401X,Wangari Tharao,"['Tharao W', 'Tharao W,', 'W. Tharao', 'Wangari E Tharao', 'Wangari E. Tharao', 'Wangari Tharao']",130,3592,30,7,wangari,tharao,t,wangari tharao,A5069807843,w tharao
A5052195170,https://orcid.org/0000-0003-4433-3061,Fatemeh Riahi,"['Fatemeh Riahi', 'Riahi, Fatemeh (Sima)']",10,230,3,3,fatemeh,riahi,r,fatemeh riahi,A5052195170,f riahi
A5027406715,,Jeffrey Reading,"['Jeffrey L Reading', 'Jeffrey Reading']",10,137,6,5,jeffrey,reading,r,jeffrey reading,A5027406715,j reading
A5101537673,https://orcid.org/0000-0001-9930-7587,Brian Conway,"['B Conway', 'B. Conway', 'BRIAN CONWAY', 'Brian Conway', 'Brian V Conway', 'Lisa M Demeter']",92,4668,25,20,brian,conway,c,brian conway,A5101537673,b conway
A5049871733,https://orcid.org/0000-0001-7228-2455,Jimin Rhim,"['J. Rhim', 'Jimin Rhim', 'Jimin 임지민Rhim', 'Rhim, Jimin']",33,243,7,5,jimin,rhim,r,jimin rhim,A5049871733,j rhim
A5083877709,https://orcid.org/0000-0001-5094-9888,Christopher J. Coroneos,"['C. Coroneos', 'C. J. Coroneos', 'Christoper Coroneos', 'Christopher Coroneos', 'Christopher J Coroneos', 'Christopher J. Coroneos', 'Christopher James Coroneos']",93,1547,19,33,christopher j.,coroneos,c,christopher j. coroneos,A5083877709,c coroneos
A5111856961,,Sean O’Callaghan,"[""S. O'Callaghan"", 'S. O’Callaghan', ""Sean O'Callaghan"", 'Sean O’Callaghan']",11,13,1,6,sean,o’callaghan,o,sean o’callaghan,A5111856961,s o’callaghan
A5066241068,https://orcid.org/0000-0002-8906-1293,Amandio Vieira,"['A V Vieira', 'A Vieira', 'A. Vieira', 'A.V. Vieira', 'AMANDIO V. VIEIRA', 'AMANDIO VIEIRA', 'Amandio V. VIEIRA', 'Amandio V. Vieira', 'Amandio VIEIRA', 'Amandio Vieira', 'Amandio Vincent Vieira', 'Vieira, Amandio', 'Vieira, Amandio V.']",82,2245,18,10,amandio,vieira,v,amandio vieira,A5066241068,a vieira
A5058693664,https://orcid.org/0000-0003-0788-1368,Raquel Aoki,"['Aoki, Raquel', 'Aoki, Raquel YS', 'Raquel Aoki', 'Raquel Y. S. Aoki', 'Raquel Y.S. Aoki']",16,72,3,3,raquel,aoki,a,raquel aoki,A5058693664,r aoki
A5009177915,,Emily Grove,"['Emily Grove', 'Grove, Emily']",7,95,4,6,emily,grove,g,emily grove,A5009177915,e grove
A5062064711,https://orcid.org/0000-0001-5492-934X,Dengke Ma,"['D. MA', 'D. Ma', 'Daowei Ma', 'Dengke Ma', 'Ma, Dengke']",66,1298,19,17,dengke,ma,m,dengke ma,A5062064711,d ma
A5077116272,https://orcid.org/0000-0002-3449-6310,Barry C. Kelly,"['B Kelly', 'B. Kelly', 'B.C. Kelly', 'Barry C Kelly', 'Barry C. Kelly', 'Barry C. Kelly, PhD', 'Barry Kelly', 'Barry\u2005C. Kelly']",98,6595,39,11,barry c.,kelly,k,barry c. kelly,A5077116272,b kelly
A5090215869,https://orcid.org/0000-0002-2677-3015,Alexander MacIsaac,"['A. J. MacIsaac', 'Alexander  J. MacIsaac', 'Alexander J. MacIsaac', 'Alexander MacIsaac', 'MacIsaac, Alexander J.']",25,313,5,3,alexander,macisaac,m,alexander macisaac,A5090215869,a macisaac
A5103246564,https://orcid.org/0000-0003-4951-2704,Rachel H. Jacobs,"['Jacobs, R.H.', 'Jacobs, Rachel', 'R JACOBS', 'R Jacobs', 'R. H. Jacobs', 'R.H. Jacobs', 'RACHEL H. JACOBS', 'Rachel H Jacobs', 'Rachel H. Jacobs', 'Rachel Jacobs']",73,2667,28,19,rachel h.,jacobs,j,rachel h. jacobs,A5103246564,r jacobs
A5111389929,,Angel Mei Yi Lin,"['ANGEL LIN', 'ANGEL M.Y. LIN', 'ANGEL MEI YI LIN', 'Angel M. Y. Lin', 'Angel M.Y. Lin', 'Angel Mei Yi Lin']",20,170,6,4,angel mei yi,lin,l,angel mei yi lin,A5111389929,a lin
A5088750285,https://orcid.org/0000-0002-2413-720X,Brea McCauley,['Brea McCauley'],13,49,3,1,brea,mccauley,m,brea mccauley,A5088750285,b mccauley
A5077908953,https://orcid.org/0000-0002-7260-1513,Torben Saatkamp,"['Saatkamp, Torben', 'T Priamushko', 'T. Saatkamp', 'Torben H. Saatkamp', 'Torben Henning Saatkamp', 'Torben Saatkamp']",26,598,11,8,torben,saatkamp,s,torben saatkamp,A5077908953,t saatkamp
A5037656153,https://orcid.org/0000-0002-4676-1273,Thomas Rodengen,"['Rodengen, Thomas', 'Thomas J. Rodengen', 'Thomas James Rodengen', 'Thomas Rodengen']",12,21,2,1,thomas,rodengen,r,thomas rodengen,A5037656153,t rodengen
A5114723306,,Paul Jones,"['Paul Jones', 'Paul W. Jones']",22,466,7,8,paul,jones,j,paul jones,A5114723306,p jones
A5070061359,https://orcid.org/0000-0001-7146-7175,Marco A. Marra,"['Brad Ozenberger', 'G Anti', 'John D McPherson', 'M A Marra', 'M Marra', 'M. A Marra', 'M. A. Marra', 'M. MARRA', 'M. Marra', 'M.A. Marra', 'MA Marra', 'MARCO A. MARRA', 'MARCO MARRA', 'Marco  A. Marra', 'Marco A Marra', 'Marco A. Marra', 'Marco Marra', 'Marco. A. Marra', 'Marco\xa0A. Marra', 'Marra, M', 'Marra, Marco', 'Marra, Marco A', 'Marra, Marco A.', 'Marra, Marco, 1966-', 'Michael Mayo', 'Myra George', 'Olivier Elemento', 'Patrice Eydoux', 'Tomas Marques-Bonet']",1319,243012,191,108,marco a.,marra,m,marco a. marra,A5070061359,m marra
A5019683922,,Jiahao Tian,"['Jiahao Tian', 'Tian, Jiahao']",7,26,3,4,jiahao,tian,t,jiahao tian,A5019683922,j tian
A5108281017,,Li Yi Lim,"['L Y Lim', 'L.Y. Lim', 'Li Yi Lim']",10,323,7,4,li yi,lim,l,li yi lim,A5108281017,l lim
A5079650143,,David MacAlister,"['David MacAlister', 'David Macalister']",18,206,7,5,david,macalister,m,david macalister,A5079650143,d macalister
A5070954234,https://orcid.org/0000-0002-8827-7500,Yu Shi,"['Hong Chu', 'S Yu', 'Shi, Yu', 'Y Shi', 'Yu P Shi', 'Yu P. Shi', 'Yu Patrick Shi', 'Yu S', 'Yu SHI', 'Yu Shi', 'Yu shi', 'Yu,Siang']",124,2673,25,47,yu,shi,s,yu shi,A5070954234,y shi
A5048409187,https://orcid.org/0000-0003-0847-8343,Sigrid Norris,"['Kendon', 'Norris, Sigrid', 'Norris, Sigrid 1961-', 'Sigrid Norris']",80,2823,19,48,sigrid,norris,n,sigrid norris,A5048409187,s norris
A5023645323,https://orcid.org/0000-0001-5667-2605,Farinaz Rikhtehgaran,"['Farinaz Rikhtehgaran', 'Rikhtehgaran, Farinaz']",6,20,1,1,farinaz,rikhtehgaran,r,farinaz rikhtehgaran,A5023645323,f rikhtehgaran
A5031369136,https://orcid.org/0000-0002-7434-9518,Petr Škoda,"['A Sabou', 'P Skoda', 'P Škoda', 'P. Skoda', 'P. Škoda', 'Petr Skoda', 'Petr Škoda', 'Petr Škoda', 'Skoda, P.', 'Skoda, Petr', 'Y.', 'Škoda, P.', 'Škoda, Petr']",200,888,16,13,petr,škoda,š,petr škoda,A5031369136,p škoda
A5051887461,,Flavio Firmani,"['F. Firmani', 'Firmani, F.', 'Flavio Firmani']",25,543,11,3,flavio,firmani,f,flavio firmani,A5051887461,f firmani
A5109662199,,D. Luo,"['D Luo', 'D. Luo', 'Dingyi Luo']",8,391,6,3,d.,luo,l,d. luo,A5109662199,d luo
A5041157595,,Santanil Jana,"['Jana, Santanil', 'Santanil Jana']",8,4,1,2,santanil,jana,j,santanil jana,A5041157595,s jana
A5033475627,https://orcid.org/0000-0002-5667-152X,Saba Alimadadi,"['Alimadadi, Saba', 'Saba Alimadadi']",19,255,8,4,saba,alimadadi,a,saba alimadadi,A5033475627,s alimadadi
A5000425457,https://orcid.org/0000-0001-7863-7915,Fateme Movahedi,"['F. Movahedi', 'Fateme Movahedi', 'Movahedi, F.', 'Movahedi, Fateme']",46,166,7,11,fateme,movahedi,m,fateme movahedi,A5000425457,f movahedi
A5052141105,https://orcid.org/0000-0002-6861-1540,Fernando Sánchez-Figueroa,"['Eva-Maria Remberger', 'F. Sanchez', 'F. Sanchez Figueroa', 'F. Sanchez-Figueroa', 'F. Sánchez', 'F. Sánchez-Figueroa', 'FERNANDO SÁNCHEZ', 'Fernando Figueroa', 'Fernando Sanchez', 'Fernando Sanchez Figueroa', 'Fernando Sanchez-Figueroa', 'Fernando Snchez', 'Fernando Sánchez', 'Fernando Sánchez Figueroa', 'Fernando Sánchez-Figueroa', 'Figueroa, Fernando', 'Sánchez-Figueroa, Fernando']",119,1232,17,10,fernando,sánchez-figueroa,s,fernando sánchez-figueroa,A5052141105,f sánchez-figueroa
A5062696000,https://orcid.org/0000-0001-5281-3343,Adina Williams,"['A.Y. Williams', 'Adina Williams', 'Williams, Adina', 'Zesch Torsten']",147,6378,21,38,adina,williams,w,adina williams,A5062696000,a williams
A5027812131,https://orcid.org/0000-0001-7128-9903,Camilla Speller,"['C. Speller', 'C.F. Speller', 'CAMILLA F. SPELLER', 'Camilla F Speller', 'Camilla F. Speller', 'Camilla Speller', 'Speller, Camilla', 'Speller, Camilla F.', 'Speller, Camilla, F']",166,5072,35,13,camilla,speller,s,camilla speller,A5027812131,c speller
A5109350482,,William Goetzmann,"['Goetzmann, William', 'William Goetzmann', 'William N. Goetzmann']",104,3548,26,38,william,goetzmann,g,william goetzmann,A5109350482,w goetzmann
A5002551510,https://orcid.org/0000-0001-7541-6631,Mi Zhou,"['M. Zhou', 'MI Zhou', 'Mi Zhou', 'Mingping Zhou', 'Yu Wei', 'Zhou Mi']",125,770,14,16,mi,zhou,z,mi zhou,A5002551510,m zhou
A5033194865,https://orcid.org/0000-0001-5250-6079,Himani Boury,"['H. Boury', 'Himani Boury']",8,130,5,6,himani,boury,b,himani boury,A5033194865,h boury
A5084435774,https://orcid.org/0000-0002-8380-0825,Ellie Gooderham,"['Ellie Gooderham', 'Gooderham, Ellie']",23,52,4,1,ellie,gooderham,g,ellie gooderham,A5084435774,e gooderham
A5008846211,https://orcid.org/0000-0002-7687-8480,Jianxin Shi,"['Jianxin Shi', 'Shi, Jianxin']",29,92,6,7,jianxin,shi,s,jianxin shi,A5008846211,j shi
A5073027315,,Heather Dawkins,['Heather Dawkins'],7,43,2,3,heather,dawkins,d,heather dawkins,A5073027315,h dawkins
A5018603390,,Yexuan Song,"['Song, Yexuan', 'Yexuan Song']",19,136,5,3,yexuan,song,s,yexuan song,A5018603390,y song
A5050263160,https://orcid.org/0000-0002-1998-1190,Vinu Subashini Rajus,['Vinu Subashini Rajus'],13,335,5,3,vinu subashini,rajus,r,vinu subashini rajus,A5050263160,v rajus
A5106716331,https://orcid.org/0000-0003-0193-0173,Rob Gillezeau,"['Gillezeau, Rob', 'ROB GILLEZEAU', 'Rob Gillezeau']",36,395,11,11,rob,gillezeau,g,rob gillezeau,A5106716331,r gillezeau
A5051397053,,Jonas Stoll,['Jonas Stoll'],9,69,4,2,jonas,stoll,s,jonas stoll,A5051397053,j stoll
A5103703681,,Carole Taylor,"['C J Taylor', 'C. J. G. Taylor', 'C. J. Taylor', 'C.J. Taylor', 'Carole Taylor']",15,362,8,10,carole,taylor,t,carole taylor,A5103703681,c taylor
A5023399809,,David K. Coley,"['DAVID K. COLEY', 'David Coley', 'David K Coley', 'David K. Coley']",34,44,4,3,david k.,coley,c,david k. coley,A5023399809,d coley
A5028439540,https://orcid.org/0000-0002-1624-9711,David Erickson,"['D Erickson', 'D. Erickson', 'D.C. Erickson', 'DAVID C. ERICKSON', 'David C. Erickson', 'David Carl Erickson', 'David Erickson', 'Erickson, David; Chen, Yih-Fan']",261,8688,53,32,david,erickson,e,david erickson,A5028439540,d erickson
A5032582185,,Risha Na,"['Na Risha', 'R S Na', 'Risha Na']",70,1028,18,8,risha,na,n,risha na,A5032582185,r na
A5108891513,,Shahrazad Amin,"['S. M. Rafid Amin', 'Shahrazad Amin']",6,19,3,4,shahrazad,amin,a,shahrazad amin,A5108891513,s amin
A5048194226,https://orcid.org/0000-0002-9201-7744,Benjamin Bach,"['B Bach', 'B. Bach', 'BACH, Benjamin', 'Bach, B', 'Bach, B.', 'Bach, Benjamin', 'Benjamin Bach', 'Hakeem Babatunde', 'Stefan Krner']",214,9586,48,38,benjamin,bach,b,benjamin bach,A5048194226,b bach
A5066901420,https://orcid.org/0000-0001-7873-8740,Jie Zhang,"['J. Zhang', 'Jie ZHANG', 'Jie Zhang', 'Zhang, Jie']",51,479,10,6,jie,zhang,z,jie zhang,A5066901420,j zhang
A5091123141,,Ahmad Rezaei,"['A. Rezaei', 'Ahmad Rezaei', 'Rezaei, Ahmad', 'Rezaei, Ahmad Asgharian']",17,247,8,3,ahmad,rezaei,r,ahmad rezaei,A5091123141,a rezaei
A5054743996,,Stuart Richmond,"['Richmond, S', 'Richmond, Stuart', 'S. W. J. Richmond', 'Stuart Richmond']",29,131,7,2,stuart,richmond,r,stuart richmond,A5054743996,s richmond
A5027859418,https://orcid.org/0000-0003-2586-9397,Dhruv Kumar,"['Abhinav Srivastav', 'D Kumar', 'D. ANIL KUMAR', 'D. Anil Kumar', 'D. Kumar', 'DHRUV KUMAR', 'Dhruv KUMAR', 'Dhruv Kumar', 'Dhruvika Kumar', 'Kumar, Dhruv', 'Kumar, Dhruv <1982>', 'Manishankar Kumar', 'S.V.V Prasanna Kumar, D. Ratna Babu']",378,6891,41,69,dhruv,kumar,k,dhruv kumar,A5027859418,d kumar
A5024105186,https://orcid.org/0000-0003-2391-7631,Fatemeh Eshaghi,"[""Fatemeh Es'haghi"", 'Fatemeh Eshaghi']",12,78,6,6,fatemeh,eshaghi,e,fatemeh eshaghi,A5024105186,f eshaghi
A5003004850,https://orcid.org/0009-0008-3287-9722,Kyle Bobiwash,"['Bobiwash, Kyle', 'K Bobiwash', 'K. Bobiwash', 'Kyle Bobiwash']",28,636,7,5,kyle,bobiwash,b,kyle bobiwash,A5003004850,k bobiwash
A5090446557,https://orcid.org/0009-0006-6189-9576,A. Blanchard,"['A. Blanchard', 'Adam Blanchard', 'Adam J. E. Blanchard', 'Adam Joseph Evans Blanchard', 'Blanchard, A.', 'Blanchard, A. [Savannah River Site (SRS), Aiken, SC (United States)]']",79,113,5,7,a.,blanchard,b,a. blanchard,A5090446557,a blanchard
A5055626977,https://orcid.org/0000-0002-2096-0522,Isaac Akinkunmi Adedeji,"['Adedeji, Isaac A.', 'Adedeji, Isaac Akinkunmi', 'Isaac A Adedeji', 'Isaac A. Adedeji', 'Isaac Adedeji', 'Isaac Akinkunmi Adedeji']",62,19917,25,13,isaac akinkunmi,adedeji,a,isaac akinkunmi adedeji,A5055626977,i adedeji
A5089593774,https://orcid.org/0000-0002-9980-7925,Chloé C.F. Château,"['C.C. Chateau', 'Chateau, Chloe', 'Chloe C.F. Chateau', 'Chloé C.F. Château', 'Chloé Château']",8,47,4,2,chloé c.f.,château,c,chloé c.f. château,A5089593774,c château
A5018090189,https://orcid.org/0000-0003-3537-5585,Elton Ko,['Elton Ko'],8,96,3,5,elton,ko,k,elton ko,A5018090189,e ko
A5011242778,,Alix Shield,"['Alix Shield', 'Shield, Alix']",10,1,1,1,alix,shield,s,alix shield,A5011242778,a shield
A5058868383,https://orcid.org/0000-0003-3143-6387,Himanshu Arora,"['Arora, Himanshu', 'H Arora', 'H. Arora', 'HIMANSHU ARORA', 'HIMANSHU ARORA*', 'Himanshu Arora', 'Sarrah Lahorewala']",207,2253,25,61,himanshu,arora,a,himanshu arora,A5058868383,h arora
A5049087083,https://orcid.org/0000-0002-8905-6259,Ma’n H. Zawati,"['M Zawati', 'M. Zawati', 'M.H. Zawati', 'Ma""n Zawati', ""Ma''n H. Zawati"", ""Ma'n H Zawati"", ""Ma'n H. Zawati"", ""Ma'n Zawati"", 'Ma‘n H Zawati', 'Ma’n H Zawati', 'Ma’n H. Zawati', 'Ma’n Zawati', 'Ma’n\xa0H. Zawati', 'Zawati, M.H.', ""Zawati, Ma'n"", ""Zawati, Ma'n Hilmi Mohammad"", 'Zawati, Ma’n']",217,2797,24,28,ma’n h.,zawati,z,ma’n h. zawati,A5049087083,m zawati
A5042648240,https://orcid.org/0000-0003-1792-8545,Eileen Tang,"['E. Tang', 'Eileen Tang', 'Eileen Z. Tang']",62,239,9,7,eileen,tang,t,eileen tang,A5042648240,e tang
A5033050809,https://orcid.org/0000-0001-9631-5258,Catherine Black,"['Black, C', 'Black, Catherine M.', 'Catherine Black']",47,264,9,4,catherine,black,b,catherine black,A5033050809,c black
A5039506035,https://orcid.org/0000-0003-2902-6557,Mohsen Akbari,"['Akbari, Mohsen', 'M Akbari', 'M. Akbari', 'M. Mustafa Akbari', 'Mohsen Akbari']",244,12649,54,32,mohsen,akbari,a,mohsen akbari,A5039506035,m akbari
A5067822214,https://orcid.org/0000-0002-7481-5697,Karleen Schulze,"['K M Schulze', 'K Schulze', 'K. M. Schulze', 'K. Schulze', 'K.M. Schulze', 'Karleen M Schulze', 'Karleen M. Schulze', 'Karleen Schulze']",76,3678,31,19,karleen,schulze,s,karleen schulze,A5067822214,k schulze
A5111905431,,Sabine Mann,"['S. Tara Mann', 'Sabine Mann']",12,1377,7,8,sabine,mann,m,sabine mann,A5111905431,s mann
A5102390143,,Like Ma,"['Li-Ke Ma', 'Like Ma', 'Li‐Ke Ma', 'Ma, Li-Ke', 'Ma, Like']",31,364,10,14,like,ma,m,like ma,A5102390143,l ma
A5100452334,https://orcid.org/0000-0001-8585-6665,Hao Ma,"['G Lambert', 'H Ma', 'H. Ma', 'H., Ma', 'Hao MA', 'Hao Ma', 'Hong MA', 'Hong Ma', 'Hong-tu Ma', 'Hongbo Ma', 'Hongzhi Ma', 'Hu Ma', 'Huachong Ma', 'Huajun Jiang', 'HuiLing Ma', 'Ma', 'Ma H', 'Ma H.', 'Ma Hao', 'Ma, H.', 'Ma, Hao', 'Ma, Haokai', 'Ma,Hong', 'Ma,Hongying', 'Ma,Hui', 'Ma,Huijuan']",468,14342,55,131,hao,ma,m,hao ma,A5100452334,h ma
A5026655702,https://orcid.org/0000-0001-9435-9572,Patrick J. Hanly,"['Hanly, Patrick J', 'Patrick Hanly', 'Patrick J. Hanly']",21,221,9,9,patrick j.,hanly,h,patrick j. hanly,A5026655702,p hanly
A5055622169,,Howard Zhang,"['Howard Zhang', 'Zhang, Howard']",22,1542,12,9,howard,zhang,z,howard zhang,A5055622169,h zhang
A5011966093,https://orcid.org/0000-0001-8482-2973,Unnati Patel,"['U. A. Patel', 'U. Patel', 'U.A. Patel', 'Unnati Patel']",15,525,5,3,unnati,patel,p,unnati patel,A5011966093,u patel
A5012916612,https://orcid.org/0000-0002-7502-9065,Qiliang Wei,"['Bojian Wei', 'Q. Wei', 'Qiliang Wei', 'Wei Qiliang', 'Wei, Q.']",98,3343,30,15,qiliang,wei,w,qiliang wei,A5012916612,q wei
A5027968830,https://orcid.org/0009-0000-0021-375X,Signe MacLennan,"['MacLennan, Signe', 'Signe A. MacLennan', 'Signe MacLennan']",14,127,6,4,signe,maclennan,m,signe maclennan,A5027968830,s maclennan
A5021883142,https://orcid.org/0000-0002-5977-0929,Kristina Kocsis,['Kristina Kocsis'],6,57,3,3,kristina,kocsis,k,kristina kocsis,A5021883142,k kocsis
A5055887692,https://orcid.org/0000-0002-4988-0948,Farshid Najafi,"['F. Najafi', 'Farshid Najafi']",22,272,9,5,farshid,najafi,n,farshid najafi,A5055887692,f najafi
A5003353290,https://orcid.org/0000-0001-8018-3377,D. Annen,"['Annen, D. W.', 'D. Annen', 'D. W. Annen']",8,6,1,2,d.,annen,a,d. annen,A5003353290,d annen
A5021087552,https://orcid.org/0000-0003-4252-9992,Jordan Brubacher,"['J. Brubacher', 'Jordan Brubacher']",16,78,3,2,jordan,brubacher,b,jordan brubacher,A5021087552,j brubacher
A5045504835,https://orcid.org/0000-0003-1777-6860,Muhammad Anwar,"['Anwar Muhammad', 'Anwar, Muhammad', 'Anwar, Muhammad Zubair', 'M Anwar', 'M. ANWAR', 'M. Anwar', 'M. Anwar .', 'M.Z. Anwar', 'Moh. Taufan Anwar', 'Muhammad Anwar', 'Muhammad Zubair Anwar']",137,1828,21,28,muhammad,anwar,a,muhammad anwar,A5045504835,m anwar
A5028673313,https://orcid.org/0000-0002-2581-1972,Tiago A. Marques,"['Bruno Loureiro', 'Marques, Tiago', 'Marques, Tiago A', 'Marques, Tiago A.', 'T A Marques', 'T Marques', 'T. A. MARQUES', 'T. A. Marques', 'T. Marques', 'T.A. Marques', 'TA Marques', 'TIAGO A. MARQUES', 'Tiago  A. Marques', 'Tiago A Marques', 'Tiago A. Marques', 'Tiago André Marques', 'Tiago Marques']",240,8236,42,21,tiago a.,marques,m,tiago a. marques,A5028673313,t marques
A5013559106,https://orcid.org/0000-0001-6119-0758,Fengke Lin,"['Feng-Ke Lin', 'Fengke Lin', 'Feng‐Ke Lin', 'Lin, Fengke']",22,361,10,7,fengke,lin,l,fengke lin,A5013559106,f lin
A5011765578,https://orcid.org/0000-0002-4828-7085,Simon Overstall,"['S. Overstall', 'Simon L. Overstall', 'Simon Lysander Overstall', 'Simon M. Overstall', 'Simon Overstall']",25,92,5,13,simon,overstall,o,simon overstall,A5011765578,s overstall
A5108229132,,P. Govindarajan,"['P. Govindarajan', 'Priyanka Govindarajan']",7,68,2,5,p.,govindarajan,g,p. govindarajan,A5108229132,p govindarajan
A5028125327,https://orcid.org/0000-0002-2719-0014,C. Piccolo,"['Autumn Edwards', 'C Piccolo', 'C. PICCOLO', 'C. Piccolo', 'Chiara Piccolo', 'Chiara W. Piccolo', 'PICCOLO, CHIARA', 'Piccolo, Chiara']",139,2778,28,27,c.,piccolo,p,c. piccolo,A5028125327,c piccolo
A5000489188,https://orcid.org/0000-0002-8561-900X,Ahmad Bahonar,"['A Bahonar', 'A. Bahonar', 'Ahmad Bahonar', 'Bahonar, Ahmad', 'Navid Paydari']",133,6189,32,9,ahmad,bahonar,b,ahmad bahonar,A5000489188,a bahonar
A5046387257,https://orcid.org/0000-0002-5773-3649,Elijah Willie,"['E. Willie', 'Elijah Willie', 'Willie, Elijah']",18,240,5,6,elijah,willie,w,elijah willie,A5046387257,e willie
A5083297013,https://orcid.org/0000-0001-6399-0564,Susan Hunston,"['S. HUNSTON', 'S. Hunston', 'Susan Hunston']",132,10117,34,49,susan,hunston,h,susan hunston,A5083297013,s hunston
A5112389755,,David Sun,"['David I. Sun', 'David Sun', 'David. I. Sun', 'Sun, David']",25,1372,6,8,david,sun,s,david sun,A5112389755,d sun
A5001064251,https://orcid.org/0000-0002-4093-7848,William A. Scott,"['Scott, William', 'Scott, William Abbott', 'Silas Mervyn', 'W A Scott', 'W. A. H. Scott', 'W. Scott', 'W.A.H. Scott', 'WILLIAM A. SCOTT', 'William A Scott', 'William A. Scott', 'William Abbott Scott', 'William Scott']",74,1990,18,12,william a.,scott,s,william a. scott,A5001064251,w scott
A5060170939,,Lisa McQuarrie,"['Lisa McQuarrie', 'McQuarrie, Lisa']",18,128,5,7,lisa,mcquarrie,m,lisa mcquarrie,A5060170939,l mcquarrie
A5109889253,,Valery Terwilliger,"['Terwilliger, Valery T.', 'V. T. Terwilliger', 'V. Terwilliger', 'Valery Terwilliger']",23,513,5,9,valery,terwilliger,t,valery terwilliger,A5109889253,v terwilliger
A5004781820,,Nevena Cekic,"['Cekic, Nevena', 'N. Cekic', 'Nevena Cekic']",13,128,5,2,nevena,cekic,c,nevena cekic,A5004781820,n cekic
A5065499179,https://orcid.org/0009-0004-1683-8964,Aisha Shahid,"['A. Shahid', 'Aisha Shahid', 'Aleena Shahid', 'Areeba Shahid']",10,0,0,7,aisha,shahid,s,aisha shahid,A5065499179,a shahid
A5081811109,,C.W. Pickett,"['C. W. Pickett', 'C.W. Pickett', 'Calla Pickett']",6,16,2,2,c.w.,pickett,p,c.w. pickett,A5081811109,c pickett
A5041065594,https://orcid.org/0000-0003-1899-5942,Galina Velikova,"['G Velikova', 'G. VELIKOVA', 'G. Velikova', 'GALINA VELIKOVA', 'Galina Velikova', 'Velikova G', 'Velikova, G', 'Velikova, Galina', '\xa0G Velikova']",430,19848,72,57,galina,velikova,v,galina velikova,A5041065594,g velikova
A5037906711,https://orcid.org/0000-0003-1041-5130,Afnan Hassan,"['A Hassan', 'Afnan Abdellatif Ali Arafat Hassan', 'Afnan Abdellatif Hassan', 'Afnan Hassan', 'Hassan A']",8,20,2,4,afnan,hassan,h,afnan hassan,A5037906711,a hassan
A5045299168,https://orcid.org/0000-0001-6068-2689,Angeline Lee,"['A H Y Lee', 'A Lee', 'A. H. Y. Lee', 'A.H.Y. Lee', 'Angeline H.Y. Lee', 'Angeline HY Lee', 'Angeline Hwee Yin Lee', 'Angeline Lee']",36,424,12,18,angeline,lee,l,angeline lee,A5045299168,a lee
A5007973428,,Ying Duan,['Ying Duan'],15,326,10,5,ying,duan,d,ying duan,A5007973428,y duan
A5084991338,https://orcid.org/0000-0002-5711-7440,Ronald D. Barr,"['R Barr', 'R D Barr', 'R. BARR', 'R. Barr', 'R. D. BARR', 'R. D. Barr', 'R.D Barr', 'R.D. Barr', 'RD BARR', 'RONALD D. BARR', 'Ronald Barr', 'Ronald D Barr', 'Ronald D. Barr', 'Ronald Duncan Barr', 'Whelan, Jeremy']",515,24385,81,81,ronald d.,barr,b,ronald d. barr,A5084991338,r barr
A5014787119,https://orcid.org/0000-0001-7022-1800,Pavreet K. Gill,"['Gill, Pavreet', 'P. Gill', 'Pavreet Gill', 'Pavreet K. Gill']",12,27,3,2,pavreet k.,gill,g,pavreet k. gill,A5014787119,p gill
A5065480698,,Andrew Heard,"['A Heard', 'A. Heard', 'Andrew D. Heard', 'Andrew Heard']",28,272,9,4,andrew,heard,h,andrew heard,A5065480698,a heard
A5100636526,https://orcid.org/0000-0001-5550-9259,Jiaxing Li,"['Jia-Xing Li', 'Jia-xing Li', 'Jiaxing Li', 'Jia‐Xing Li', 'Li, Jiaxing', 'Zuohua Liu']",67,503,12,36,jiaxing,li,l,jiaxing li,A5100636526,j li
A5001351076,https://orcid.org/0000-0003-4559-5813,Margaret Erickson,"['M. Erickson', 'Margaret E. Erickson', 'Margaret Elizabeth Erickson', 'Margaret Erickson']",30,318,11,9,margaret,erickson,e,margaret erickson,A5001351076,m erickson
A5064643434,https://orcid.org/0000-0003-1685-0483,Seles Yung,"['S. Yin Yung', 'Seles Yung', 'Yung, Seles']",13,59,4,5,seles,yung,y,seles yung,A5064643434,s yung
A5053092720,https://orcid.org/0009-0007-5852-2177,Stephen Juwono,"['Juwono, Stephen', 'Stephen Juwono']",6,62,3,5,stephen,juwono,j,stephen juwono,A5053092720,s juwono
A5007386654,https://orcid.org/0000-0001-7949-8849,Dana Ryan,"['D. Ryan', 'Dana Ryan']",83,787,14,23,dana,ryan,r,dana ryan,A5007386654,d ryan
A5081306915,https://orcid.org/0000-0001-8136-7645,Ashwin Samudre,"['Ashwin Samudre', 'Samudre, Ashwin']",19,53,4,8,ashwin,samudre,s,ashwin samudre,A5081306915,a samudre
A5024681955,https://orcid.org/0000-0002-4992-7662,Helen Novak Lauscher,"['H. Novak Lauscher', 'Helen J. Novak Lauscher', 'Helen Novak Lauscher', 'Helen Novak-Lauscher', 'Lauscher, Helen Novak']",60,1993,15,17,helen novak,lauscher,l,helen novak lauscher,A5024681955,h lauscher
A5059179960,https://orcid.org/0000-0002-6411-8089,Paul Sereda,"['Feng Zhu', 'P Sereda', 'P. Sereda', 'Paul Sereda', 'Sereda, Paul']",132,2063,26,22,paul,sereda,s,paul sereda,A5059179960,p sereda
A5041983518,https://orcid.org/0000-0001-5719-7316,Lena Ware,['Lena Ware'],6,39,3,5,lena,ware,w,lena ware,A5041983518,l ware
A5053267803,,Mayur Mallya,"['M. Manjula Mallya', 'Mallya, Mayur', 'Mayur Mallya']",8,77,3,3,mayur,mallya,m,mayur mallya,A5053267803,m mallya
A5100614771,https://orcid.org/0000-0001-6280-0511,Linda Li,"['L C Li', 'L Li', 'L. C. Li', 'L. LI', 'L. Li', 'L.C. Li', 'LINDA C. LI', 'LINDA LI', 'Lanlan Li', 'Li, Linda', 'Li, Linda C', 'Li, Linda C.', 'LinDa Li', 'Linda  C. Li', 'Linda C Li', 'Linda C. Li', 'Linda Chunhong Li', 'Linda L. Li', 'Linda Li', 'Yvonne Lee']",466,11146,52,102,linda,li,l,linda li,A5100614771,l li
A5100337347,https://orcid.org/0000-0003-2988-5001,Ye Yuan,"['Irene Ye Yuan', 'Ye YUAN', 'Ye Yuan', 'Yuan, Ye']",116,1075,17,33,ye,yuan,y,ye yuan,A5100337347,y yuan
A5007819557,,Akash Abdu Jyothi,"['Akash Abdu Jyothi', 'Jyothi, Akash Abdu']",8,233,4,2,akash abdu,jyothi,j,akash abdu jyothi,A5007819557,a jyothi
A5100462916,https://orcid.org/0000-0002-0967-2116,Min-Ju Kim,"['Min-Ju Kim', 'Min-ju Kim', 'Minju Kim']",24,583,7,12,min-ju,kim,k,min-ju kim,A5100462916,m kim
A5027099717,https://orcid.org/0000-0002-0082-3969,Chunxue Wang,['Chunxue Wang'],8,0,0,8,chunxue,wang,w,chunxue wang,A5027099717,c wang
A5005381654,https://orcid.org/0000-0002-2204-2901,Minjeong Park,"['M. Park', 'MIN JEONG PARK', 'MInjeong Park', 'Min  Jeong Park', 'Min JEONG PARK', 'Min Jeong Park', 'Min Kee Park', 'Min-Jeong Park', 'MinJeong Park', 'Minjeong Park', 'Minsoon Park', 'Min\xa0Jeong Park', 'Park, Min Jeong', 'Park, Minjeong']",283,6028,45,60,minjeong,park,p,minjeong park,A5005381654,m park
A5013126287,https://orcid.org/0000-0002-3742-8620,R. Paul Weidman,"['Paul Weidman', 'R. P. Weidman', 'R. PAUL WEIDMAN', 'R. Paul Weidman', 'Weidman, R. Paul', 'Weidman, Raymond Paul']",19,195,7,4,r. paul,weidman,w,r. paul weidman,A5013126287,r weidman
A5082487312,https://orcid.org/0000-0002-0636-4468,Richard Smith,"['R C Smith', 'R Smith', 'R. C. SMITH', 'R. C. Smith', 'R. Smith', 'R.C. Smith', 'RICHARD SMITH', 'Richard C Smith', 'Richard C. Smith', 'Richard C. Smith III', 'Richard Charles Smith', 'Richard Smith', 'Smith, R', 'Smith, R.', 'Smith, R. C.', 'Smith, Richard', 'Smith, Richard Charles']",286,2917,26,44,richard,smith,s,richard smith,A5082487312,r smith
A5054654443,https://orcid.org/0000-0003-3541-2470,D. M. Allen,"['Allen D', 'Allen, D.M.', 'Allen, Diana', 'Allen, Diana M.', 'D ALLEN', 'D Allen', 'D M Allen', 'D. Allen', 'D. M. ALLEN', 'D. M. Allen', 'D.M. Allen', 'Diana Allen', 'Diana M Allen', 'Diana M. Allen', 'Diana M. Allenaan', 'Diana M. M. Allen', 'Diana Major Allen']",237,9502,41,13,d. m.,allen,a,d. m. allen,A5054654443,d allen
A5025399630,https://orcid.org/0000-0002-1764-1467,Christina Stoiber,"['C. Stoiber', 'Christina Stoiber', 'Stoiber, Christina']",42,307,11,14,christina,stoiber,s,christina stoiber,A5025399630,c stoiber
A5005970027,https://orcid.org/0000-0002-0929-6800,Gene F. Kwan,"['G F Kwan', 'G Kwan', 'G. Kwan', 'G.F. Kwan', 'GENE KWAN', 'Gene F Kwan', 'Gene F. Kwan', 'Gene Kwan', 'Kwan, Gene F.']",100,64731,30,20,gene f.,kwan,k,gene f. kwan,A5005970027,g kwan
A5045066331,,Jill M. Logan,"['J. M. Logan', 'Jill M. Logan', 'Logan, Jill', 'Logan, Jill M.']",8,421,4,1,jill m.,logan,l,jill m. logan,A5045066331,j logan
A5000110105,https://orcid.org/0000-0003-3911-0226,Aisha Ravindran,"['Aisha Ravindran', 'Aisha Ravindran   (posthumous manuscript)']",9,141,3,3,aisha,ravindran,r,aisha ravindran,A5000110105,a ravindran
A5100731447,https://orcid.org/0000-0001-9772-2357,Eric Chen,"['Chen E', 'E Chen', 'Eric Chen', 'Eric S. Chen']",24,1214,11,13,eric,chen,c,eric chen,A5100731447,e chen
A5067603887,,Miranda Chang,"['Chang, Miranda', 'Miranda Chang']",20,11,2,5,miranda,chang,c,miranda chang,A5067603887,m chang
A5019184400,,Michael Bamberg,"['Bamberg, Michael', 'Bamberg, Michael G. W. 1947-', 'M Bamberg', 'M. Bamberg', 'MICHAEL BAMBERG', 'Michael BAMBERG', 'Michael Bamberg', 'Michael Bamberg,', 'Michael G. Bamberg']",119,11101,37,53,michael,bamberg,b,michael bamberg,A5019184400,m bamberg
A5040169956,,Sujit Narayanan,"['Narayanan, Sujit', 'Sujit Narayanan']",7,17,2,2,sujit,narayanan,n,sujit narayanan,A5040169956,s narayanan
A5039778392,https://orcid.org/0000-0002-5500-8275,Lara Hollmann,"['Hollmann, Lara', 'Lara Hollmann']",12,408,6,3,lara,hollmann,h,lara hollmann,A5039778392,l hollmann
A5015481958,,Stephen Collis,"['Collis, Stephen', 'Stephen Collis']",28,69,4,9,stephen,collis,c,stephen collis,A5015481958,s collis
A5019491488,,Weiling Zheng,['Weiling Zheng'],9,31,3,6,weiling,zheng,z,weiling zheng,A5019491488,w zheng
A5047876912,https://orcid.org/0000-0003-2044-1658,Juan Manuel Fernández‐Cárdenas,"['Chacón Rojas, Gerardo', 'Fernández Cárdenas, Juan Manuel', 'Fernández-Cárdenas, Juan Manuel', 'Juan M. Fernández', 'Juan Manuel Cárdenas', 'Juan Manuel Fernandez Cardenas', 'Juan Manuel Fernández', 'Juan Manuel Fernández Cárdenas', 'Juan Manuel Fernández-Cárdenas', 'Juan Manuel Fernández‐Cárdenas', 'Juan-Manuel Fernández-Cárdenas']",77,346,10,8,juan manuel,fernández‐cárdenas,f,juan manuel fernández‐cárdenas,A5047876912,j fernández‐cárdenas
A5002938523,https://orcid.org/0000-0001-7345-049X,David Schuberth,"['David A. Schuberth', 'David Schuberth']",7,69,3,2,david,schuberth,s,david schuberth,A5002938523,d schuberth
A5030803878,https://orcid.org/0000-0002-8955-9382,Iva W. Cheung,"['Cheung, Iva W.', 'Cheung, Iva Wai-Yun', 'I Cheung', 'I. Cheung', 'I.W. Cheung', 'Iva Cheung', 'Iva W Cheung', 'Iva W. Cheung']",27,219,7,16,iva w.,cheung,c,iva w. cheung,A5030803878,i cheung
A5012876179,,Romina C. Reyes,"['R. Reyes', 'Romina C Reyes', 'Romina C. Reyes', 'Romina Reyes']",21,444,9,11,romina c.,reyes,r,romina c. reyes,A5012876179,r reyes
A5014722457,https://orcid.org/0000-0002-7996-6531,Seyed Hamidreza Mirpoorian,"['Mirpoorian, Seyed Hamidreza', 'Seyed Hamidreza Mirpoorian']",9,67,4,1,seyed hamidreza,mirpoorian,m,seyed hamidreza mirpoorian,A5014722457,s mirpoorian
A5112386136,,Naveed Gulzar,"['Gulzar, Naveed', 'Naveed Gulzar']",27,432,9,4,naveed,gulzar,g,naveed gulzar,A5112386136,n gulzar
A5053768551,,John M. Tallon,"['J M TALLON', 'J M Tallon', 'J Tallon', 'J. Tallon', 'J.M. Tallon', 'John  M. Tallon', 'John M Tallon', 'John M. Tallon', 'John Tallon']",111,2262,25,40,john m.,tallon,t,john m. tallon,A5053768551,j tallon
A5046714003,https://orcid.org/0000-0002-3358-0043,Robert Laxdal,"['F. Mammarella', 'Laxdal, R', 'Laxdal, R E', 'Laxdal, R.', 'Laxdal, R. E.', 'Laxdal, Robert', 'Laxdal, Robert E.', 'R E Laxdal', 'R Laxdal', 'R. E. Laxdal', 'R. E. Laxdal R. E. Laxdal', 'R. Laxdal', 'R.E. Laxdal', 'R.\u2009E. Laxdal', 'Robert E Laxdal', 'Robert E. Laxdal', 'Robert Laxdal']",250,916,15,9,robert,laxdal,l,robert laxdal,A5046714003,r laxdal
A5053408951,,Lucía Del Carpio,"['Del Carpio, Lucía', 'Lucia Del Carpio', 'Lucía Del Carpio']",27,72,4,11,lucía del,carpio,c,lucía del carpio,A5053408951,l carpio
A5009494019,https://orcid.org/0000-0001-7789-7643,Marjolein Wilke,"['Fien Depaepe', 'Marjolein Wilke', 'Wilke, Marjolein']",11,31,3,11,marjolein,wilke,w,marjolein wilke,A5009494019,m wilke
A5036248762,https://orcid.org/0000-0002-4136-4682,John Ries,"['J. C. RIES', 'J. C. Ries', 'J. Ries', 'J.C. Ries', 'JOHN C. RIES', 'John C Ries', 'John C. RIES', 'John C. Ries', 'John Ries', 'John ries', 'Mayer, Thierry', 'Ries J.', 'Ries, J  C', 'Ries, J. C.', 'Ries, John', 'Ries, John C.', 'Thierry Mayer']",279,16144,49,18,john,ries,r,john ries,A5036248762,j ries
A5057352934,https://orcid.org/0000-0001-5278-9494,Xiaokong Zhang,['Xiaokong Zhang'],16,178,7,6,xiaokong,zhang,z,xiaokong zhang,A5057352934,x zhang
A5114190264,https://orcid.org/0009-0009-0431-2283,M. Cui,"['M Cui', 'M Y Cui', 'M. CUI', 'M. Cui', 'Manman Cui', 'Michelle Cui']",13,473,7,11,m.,cui,c,m. cui,A5114190264,m cui
A5101586019,https://orcid.org/0000-0003-1395-6629,Ashish Sinha,"['A Sinha', 'A. Sinha', 'A.K. Sinha', 'Ashish Sinha', 'Dr. A. K. Sinha', 'Sinha, Ashish']",49,350,10,19,ashish,sinha,s,ashish sinha,A5101586019,a sinha
A5017895688,https://orcid.org/0000-0002-5683-435X,Petra Mikulan,['Petra Mikulan'],28,92,6,2,petra,mikulan,m,petra mikulan,A5017895688,p mikulan
A5053476692,https://orcid.org/0000-0002-9299-9602,W. John Braun,"['Braun, W. John', 'W John Braun', 'W. J. Braun', 'W. John Braun', 'W.J Braun', 'W.J. Braun', 'WJ Braun', 'Walter Braun', 'Willard J. Braun', 'Willard John Braun']",172,15776,18,19,w. john,braun,b,w. john braun,A5053476692,w braun
A5029251872,https://orcid.org/0000-0002-3244-5384,Yang Chen,"['Chen Yang', 'Chen, Yang', 'Yang Chen', 'Yang Chen (9737)', 'Yang, Chen', 'Yu Liu']",147,2769,31,65,yang,chen,c,yang chen,A5029251872,y chen
A5041759678,https://orcid.org/0000-0001-5339-7185,Sidney H. Kennedy,"['B Cohen', 'Catherine J. Harmer', 'Kennedy, S', 'Kennedy, Sidney H.', 'Kennedy,Sidney', 'S BYRNE J KENNEDY', 'S H Kennedy', 'S KENNEDY', 'S Kennedy', 'S. H. KENNEDY', 'S. H. Kennedy', 'S. KENNEDY', 'S. Kennedy', 'S.H Kennedy', 'S.H. Kennedy', 'SH Kennedy', 'SIDNEY H. KENNEDY', 'SIDNEY KENNEDY', 'Sidney H Kennedy', 'Sidney H. Kennedy', 'Sidney J. Kennedy', 'Sidney Kennedy', 'Simon Kennedy', 'Sydney H. Kennedy', 'Sydney Kennedy', 'sidney kennedy']",1841,57048,118,127,sidney h.,kennedy,k,sidney h. kennedy,A5041759678,s kennedy
A5014693436,https://orcid.org/0000-0002-6569-3771,Liang Cao,"['LIANG CAO', 'Liang Cao']",10,16,2,2,liang,cao,c,liang cao,A5014693436,l cao
A5112382486,,Charles Morton,"['C. Morton', 'Charles G. Morton', 'Charles Morton', 'Morton, Charles', 'Morton, Charles G.']",63,2307,20,21,charles,morton,m,charles morton,A5112382486,c morton
A5087576726,https://orcid.org/0000-0003-0353-8255,J. van Drie,"['J. Van Drie', 'J. van Drie', 'J.P. van Drie', 'Jannet P. van Drie', 'Jannet Van Drie', 'Jannet van Drie', 'van Drie, J.', 'van Drie, Jannet']",107,1859,18,11,j. van,drie,d,j. van drie,A5087576726,j drie
A5018475444,https://orcid.org/0000-0001-8656-3514,Ping Tan,"['Ping Tan', 'Tan, Ping']",63,616,12,11,ping,tan,t,ping tan,A5018475444,p tan
A5101982063,https://orcid.org/0000-0002-4288-3564,Meng Sun,['Meng Sun'],15,77,4,8,meng,sun,s,meng sun,A5101982063,m sun
A5027965468,https://orcid.org/0000-0002-9619-9012,Sabrina T. Wong,"['S. Wong', 'S.T.C. Wong', 'SABRINA T. WONG', 'Sabrina T Wong', 'Sabrina T. Wong', 'Sabrina Wong', 'Wong, Sabrina T.']",293,6790,39,66,sabrina t.,wong,w,sabrina t. wong,A5027965468,s wong
A5012970288,https://orcid.org/0000-0001-6639-7993,Jason A. Leach,"['J. A. Leach', 'J. Leach', 'J.A. Leach', 'Jason A. Leach', 'Jason Andrew Leach', 'Jason Leach', 'Leach, Jason', 'Leach, Jason A.', 'Leach, Jason Andrew']",87,1660,21,12,jason a.,leach,l,jason a. leach,A5012970288,j leach
A5079911374,,Cathy McFarland,"['Cathy McFarland', 'Cathy Mcfarland']",52,4509,30,3,cathy,mcfarland,m,cathy mcfarland,A5079911374,c mcfarland
A5100602057,https://orcid.org/0000-0002-6374-1362,Ke Wang,"['Ke WANG', 'Ke Wang']",44,636,11,14,ke,wang,w,ke wang,A5100602057,k wang
A5047249816,https://orcid.org/0000-0002-0549-7306,Amanda My Linh Quan,"['Amanda M. L. Quan', 'Amanda M. Quan', 'Amanda My Linh Quan', 'Amanda Quan']",13,229,8,7,amanda my linh,quan,q,amanda my linh quan,A5047249816,a quan
A5010297134,,Sahil Chandhok,['Sahil Chandhok'],10,87,5,4,sahil,chandhok,c,sahil chandhok,A5010297134,s chandhok
A5020366192,https://orcid.org/0000-0002-9649-5268,Ouldooz Baghban Karimi,"['O.B. Karimi', 'Ouldooz Baghban Karimi', 'Ouldooz Karimi']",30,324,8,3,ouldooz baghban,karimi,k,ouldooz baghban karimi,A5020366192,o karimi
A5047591827,,Sharon Karsten,['Sharon Karsten'],7,9,2,3,sharon,karsten,k,sharon karsten,A5047591827,s karsten
A5020135631,https://orcid.org/0000-0002-8913-8537,Lee M. Vargen,['Lee M. Vargen'],8,139,5,1,lee m.,vargen,v,lee m. vargen,A5020135631,l vargen
A5085944632,https://orcid.org/0009-0003-6439-8898,Chelsea R. Mathieson,"['Chelsea R. Mathieson', 'Mathieson, Chelsea']",6,22,3,2,chelsea r.,mathieson,m,chelsea r. mathieson,A5085944632,c mathieson
A5024820081,https://orcid.org/0000-0001-8890-4503,Elizabeth A. Gow,"['ELIZABETH GOW', 'Elizabeth A Gow', 'Elizabeth A. Gow', 'Elizabeth Gow', 'Gow, Elizabeth', 'Gow, Elizabeth A.', 'Robert Clark']",63,1694,20,15,elizabeth a.,gow,g,elizabeth a. gow,A5024820081,e gow
A5101445828,https://orcid.org/0000-0003-2300-0743,Ke Wang,"['K. Wang', 'KaiZheng Wang', 'Ke WANG', 'Ke Wang', 'Kunyu Wang', 'WANG Ke -', 'Wang Ke', 'Wang, Ke', 'Wang, Ke (ESO)']",91,1455,19,38,ke,wang,w,ke wang,A5101445828,k wang
A5003332094,,A. T. K. Kurkjian,"['A. T. K. Kurkjian', 'Alexander T. K. Kurkjian', 'Alexander T. Kurkjian', 'Kurkjian, A. T. K.', 'Kurkjian, Alexander T. K.']",9,220,3,4,a. t. k.,kurkjian,k,a. t. k. kurkjian,A5003332094,a kurkjian
A5089790660,https://orcid.org/0000-0002-1490-1518,Jordan White,"['J. C. WHITE', 'J. C. White', 'J.\xa0C. WHITE', 'Jordan White', 'White, Jordan']",34,733,11,13,jordan,white,w,jordan white,A5089790660,j white
A5064919874,https://orcid.org/0009-0003-1478-5558,Lee Beavington,['Lee Beavington'],21,32,3,2,lee,beavington,b,lee beavington,A5064919874,l beavington
A5032942449,https://orcid.org/0000-0001-8882-4685,Sina Haeri,"['Haeri, S', 'Haeri, Sina', 'S. Haeri', 'Sina Haeri']",59,1788,19,14,sina,haeri,h,sina haeri,A5032942449,s haeri
A5101748742,https://orcid.org/0000-0002-0155-4123,John M. Gaspar,"['Gaspar, John', 'J. M. Gaspar', 'John Gaspar', 'John M Gaspar', 'John M. Gaspar']",50,2638,22,24,john m.,gaspar,g,john m. gaspar,A5101748742,j gaspar
A5041182976,https://orcid.org/0000-0003-1141-3348,Blake Danis,"['Blake Danis', 'Blake E. G. Danis', 'blake e. g. danis']",6,13,1,1,blake,danis,d,blake danis,A5041182976,b danis
A5074960558,https://orcid.org/0000-0001-6552-6650,Corey Arnold,"['Arnold, Corey', 'C Arnold', 'Corey Arnold', 'Corey R Arnold', 'Corey R. Arnold']",48,912,15,22,corey,arnold,a,corey arnold,A5074960558,c arnold
A5110611552,,Mary M. Doyle‐Waters,"['Doyle-Waters, Mary Madeleine R.', 'M M. Doyle-Waters', 'M. Doyle-Waters', 'M. M. Doyle-Waters', 'M. Madeleine Doyle-Waters', 'Mary Doyle-Waters', 'Mary M Doyle-Waters', 'Mary M. Doyle-Waters', 'Mary M. Doyle‐Waters', 'Mary Madeleine R. Doyle-Waters']",41,2378,22,16,mary m.,doyle‐waters,d,mary m. doyle‐waters,A5110611552,m doyle‐waters
A5077219405,https://orcid.org/0000-0002-0606-2507,Omar Rahman,"['M O Rahman', 'M Omar Rahman', 'M Rahman', 'M. O. Rahman', 'M. OMAR RAHMAN', 'M. Omar Rahman', 'M.Omar Rahman', 'O Rahman', 'O. Rahman', 'OMAR RAHMAN', 'Omar Ebadur Rahman', 'Omar Jameel Ur Rahman', 'Omar M. Rahman', 'Omar Rahman', 'Omed Abdul Rahman', 'Rahman, Omar']",218,16200,50,44,omar,rahman,r,omar rahman,A5077219405,o rahman
A5026591291,https://orcid.org/0000-0001-6941-2319,Cristina Moretti,['Cristina Moretti'],20,22,3,1,cristina,moretti,m,cristina moretti,A5026591291,c moretti
A5074690063,https://orcid.org/0000-0002-7778-1795,Allison A. Campbell,"['A A Campbell', 'A. A. CAMPBELL', 'A. A. Campbell', 'A. Campbell', 'Allison A Campbell', 'Allison A. Campbell', 'Allison Campbell', 'Campbell, A.A.; Tarasevich, B.J.; Graff, G.L.; Fryxell, G.E.; Rieke, P.C.', 'Campbell, Allison', 'Campbell, Allison A.']",86,2529,21,28,allison a.,campbell,c,allison a. campbell,A5074690063,a campbell
A5018042276,https://orcid.org/0000-0002-3936-4421,Anurada Amarasekera,"['Anurada Amarasekera', 'Anurada U. Amarasekera']",8,86,4,5,anurada,amarasekera,a,anurada amarasekera,A5018042276,a amarasekera
A5006919028,,Jiaxin Tan,"['Jia-Xin Tan', 'Jia-xin TAN', 'Jiaxin TAN', 'Jiaxin Tan', 'Qunfang Li']",40,511,11,22,jiaxin,tan,t,jiaxin tan,A5006919028,j tan
A5051030179,,Odilia Dys‐Steenbergen,"['Odilia Dys-Steenbergen', 'Odilia Dys‐Steenbergen']",10,293,4,1,odilia,dys‐steenbergen,d,odilia dys‐steenbergen,A5051030179,o dys‐steenbergen
A5080800303,https://orcid.org/0000-0002-9331-3801,Chloé Stengel,"['C Stengel', 'C. Stengel', 'Chloe Stengel', 'Chloé Stengel', 'Chloé Stengel', 'Chloë Stengel', 'Stengel, C.', 'Stengel, Chloé']",53,1302,15,22,chloé,stengel,s,chloé stengel,A5080800303,c stengel
A5103233923,https://orcid.org/0000-0002-5462-4041,Alba Galán,"['A Galan', 'A. Galan', 'A. Galán', 'Alba Galan', 'Alba Galán']",38,1182,17,12,alba,galán,g,alba galán,A5103233923,a galán
A5032534115,,Peggy Frank,['Peggy Frank'],7,60,4,2,peggy,frank,f,peggy frank,A5032534115,p frank
A5023655318,,J. Shoults,"['J. SHOULTS', 'J. Shoults', 'James Shoults']",6,42,4,4,j.,shoults,s,j. shoults,A5023655318,j shoults
A5041232738,https://orcid.org/0000-0003-4485-6719,Lauren Lapointe‐Shaw,"['L Lapointe-Shaw', 'L. Lapointe-Shaw', 'L. Lapointe‐Shaw', 'Lauren Lapointe-Shaw', 'Lauren Lapointe-Shaw (155700)', 'Lauren Lapointe‐Shaw']",148,2669,27,53,lauren,lapointe‐shaw,l,lauren lapointe‐shaw,A5041232738,l lapointe‐shaw
A5064136400,https://orcid.org/0000-0003-3086-2069,Yonathan Uriel,"['Y. Uriel', 'YONATHAN URIEL', 'Yonathan Uriel']",11,106,5,4,yonathan,uriel,u,yonathan uriel,A5064136400,y uriel
A5042254754,https://orcid.org/0000-0001-5948-9523,Sundar Sapkota,"['Sapkota Sundar', 'Sundar Sapkota']",21,377,8,3,sundar,sapkota,s,sundar sapkota,A5042254754,s sapkota
A5102790541,https://orcid.org/0000-0001-6885-019X,Yang Yu,"['Y Yu', 'Y. YU', 'Yang Yu', 'Yu Yang', 'Yu, Yang']",59,713,15,21,yang,yu,y,yang yu,A5102790541,y yu
A5058767645,https://orcid.org/0000-0002-5067-4295,Kurtis Raymond,"['K. Raymond', 'Kurtis Raymond', 'Raymond, K.', 'Raymond, Kurtis']",18,52,3,2,kurtis,raymond,r,kurtis raymond,A5058767645,k raymond
A5029536629,https://orcid.org/0000-0003-0251-4673,Gerhard Stoel,"['G. Stoel', 'G.L. Stoel', 'Gerhard L. Stoel', 'Gerhard Stoel']",18,346,8,8,gerhard,stoel,s,gerhard stoel,A5029536629,g stoel
A5024922825,https://orcid.org/0000-0001-9517-9258,Frank Scheuermeyer,"['F. Scheuermeyer', 'F. X. Scheuermeyer', 'F.X. Scheuermeyer', 'Frank Scheuermeyer', 'Frank X Scheuermeyer', 'Frank X. Scheuermeyer', 'Frank Xavier Scheuermeyer']",248,3837,37,40,frank,scheuermeyer,s,frank scheuermeyer,A5024922825,f scheuermeyer
A5101477201,https://orcid.org/0000-0003-3090-5276,Johannes Lehmann,"['J Lehmann', 'J. Lehmann', 'Johannes Lehmann', 'Lehmann, J.', 'Lehmann, Johannes']",27,421,10,13,johannes,lehmann,l,johannes lehmann,A5101477201,j lehmann
A5035252843,,Qiping Zhou,['Qiping Zhou'],19,33,2,10,qiping,zhou,z,qiping zhou,A5035252843,q zhou
A5043341053,https://orcid.org/0000-0002-4681-7791,Paul Deane,"['Deane, Paul', 'J. P. Deane', 'J.P Deane', 'J.P. Deane', 'JP Deane', 'John Deane', 'P. Deane', 'Paul Deane']",601,5947,40,16,paul,deane,d,paul deane,A5043341053,p deane
A5009083898,,Cassidy Tam,"['Cassidy Tam', 'Tam, Cassidy']",6,9,2,2,cassidy,tam,t,cassidy tam,A5009083898,c tam
A5062275812,https://orcid.org/0000-0003-0670-4079,Carsten Thomassen,"['C Thomassen', 'C. Thomassen', 'CARSTEN THOMASSEN', 'Carsten Thomassen', 'Thomassen, C.', 'Thomassen, Carsten']",304,9903,55,26,carsten,thomassen,t,carsten thomassen,A5062275812,c thomassen
A5073802401,,Catherine Parent,['Catherine Parent'],14,13,2,2,catherine,parent,p,catherine parent,A5073802401,c parent
A5083834467,https://orcid.org/0000-0003-3367-7053,Elizabeth Cooper,"['E. S. Cooper', 'Elizabeth Cooper']",36,286,9,8,elizabeth,cooper,c,elizabeth cooper,A5083834467,e cooper
A5089958796,https://orcid.org/0000-0002-0183-6163,W. Ben Mortenson,"['B Mortenson', 'B W Mortenson', 'B William Mortenson', 'B. MORTENSON', 'B. Mortenson', 'Ben Mortenson', 'Ben W. Mortenson', 'Mortenson W.B.', 'Mortenson, W. Ben', 'Peter Herbison', 'W B Mortenson', 'W Ben Mortenson', 'W Mortenson', 'W. BEN MORTENSON', 'W. Ben Mortenson', 'W. Ben. Mortenson', 'W. Bennett Mortenson', 'W. Mortenson', 'W.B. Mortenson', 'W.Ben Mortenson', 'W.\xa0Ben Mortenson', 'WB Mortenson', 'William B Mortenson', 'William B. Mortenson', 'William Ben Mortenson', 'William Bennett Mortenson', 'William Mortenson']",316,5219,38,26,w. ben,mortenson,m,w. ben mortenson,A5089958796,w mortenson
A5079889569,https://orcid.org/0000-0002-7399-5374,Serge Brochu,"['Brochu, S', 'Brochu, Serge', 'S Brochu', 'S. Brochu', 'SERGE BROCHU', 'Serge Brochu']",198,1969,23,13,serge,brochu,b,serge brochu,A5079889569,s brochu
A5054783121,https://orcid.org/0000-0003-2909-156X,Changbo Qu,"['C. Qu', 'Chang-Bo Qu', 'Changbo Qu', 'Qu, Changbo']",36,568,13,15,changbo,qu,q,changbo qu,A5054783121,c qu
A5100348260,https://orcid.org/0000-0002-0063-4965,Yi‐Ting Chen,"['Chen Yi-Ting', 'Chen, Yi-Ting', 'Chen, Yiting', 'Chen, Yi‐Ting', 'Yi-Ting Chen', 'Yi-ting Chen', 'Yiting CHEN', 'Yiting Chen', 'Yi‐Ting Chen']",548,10629,52,152,yi‐ting,chen,c,yi‐ting chen,A5100348260,y chen
A5077929038,https://orcid.org/0000-0002-9074-6505,Henri Lu,"['H Lu', 'H. Lu', 'H. Y. Lu', 'Henri Lu', 'Henri Y. Lu', 'Hsin-Yu Lu']",147,689,13,20,henri,lu,l,henri lu,A5077929038,h lu
A5103160307,https://orcid.org/0000-0002-7434-5947,Zheyuan Li,"['Li, Zheyuan', 'Z. Li', 'Zheyuan Li']",43,1078,11,18,zheyuan,li,l,zheyuan li,A5103160307,z li
A5110039653,,Robert B. Reeves,"['R B Reeves', 'R Reeves', 'R. B. Reeves', 'R. Reeves', 'R.B. Reeves', 'R.Blake Reeves', 'ROBERT B. REEVES', 'Robert B. Reeves', 'Robert Blake Reeves', 'Robert Blake reeves']",65,3661,29,14,robert b.,reeves,r,robert b. reeves,A5110039653,r reeves
A5016956470,,Douwe Kiela,"['DOUWE KIELA', 'Danish Contractor', 'Douwe Kiela', 'Iacer Calixto', 'Kiela, D', 'Kiela, D.', 'Kiela, Douwe', 'Shajith Ikbal']",190,12286,49,37,douwe,kiela,k,douwe kiela,A5016956470,d kiela
A5013001189,https://orcid.org/0000-0002-4391-0712,Yvonne A. Dzal,"['Dzal, Yvonne A.', 'Dzal, Yvonne Andrea', 'Y.A. Dzal', 'Yvonne A. Dzal', 'Yvonne Dzal']",46,886,15,9,yvonne a.,dzal,d,yvonne a. dzal,A5013001189,y dzal
A5009764133,https://orcid.org/0000-0002-4499-9261,Yves Colombe,"['Colombe, Y', 'Colombe, Y.', 'Colombe, Yves', 'Y Colombe', 'Y. Colombe', 'Yves Colombe']",65,2744,19,12,yves,colombe,c,yves colombe,A5009764133,y colombe
A5025576164,,Florian Herla,['Florian Herla'],25,319,6,3,florian,herla,h,florian herla,A5025576164,f herla
A5025656770,,Amir Mahmoud Asadirad,"['Amir ASADIRAD, Ph.D.', 'Amir Asadirad', 'Amir M. Asadirad', 'Amir Mahmoud Asadirad']",8,274,4,2,amir mahmoud,asadirad,a,amir mahmoud asadirad,A5025656770,a asadirad
A5019594623,https://orcid.org/0000-0002-1548-5886,Mengyi Wang,"['Guangfeng Li', 'M. Wang', 'Meng-Yi Wang', 'MengYi WANG', 'Mengyi WANG', 'Mengyi Wang', 'Wang, Meng-Yi', 'Wang, Mengyi', 'Xingqiao Deng', 'Ying Li', 'Yumin Zhang']",208,3535,35,78,mengyi,wang,w,mengyi wang,A5019594623,m wang
A5009506847,https://orcid.org/0009-0008-8641-3549,G. Hackman,"['G HACKMAN', 'G Hackman', 'G. HACKMAN', 'G. Hackman', 'G.S. Hackman', 'Greg Hackman', 'Gregory Hackman.', 'Hackman, G.']",374,5039,38,33,g.,hackman,h,g. hackman,A5009506847,g hackman
A5101448464,https://orcid.org/0000-0003-3939-0803,Ke Wang,"['Ke Wang', 'Wang, Ke']",15,41,5,6,ke,wang,w,ke wang,A5101448464,k wang
A5040944390,,Shayan Gheidi,"['Gheidi, Shayan', 'S. Gheidi', 'Shayan Gheidi']",14,189,5,2,shayan,gheidi,g,shayan gheidi,A5040944390,s gheidi
A5023389709,,Alex Withers,"['A. J. Withers', 'A.J. Withers', 'AJ Withers', 'Alex Withers']",19,197,4,6,alex,withers,w,alex withers,A5023389709,a withers
A5051528851,https://orcid.org/0000-0001-7391-9403,A Calahorrano-Di Patre,"['A Calahorrano-Di\nPatre', 'A Calahorrano-Di Patre', 'A. Calahorrano-Di Patre', 'Antonina Calahorrano', 'Antonina Calahorrano-Di Patre', 'Antonina Calahorrano‐Di Patre']",9,47,4,3,a calahorrano-di,patre,p,a calahorrano-di patre,A5051528851,a patre
A5028058195,https://orcid.org/0009-0006-8199-3658,Aleyah Williams,"['A. R. F. Williams', 'Aleyah Williams']",16,96,5,7,aleyah,williams,w,aleyah williams,A5028058195,a williams
A5073329986,https://orcid.org/0000-0001-7311-8681,Iman Baharmand,['Iman Baharmand'],17,239,6,6,iman,baharmand,b,iman baharmand,A5073329986,i baharmand
A5081946729,https://orcid.org/0000-0002-6593-0554,Xiaolin Sun,"['Sun, X.', 'Sun, X. L.', 'X Sun', 'X. L. Sun', 'X. Sun', 'X.L. Sun', 'X.‐L. SUN', 'X.‐L. Sun', 'Xiao-Lin SUN', 'Xiao-Lin Sun', 'Xiao-lin Sun', 'Xiaolin SUN', 'Xiaolin Sun', 'Xiao‐Lin Sun']",74,2106,25,26,xiaolin,sun,s,xiaolin sun,A5081946729,x sun
A5066191910,https://orcid.org/0000-0002-9785-0196,Andrew Nolan,"['Andrew Nolan', 'Nolan, Andrew']",15,77,2,3,andrew,nolan,n,andrew nolan,A5066191910,a nolan
A5028724413,https://orcid.org/0000-0002-0939-2261,Tsuyoshi Kawasaki,"['KAWASAKI, Tsuyoshi', 'Kawasaki Tsuyoshi', 'Kawasaki, Tsuyoshi', 'T. KAWASAKI', 'T. Kawasaki', 'TSUYOSHI KAWASAKI', 'Tsuyoshi KAWASAKI', 'Tsuyoshi Kawasaki']",83,2058,17,7,tsuyoshi,kawasaki,k,tsuyoshi kawasaki,A5028724413,t kawasaki
A5086938691,,Janesse E. Holmes,"['Holmes, Janesse', 'Janesse E. Holmes', 'Janesse Holmes']",11,295,6,4,janesse e.,holmes,h,janesse e. holmes,A5086938691,j holmes
A5093274936,https://orcid.org/0000-0001-5114-8775,Fatemeh Khorami,"['Fatemeh Khorami', 'Khorami, Fatemeh']",8,26,2,3,fatemeh,khorami,k,fatemeh khorami,A5093274936,f khorami
A5070257900,,T. Bruhn,"['Bruhn, T.', 'T. BRUHN', 'T. Bruhn', 'Timm Bruhn']",16,169,7,6,t.,bruhn,b,t. bruhn,A5070257900,t bruhn
A5030089585,https://orcid.org/0000-0003-1195-9842,Vincent Di Lollo,"['S Yantis- (', 'V. Di Lollo', 'V. Dilollo', 'V. Lollo', 'VINCENT DI LOLLO', 'Vincent DI Lollo', 'Vincent Di Lollo', 'Vincent di Lollo', 'Vincent tDi Lollo']",233,9370,45,11,vincent di,lollo,l,vincent di lollo,A5030089585,v lollo
A5010410589,,Alexi L. Pauls,"['A. Pauls', 'Alexi L. Pauls', 'Pauls, Alexi L.']",10,17,3,2,alexi l.,pauls,p,alexi l. pauls,A5010410589,a pauls
A5031140380,https://orcid.org/0000-0001-7819-5424,Monika Bednarek,"['Bednarek, Monika 1977-', 'M. Bednarek', 'MA Bednarek', 'MONIKA BEDNAREK', 'Monika A Bednarek', 'Monika A. Bednarek', 'Monika Anja Bednarek', 'Monika Bednarek']",165,5779,37,49,monika,bednarek,b,monika bednarek,A5031140380,m bednarek
A5060508167,https://orcid.org/0000-0002-4167-3688,Kathleen Hall Jamieson,"['Bell', 'Jamieson, Kathleen', 'Jamieson, Kathleen Hall', 'K. H. Jamieson', 'KATHLEEN H. JAMIESON', 'KATHLEEN HALL JAMIESON', 'Kathleen H. Jamieson', 'Kathleen Hall Jamieson', 'Kathleen Jamieson', 'Kathleen\xa0Hall Jamieson']",442,16588,60,21,kathleen hall,jamieson,j,kathleen hall jamieson,A5060508167,k jamieson
A5030765199,https://orcid.org/0000-0003-3668-7521,Aaron T. Steelquist,"['A. Steelquist', 'A. T. Steelquist', 'A.T. Steelquist', 'Aaron Steelquist', 'Aaron T. Steelquist', 'Steelquist, A. T.', 'Steelquist, A.T.', 'Steelquist, Aaron']",35,100,3,3,aaron t.,steelquist,s,aaron t. steelquist,A5030765199,a steelquist
A5023933189,https://orcid.org/0000-0002-1402-6370,Sara E. Cannon,"['Cannon, Sara E.', 'S.E. Cannon', 'SE Cannon', 'Sara Cannon', 'Sara E Cannon', 'Sara E. Cannon']",31,552,8,3,sara e.,cannon,c,sara e. cannon,A5023933189,s cannon
A5008029775,https://orcid.org/0000-0003-2023-6216,Jefferson A. Pells,"['Jefferson A. Pells', 'Pells, Jefferson A.']",11,52,2,4,jefferson a.,pells,p,jefferson a. pells,A5008029775,j pells
A5108207567,,Avraham Cohen,"['A. K. COHEN', 'A. K. Cohen', 'Avraham Cohen', 'Cohen, Avraham']",81,294,10,12,avraham,cohen,c,avraham cohen,A5108207567,a cohen
A5033109187,https://orcid.org/0009-0002-2029-394X,Mohammad Reza Ganji,"['Mohammad Ganji', 'Mohammad Reza Ganji']",9,124,6,5,mohammad reza,ganji,g,mohammad reza ganji,A5033109187,m ganji
A5102825422,https://orcid.org/0000-0003-0298-646X,Ana Carolina Fernandes,"['A. Fernandes', 'A.C. Fernandes', 'Ana Carolina Fernandes', 'Ana Fernandes', 'Ana Paula  Constantino Fernandes']",13,7,1,6,ana carolina,fernandes,f,ana carolina fernandes,A5102825422,a fernandes
A5109805545,,M.L. Walsh,"['M Walsh', 'M. L. Walsh', 'M.L. WALSH', 'M.L. Walsh', 'Michael L Walsh', 'Michael L. Walsh', 'Michael Walsh', 'Walsh, Michael Leonard']",101,2634,28,10,m.l.,walsh,w,m.l. walsh,A5109805545,m walsh
A5011858857,https://orcid.org/0000-0002-6399-5741,Logan Trenaman,"['C Trenaman', 'L M Trenaman', 'L. M. Trenaman', 'L. Trenaman', 'LM Trenaman', 'Logan  Trenaman', 'Logan M. Trenaman', 'Logan Trenaman']",59,1288,18,33,logan,trenaman,t,logan trenaman,A5011858857,l trenaman
A5060113602,,Jesper Johansen,"['Jesper Johansen', 'Jesper Johansen (2950710)']",11,363,6,2,jesper,johansen,j,jesper johansen,A5060113602,j johansen
A5060107382,https://orcid.org/0000-0003-3134-1775,Leif S. Anderson,"['Anderson, Leif', 'Anderson, Leif S.', 'L. S. Anderson', 'Leif Anderson', 'Leif S. Anderson', 'Leif Stefan Anderson']",92,1207,16,10,leif s.,anderson,a,leif s. anderson,A5060107382,l anderson
A5085376161,,M. Yakovlev,"['M. Yakovlev', 'Yakovlev, M.']",10,54,3,1,m.,yakovlev,y,m. yakovlev,A5085376161,m yakovlev
A5028512661,https://orcid.org/0000-0002-1756-0560,Jiaqi Tan,"['J C Tan', 'Jia-Qi Tan', 'Jia-qi Tan', 'JiaQi Tan', 'Jiaqi  Tan', 'Jiaqi Tan', 'Tan, Jiaqi']",182,4506,38,53,jiaqi,tan,t,jiaqi tan,A5028512661,j tan
A5100620082,https://orcid.org/0000-0003-1262-2045,Mark Lee,"['Cheol Koh', 'Lee, M.', 'Lee, Mark', 'Lee, Mark G.', 'Lee, Mark; Highstrete, Clark; Vallett, Aaron; EICHFELD, SARAH M.; REDWING, JOAN M.; MAYER, THERESA S.', 'Lee. M.', 'M. G. Lee', 'M. Lee', 'M.G. Lee', 'Mark A. Lee', 'Mark G. Lee', 'Mark Lee', 'Mark W. Lee']",360,7173,37,104,mark,lee,l,mark lee,A5100620082,m lee
A5062588698,https://orcid.org/0000-0001-8233-1337,Sara Williamson,"['S Williamson', 'S. Williamson', 'S.B. Williamson', 'Sara S. Williamson', 'Sara Williamson', 'Williamson, Sara', 'Williamson, Sarah Louise']",44,2651,22,17,sara,williamson,w,sara williamson,A5062588698,s williamson
A5017568018,,Xizi Deng,"['Deng, Xizi', 'Xi-Zi Deng', 'XiZi Deng', 'Xizi Deng']",51,951,11,7,xizi,deng,d,xizi deng,A5017568018,x deng
A5101835407,https://orcid.org/0000-0002-6369-3399,Su‐Young Kim,"['Kim, S.-Y.', 'Kim, Suyoung', 'Kim, Sy', 'S Y Kim', 'S-Y. Kim', 'S. Kim', 'S. Y. KIM', 'S. Y. Kim', 'S.- Y. Kim', 'S.-Y. Kim', 'S.Y. Kim', 'S.‐Y. Kim', 'SY Kim', 'Su-Young Kim', 'Su-young Kim', 'SuYoung Kim', 'Suyoung KIM', 'Suyoung Kim', 'Su‐Young Kim']",306,6133,43,84,su‐young,kim,k,su‐young kim,A5101835407,s kim
A5057346446,https://orcid.org/0000-0002-0082-5753,Monica Lee,"['Lee, Monica', 'M Lee', 'M. Lee', 'MONICA LEE', 'Monica Ga Lim Lee', 'Monica Lee', 'Monica Lee  (Series Editor)', 'Monica M Lee', 'Monica M. Lee']",226,5437,37,92,monica,lee,l,monica lee,A5057346446,m lee
A5109353510,,Ryan O’Neill,"[""Ryan O'Neill"", 'Ryan O’Neill']",22,125,4,5,ryan,o’neill,o,ryan o’neill,A5109353510,r o’neill
A5090765941,,Hae-yoon Kim,"['Hae-Yoon Kim', 'Hae-yoon Kim']",17,87,4,2,hae-yoon,kim,k,hae-yoon kim,A5090765941,h kim
A5013587924,https://orcid.org/0000-0002-7263-8578,Vagrant Gautam,"['Gautam, Vagrant', 'Vagrant Gautam']",45,92,2,4,vagrant,gautam,g,vagrant gautam,A5013587924,v gautam
A5103016993,https://orcid.org/0000-0002-3572-0572,Richard A. Moore,"['Lovett', 'Moore, Richard', 'Moore, Richard A.', 'R A Moore', 'R Moore', 'R. A. Leslie Moore', 'R. A. Moore', 'R. Andrew Moore', 'R. Moore', 'R.A. Moore', 'RICHARD A. MOORE', 'RICHARD MOORE', 'Ranabir Guin', 'Richard A Moore', 'Richard A. Moore', 'Richard Moore', 'Richard\xa0A. Moore', 'Wei Zhang']",445,100803,117,72,richard a.,moore,m,richard a. moore,A5103016993,r moore
A5009245306,https://orcid.org/0000-0003-0346-7450,Derek Warren,"['D T Warren', 'D Warren', 'D. T. Warren', 'Derek T Warren', 'Derek T. Warren', 'Derek Warren', 'Derek. T. Warren', 'Derek\xa0T. WARREN', 'Warren, Derek']",70,2634,23,15,derek,warren,w,derek warren,A5009245306,d warren
A5100674834,https://orcid.org/0000-0003-0242-0984,Zixuan Li,"['Jieqiong Wang', 'LI Zixuan', 'LI, Z.', 'Li Zixuan', 'Li, Zixuan', 'Yihe Zhao', 'Yujie Liu', 'Z Li', 'Zi-Xuan Li', 'Zixuan LI', 'Zixuan Li', 'Zi‐Xuan Li']",204,4350,36,91,zixuan,li,l,zixuan li,A5100674834,z li
A5001839951,https://orcid.org/0000-0001-8142-9930,Kurnia Susvitasari,"['Kurnia Susvitasari', 'Susvitasari, Kurnia']",10,23,4,2,kurnia,susvitasari,s,kurnia susvitasari,A5001839951,k susvitasari
A5035438602,https://orcid.org/0000-0002-8722-7616,Lil Tonmyr,"['L Tonmyr', 'L. Tonmyr', 'Lil Tonmyr', 'Lil Tonmyr, MSW PhD']",183,3184,33,32,lil,tonmyr,t,lil tonmyr,A5035438602,l tonmyr
A5101531875,https://orcid.org/0000-0002-0766-6046,Suyoung Kim,"['Su-Young Kim', 'Su-young Kim', 'Suyoung Kim', 'Su‐Young Kim']",65,699,10,21,suyoung,kim,k,suyoung kim,A5101531875,s kim
A5043684828,https://orcid.org/0000-0002-6728-8884,S. Panchapakesan,"['Panchapakesan, S', 'Panchapakesan, S.', 'Panchapakesan,S', 'S Panchapakesan', 'S. PANCHAPAKESAN', 'S. Panchapakesan', 'Shanker Panchapakesan', 'Shanker S. S. Panchapakesan', 'Shanker S.S. Panchapakesan', 'Shanker SS Panchapakesan', 'Shanker Shyam S Panchapakesan', 'Shanker Shyam S. Panchapakesan', 'Shanker Shyam Sundhar Panchapakesan', 'Shanker\xa0Shyam Panchapakesan']",132,2339,21,20,s.,panchapakesan,p,s. panchapakesan,A5043684828,s panchapakesan
A5055548678,https://orcid.org/0000-0002-6675-3123,Sami Khan,"['Khan, Sami [Massachusetts Inst. of Technology (MIT), Cambridge, MA (United States)]', 'Sami Khan', 'Sami ULLAH KHAN']",15,340,6,6,sami,khan,k,sami khan,A5055548678,s khan
A5084787257,,Rebeccah Parry,['Rebeccah Parry'],7,49,4,3,rebeccah,parry,p,rebeccah parry,A5084787257,r parry
A5004833289,https://orcid.org/0000-0002-1552-6684,Zhijie An,"['Z An', 'Z J An', 'Z. An', 'Z. J. An', 'Zareh Ter-Avetiky an', 'Zhantian An', 'Zhenan An', 'Zhengxu An', 'Zhenxiang An', 'Zhi-Jie An', 'Zhi-jie An', 'Zhijie An', 'Zhiru An', 'Zhongxiao An']",108,2101,23,28,zhijie,an,a,zhijie an,A5004833289,z an
A5104008053,,James Whitehead,"['James D. WHITEHEAD', 'James D. Whitehead', 'James Whitehead', 'Whitehead, James']",25,1006,9,9,james,whitehead,w,james whitehead,A5104008053,j whitehead
A5020398289,https://orcid.org/0000-0003-1641-0779,Antonio Barbalace,"['A. Barbalace', 'Anshul Gandhi', 'Antonio Barbalace', 'Barbalace, Antonio']",93,1156,18,12,antonio,barbalace,b,antonio barbalace,A5020398289,a barbalace
A5110451084,,James A. Thomson,"['J A Thomson', 'J THOMSON', 'J Thomson', 'J. A. K. Thomson', 'J. A. THOMSON', 'J. A. Thomson', 'J. Thomson', 'J.A. Thomson', 'James A Thomson', 'James A. Thomson', 'James Thomson', 'Thomson, J.', 'Thomson, James']",112,3435,28,15,james a.,thomson,t,james a. thomson,A5110451084,j thomson
A5004598103,https://orcid.org/0009-0000-9477-3589,Tania Conte,"['Conte, Tania', 'R Russell', 'T Conte', 'T. Conte', 'Tania Conte', 'Teresa Conte']",25,216,6,12,tania,conte,c,tania conte,A5004598103,t conte
A5102969601,https://orcid.org/0000-0002-8023-6499,David Price,"['D Price', 'D. J. Price', 'D. Price', 'DAVID PRICE', 'David J Price', 'David J. Price', 'David Price', 'Price, D.J.']",138,1949,26,41,david,price,p,david price,A5102969601,d price
A5051016368,,S. Faegheh Yeganli,"['S. F. Yeganli', 'S. Faegheh Yeganli', 'S.Faegheh Yeganli', 'Seyedeh Faegheh Yeganli', 'Yeganli, S. Faegheh']",15,59,4,4,s. faegheh,yeganli,y,s. faegheh yeganli,A5051016368,s yeganli
A5109157673,,A. Mahal,"['A. Mahal', 'Markus A. Young']",9,1189,7,6,a.,mahal,m,a. mahal,A5109157673,a mahal
A5013648956,,Nuri Yang,"['Nuri Yang', 'Yang, Nuri']",9,127,4,6,nuri,yang,y,nuri yang,A5013648956,n yang
A5056346879,,Saron Kassay,"['Kassay S', 'S KASSAY', 'Saron Kassay']",8,46,4,6,saron,kassay,k,saron kassay,A5056346879,s kassay
A5068088564,https://orcid.org/0000-0002-2316-4150,Meghan B. Brennan,"['Beth Shank', 'Brennan, Meghan', 'MEGHAN BRENNAN', 'Meghan B Brennan', 'Meghan B. Brennan', 'Meghan Brennan']",64,5089,23,26,meghan b.,brennan,b,meghan b. brennan,A5068088564,m brennan
A5049575126,https://orcid.org/0000-0001-8120-9946,Mohammad Amani,"['M. Amani', 'Mohammad Amani', 'Mohammad Hosein Amani']",82,3813,31,10,mohammad,amani,a,mohammad amani,A5049575126,m amani
A5100636530,https://orcid.org/0000-0001-9461-5126,Jiaxing Li,"['Jiaxing Li', 'Li, Jiaxing']",25,320,5,15,jiaxing,li,l,jiaxing li,A5100636530,j li
A5016838632,https://orcid.org/0000-0001-6453-5520,Sabu M. Thampi,"['Buyya, Rajkumar', 'Corchado, Juan Manuel 1971-', 'International Symposium SIRS 2018 Bangalore', 'International Symposium on Intelligent Informatics 2012 Madras', 'Ko, Ryan', 'Nit Trichy', 'S.M. Thampi', 'SABU M THAMPI', 'SABU M. THAMPI', 'Sabu  M. Thampi', 'Sabu M Thampi', 'Sabu M. Thampi', 'Sabu Thampi', 'Thampi, Sabu . M', 'Thampi, Sabu M', 'Thampi, Sabu M.']",191,1786,22,20,sabu m.,thampi,t,sabu m. thampi,A5016838632,s thampi
A5080626662,https://orcid.org/0000-0002-7383-540X,Karin Aronsson,"['Aronsson, Karin', 'C. Højholt', 'K. Aronsson', 'KARIN ARONSSON', 'Karin Aronsson']",178,2655,31,48,karin,aronsson,a,karin aronsson,A5080626662,k aronsson
A5011645325,,Roanne Millman,"['Millman, Roanne', 'R. D. Millman', 'R. Millman', 'Roanne D. Millman', 'Roanne Millman']",17,642,9,4,roanne,millman,m,roanne millman,A5011645325,r millman
A5100357237,https://orcid.org/0000-0001-5541-5738,Dongwoo Kim,"['Dong-Woo Kim', 'Dong-woo Kim', 'Dongwoo KIM', 'Dongwoo Kim', 'Dong‐Woo Kim', 'Kim, Dongwoo', 'Yong-Gun Kim', '김동우']",263,1887,25,22,dongwoo,kim,k,dongwoo kim,A5100357237,d kim
A5038620898,https://orcid.org/0000-0001-5075-6162,Joanna Peplak,"['Joanna Peplak', 'Peplak, Joanna']",37,441,12,5,joanna,peplak,p,joanna peplak,A5038620898,j peplak
A5035254678,,Michael D. Hathaway,"['Hathaway, Michael D.', 'M. D. Hathaway', 'M. HATHAWAY', 'M. Hathaway', 'M.D. Hathaway', 'Michael D. Hathaway', 'Michael Dale Hathaway', 'Michael Hathaway', 'Michael J. Hathaway']",74,1771,22,11,michael d.,hathaway,h,michael d. hathaway,A5035254678,m hathaway
A5044619882,https://orcid.org/0000-0002-1656-7920,Hwee Cheng Tan,"['Hwee C. Tan', 'Hwee Cheng Tan', 'Hwee-Cheng Tan']",14,255,6,2,hwee cheng,tan,t,hwee cheng tan,A5044619882,h tan
A5061190411,,Garrett Muir,"['Garrett Muir', 'Muir, Garrett']",9,69,4,3,garrett,muir,m,garrett muir,A5061190411,g muir
A5084887242,https://orcid.org/0000-0001-6197-2450,Valentina Martinoia,"['Martinoia, Valentina', 'V. Martinoia', 'Valentina Martinoia']",12,13,2,3,valentina,martinoia,m,valentina martinoia,A5084887242,v martinoia
A5056509136,https://orcid.org/0000-0002-4664-179X,Lesley A. Schimanski,"['L.A. Schimanski', 'Lesley A Schimanski', 'Lesley A. Schimanski', 'Lesley Schimanski', 'Schimanski', 'Schimanski, Lesley', 'Schimanski, Lesley A.']",38,1854,21,8,lesley a.,schimanski,s,lesley a. schimanski,A5056509136,l schimanski
A5066914476,,Michael McKay,"['M MCKAY', 'M. McKay', 'Michael E. McKay', 'Michael McKay', 'Michael Mckay']",32,139,7,4,michael,mckay,m,michael mckay,A5066914476,m mckay
A5048225402,https://orcid.org/0000-0001-9772-2437,Ning Gan,"['Gan, Ning', 'N GAN', 'N Gan', 'N. Gan', 'N. Iu. Gan', 'NING GAN', 'Ning GAN', 'Ning Gan', 'Peiqing Zhang', 'Shengfeng Huang', 'Xiyong Yu', 'Zhenzhong Yu']",342,8909,51,31,ning,gan,g,ning gan,A5048225402,n gan
A5059712147,https://orcid.org/0000-0002-2443-5741,Damir Filipović,"['D Filipović', 'D. Filipovic', 'D. Filipović', 'DAMIR FILIPOVIĆ', 'Damir Filipovic', 'Damir Filipovii', 'Damir Filipović', 'Filipovic, Damir', 'Filipović, Damir']",238,5859,38,22,damir,filipović,f,damir filipović,A5059712147,d filipović
