,name1,name2,id1,id2,similarity_score
0,monika arora,monika arora,A5073647790,A5106181412,100
1,peter anderson,peter anderson,A5020382873,A5004271551,100
2,alissa n antle,alissa n antle,A5021991829,A5135445750,100
3,sean c anderson,sean c anderson,A5101957746,A5081686405,100
4,sean c anderson,sean c anderson,A5101957746,A5126441932,100
5,sean c anderson,sean c anderson,A5101957746,A5128867328,100
6,miguel alcaide,miguel alcaide,A5051247957,A5036882721,100
7,s bruce archibald,s bruce archibald,A5075000677,A5126123639,100
8,s bruce archibald,s bruce archibald,A5075000677,A5108658458,100
9,s bruce archibald,s bruce archibald,A5075000677,A5126074254,100
10,s bruce archibald,s bruce archibald,A5075000677,A5126229553,100
11,s bruce archibald,s bruce archibald,A5075000677,A5126099544,100
12,s bruce archibald,s bruce archibald,A5075000677,A5126116459,100
13,s bruce archibald,s bruce archibald,A5075000677,A5126176818,100
14,douglas w allen,douglas w allen,A5103340535,A5025923486,100
15,zafar adeel,zafar adeel,A5058814863,A5110858529,100
16,abid ali,abid ali,A5100617855,A5121341269,100
17,ahmed al-rawi,ahmed al-rawi,A5101544105,A5093769593,100
18,ahmed al-rawi,ahmed al-rawi,A5101544105,A5126268048,100
19,ahmed al-rawi,ahmed al-rawi,A5101544105,A5128792042,100
20,ahmed al-rawi,ahmed al-rawi,A5101544105,A5099588121,100
21,sam anderson,sam anderson,A5033020866,A5128983888,100
22,zayed ahmed,zayed ahmed,A5048910472,A5113062937,100
23,david alexander,david alexander,A5101707337,A5101964988,100
24,andreu arinyo-i-prats,andreu arinyo-i-prats,A5007472656,A5126050129,100
25,andreu arinyo-i-prats,andreu arinyo-i-prats,A5007472656,A5120531555,100
26,ronda arab,ronda arab,A5071668228,A5092700665,100
27,skye augustine,skye augustine,A5103751297,A5029341971,100
28,s an,s an,A5110558675,A5113413886,100
29,m bakhtiar azim,m bakhtiar azim,A5022557940,A5123113080,100
30,sean c anderson,sean c anderson,A5081686405,A5126441932,100
31,sean c anderson,sean c anderson,A5081686405,A5128867328,100
32,ahmed al-rawi,ahmed al-rawi,A5093769593,A5126268048,100
33,ahmed al-rawi,ahmed al-rawi,A5093769593,A5128792042,100
34,ahmed al-rawi,ahmed al-rawi,A5093769593,A5099588121,100
35,ashudeep,ashudeep,A5068001161,A5133131563,100
36,lara aknin,lara aknin,A5099266254,A5128418332,100
37,s bruce archibald,s bruce archibald,A5126123639,A5108658458,100
38,s bruce archibald,s bruce archibald,A5126123639,A5126074254,100
39,s bruce archibald,s bruce archibald,A5126123639,A5126229553,100
40,s bruce archibald,s bruce archibald,A5126123639,A5126099544,100
41,s bruce archibald,s bruce archibald,A5126123639,A5126116459,100
42,s bruce archibald,s bruce archibald,A5126123639,A5126176818,100
43,zara anwarzai,zara anwarzai,A5014500937,A5120382937,100
44,zara anwarzai,zara anwarzai,A5014500937,A5121668424,100
45,andreu arinyo-i-prats,andreu arinyo-i-prats,A5126050129,A5120531555,100
46,adjua akinwumi,adjua akinwumi,A5028775367,A5014560773,100
47,irshad abdulla,irshad abdulla,A5119884720,A5120000799,100
48,s bruce archibald,s bruce archibald,A5108658458,A5126074254,100
49,s bruce archibald,s bruce archibald,A5108658458,A5126229553,100
50,s bruce archibald,s bruce archibald,A5108658458,A5126099544,100
51,s bruce archibald,s bruce archibald,A5108658458,A5126116459,100
52,s bruce archibald,s bruce archibald,A5108658458,A5126176818,100
53,s bruce archibald,s bruce archibald,A5126074254,A5126229553,100
54,s bruce archibald,s bruce archibald,A5126074254,A5126099544,100
55,s bruce archibald,s bruce archibald,A5126074254,A5126116459,100
56,s bruce archibald,s bruce archibald,A5126074254,A5126176818,100
57,s bruce archibald,s bruce archibald,A5126229553,A5126099544,100
58,s bruce archibald,s bruce archibald,A5126229553,A5126116459,100
59,s bruce archibald,s bruce archibald,A5126229553,A5126176818,100
60,ahmed al-rawi,ahmed al-rawi,A5126268048,A5128792042,100
61,ahmed al-rawi,ahmed al-rawi,A5126268048,A5099588121,100
62,ahmed al-rawi,ahmed al-rawi,A5128792042,A5099588121,100
63,taleen ashekian,taleen ashekian,A5119412528,A5119413521,100
64,zara anwarzai,zara anwarzai,A5120382937,A5121668424,100
65,s bruce archibald,s bruce archibald,A5126099544,A5126116459,100
66,s bruce archibald,s bruce archibald,A5126099544,A5126176818,100
67,s bruce archibald,s bruce archibald,A5126116459,A5126176818,100
68,sean c anderson,sean c anderson,A5126441932,A5128867328,100
69,p h beauchemin,p h beauchemin,A5118899211,A5107883603,100
70,q buat,q buat,A5042762646,A5107888096,100
71,q buat,q buat,A5042762646,A5060200783,100
72,q buat,q buat,A5042762646,A5100901311,100
73,q buat,q buat,A5042762646,A5107311034,100
74,q buat,q buat,A5042762646,A5109398303,100
75,q buat,q buat,A5042762646,A5107233323,100
76,peter becker,peter becker,A5025847433,A5066848031,100
77,t buanes,t buanes,A5107846638,A5025863512,100
78,j c burzynski,j c burzynski,A5039744323,A5032934650,100
79,j c burzynski,j c burzynski,A5039744323,A5105843690,100
80,j c burzynski,j c burzynski,A5039744323,A5107904219,100
81,j c burzynski,j c burzynski,A5039744323,A5107459251,100
82,j c burzynski,j c burzynski,A5039744323,A5107901827,100
83,j c burzynski,j c burzynski,A5039744323,A5122742592,100
84,j c burzynski,j c burzynski,A5039744323,A5122993364,100
85,j c burzynski,j c burzynski,A5039744323,A5123055320,100
86,j c burzynski,j c burzynski,A5039744323,A5125998180,100
87,j c burzynski,j c burzynski,A5039744323,A5126952138,100
88,j c burzynski,j c burzynski,A5039744323,A5135354599,100
89,ann n burchell,ann n burchell,A5112679590,A5050430471,100
90,a buzatu,a buzatu,A5107873039,A5088370493,100
91,a buzatu,a buzatu,A5107873039,A5107831864,100
92,jeremy brown,jeremy brown,A5102838917,A5103263060,100
93,mirza faisal beg,mirza faisal beg,A5000972836,A5102760369,100
94,mirza faisal beg,mirza faisal beg,A5000972836,A5121034242,100
95,mirza faisal beg,mirza faisal beg,A5000972836,A5122044574,100
96,mirza faisal beg,mirza faisal beg,A5000972836,A5122426444,100
97,mirza faisal beg,mirza faisal beg,A5000972836,A5122441055,100
98,mirza faisal beg,mirza faisal beg,A5000972836,A5124881787,100
99,mirza faisal beg,mirza faisal beg,A5000972836,A5126533278,100
100,mirza faisal beg,mirza faisal beg,A5000972836,A5133974418,100
101,joão luiz bastos,joão luiz bastos,A5076619980,A5122616529,100
102,john r best,john r best,A5035542400,A5130836723,100
103,john r best,john r best,A5035542400,A5126538685,100
104,peter bradshaw,peter bradshaw,A5108387889,A5079359533,100
105,stephen l brown,stephen l brown,A5047699389,A5103503178,100
106,stephen l brown,stephen l brown,A5047699389,A5101606320,100
107,sarah brown,sarah brown,A5080535134,A5063836752,100
108,h bahrasemani,h bahrasemani,A5107882155,A5107883906,100
109,h bahrasemani,h bahrasemani,A5107882155,A5110576607,100
110,h bahrasemani,h bahrasemani,A5107882155,A5112345073,100
111,h bahrasemani,h bahrasemani,A5107882155,A5107895189,100
112,h bahrasemani,h bahrasemani,A5107882155,A5107440263,100
113,h bahrasemani,h bahrasemani,A5107882155,A5107907827,100
114,h bahrasemani,h bahrasemani,A5107882155,A5107381979,100
115,h bahrasemani,h bahrasemani,A5107882155,A5107423172,100
116,nicholas blomley,nicholas blomley,A5028312431,A5099195039,100
117,stephen l brown,stephen l brown,A5103503178,A5101606320,100
118,derek bingham,derek bingham,A5060689409,A5103595791,100
119,a buzatu,a buzatu,A5088370493,A5107831864,100
120,h bahrasemani,h bahrasemani,A5107883906,A5110576607,100
121,h bahrasemani,h bahrasemani,A5107883906,A5112345073,100
122,h bahrasemani,h bahrasemani,A5107883906,A5107895189,100
123,h bahrasemani,h bahrasemani,A5107883906,A5107440263,100
124,h bahrasemani,h bahrasemani,A5107883906,A5107907827,100
125,h bahrasemani,h bahrasemani,A5107883906,A5107381979,100
126,h bahrasemani,h bahrasemani,A5107883906,A5107423172,100
127,d m broun,d m broun,A5035348662,A5044710138,100
128,lynne bell,lynne bell,A5065274551,A5110890889,100
129,tanya m brown,tanya m brown,A5102916892,A5033540967,100
130,douglas brown,douglas brown,A5073280638,A5113992018,100
131,q buat,q buat,A5107888096,A5060200783,100
132,q buat,q buat,A5107888096,A5100901311,100
133,q buat,q buat,A5107888096,A5107311034,100
134,q buat,q buat,A5107888096,A5109398303,100
135,q buat,q buat,A5107888096,A5107233323,100
136,darren byler,darren byler,A5069730099,A5120811949,100
137,q buat,q buat,A5060200783,A5100901311,100
138,q buat,q buat,A5060200783,A5107311034,100
139,q buat,q buat,A5060200783,A5109398303,100
140,q buat,q buat,A5060200783,A5107233323,100
141,h bahrasemani,h bahrasemani,A5110576607,A5112345073,100
142,h bahrasemani,h bahrasemani,A5110576607,A5107895189,100
143,h bahrasemani,h bahrasemani,A5110576607,A5107440263,100
144,h bahrasemani,h bahrasemani,A5110576607,A5107907827,100
145,h bahrasemani,h bahrasemani,A5110576607,A5107381979,100
146,h bahrasemani,h bahrasemani,A5110576607,A5107423172,100
147,h bahrasemani,h bahrasemani,A5112345073,A5107895189,100
148,h bahrasemani,h bahrasemani,A5112345073,A5107440263,100
149,h bahrasemani,h bahrasemani,A5112345073,A5107907827,100
150,h bahrasemani,h bahrasemani,A5112345073,A5107381979,100
151,h bahrasemani,h bahrasemani,A5112345073,A5107423172,100
152,h bahrasemani,h bahrasemani,A5107895189,A5107440263,100
153,h bahrasemani,h bahrasemani,A5107895189,A5107907827,100
154,h bahrasemani,h bahrasemani,A5107895189,A5107381979,100
155,h bahrasemani,h bahrasemani,A5107895189,A5107423172,100
156,q buat,q buat,A5100901311,A5107311034,100
157,q buat,q buat,A5100901311,A5109398303,100
158,q buat,q buat,A5100901311,A5107233323,100
159,j c burzynski,j c burzynski,A5032934650,A5105843690,100
160,j c burzynski,j c burzynski,A5032934650,A5107904219,100
161,j c burzynski,j c burzynski,A5032934650,A5107459251,100
162,j c burzynski,j c burzynski,A5032934650,A5107901827,100
163,j c burzynski,j c burzynski,A5032934650,A5122742592,100
164,j c burzynski,j c burzynski,A5032934650,A5122993364,100
165,j c burzynski,j c burzynski,A5032934650,A5123055320,100
166,j c burzynski,j c burzynski,A5032934650,A5125998180,100
167,j c burzynski,j c burzynski,A5032934650,A5126952138,100
168,j c burzynski,j c burzynski,A5032934650,A5135354599,100
169,ziqian bai,ziqian bai,A5010645821,A5027631030,100
170,alexander beyer,alexander beyer,A5109744249,A5102673643,100
171,douglas c braun,douglas c braun,A5113442963,A5135496069,100
172,kathleen burke,kathleen burke,A5054997922,A5109744656,100
173,q buat,q buat,A5107311034,A5109398303,100
174,q buat,q buat,A5107311034,A5107233323,100
175,edana beauvais,edana beauvais,A5045349823,A5106609507,100
176,edana beauvais,edana beauvais,A5045349823,A5123586445,100
177,edana beauvais,edana beauvais,A5045349823,A5126022105,100
178,lin bao,lin bao,A5102021220,A5113571591,100
179,j c burzynski,j c burzynski,A5105843690,A5107904219,100
180,j c burzynski,j c burzynski,A5105843690,A5107459251,100
181,j c burzynski,j c burzynski,A5105843690,A5107901827,100
182,j c burzynski,j c burzynski,A5105843690,A5122742592,100
183,j c burzynski,j c burzynski,A5105843690,A5122993364,100
184,j c burzynski,j c burzynski,A5105843690,A5123055320,100
185,j c burzynski,j c burzynski,A5105843690,A5125998180,100
186,j c burzynski,j c burzynski,A5105843690,A5126952138,100
187,j c burzynski,j c burzynski,A5105843690,A5135354599,100
188,q buat,q buat,A5109398303,A5107233323,100
189,j c burzynski,j c burzynski,A5107904219,A5107459251,100
190,j c burzynski,j c burzynski,A5107904219,A5107901827,100
191,j c burzynski,j c burzynski,A5107904219,A5122742592,100
192,j c burzynski,j c burzynski,A5107904219,A5122993364,100
193,j c burzynski,j c burzynski,A5107904219,A5123055320,100
194,j c burzynski,j c burzynski,A5107904219,A5125998180,100
195,j c burzynski,j c burzynski,A5107904219,A5126952138,100
196,j c burzynski,j c burzynski,A5107904219,A5135354599,100
197,tanya behrisch,tanya behrisch,A5077382324,A5123177628,100
198,johan du buisson,johan du buisson,A5083844160,A5130245665,100
199,h bahrasemani,h bahrasemani,A5107440263,A5107907827,100
200,h bahrasemani,h bahrasemani,A5107440263,A5107381979,100
201,h bahrasemani,h bahrasemani,A5107440263,A5107423172,100
202,h bahrasemani,h bahrasemani,A5107907827,A5107381979,100
203,h bahrasemani,h bahrasemani,A5107907827,A5107423172,100
204,mirza faisal beg,mirza faisal beg,A5102760369,A5121034242,100
205,mirza faisal beg,mirza faisal beg,A5102760369,A5122044574,100
206,mirza faisal beg,mirza faisal beg,A5102760369,A5122426444,100
207,mirza faisal beg,mirza faisal beg,A5102760369,A5122441055,100
208,mirza faisal beg,mirza faisal beg,A5102760369,A5124881787,100
209,mirza faisal beg,mirza faisal beg,A5102760369,A5126533278,100
210,mirza faisal beg,mirza faisal beg,A5102760369,A5133974418,100
211,j c burzynski,j c burzynski,A5107459251,A5107901827,100
212,j c burzynski,j c burzynski,A5107459251,A5122742592,100
213,j c burzynski,j c burzynski,A5107459251,A5122993364,100
214,j c burzynski,j c burzynski,A5107459251,A5123055320,100
215,j c burzynski,j c burzynski,A5107459251,A5125998180,100
216,j c burzynski,j c burzynski,A5107459251,A5126952138,100
217,j c burzynski,j c burzynski,A5107459251,A5135354599,100
218,j c burzynski,j c burzynski,A5107901827,A5122742592,100
219,j c burzynski,j c burzynski,A5107901827,A5122993364,100
220,j c burzynski,j c burzynski,A5107901827,A5123055320,100
221,j c burzynski,j c burzynski,A5107901827,A5125998180,100
222,j c burzynski,j c burzynski,A5107901827,A5126952138,100
223,j c burzynski,j c burzynski,A5107901827,A5135354599,100
224,robin barrett,robin barrett,A5049951082,A5134060156,100
225,john r best,john r best,A5130836723,A5126538685,100
226,jonathan boron,jonathan boron,A5011460152,A5120149867,100
227,alireza beigi,alireza beigi,A5067195321,A5099847245,100
228,liam buirs,liam buirs,A5092167264,A5092009942,100
229,ma brockman,ma brockman,A5062945775,A5040066274,100
230,jean-christophe bélisle-pipon,jean-christophe bélisle-pipon,A5125489798,A5126664555,100
231,jean-christophe bélisle-pipon,jean-christophe bélisle-pipon,A5125489798,A5134934903,100
232,jean-christophe bélisle-pipon,jean-christophe bélisle-pipon,A5126664555,A5134934903,100
233,tim baumeister,tim baumeister,A5058323325,A5081296114,100
234,pierre etienne banville,pierre etienne banville,A5116619035,A5099643446,100
235,pierre etienne banville,pierre etienne banville,A5116619035,A5124326120,100
236,pierre etienne banville,pierre etienne banville,A5116619035,A5124442689,100
237,pierre etienne banville,pierre etienne banville,A5116619035,A5126842334,100
238,müge bakioğlu,müge bakioğlu,A5120327957,A5120327955,100
239,angela r brooks-wilson,angela r brooks-wilson,A5122482003,A5125314461,100
240,sarita baker,sarita baker,A5037354644,A5044427445,100
241,zl brumme,zl brumme,A5084001641,A5010693015,100
242,edana beauvais,edana beauvais,A5106609507,A5123586445,100
243,edana beauvais,edana beauvais,A5106609507,A5126022105,100
244,h bahrasemani,h bahrasemani,A5107381979,A5107423172,100
245,fiona sl brinkman,fiona sl brinkman,A5128200123,A5129978622,100
246,pierre etienne banville,pierre etienne banville,A5099643446,A5124326120,100
247,pierre etienne banville,pierre etienne banville,A5099643446,A5124442689,100
248,pierre etienne banville,pierre etienne banville,A5099643446,A5126842334,100
249,maya beninteso,maya beninteso,A5106017603,A5120861576,100
250,mirza faisal beg,mirza faisal beg,A5121034242,A5122044574,100
251,mirza faisal beg,mirza faisal beg,A5121034242,A5122426444,100
252,mirza faisal beg,mirza faisal beg,A5121034242,A5122441055,100
253,mirza faisal beg,mirza faisal beg,A5121034242,A5124881787,100
254,mirza faisal beg,mirza faisal beg,A5121034242,A5126533278,100
255,mirza faisal beg,mirza faisal beg,A5121034242,A5133974418,100
256,mirza faisal beg,mirza faisal beg,A5122044574,A5122426444,100
257,mirza faisal beg,mirza faisal beg,A5122044574,A5122441055,100
258,mirza faisal beg,mirza faisal beg,A5122044574,A5124881787,100
259,mirza faisal beg,mirza faisal beg,A5122044574,A5126533278,100
260,mirza faisal beg,mirza faisal beg,A5122044574,A5133974418,100
261,mirza faisal beg,mirza faisal beg,A5122426444,A5122441055,100
262,mirza faisal beg,mirza faisal beg,A5122426444,A5124881787,100
263,mirza faisal beg,mirza faisal beg,A5122426444,A5126533278,100
264,mirza faisal beg,mirza faisal beg,A5122426444,A5133974418,100
265,mirza faisal beg,mirza faisal beg,A5122441055,A5124881787,100
266,mirza faisal beg,mirza faisal beg,A5122441055,A5126533278,100
267,mirza faisal beg,mirza faisal beg,A5122441055,A5133974418,100
268,j c burzynski,j c burzynski,A5122742592,A5122993364,100
269,j c burzynski,j c burzynski,A5122742592,A5123055320,100
270,j c burzynski,j c burzynski,A5122742592,A5125998180,100
271,j c burzynski,j c burzynski,A5122742592,A5126952138,100
272,j c burzynski,j c burzynski,A5122742592,A5135354599,100
273,j c burzynski,j c burzynski,A5122993364,A5123055320,100
274,j c burzynski,j c burzynski,A5122993364,A5125998180,100
275,j c burzynski,j c burzynski,A5122993364,A5126952138,100
276,j c burzynski,j c burzynski,A5122993364,A5135354599,100
277,j c burzynski,j c burzynski,A5123055320,A5125998180,100
278,j c burzynski,j c burzynski,A5123055320,A5126952138,100
279,j c burzynski,j c burzynski,A5123055320,A5135354599,100
280,edana beauvais,edana beauvais,A5123586445,A5126022105,100
281,pierre etienne banville,pierre etienne banville,A5124326120,A5124442689,100
282,pierre etienne banville,pierre etienne banville,A5124326120,A5126842334,100
283,pierre etienne banville,pierre etienne banville,A5124442689,A5126842334,100
284,mirza faisal beg,mirza faisal beg,A5124881787,A5126533278,100
285,mirza faisal beg,mirza faisal beg,A5124881787,A5133974418,100
286,j c burzynski,j c burzynski,A5125998180,A5126952138,100
287,j c burzynski,j c burzynski,A5125998180,A5135354599,100
288,mirza faisal beg,mirza faisal beg,A5126533278,A5133974418,100
289,j c burzynski,j c burzynski,A5126952138,A5135354599,100
290,hao chen,hao chen,A5100353673,A5100353490,100
291,hao chen,hao chen,A5100353673,A5079335291,100
292,hao chen,hao chen,A5100353673,A5100353575,100
293,hao chen,hao chen,A5100353673,A5100353649,100
294,hao chen,hao chen,A5100353673,A5100353574,100
295,hao chen,hao chen,A5100353673,A5083301448,100
296,h chen,h chen,A5016870454,A5063454188,100
297,lei chen,lei chen,A5100333516,A5100333538,100
298,lei chen,lei chen,A5100333516,A5100333468,100
299,ling chen,ling chen,A5100411084,A5100411135,100
300,ling chen,ling chen,A5100411084,A5100411128,100
301,gang chen,gang chen,A5100389302,A5100389268,100
302,gang chen,gang chen,A5100389302,A5100389288,100
303,gang chen,gang chen,A5100389302,A5100389287,100
304,gang chen,gang chen,A5100389302,A5100389247,100
305,gang chen,gang chen,A5100389302,A5024350150,100
306,gang chen,gang chen,A5100389302,A5100389312,100
307,gang chen,gang chen,A5100389302,A5100389231,100
308,gang chen,gang chen,A5100389302,A5100389272,100
309,gang chen,gang chen,A5100389302,A5100389308,100
310,gang chen,gang chen,A5100389302,A5100389269,100
311,xi chen,xi chen,A5100329932,A5100329875,100
312,xi chen,xi chen,A5100329932,A5100329949,100
313,xi chen,xi chen,A5100329932,A5100690182,100
314,xi chen,xi chen,A5100329932,A5100329904,100
315,xi chen,xi chen,A5100329932,A5100329847,100
316,gang chen,gang chen,A5100389268,A5100389288,100
317,gang chen,gang chen,A5100389268,A5100389287,100
318,gang chen,gang chen,A5100389268,A5100389247,100
319,gang chen,gang chen,A5100389268,A5024350150,100
320,gang chen,gang chen,A5100389268,A5100389312,100
321,gang chen,gang chen,A5100389268,A5100389231,100
322,gang chen,gang chen,A5100389268,A5100389272,100
323,gang chen,gang chen,A5100389268,A5100389308,100
324,gang chen,gang chen,A5100389268,A5100389269,100
325,gang chen,gang chen,A5100389288,A5100389287,100
326,gang chen,gang chen,A5100389288,A5100389247,100
327,gang chen,gang chen,A5100389288,A5024350150,100
328,gang chen,gang chen,A5100389288,A5100389312,100
329,gang chen,gang chen,A5100389288,A5100389231,100
330,gang chen,gang chen,A5100389288,A5100389272,100
331,gang chen,gang chen,A5100389288,A5100389308,100
332,gang chen,gang chen,A5100389288,A5100389269,100
333,fei chen,fei chen,A5100405410,A5100405359,100
334,fei chen,fei chen,A5100405410,A5100405370,100
335,long chen,long chen,A5100336427,A5100336360,100
336,long chen,long chen,A5100336427,A5100336421,100
337,long chen,long chen,A5100336427,A5101454288,100
338,long chen,long chen,A5100336427,A5130290973,100
339,long chen,long chen,A5100336427,A5135424014,100
340,j chen,j chen,A5107886267,A5100609084,100
341,j chen,j chen,A5107886267,A5106470991,100
342,j chen,j chen,A5107886267,A5107907445,100
343,j chen,j chen,A5107886267,A5108293215,100
344,j chen,j chen,A5107886267,A5082104726,100
345,j chen,j chen,A5107886267,A5135370817,100
346,k m chan,k m chan,A5106296584,A5107145521,100
347,yi‐chun chen,yi‐chun chen,A5100688437,A5100459606,100
348,xi chen,xi chen,A5100329875,A5100329949,100
349,xi chen,xi chen,A5100329875,A5100690182,100
350,xi chen,xi chen,A5100329875,A5100329904,100
351,xi chen,xi chen,A5100329875,A5100329847,100
352,gang chen,gang chen,A5100389287,A5100389247,100
353,gang chen,gang chen,A5100389287,A5024350150,100
354,gang chen,gang chen,A5100389287,A5100389312,100
355,gang chen,gang chen,A5100389287,A5100389231,100
356,gang chen,gang chen,A5100389287,A5100389272,100
357,gang chen,gang chen,A5100389287,A5100389308,100
358,gang chen,gang chen,A5100389287,A5100389269,100
359,lei chen,lei chen,A5100333538,A5100333468,100
360,wen chen,wen chen,A5100344143,A5100344182,100
361,wen chen,wen chen,A5100344143,A5100344188,100
362,david clarke,david clarke,A5059649947,A5075820550,100
363,mo chen,mo chen,A5100387253,A5100387244,100
364,mo chen,mo chen,A5100387253,A5020559544,100
365,long chen,long chen,A5100336360,A5100336421,100
366,long chen,long chen,A5100336360,A5101454288,100
367,long chen,long chen,A5100336360,A5130290973,100
368,long chen,long chen,A5100336360,A5135424014,100
369,shuo chen,shuo chen,A5100366890,A5100366879,100
370,shuo chen,shuo chen,A5100366890,A5100366888,100
371,shuo chen,shuo chen,A5100366890,A5066639690,100
372,shuo chen,shuo chen,A5100366890,A5128150438,100
373,shuo chen,shuo chen,A5100366890,A5124944803,100
374,si chen,si chen,A5100366165,A5073464445,100
375,si chen,si chen,A5100366165,A5100366176,100
376,si chen,si chen,A5100366165,A5101640709,100
377,k chan,k chan,A5062304618,A5102947008,100
378,victor chen,victor chen,A5078297482,A5101934709,100
379,mo chen,mo chen,A5100387244,A5020559544,100
380,shuo chen,shuo chen,A5100366879,A5100366888,100
381,shuo chen,shuo chen,A5100366879,A5066639690,100
382,shuo chen,shuo chen,A5100366879,A5128150438,100
383,shuo chen,shuo chen,A5100366879,A5124944803,100
384,mark collard,mark collard,A5053375554,A5032526305,100
385,mark collard,mark collard,A5053375554,A5129342353,100
386,mark collard,mark collard,A5053375554,A5135562023,100
387,xi chen,xi chen,A5100329949,A5100690182,100
388,xi chen,xi chen,A5100329949,A5100329904,100
389,xi chen,xi chen,A5100329949,A5100329847,100
390,isabelle côté,isabelle côté,A5087962548,A5102000841,100
391,isabelle côté,isabelle côté,A5087962548,A5102000843,100
392,colin campbell,colin campbell,A5110199596,A5029814989,100
393,wen chen,wen chen,A5100344182,A5100344188,100
394,gang chen,gang chen,A5100389247,A5024350150,100
395,gang chen,gang chen,A5100389247,A5100389312,100
396,gang chen,gang chen,A5100389247,A5100389231,100
397,gang chen,gang chen,A5100389247,A5100389272,100
398,gang chen,gang chen,A5100389247,A5100389308,100
399,gang chen,gang chen,A5100389247,A5100389269,100
400,fei chen,fei chen,A5100405359,A5100405370,100
401,hao chen,hao chen,A5100353490,A5079335291,100
402,hao chen,hao chen,A5100353490,A5100353575,100
403,hao chen,hao chen,A5100353490,A5100353649,100
404,hao chen,hao chen,A5100353490,A5100353574,100
405,hao chen,hao chen,A5100353490,A5083301448,100
406,nansheng chen,nansheng chen,A5101610338,A5102879365,100
407,julien chopin,julien chopin,A5088922176,A5125916369,100
408,julien chopin,julien chopin,A5088922176,A5135369602,100
409,xi chen,xi chen,A5100690182,A5100329904,100
410,xi chen,xi chen,A5100690182,A5100329847,100
411,qimin chen,qimin chen,A5076517151,A5069419461,100
412,jing chen,jing chen,A5046422844,A5100394876,100
413,jing chen,jing chen,A5046422844,A5114685541,100
414,jing chen,jing chen,A5046422844,A5107749833,100
415,jing chen,jing chen,A5046422844,A5105229713,100
416,hao chen,hao chen,A5079335291,A5100353575,100
417,hao chen,hao chen,A5079335291,A5100353649,100
418,hao chen,hao chen,A5079335291,A5100353574,100
419,hao chen,hao chen,A5079335291,A5083301448,100
420,peter clarkson,peter clarkson,A5054103587,A5123320534,100
421,brian conway,brian conway,A5109381574,A5101537673,100
422,sibo chen,sibo chen,A5101582225,A5101582223,100
423,tian chen,tian chen,A5039200178,A5101769318,100
424,hao chen,hao chen,A5100353575,A5100353649,100
425,hao chen,hao chen,A5100353575,A5100353574,100
426,hao chen,hao chen,A5100353575,A5083301448,100
427,shuo chen,shuo chen,A5100366888,A5066639690,100
428,shuo chen,shuo chen,A5100366888,A5128150438,100
429,shuo chen,shuo chen,A5100366888,A5124944803,100
430,si chen,si chen,A5073464445,A5100366176,100
431,si chen,si chen,A5073464445,A5101640709,100
432,jing chen,jing chen,A5100394876,A5114685541,100
433,jing chen,jing chen,A5100394876,A5107749833,100
434,jing chen,jing chen,A5100394876,A5105229713,100
435,david copp,david copp,A5102883661,A5028289492,100
436,hugo fv cardoso,hugo fv cardoso,A5078265907,A5029628546,100
437,hugo fv cardoso,hugo fv cardoso,A5078265907,A5122255740,100
438,j chen,j chen,A5100609084,A5106470991,100
439,j chen,j chen,A5100609084,A5107907445,100
440,j chen,j chen,A5100609084,A5108293215,100
441,j chen,j chen,A5100609084,A5082104726,100
442,j chen,j chen,A5100609084,A5135370817,100
443,bowen chen,bowen chen,A5100675175,A5115565922,100
444,xing cheng,xing cheng,A5101846669,A5065524679,100
445,arun chockalingam,arun chockalingam,A5113518695,A5102868000,100
446,elizabeth cooper,elizabeth cooper,A5039390201,A5043746733,100
447,elizabeth cooper,elizabeth cooper,A5039390201,A5083834467,100
448,elizabeth cooper,elizabeth cooper,A5039390201,A5101697034,100
449,d s cross,d s cross,A5112788832,A5034690450,100
450,hao chen,hao chen,A5100353649,A5100353574,100
451,hao chen,hao chen,A5100353649,A5083301448,100
452,jiacheng chen,jiacheng chen,A5101529846,A5101529850,100
453,jiacheng chen,jiacheng chen,A5101529846,A5101529847,100
454,gang chen,gang chen,A5024350150,A5100389312,100
455,gang chen,gang chen,A5024350150,A5100389231,100
456,gang chen,gang chen,A5024350150,A5100389272,100
457,gang chen,gang chen,A5024350150,A5100389308,100
458,gang chen,gang chen,A5024350150,A5100389269,100
459,hao chen,hao chen,A5100353574,A5083301448,100
460,xiwen chen,xiwen chen,A5100657341,A5100657346,100
461,chunyu chen,chunyu chen,A5100347535,A5100347529,100
462,sarah chen,sarah chen,A5022333508,A5101550389,100
463,gang chen,gang chen,A5100389312,A5100389231,100
464,gang chen,gang chen,A5100389312,A5100389272,100
465,gang chen,gang chen,A5100389312,A5100389308,100
466,gang chen,gang chen,A5100389312,A5100389269,100
467,kieran cox,kieran cox,A5031419507,A5095023457,100
468,kieran cox,kieran cox,A5031419507,A5132546457,100
469,michael chen,michael chen,A5100705941,A5020790004,100
470,ying chen,ying chen,A5063849486,A5100383074,100
471,ying chen,ying chen,A5063849486,A5100383109,100
472,tom w claydon,tom w claydon,A5087088567,A5124091778,100
473,gang chen,gang chen,A5100389231,A5100389272,100
474,gang chen,gang chen,A5100389231,A5100389308,100
475,gang chen,gang chen,A5100389231,A5100389269,100
476,xinmei chen,xinmei chen,A5101687071,A5101687072,100
477,gang chen,gang chen,A5100389272,A5100389308,100
478,gang chen,gang chen,A5100389272,A5100389269,100
479,yuchi chen,yuchi chen,A5101824630,A5101824628,100
480,zhiqin chen,zhiqin chen,A5101856310,A5110851788,100
481,gang chen,gang chen,A5100389308,A5100389269,100
482,yizhou chen,yizhou chen,A5100600280,A5100600279,100
483,yixuan chen,yixuan chen,A5100725680,A5100725685,100
484,yixuan chen,yixuan chen,A5100725680,A5107194480,100
485,yixuan chen,yixuan chen,A5100725680,A5112913563,100
486,yixuan chen,yixuan chen,A5100725680,A5126431511,100
487,yixuan chen,yixuan chen,A5100725680,A5130658715,100
488,yixuan chen,yixuan chen,A5100725680,A5132691074,100
489,emily e cameron,emily e cameron,A5066336976,A5128041350,100
490,emily e cameron,emily e cameron,A5066336976,A5124711422,100
491,stephanie cooper,stephanie cooper,A5069552167,A5111618796,100
492,long chen,long chen,A5100336421,A5101454288,100
493,long chen,long chen,A5100336421,A5130290973,100
494,long chen,long chen,A5100336421,A5135424014,100
495,peter k cheung,peter k cheung,A5082384258,A5130933490,100
496,jiayi chen,jiayi chen,A5108137477,A5114685542,100
497,jiayi chen,jiayi chen,A5108137477,A5112970850,100
498,elizabeth cooper,elizabeth cooper,A5043746733,A5083834467,100
499,elizabeth cooper,elizabeth cooper,A5043746733,A5101697034,100
500,xi chen,xi chen,A5100329904,A5100329847,100
501,yixuan chen,yixuan chen,A5100725685,A5107194480,100
502,yixuan chen,yixuan chen,A5100725685,A5112913563,100
503,yixuan chen,yixuan chen,A5100725685,A5126431511,100
504,yixuan chen,yixuan chen,A5100725685,A5130658715,100
505,yixuan chen,yixuan chen,A5100725685,A5132691074,100
506,j chen,j chen,A5106470991,A5107907445,100
507,j chen,j chen,A5106470991,A5108293215,100
508,j chen,j chen,A5106470991,A5082104726,100
509,j chen,j chen,A5106470991,A5135370817,100
510,jiacheng chen,jiacheng chen,A5101529850,A5101529847,100
511,ying chen,ying chen,A5100383074,A5100383109,100
512,heather clarke,heather clarke,A5033617921,A5129022367,100
513,jiayi chen,jiayi chen,A5114685542,A5112970850,100
514,j chen,j chen,A5107907445,A5108293215,100
515,j chen,j chen,A5107907445,A5082104726,100
516,j chen,j chen,A5107907445,A5135370817,100
517,stephanie chu,stephanie chu,A5108662676,A5042941416,100
518,isabelle côté,isabelle côté,A5102000841,A5102000843,100
519,raphaël chétrite,raphaël chétrite,A5102746523,A5108430786,100
520,daniel chang,daniel chang,A5044668950,A5124924591,100
521,elizabeth cooper,elizabeth cooper,A5083834467,A5101697034,100
522,victor cheung,victor cheung,A5055399971,A5107609977,100
523,jing chen,jing chen,A5114685541,A5107749833,100
524,jing chen,jing chen,A5114685541,A5105229713,100
525,si chen,si chen,A5100366176,A5101640709,100
526,jorge calderón,jorge calderón,A5025170574,A5102493823,100
527,yeseul choi,yeseul choi,A5101951671,A5101301853,100
528,carlos castellanos,carlos castellanos,A5014339416,A5111454780,100
529,yixuan chen,yixuan chen,A5107194480,A5112913563,100
530,yixuan chen,yixuan chen,A5107194480,A5126431511,100
531,yixuan chen,yixuan chen,A5107194480,A5130658715,100
532,yixuan chen,yixuan chen,A5107194480,A5132691074,100
533,ling chen,ling chen,A5100411135,A5100411128,100
534,alexander clow,alexander clow,A5047783624,A5107080347,100
535,j chen,j chen,A5108293215,A5082104726,100
536,j chen,j chen,A5108293215,A5135370817,100
537,jing chen,jing chen,A5107749833,A5105229713,100
538,ricky chen,ricky chen,A5003748680,A5056785408,100
539,w chen,w chen,A5002960083,A5061695674,100
540,manuela cruz,manuela cruz,A5010354858,A5133363135,100
541,yuchun chen,yuchun chen,A5101769288,A5121448356,100
542,yuchun chen,yuchun chen,A5101769288,A5134120226,100
543,yixuan chen,yixuan chen,A5112913563,A5126431511,100
544,yixuan chen,yixuan chen,A5112913563,A5130658715,100
545,yixuan chen,yixuan chen,A5112913563,A5132691074,100
546,helen chong,helen chong,A5110538120,A5113915541,100
547,g chen,g chen,A5049367718,A5088002859,100
548,j chen,j chen,A5082104726,A5135370817,100
549,michelle chan,michelle chan,A5113170352,A5102792859,100
550,hugo fv cardoso,hugo fv cardoso,A5029628546,A5122255740,100
551,v rachel chimuka,v rachel chimuka,A5055696136,A5122816459,100
552,v rachel chimuka,v rachel chimuka,A5055696136,A5125602869,100
553,v rachel chimuka,v rachel chimuka,A5055696136,A5126087041,100
554,shuo chen,shuo chen,A5066639690,A5128150438,100
555,shuo chen,shuo chen,A5066639690,A5124944803,100
556,zhendong cao,zhendong cao,A5021633188,A5103803711,100
557,mark collard,mark collard,A5032526305,A5129342353,100
558,mark collard,mark collard,A5032526305,A5135562023,100
559,long chen,long chen,A5101454288,A5130290973,100
560,long chen,long chen,A5101454288,A5135424014,100
561,yuchun chen,yuchun chen,A5121448356,A5134120226,100
562,julien chopin,julien chopin,A5125916369,A5135369602,100
563,emily e cameron,emily e cameron,A5128041350,A5124711422,100
564,shuo chen,shuo chen,A5128150438,A5124944803,100
565,kieran cox,kieran cox,A5095023457,A5132546457,100
566,hugo cardoso,hugo cardoso,A5120668369,A5102492080,100
567,v rachel chimuka,v rachel chimuka,A5122816459,A5125602869,100
568,v rachel chimuka,v rachel chimuka,A5122816459,A5126087041,100
569,long chen,long chen,A5130290973,A5135424014,100
570,neha claire,neha claire,A5001300939,A5095705208,100
571,luana carcano,luana carcano,A5119411272,A5119417984,100
572,andrés m cisneros-montemayor,andrés m cisneros-montemayor,A5123238429,A5123866356,100
573,andrés  m cisneros-montemayor,andrés  m cisneros-montemayor,A5124135382,A5128784343,100
574,v rachel chimuka,v rachel chimuka,A5125602869,A5126087041,100
575,yixuan chen,yixuan chen,A5126431511,A5130658715,100
576,yixuan chen,yixuan chen,A5126431511,A5132691074,100
577,mark collard,mark collard,A5129342353,A5135562023,100
578,yixuan chen,yixuan chen,A5130658715,A5132691074,100
579,f a dias,f a dias,A5083920211,A5115595523,100
580,m danninger,m danninger,A5039614567,A5122993250,100
581,m danninger,m danninger,A5039614567,A5125998070,100
582,m danninger,m danninger,A5039614567,A5126584096,100
583,m danninger,m danninger,A5039614567,A5126952012,100
584,m danninger,m danninger,A5039614567,A5135306444,100
585,i dawson,i dawson,A5113236315,A5030889215,100
586,j dopke,j dopke,A5107830859,A5105509085,100
587,e dreyer,e dreyer,A5066345795,A5107939232,100
588,e dreyer,e dreyer,A5066345795,A5107894678,100
589,e dreyer,e dreyer,A5066345795,A5107905139,100
590,e dreyer,e dreyer,A5066345795,A5106454166,100
591,e dreyer,e dreyer,A5066345795,A5107948248,100
592,e dreyer,e dreyer,A5066345795,A5107884901,100
593,e dreyer,e dreyer,A5066345795,A5107902762,100
594,e dawe,e dawe,A5041202809,A5107845377,100
595,e dawe,e dawe,A5041202809,A5110628845,100
596,hugh davies,hugh davies,A5015076907,A5024002026,100
597,m f daneri,m f daneri,A5040937462,A5107879456,100
598,m f daneri,m f daneri,A5040937462,A5107900128,100
599,m f daneri,m f daneri,A5040937462,A5107892740,100
600,m f daneri,m f daneri,A5040937462,A5105644523,100
601,m f daneri,m f daneri,A5040937462,A5107923151,100
602,b davids,b davids,A5065529657,A5060546269,100
603,e drechsler,e drechsler,A5105505306,A5107922789,100
604,e drechsler,e drechsler,A5105505306,A5105784843,100
605,e drechsler,e drechsler,A5105505306,A5026796026,100
606,e drechsler,e drechsler,A5105505306,A5107940047,100
607,e drechsler,e drechsler,A5105505306,A5108038763,100
608,e drechsler,e drechsler,A5105505306,A5107883735,100
609,e drechsler,e drechsler,A5105505306,A5106465642,100
610,e drechsler,e drechsler,A5105505306,A5105706924,100
611,e drechsler,e drechsler,A5105505306,A5107904230,100
612,e drechsler,e drechsler,A5105505306,A5107900724,100
613,e drechsler,e drechsler,A5105505306,A5107916894,100
614,e drechsler,e drechsler,A5105505306,A5105536486,100
615,e drechsler,e drechsler,A5105505306,A5107893155,100
616,e drechsler,e drechsler,A5105505306,A5108835890,100
617,e drechsler,e drechsler,A5105505306,A5107368050,100
618,e drechsler,e drechsler,A5105505306,A5108122973,100
619,e drechsler,e drechsler,A5105505306,A5105718583,100
620,e drechsler,e drechsler,A5107922789,A5105784843,100
621,e drechsler,e drechsler,A5107922789,A5026796026,100
622,e drechsler,e drechsler,A5107922789,A5107940047,100
623,e drechsler,e drechsler,A5107922789,A5108038763,100
624,e drechsler,e drechsler,A5107922789,A5107883735,100
625,e drechsler,e drechsler,A5107922789,A5106465642,100
626,e drechsler,e drechsler,A5107922789,A5105706924,100
627,e drechsler,e drechsler,A5107922789,A5107904230,100
628,e drechsler,e drechsler,A5107922789,A5107900724,100
629,e drechsler,e drechsler,A5107922789,A5107916894,100
630,e drechsler,e drechsler,A5107922789,A5105536486,100
631,e drechsler,e drechsler,A5107922789,A5107893155,100
632,e drechsler,e drechsler,A5107922789,A5108835890,100
633,e drechsler,e drechsler,A5107922789,A5107368050,100
634,e drechsler,e drechsler,A5107922789,A5108122973,100
635,e drechsler,e drechsler,A5107922789,A5105718583,100
636,james p delgado,james p delgado,A5087861481,A5103869269,100
637,e dawe,e dawe,A5107845377,A5110628845,100
638,ryan cn d’arcy,ryan cn d’arcy,A5002868149,A5110835184,100
639,shahin e dashtgard,shahin e dashtgard,A5052933344,A5135489739,100
640,jun duan,jun duan,A5072983949,A5084688867,100
641,jianfu ding,jianfu ding,A5004661287,A5102734383,100
642,s r dunsiger,s r dunsiger,A5020731483,A5035385095,100
643,s r dunsiger,s r dunsiger,A5020731483,A5040783091,100
644,ming dong,ming dong,A5100650848,A5100642238,100
645,ming dong,ming dong,A5100650848,A5111485590,100
646,ming dong,ming dong,A5100642238,A5111485590,100
647,ying duan,ying duan,A5101185528,A5007973428,100
648,e drechsler,e drechsler,A5105784843,A5026796026,100
649,e drechsler,e drechsler,A5105784843,A5107940047,100
650,e drechsler,e drechsler,A5105784843,A5108038763,100
651,e drechsler,e drechsler,A5105784843,A5107883735,100
652,e drechsler,e drechsler,A5105784843,A5106465642,100
653,e drechsler,e drechsler,A5105784843,A5105706924,100
654,e drechsler,e drechsler,A5105784843,A5107904230,100
655,e drechsler,e drechsler,A5105784843,A5107900724,100
656,e drechsler,e drechsler,A5105784843,A5107916894,100
657,e drechsler,e drechsler,A5105784843,A5105536486,100
658,e drechsler,e drechsler,A5105784843,A5107893155,100
659,e drechsler,e drechsler,A5105784843,A5108835890,100
660,e drechsler,e drechsler,A5105784843,A5107368050,100
661,e drechsler,e drechsler,A5105784843,A5108122973,100
662,e drechsler,e drechsler,A5105784843,A5105718583,100
663,e dreyer,e dreyer,A5107939232,A5107894678,100
664,e dreyer,e dreyer,A5107939232,A5107905139,100
665,e dreyer,e dreyer,A5107939232,A5106454166,100
666,e dreyer,e dreyer,A5107939232,A5107948248,100
667,e dreyer,e dreyer,A5107939232,A5107884901,100
668,e dreyer,e dreyer,A5107939232,A5107902762,100
669,damion dooley,damion dooley,A5006394765,A5128855549,100
670,nick dexter,nick dexter,A5022616517,A5077931522,100
671,e drechsler,e drechsler,A5026796026,A5107940047,100
672,e drechsler,e drechsler,A5026796026,A5108038763,100
673,e drechsler,e drechsler,A5026796026,A5107883735,100
674,e drechsler,e drechsler,A5026796026,A5106465642,100
675,e drechsler,e drechsler,A5026796026,A5105706924,100
676,e drechsler,e drechsler,A5026796026,A5107904230,100
677,e drechsler,e drechsler,A5026796026,A5107900724,100
678,e drechsler,e drechsler,A5026796026,A5107916894,100
679,e drechsler,e drechsler,A5026796026,A5105536486,100
680,e drechsler,e drechsler,A5026796026,A5107893155,100
681,e drechsler,e drechsler,A5026796026,A5108835890,100
682,e drechsler,e drechsler,A5026796026,A5107368050,100
683,e drechsler,e drechsler,A5026796026,A5108122973,100
684,e drechsler,e drechsler,A5026796026,A5105718583,100
685,steven davis,steven davis,A5102301191,A5109460040,100
686,s r dunsiger,s r dunsiger,A5035385095,A5040783091,100
687,e dreyer,e dreyer,A5107894678,A5107905139,100
688,e dreyer,e dreyer,A5107894678,A5106454166,100
689,e dreyer,e dreyer,A5107894678,A5107948248,100
690,e dreyer,e dreyer,A5107894678,A5107884901,100
691,e dreyer,e dreyer,A5107894678,A5107902762,100
692,chinthaka dinesh,chinthaka dinesh,A5010633798,A5102772331,100
693,e drechsler,e drechsler,A5107940047,A5108038763,100
694,e drechsler,e drechsler,A5107940047,A5107883735,100
695,e drechsler,e drechsler,A5107940047,A5106465642,100
696,e drechsler,e drechsler,A5107940047,A5105706924,100
697,e drechsler,e drechsler,A5107940047,A5107904230,100
698,e drechsler,e drechsler,A5107940047,A5107900724,100
699,e drechsler,e drechsler,A5107940047,A5107916894,100
700,e drechsler,e drechsler,A5107940047,A5105536486,100
701,e drechsler,e drechsler,A5107940047,A5107893155,100
702,e drechsler,e drechsler,A5107940047,A5108835890,100
703,e drechsler,e drechsler,A5107940047,A5107368050,100
704,e drechsler,e drechsler,A5107940047,A5108122973,100
705,e drechsler,e drechsler,A5107940047,A5105718583,100
706,man dewapriya,man dewapriya,A5039747194,A5052550301,100
707,m f daneri,m f daneri,A5107879456,A5107900128,100
708,m f daneri,m f daneri,A5107879456,A5107892740,100
709,m f daneri,m f daneri,A5107879456,A5105644523,100
710,m f daneri,m f daneri,A5107879456,A5107923151,100
711,e drechsler,e drechsler,A5108038763,A5107883735,100
712,e drechsler,e drechsler,A5108038763,A5106465642,100
713,e drechsler,e drechsler,A5108038763,A5105706924,100
714,e drechsler,e drechsler,A5108038763,A5107904230,100
715,e drechsler,e drechsler,A5108038763,A5107900724,100
716,e drechsler,e drechsler,A5108038763,A5107916894,100
717,e drechsler,e drechsler,A5108038763,A5105536486,100
718,e drechsler,e drechsler,A5108038763,A5107893155,100
719,e drechsler,e drechsler,A5108038763,A5108835890,100
720,e drechsler,e drechsler,A5108038763,A5107368050,100
721,e drechsler,e drechsler,A5108038763,A5108122973,100
722,e drechsler,e drechsler,A5108038763,A5105718583,100
723,e drechsler,e drechsler,A5107883735,A5106465642,100
724,e drechsler,e drechsler,A5107883735,A5105706924,100
725,e drechsler,e drechsler,A5107883735,A5107904230,100
726,e drechsler,e drechsler,A5107883735,A5107900724,100
727,e drechsler,e drechsler,A5107883735,A5107916894,100
728,e drechsler,e drechsler,A5107883735,A5105536486,100
729,e drechsler,e drechsler,A5107883735,A5107893155,100
730,e drechsler,e drechsler,A5107883735,A5108835890,100
731,e drechsler,e drechsler,A5107883735,A5107368050,100
732,e drechsler,e drechsler,A5107883735,A5108122973,100
733,e drechsler,e drechsler,A5107883735,A5105718583,100
734,e drechsler,e drechsler,A5106465642,A5105706924,100
735,e drechsler,e drechsler,A5106465642,A5107904230,100
736,e drechsler,e drechsler,A5106465642,A5107900724,100
737,e drechsler,e drechsler,A5106465642,A5107916894,100
738,e drechsler,e drechsler,A5106465642,A5105536486,100
739,e drechsler,e drechsler,A5106465642,A5107893155,100
740,e drechsler,e drechsler,A5106465642,A5108835890,100
741,e drechsler,e drechsler,A5106465642,A5107368050,100
742,e drechsler,e drechsler,A5106465642,A5108122973,100
743,e drechsler,e drechsler,A5106465642,A5105718583,100
744,e dreyer,e dreyer,A5107905139,A5106454166,100
745,e dreyer,e dreyer,A5107905139,A5107948248,100
746,e dreyer,e dreyer,A5107905139,A5107884901,100
747,e dreyer,e dreyer,A5107905139,A5107902762,100
748,e dreyer,e dreyer,A5106454166,A5107948248,100
749,e dreyer,e dreyer,A5106454166,A5107884901,100
750,e dreyer,e dreyer,A5106454166,A5107902762,100
751,e dreyer,e dreyer,A5107948248,A5107884901,100
752,e dreyer,e dreyer,A5107948248,A5107902762,100
753,e dreyer,e dreyer,A5107884901,A5107902762,100
754,e drechsler,e drechsler,A5105706924,A5107904230,100
755,e drechsler,e drechsler,A5105706924,A5107900724,100
756,e drechsler,e drechsler,A5105706924,A5107916894,100
757,e drechsler,e drechsler,A5105706924,A5105536486,100
758,e drechsler,e drechsler,A5105706924,A5107893155,100
759,e drechsler,e drechsler,A5105706924,A5108835890,100
760,e drechsler,e drechsler,A5105706924,A5107368050,100
761,e drechsler,e drechsler,A5105706924,A5108122973,100
762,e drechsler,e drechsler,A5105706924,A5105718583,100
763,m f daneri,m f daneri,A5107900128,A5107892740,100
764,m f daneri,m f daneri,A5107900128,A5105644523,100
765,m f daneri,m f daneri,A5107900128,A5107923151,100
766,m f daneri,m f daneri,A5107892740,A5105644523,100
767,m f daneri,m f daneri,A5107892740,A5107923151,100
768,m f daneri,m f daneri,A5105644523,A5107923151,100
769,e drechsler,e drechsler,A5107904230,A5107900724,100
770,e drechsler,e drechsler,A5107904230,A5107916894,100
771,e drechsler,e drechsler,A5107904230,A5105536486,100
772,e drechsler,e drechsler,A5107904230,A5107893155,100
773,e drechsler,e drechsler,A5107904230,A5108835890,100
774,e drechsler,e drechsler,A5107904230,A5107368050,100
775,e drechsler,e drechsler,A5107904230,A5108122973,100
776,e drechsler,e drechsler,A5107904230,A5105718583,100
777,e drechsler,e drechsler,A5107900724,A5107916894,100
778,e drechsler,e drechsler,A5107900724,A5105536486,100
779,e drechsler,e drechsler,A5107900724,A5107893155,100
780,e drechsler,e drechsler,A5107900724,A5108835890,100
781,e drechsler,e drechsler,A5107900724,A5107368050,100
782,e drechsler,e drechsler,A5107900724,A5108122973,100
783,e drechsler,e drechsler,A5107900724,A5105718583,100
784,e drechsler,e drechsler,A5107916894,A5105536486,100
785,e drechsler,e drechsler,A5107916894,A5107893155,100
786,e drechsler,e drechsler,A5107916894,A5108835890,100
787,e drechsler,e drechsler,A5107916894,A5107368050,100
788,e drechsler,e drechsler,A5107916894,A5108122973,100
789,e drechsler,e drechsler,A5107916894,A5105718583,100
790,e drechsler,e drechsler,A5105536486,A5107893155,100
791,e drechsler,e drechsler,A5105536486,A5108835890,100
792,e drechsler,e drechsler,A5105536486,A5107368050,100
793,e drechsler,e drechsler,A5105536486,A5108122973,100
794,e drechsler,e drechsler,A5105536486,A5105718583,100
795,e drechsler,e drechsler,A5107893155,A5108835890,100
796,e drechsler,e drechsler,A5107893155,A5107368050,100
797,e drechsler,e drechsler,A5107893155,A5108122973,100
798,e drechsler,e drechsler,A5107893155,A5105718583,100
799,e drechsler,e drechsler,A5108835890,A5107368050,100
800,e drechsler,e drechsler,A5108835890,A5108122973,100
801,e drechsler,e drechsler,A5108835890,A5105718583,100
802,max donelan,max donelan,A5024297629,A5082745401,100
803,max donelan,max donelan,A5024297629,A5088139050,100
804,e drechsler,e drechsler,A5107368050,A5108122973,100
805,e drechsler,e drechsler,A5107368050,A5105718583,100
806,e drechsler,e drechsler,A5108122973,A5105718583,100
807,max donelan,max donelan,A5082745401,A5088139050,100
808,seyed hamid delbari,seyed hamid delbari,A5105033312,A5129079419,100
809,m danninger,m danninger,A5122993250,A5125998070,100
810,m danninger,m danninger,A5122993250,A5126584096,100
811,m danninger,m danninger,A5122993250,A5126952012,100
812,m danninger,m danninger,A5122993250,A5135306444,100
813,m danninger,m danninger,A5125998070,A5126584096,100
814,m danninger,m danninger,A5125998070,A5126952012,100
815,m danninger,m danninger,A5125998070,A5135306444,100
816,m danninger,m danninger,A5126584096,A5126952012,100
817,m danninger,m danninger,A5126584096,A5135306444,100
818,m danninger,m danninger,A5126952012,A5135306444,100
819,ola eiken,ola eiken,A5056550766,A5103061907,100
820,daniel esler,daniel esler,A5023211355,A5087425402,100
821,eldon emberly,eldon emberly,A5005733297,A5135756484,100
822,david eaves,david eaves,A5017626957,A5111601082,100
823,undarmaa enkhbat,undarmaa enkhbat,A5087141790,A5123513151,100
824,david ester,david ester,A5098829532,A5130707928,100
825,parham elmi,parham elmi,A5049217967,A5060215510,100
826,aftab erfan,aftab erfan,A5117789791,A5119409926,100
827,aftab erfan,aftab erfan,A5117789791,A5119410439,100
828,aftab erfan,aftab erfan,A5117789791,A5119410937,100
829,aftab erfan,aftab erfan,A5119409926,A5119410439,100
830,aftab erfan,aftab erfan,A5119409926,A5119410937,100
831,aftab erfan,aftab erfan,A5119410439,A5119410937,100
832,hua fu,hua fu,A5033898587,A5101906340,100
833,benedikt fischer,benedikt fischer,A5031049285,A5111690216,100
834,benedikt fischer,benedikt fischer,A5031049285,A5124269307,100
835,benedikt fischer,benedikt fischer,A5031049285,A5125367563,100
836,benedikt fischer,benedikt fischer,A5031049285,A5130182628,100
837,benedikt fischer,benedikt fischer,A5031049285,A5133054078,100
838,benedikt fischer,benedikt fischer,A5031049285,A5133254296,100
839,benedikt fischer,benedikt fischer,A5031049285,A5135193383,100
840,simon fraser,simon fraser,A5091132477,A5108209309,100
841,simon fraser,simon fraser,A5091132477,A5115598846,100
842,simon fraser,simon fraser,A5091132477,A5019164097,100
843,mei lan fang,mei lan fang,A5008149652,A5121849622,100
844,andreas fischer,andreas fischer,A5019597653,A5002158981,100
845,andreas fischer,andreas fischer,A5019597653,A5128262799,100
846,alireza fathi,alireza fathi,A5063473743,A5126384444,100
847,alice fleerackers,alice fleerackers,A5070557231,A5109670769,100
848,faranak farzan,faranak farzan,A5015821361,A5107544376,100
849,faranak farzan,faranak farzan,A5015821361,A5122431660,100
850,faranak farzan,faranak farzan,A5015821361,A5126786475,100
851,faranak farzan,faranak farzan,A5015821361,A5129651125,100
852,zhenman fang,zhenman fang,A5065889904,A5107843533,100
853,zhenman fang,zhenman fang,A5065889904,A5123350863,100
854,zhenman fang,zhenman fang,A5065889904,A5125250336,100
855,zhenman fang,zhenman fang,A5065889904,A5128122392,100
856,cai feng,cai feng,A5084039498,A5095742090,100
857,simon fraser,simon fraser,A5108209309,A5115598846,100
858,simon fraser,simon fraser,A5108209309,A5019164097,100
859,andreas fischer,andreas fischer,A5002158981,A5128262799,100
860,andrei v frolov,andrei v frolov,A5036300411,A5106487249,100
861,andrei v frolov,andrei v frolov,A5036300411,A5104521507,100
862,hao fang,hao fang,A5109283863,A5059451258,100
863,hao fang,hao fang,A5109283863,A5124025154,100
864,hao fang,hao fang,A5109283863,A5130292557,100
865,hao fang,hao fang,A5109283863,A5135451497,100
866,sarah faber,sarah faber,A5044675407,A5126595867,100
867,simon fraser,simon fraser,A5115598846,A5019164097,100
868,andrei v frolov,andrei v frolov,A5106487249,A5104521507,100
869,haisheng fu,haisheng fu,A5034827277,A5045288861,100
870,david freeman,david freeman,A5049478989,A5110867013,100
871,hao fang,hao fang,A5059451258,A5124025154,100
872,hao fang,hao fang,A5059451258,A5130292557,100
873,hao fang,hao fang,A5059451258,A5135451497,100
874,a fournier,a fournier,A5008661502,A5044782690,100
875,sheri fabian,sheri fabian,A5076158895,A5100494466,100
876,abigail h feresten,abigail h feresten,A5014586329,A5107606734,100
877,zhenman fang,zhenman fang,A5107843533,A5123350863,100
878,zhenman fang,zhenman fang,A5107843533,A5125250336,100
879,zhenman fang,zhenman fang,A5107843533,A5128122392,100
880,benedikt fischer,benedikt fischer,A5111690216,A5124269307,100
881,benedikt fischer,benedikt fischer,A5111690216,A5125367563,100
882,benedikt fischer,benedikt fischer,A5111690216,A5130182628,100
883,benedikt fischer,benedikt fischer,A5111690216,A5133054078,100
884,benedikt fischer,benedikt fischer,A5111690216,A5133254296,100
885,benedikt fischer,benedikt fischer,A5111690216,A5135193383,100
886,hao fang,hao fang,A5124025154,A5130292557,100
887,hao fang,hao fang,A5124025154,A5135451497,100
888,saeid farzaneh,saeid farzaneh,A5026508470,A5123577455,100
889,faranak farzan,faranak farzan,A5107544376,A5122431660,100
890,faranak farzan,faranak farzan,A5107544376,A5126786475,100
891,faranak farzan,faranak farzan,A5107544376,A5129651125,100
892,faranak farzan,faranak farzan,A5122431660,A5126786475,100
893,faranak farzan,faranak farzan,A5122431660,A5129651125,100
894,mia fitzpatrick,mia fitzpatrick,A5105063902,A5113104668,100
895,s jane fowler,s jane fowler,A5122380582,A5123517967,100
896,s jane fowler,s jane fowler,A5122380582,A5128108573,100
897,zhenman fang,zhenman fang,A5123350863,A5125250336,100
898,zhenman fang,zhenman fang,A5123350863,A5128122392,100
899,s jane fowler,s jane fowler,A5123517967,A5128108573,100
900,benedikt fischer,benedikt fischer,A5124269307,A5125367563,100
901,benedikt fischer,benedikt fischer,A5124269307,A5130182628,100
902,benedikt fischer,benedikt fischer,A5124269307,A5133054078,100
903,benedikt fischer,benedikt fischer,A5124269307,A5133254296,100
904,benedikt fischer,benedikt fischer,A5124269307,A5135193383,100
905,zhenman fang,zhenman fang,A5125250336,A5128122392,100
906,benedikt fischer,benedikt fischer,A5125367563,A5130182628,100
907,benedikt fischer,benedikt fischer,A5125367563,A5133054078,100
908,benedikt fischer,benedikt fischer,A5125367563,A5133254296,100
909,benedikt fischer,benedikt fischer,A5125367563,A5135193383,100
910,faranak farzan,faranak farzan,A5126786475,A5129651125,100
911,benedikt fischer,benedikt fischer,A5130182628,A5133054078,100
912,benedikt fischer,benedikt fischer,A5130182628,A5133254296,100
913,benedikt fischer,benedikt fischer,A5130182628,A5135193383,100
914,hao fang,hao fang,A5130292557,A5135451497,100
915,benedikt fischer,benedikt fischer,A5133054078,A5133254296,100
916,benedikt fischer,benedikt fischer,A5133054078,A5135193383,100
917,benedikt fischer,benedikt fischer,A5133254296,A5135193383,100
918,david green,david green,A5100340819,A5100340810,100
919,jun gao,jun gao,A5077811474,A5009966852,100
920,d gillberg,d gillberg,A5012581610,A5107856053,100
921,d gillberg,d gillberg,A5012581610,A5112407339,100
922,d gillberg,d gillberg,A5012581610,A5107902765,100
923,gerhard gries,gerhard gries,A5076154696,A5108969388,100
924,gerhard gries,gerhard gries,A5076154696,A5128967076,100
925,saurabh garg,saurabh garg,A5013136179,A5101487271,100
926,d gillberg,d gillberg,A5107856053,A5112407339,100
927,d gillberg,d gillberg,A5107856053,A5107902765,100
928,d grant,d grant,A5107864583,A5030527638,100
929,d grant,d grant,A5107864583,A5113585887,100
930,d grant,d grant,A5107864583,A5125514230,100
931,paul goldberg,paul goldberg,A5101718511,A5132619087,100
932,j godfrey,j godfrey,A5105875215,A5111486446,100
933,david goodman,david goodman,A5001893737,A5029937637,100
934,yuan gao,yuan gao,A5030405098,A5084869431,100
935,yuan gao,yuan gao,A5030405098,A5049762436,100
936,frank a p c gobas,frank a p c gobas,A5059504272,A5123556013,100
937,arvind gupta,arvind gupta,A5041186798,A5103363184,100
938,arvind gupta,arvind gupta,A5041186798,A5110494567,100
939,bonnie l gray,bonnie l gray,A5110354105,A5135404278,100
940,yuan gao,yuan gao,A5084869431,A5049762436,100
941,tao gu,tao gu,A5101463214,A5109435273,100
942,ankit gupta,ankit gupta,A5022734062,A5101753148,100
943,david j green,david j green,A5102960584,A5027361434,100
944,sakshi gautam,sakshi gautam,A5064557664,A5021451646,100
945,robert m gordon,robert m gordon,A5062385830,A5028216417,100
946,lovedeep gondara,lovedeep gondara,A5102732934,A5004441174,100
947,samir gandesha,samir gandesha,A5012943531,A5123961773,100
948,alissa greer,alissa greer,A5037509232,A5126751367,100
949,alissa greer,alissa greer,A5037509232,A5128237323,100
950,alissa greer,alissa greer,A5037509232,A5130614058,100
951,alissa greer,alissa greer,A5037509232,A5130649398,100
952,alissa greer,alissa greer,A5037509232,A5133572015,100
953,arvind gupta,arvind gupta,A5103363184,A5110494567,100
954,calvin ge,calvin ge,A5039045226,A5102951745,100
955,f h garcia,f h garcia,A5006750915,A5014302761,100
956,simon graham,simon graham,A5080473912,A5123895874,100
957,thomas gunton,thomas gunton,A5059560375,A5135661201,100
958,d gillberg,d gillberg,A5112407339,A5107902765,100
959,sean c godwin,sean c godwin,A5022708255,A5112971001,100
960,haiyan guo,haiyan guo,A5101437013,A5005881904,100
961,haiyan guo,haiyan guo,A5101437013,A5101437012,100
962,haiyan guo,haiyan guo,A5101437013,A5128363199,100
963,ilvy goossens,ilvy goossens,A5002706099,A5104543116,100
964,haiyan guo,haiyan guo,A5005881904,A5101437012,100
965,haiyan guo,haiyan guo,A5005881904,A5128363199,100
966,qianping gu,qianping gu,A5101079430,A5125366589,100
967,d j green,d j green,A5022328570,A5104181771,100
968,d grant,d grant,A5030527638,A5113585887,100
969,d grant,d grant,A5030527638,A5125514230,100
970,haiyan guo,haiyan guo,A5101437012,A5128363199,100
971,melanie gascoine,melanie gascoine,A5115978669,A5093479866,100
972,sean kt gaiesky,sean kt gaiesky,A5092946721,A5092945245,100
973,sean kt gaiesky,sean kt gaiesky,A5092946721,A5092946635,100
974,sean kt gaiesky,sean kt gaiesky,A5092946721,A5107606869,100
975,ashmita grewal,ashmita grewal,A5106505604,A5031933562,100
976,d grant,d grant,A5113585887,A5125514230,100
977,daniela gottschlich,daniela gottschlich,A5115847198,A5100032507,100
978,daniela gottschlich,daniela gottschlich,A5115847198,A5104422183,100
979,daniela gottschlich,daniela gottschlich,A5115847198,A5121432200,100
980,daniela gottschlich,daniela gottschlich,A5115847198,A5134890704,100
981,daniela gottschlich,daniela gottschlich,A5115847198,A5135369921,100
982,hana georgoulis,hana georgoulis,A5092864314,A5092859248,100
983,hana georgoulis,hana georgoulis,A5092864314,A5133831780,100
984,sean kt gaiesky,sean kt gaiesky,A5092945245,A5092946635,100
985,sean kt gaiesky,sean kt gaiesky,A5092945245,A5107606869,100
986,bruno guindon,bruno guindon,A5047358972,A5115992858,100
987,ivan s gill,ivan s gill,A5090703054,A5085495873,100
988,hana georgoulis,hana georgoulis,A5092859248,A5133831780,100
989,daniela gottschlich,daniela gottschlich,A5100032507,A5104422183,100
990,daniela gottschlich,daniela gottschlich,A5100032507,A5121432200,100
991,daniela gottschlich,daniela gottschlich,A5100032507,A5134890704,100
992,daniela gottschlich,daniela gottschlich,A5100032507,A5135369921,100
993,gerhard gries,gerhard gries,A5108969388,A5128967076,100
994,fh garcia,fh garcia,A5032436796,A5085198235,100
995,sean kt gaiesky,sean kt gaiesky,A5092946635,A5107606869,100
996,anya gould,anya gould,A5121363972,A5129090880,100
997,daniela gottschlich,daniela gottschlich,A5104422183,A5121432200,100
998,daniela gottschlich,daniela gottschlich,A5104422183,A5134890704,100
999,daniela gottschlich,daniela gottschlich,A5104422183,A5135369921,100
1000,daniela gottschlich,daniela gottschlich,A5121432200,A5134890704,100
1001,daniela gottschlich,daniela gottschlich,A5121432200,A5135369921,100
1002,alissa greer,alissa greer,A5126751367,A5128237323,100
1003,alissa greer,alissa greer,A5126751367,A5130614058,100
1004,alissa greer,alissa greer,A5126751367,A5130649398,100
1005,alissa greer,alissa greer,A5126751367,A5133572015,100
1006,alissa greer,alissa greer,A5128237323,A5130614058,100
1007,alissa greer,alissa greer,A5128237323,A5130649398,100
1008,alissa greer,alissa greer,A5128237323,A5133572015,100
1009,alissa greer,alissa greer,A5130614058,A5130649398,100
1010,alissa greer,alissa greer,A5130614058,A5133572015,100
1011,alissa greer,alissa greer,A5130649398,A5133572015,100
1012,daniela gottschlich,daniela gottschlich,A5134890704,A5135369921,100
1013,jiawei han,jiawei han,A5019539533,A5103750286,100
1014,jiawei han,jiawei han,A5019539533,A5101940375,100
1015,jiawei han,jiawei han,A5019539533,A5102828326,100
1016,jiawei han,jiawei han,A5019539533,A5101307723,100
1017,d a hangal,d a hangal,A5101570044,A5105721206,100
1018,robert s hogg,robert s hogg,A5034865907,A5102925279,100
1019,robert s hogg,robert s hogg,A5034865907,A5123041943,100
1020,robert s hogg,robert s hogg,A5034865907,A5124025048,100
1021,robert s hogg,robert s hogg,A5034865907,A5128901402,100
1022,robert s hogg,robert s hogg,A5034865907,A5133278939,100
1023,robert s hogg,robert s hogg,A5034865907,A5134336774,100
1024,robert s hogg,robert s hogg,A5034865907,A5134520265,100
1025,michael howlett,michael howlett,A5077475073,A5109484292,100
1026,michael howlett,michael howlett,A5077475073,A5093483568,100
1027,michael howlett,michael howlett,A5077475073,A5123816487,100
1028,michael howlett,michael howlett,A5077475073,A5126578743,100
1029,michael howlett,michael howlett,A5077475073,A5131377381,100
1030,jun huang,jun huang,A5059743923,A5052713328,100
1031,william g honer,william g honer,A5033183852,A5109962474,100
1032,y horii,y horii,A5105674006,A5107867574,100
1033,y horii,y horii,A5105674006,A5107900076,100
1034,y horii,y horii,A5105674006,A5107931555,100
1035,y horii,y horii,A5105674006,A5107941548,100
1036,y horii,y horii,A5105674006,A5107897371,100
1037,hui huang,hui huang,A5034304352,A5011633768,100
1038,w n hardy,w n hardy,A5072371268,A5043869924,100
1039,g hackman,g hackman,A5009506847,A5129861292,100
1040,n hussain,n hussain,A5000188599,A5107850359,100
1041,n hussain,n hussain,A5000188599,A5107854522,100
1042,john hutchinson,john hutchinson,A5038030607,A5108794388,100
1043,jiawei han,jiawei han,A5103750286,A5101940375,100
1044,jiawei han,jiawei han,A5103750286,A5102828326,100
1045,jiawei han,jiawei han,A5103750286,A5101307723,100
1046,y horii,y horii,A5107867574,A5107900076,100
1047,y horii,y horii,A5107867574,A5107931555,100
1048,y horii,y horii,A5107867574,A5107941548,100
1049,y horii,y horii,A5107867574,A5107897371,100
1050,h hanif,h hanif,A5105672849,A5105583095,100
1051,h hanif,h hanif,A5105672849,A5105576239,100
1052,h hanif,h hanif,A5105672849,A5123013101,100
1053,h hanif,h hanif,A5105672849,A5126011775,100
1054,h hanif,h hanif,A5105672849,A5126958700,100
1055,h hanif,h hanif,A5105672849,A5135293126,100
1056,lillian hung,lillian hung,A5007030329,A5080479646,100
1057,ishtiyaque haji,ishtiyaque haji,A5004752463,A5103235878,100
1058,a j horton,a j horton,A5107912210,A5004527065,100
1059,a j horton,a j horton,A5107912210,A5107879215,100
1060,a j horton,a j horton,A5107912210,A5105209545,100
1061,a j horton,a j horton,A5107912210,A5105773951,100
1062,brian hayden,brian hayden,A5102859075,A5024411445,100
1063,brian hayden,brian hayden,A5102859075,A5099593964,100
1064,yifan huang,yifan huang,A5060624342,A5057760496,100
1065,brian hayden,brian hayden,A5024411445,A5099593964,100
1066,a j horton,a j horton,A5004527065,A5107879215,100
1067,a j horton,a j horton,A5004527065,A5105209545,100
1068,a j horton,a j horton,A5004527065,A5105773951,100
1069,n hussain,n hussain,A5107850359,A5107854522,100
1070,roger hayter,roger hayter,A5010486268,A5107858901,100
1071,y horii,y horii,A5107900076,A5107931555,100
1072,y horii,y horii,A5107900076,A5107941548,100
1073,y horii,y horii,A5107900076,A5107897371,100
1074,jiawei he,jiawei he,A5067361308,A5101859398,100
1075,b heinrich,b heinrich,A5062467718,A5113599614,100
1076,chao han,chao han,A5031824708,A5007269591,100
1077,meg holden,meg holden,A5067275272,A5093134119,100
1078,xu han,xu han,A5101556951,A5101574205,100
1079,xu han,xu han,A5101556951,A5101574206,100
1080,xu han,xu han,A5101556951,A5101574203,100
1081,m e hayden,m e hayden,A5107466242,A5077342641,100
1082,m e hayden,m e hayden,A5107466242,A5052673546,100
1083,m e hayden,m e hayden,A5107466242,A5041829418,100
1084,aaron hunter,aaron hunter,A5059954778,A5109043125,100
1085,w jesse hahm,w jesse hahm,A5087269603,A5055362758,100
1086,w jesse hahm,w jesse hahm,A5087269603,A5082978647,100
1087,w jesse hahm,w jesse hahm,A5087269603,A5126996238,100
1088,w jesse hahm,w jesse hahm,A5087269603,A5127875261,100
1089,w jesse hahm,w jesse hahm,A5087269603,A5129347071,100
1090,y horii,y horii,A5107931555,A5107941548,100
1091,y horii,y horii,A5107931555,A5107897371,100
1092,a j horton,a j horton,A5107879215,A5105209545,100
1093,a j horton,a j horton,A5107879215,A5105773951,100
1094,vahid hosseini,vahid hosseini,A5077347315,A5048131438,100
1095,vahid hosseini,vahid hosseini,A5077347315,A5128990184,100
1096,richard harrigan,richard harrigan,A5020846975,A5110336886,100
1097,bo hu,bo hu,A5102926064,A5013969902,100
1098,bo hu,bo hu,A5102926064,A5101493169,100
1099,jiawei huang,jiawei huang,A5100601282,A5100601288,100
1100,bo hu,bo hu,A5013969902,A5101493169,100
1101,x joan hu,x joan hu,A5045961414,A5008798563,100
1102,x joan hu,x joan hu,A5045961414,A5127050014,100
1103,x joan hu,x joan hu,A5045961414,A5125095697,100
1104,x joan hu,x joan hu,A5045961414,A5130204810,100
1105,x joan hu,x joan hu,A5045961414,A5130990908,100
1106,vahid hosseini,vahid hosseini,A5048131438,A5128990184,100
1107,daniel higginbottom,daniel higginbottom,A5077198359,A5127928398,100
1108,jiawei han,jiawei han,A5101940375,A5102828326,100
1109,jiawei han,jiawei han,A5101940375,A5101307723,100
1110,hamza hanif,hamza hanif,A5001322539,A5105844688,100
1111,hamza hanif,hamza hanif,A5001322539,A5104507969,100
1112,hamza hanif,hamza hanif,A5001322539,A5133072910,100
1113,kevin ho,kevin ho,A5066543356,A5110072409,100
1114,kevin ho,kevin ho,A5066543356,A5108806618,100
1115,y horii,y horii,A5107941548,A5107897371,100
1116,simon horton,simon horton,A5037403260,A5105099469,100
1117,md rashedul hoque,md rashedul hoque,A5113834078,A5059325972,100
1118,xinying hu,xinying hu,A5102514528,A5050973645,100
1119,kevin ho,kevin ho,A5110072409,A5108806618,100
1120,joel heng hartse,joel heng hartse,A5067709073,A5100494499,100
1121,joel heng hartse,joel heng hartse,A5067709073,A5130685270,100
1122,joel heng hartse,joel heng hartse,A5067709073,A5134944543,100
1123,tim hill,tim hill,A5076931029,A5113448529,100
1124,tim hill,tim hill,A5076931029,A5116228821,100
1125,tim hill,tim hill,A5076931029,A5124085857,100
1126,tim hill,tim hill,A5076931029,A5133669017,100
1127,tim hill,tim hill,A5076931029,A5133760320,100
1128,ahmed hamza,ahmed hamza,A5102009987,A5089253132,100
1129,xu han,xu han,A5101574205,A5101574206,100
1130,xu han,xu han,A5101574205,A5101574203,100
1131,xu han,xu han,A5101574206,A5101574203,100
1132,florian herla,florian herla,A5025576164,A5114530052,100
1133,florian herla,florian herla,A5025576164,A5121047841,100
1134,florian herla,florian herla,A5025576164,A5121157762,100
1135,jiawei han,jiawei han,A5102828326,A5101307723,100
1136,a j horton,a j horton,A5105209545,A5105773951,100
1137,x joan hu,x joan hu,A5008798563,A5127050014,100
1138,x joan hu,x joan hu,A5008798563,A5125095697,100
1139,x joan hu,x joan hu,A5008798563,A5130204810,100
1140,x joan hu,x joan hu,A5008798563,A5130990908,100
1141,robert s hogg,robert s hogg,A5102925279,A5123041943,100
1142,robert s hogg,robert s hogg,A5102925279,A5124025048,100
1143,robert s hogg,robert s hogg,A5102925279,A5128901402,100
1144,robert s hogg,robert s hogg,A5102925279,A5133278939,100
1145,robert s hogg,robert s hogg,A5102925279,A5134336774,100
1146,robert s hogg,robert s hogg,A5102925279,A5134520265,100
1147,m e hayden,m e hayden,A5077342641,A5052673546,100
1148,m e hayden,m e hayden,A5077342641,A5041829418,100
1149,hamza hanif,hamza hanif,A5105844688,A5104507969,100
1150,hamza hanif,hamza hanif,A5105844688,A5133072910,100
1151,michael howlett,michael howlett,A5109484292,A5093483568,100
1152,michael howlett,michael howlett,A5109484292,A5123816487,100
1153,michael howlett,michael howlett,A5109484292,A5126578743,100
1154,michael howlett,michael howlett,A5109484292,A5131377381,100
1155,tim hill,tim hill,A5113448529,A5116228821,100
1156,tim hill,tim hill,A5113448529,A5124085857,100
1157,tim hill,tim hill,A5113448529,A5133669017,100
1158,tim hill,tim hill,A5113448529,A5133760320,100
1159,abdul haseeb,abdul haseeb,A5103859434,A5023229372,100
1160,abdul haseeb,abdul haseeb,A5103859434,A5078301106,100
1161,matthew horrigan,matthew horrigan,A5035229155,A5079409504,100
1162,h hanif,h hanif,A5105583095,A5105576239,100
1163,h hanif,h hanif,A5105583095,A5123013101,100
1164,h hanif,h hanif,A5105583095,A5126011775,100
1165,h hanif,h hanif,A5105583095,A5126958700,100
1166,h hanif,h hanif,A5105583095,A5135293126,100
1167,hanyang hu,hanyang hu,A5034239627,A5113009577,100
1168,sepidehsadat hosseini,sepidehsadat hosseini,A5076810167,A5034303212,100
1169,hamza hanif,hamza hanif,A5104507969,A5133072910,100
1170,abdul haseeb,abdul haseeb,A5023229372,A5078301106,100
1171,m e hayden,m e hayden,A5052673546,A5041829418,100
1172,chong he,chong he,A5101337307,A5059567999,100
1173,h hanif,h hanif,A5105576239,A5123013101,100
1174,h hanif,h hanif,A5105576239,A5126011775,100
1175,h hanif,h hanif,A5105576239,A5126958700,100
1176,h hanif,h hanif,A5105576239,A5135293126,100
1177,florian herla,florian herla,A5114530052,A5121047841,100
1178,florian herla,florian herla,A5114530052,A5121157762,100
1179,tim hill,tim hill,A5116228821,A5124085857,100
1180,tim hill,tim hill,A5116228821,A5133669017,100
1181,tim hill,tim hill,A5116228821,A5133760320,100
1182,x joan hu,x joan hu,A5127050014,A5125095697,100
1183,x joan hu,x joan hu,A5127050014,A5130204810,100
1184,x joan hu,x joan hu,A5127050014,A5130990908,100
1185,rashid zamanshoar heris,rashid zamanshoar heris,A5078903620,A5123535697,100
1186,dian hong,dian hong,A5111195952,A5114180415,100
1187,dian hong,dian hong,A5111195952,A5128684930,100
1188,florian herla,florian herla,A5121047841,A5121157762,100
1189,tim hill,tim hill,A5124085857,A5133669017,100
1190,tim hill,tim hill,A5124085857,A5133760320,100
1191,w jesse hahm,w jesse hahm,A5055362758,A5082978647,100
1192,w jesse hahm,w jesse hahm,A5055362758,A5126996238,100
1193,w jesse hahm,w jesse hahm,A5055362758,A5127875261,100
1194,w jesse hahm,w jesse hahm,A5055362758,A5129347071,100
1195,w jesse hahm,w jesse hahm,A5082978647,A5126996238,100
1196,w jesse hahm,w jesse hahm,A5082978647,A5127875261,100
1197,w jesse hahm,w jesse hahm,A5082978647,A5129347071,100
1198,katarina hiebert,katarina hiebert,A5092564914,A5092564915,100
1199,michael howlett,michael howlett,A5093483568,A5123816487,100
1200,michael howlett,michael howlett,A5093483568,A5126578743,100
1201,michael howlett,michael howlett,A5093483568,A5131377381,100
1202,joel heng hartse,joel heng hartse,A5100494499,A5130685270,100
1203,joel heng hartse,joel heng hartse,A5100494499,A5134944543,100
1204,dian hong,dian hong,A5114180415,A5128684930,100
1205,h hanif,h hanif,A5123013101,A5126011775,100
1206,h hanif,h hanif,A5123013101,A5126958700,100
1207,h hanif,h hanif,A5123013101,A5135293126,100
1208,robert s hogg,robert s hogg,A5123041943,A5124025048,100
1209,robert s hogg,robert s hogg,A5123041943,A5128901402,100
1210,robert s hogg,robert s hogg,A5123041943,A5133278939,100
1211,robert s hogg,robert s hogg,A5123041943,A5134336774,100
1212,robert s hogg,robert s hogg,A5123041943,A5134520265,100
1213,michael howlett,michael howlett,A5123816487,A5126578743,100
1214,michael howlett,michael howlett,A5123816487,A5131377381,100
1215,robert s hogg,robert s hogg,A5124025048,A5128901402,100
1216,robert s hogg,robert s hogg,A5124025048,A5133278939,100
1217,robert s hogg,robert s hogg,A5124025048,A5134336774,100
1218,robert s hogg,robert s hogg,A5124025048,A5134520265,100
1219,x joan hu,x joan hu,A5125095697,A5130204810,100
1220,x joan hu,x joan hu,A5125095697,A5130990908,100
1221,h hanif,h hanif,A5126011775,A5126958700,100
1222,h hanif,h hanif,A5126011775,A5135293126,100
1223,michael howlett,michael howlett,A5126578743,A5131377381,100
1224,h hanif,h hanif,A5126958700,A5135293126,100
1225,w jesse hahm,w jesse hahm,A5126996238,A5127875261,100
1226,w jesse hahm,w jesse hahm,A5126996238,A5129347071,100
1227,w jesse hahm,w jesse hahm,A5127875261,A5129347071,100
1228,robert s hogg,robert s hogg,A5128901402,A5133278939,100
1229,robert s hogg,robert s hogg,A5128901402,A5134336774,100
1230,robert s hogg,robert s hogg,A5128901402,A5134520265,100
1231,x joan hu,x joan hu,A5130204810,A5130990908,100
1232,joel heng hartse,joel heng hartse,A5130685270,A5134944543,100
1233,robert s hogg,robert s hogg,A5133278939,A5134336774,100
1234,robert s hogg,robert s hogg,A5133278939,A5134520265,100
1235,tim hill,tim hill,A5133669017,A5133760320,100
1236,robert s hogg,robert s hogg,A5134336774,A5134520265,100
1237,michael a irvine,michael a irvine,A5000729511,A5129935732,100
1238,yasuyuki ishikawa,yasuyuki ishikawa,A5101812132,A5103470627,100
1239,alex ivanov,alex ivanov,A5009173326,A5102763139,100
1240,alex ivanov,alex ivanov,A5009173326,A5101163621,100
1241,anika islam,anika islam,A5103793630,A5069108528,100
1242,robyn ilten-gee,robyn ilten-gee,A5058395557,A5106330377,100
1243,md eliasinul islam,md eliasinul islam,A5001705687,A5128290570,100
1244,alex ivanov,alex ivanov,A5102763139,A5101163621,100
1245,denys iliash,denys iliash,A5114420303,A5040926192,100
1246,paul jones,paul jones,A5000958944,A5114723306,100
1247,hao jiang,hao jiang,A5053349677,A5088853402,100
1248,hao jiang,hao jiang,A5053349677,A5100616426,100
1249,hao jiang,hao jiang,A5053349677,A5100616430,100
1250,dal yong jin,dal yong jin,A5041172302,A5128747370,100
1251,dal yong jin,dal yong jin,A5041172302,A5120042953,100
1252,dal yong jin,dal yong jin,A5041172302,A5121532767,100
1253,r m jacobs,r m jacobs,A5107888787,A5086352497,100
1254,r m jacobs,r m jacobs,A5107888787,A5107945021,100
1255,r m jacobs,r m jacobs,A5107888787,A5107942984,100
1256,r m jacobs,r m jacobs,A5107888787,A5107877272,100
1257,r m jacobs,r m jacobs,A5107888787,A5107891024,100
1258,b p jaeger,b p jaeger,A5105788722,A5107902723,100
1259,b p jaeger,b p jaeger,A5105788722,A5107825074,100
1260,b p jaeger,b p jaeger,A5105788722,A5107938269,100
1261,b p jaeger,b p jaeger,A5105788722,A5107895727,100
1262,b p jaeger,b p jaeger,A5105788722,A5105650150,100
1263,b p jaeger,b p jaeger,A5105788722,A5107920615,100
1264,b p jaeger,b p jaeger,A5105788722,A5107921276,100
1265,b p jaeger,b p jaeger,A5105788722,A5105786253,100
1266,b p jaeger,b p jaeger,A5105788722,A5105705998,100
1267,b p jaeger,b p jaeger,A5105788722,A5107430844,100
1268,b p jaeger,b p jaeger,A5105788722,A5122782856,100
1269,richard h jones,richard h jones,A5027446018,A5101585368,100
1270,r m jacobs,r m jacobs,A5086352497,A5107945021,100
1271,r m jacobs,r m jacobs,A5086352497,A5107942984,100
1272,r m jacobs,r m jacobs,A5086352497,A5107877272,100
1273,r m jacobs,r m jacobs,A5086352497,A5107891024,100
1274,am johal,am johal,A5052596537,A5093865082,100
1275,am johal,am johal,A5052596537,A5093865058,100
1276,am johal,am johal,A5052596537,A5093865061,100
1277,am johal,am johal,A5052596537,A5093865069,100
1278,margaret jackson,margaret jackson,A5028877946,A5003025538,100
1279,wei ju,wei ju,A5018666299,A5102822750,100
1280,hao jiang,hao jiang,A5088853402,A5100616426,100
1281,hao jiang,hao jiang,A5088853402,A5100616430,100
1282,margaret a johnson,margaret a johnson,A5101452751,A5111706509,100
1283,margaret a johnson,margaret a johnson,A5101452751,A5103589982,100
1284,michael r johnson,michael r johnson,A5101943012,A5103590976,100
1285,tao jia,tao jia,A5101594743,A5101594742,100
1286,wenbo jiang,wenbo jiang,A5066542952,A5035570208,100
1287,j jayaraj,j jayaraj,A5101988345,A5009692252,100
1288,benjamin paul jaeger,benjamin paul jaeger,A5114858430,A5105724394,100
1289,azadeh jafari,azadeh jafari,A5103259118,A5133104708,100
1290,hao jiang,hao jiang,A5100616426,A5100616430,100
1291,b p jaeger,b p jaeger,A5107902723,A5107825074,100
1292,b p jaeger,b p jaeger,A5107902723,A5107938269,100
1293,b p jaeger,b p jaeger,A5107902723,A5107895727,100
1294,b p jaeger,b p jaeger,A5107902723,A5105650150,100
1295,b p jaeger,b p jaeger,A5107902723,A5107920615,100
1296,b p jaeger,b p jaeger,A5107902723,A5107921276,100
1297,b p jaeger,b p jaeger,A5107902723,A5105786253,100
1298,b p jaeger,b p jaeger,A5107902723,A5105705998,100
1299,b p jaeger,b p jaeger,A5107902723,A5107430844,100
1300,b p jaeger,b p jaeger,A5107902723,A5122782856,100
1301,margaret a johnson,margaret a johnson,A5111706509,A5103589982,100
1302,samantha jones,samantha jones,A5105193711,A5058571656,100
1303,gillian judson,gillian judson,A5033033173,A5121179633,100
1304,r m jacobs,r m jacobs,A5107945021,A5107942984,100
1305,r m jacobs,r m jacobs,A5107945021,A5107877272,100
1306,r m jacobs,r m jacobs,A5107945021,A5107891024,100
1307,b p jaeger,b p jaeger,A5107825074,A5107938269,100
1308,b p jaeger,b p jaeger,A5107825074,A5107895727,100
1309,b p jaeger,b p jaeger,A5107825074,A5105650150,100
1310,b p jaeger,b p jaeger,A5107825074,A5107920615,100
1311,b p jaeger,b p jaeger,A5107825074,A5107921276,100
1312,b p jaeger,b p jaeger,A5107825074,A5105786253,100
1313,b p jaeger,b p jaeger,A5107825074,A5105705998,100
1314,b p jaeger,b p jaeger,A5107825074,A5107430844,100
1315,b p jaeger,b p jaeger,A5107825074,A5122782856,100
1316,r m jacobs,r m jacobs,A5107942984,A5107877272,100
1317,r m jacobs,r m jacobs,A5107942984,A5107891024,100
1318,yuelong jiang,yuelong jiang,A5028758276,A5014761315,100
1319,sharalyn jordan,sharalyn jordan,A5078401526,A5135479243,100
1320,b p jaeger,b p jaeger,A5107938269,A5107895727,100
1321,b p jaeger,b p jaeger,A5107938269,A5105650150,100
1322,b p jaeger,b p jaeger,A5107938269,A5107920615,100
1323,b p jaeger,b p jaeger,A5107938269,A5107921276,100
1324,b p jaeger,b p jaeger,A5107938269,A5105786253,100
1325,b p jaeger,b p jaeger,A5107938269,A5105705998,100
1326,b p jaeger,b p jaeger,A5107938269,A5107430844,100
1327,b p jaeger,b p jaeger,A5107938269,A5122782856,100
1328,am johal,am johal,A5093865082,A5093865058,100
1329,am johal,am johal,A5093865082,A5093865061,100
1330,am johal,am johal,A5093865082,A5093865069,100
1331,b p jaeger,b p jaeger,A5107895727,A5105650150,100
1332,b p jaeger,b p jaeger,A5107895727,A5107920615,100
1333,b p jaeger,b p jaeger,A5107895727,A5107921276,100
1334,b p jaeger,b p jaeger,A5107895727,A5105786253,100
1335,b p jaeger,b p jaeger,A5107895727,A5105705998,100
1336,b p jaeger,b p jaeger,A5107895727,A5107430844,100
1337,b p jaeger,b p jaeger,A5107895727,A5122782856,100
1338,dal yong jin,dal yong jin,A5128747370,A5120042953,100
1339,dal yong jin,dal yong jin,A5128747370,A5121532767,100
1340,b p jaeger,b p jaeger,A5105650150,A5107920615,100
1341,b p jaeger,b p jaeger,A5105650150,A5107921276,100
1342,b p jaeger,b p jaeger,A5105650150,A5105786253,100
1343,b p jaeger,b p jaeger,A5105650150,A5105705998,100
1344,b p jaeger,b p jaeger,A5105650150,A5107430844,100
1345,b p jaeger,b p jaeger,A5105650150,A5122782856,100
1346,r m jacobs,r m jacobs,A5107877272,A5107891024,100
1347,b p jaeger,b p jaeger,A5107920615,A5107921276,100
1348,b p jaeger,b p jaeger,A5107920615,A5105786253,100
1349,b p jaeger,b p jaeger,A5107920615,A5105705998,100
1350,b p jaeger,b p jaeger,A5107920615,A5107430844,100
1351,b p jaeger,b p jaeger,A5107920615,A5122782856,100
1352,b p jaeger,b p jaeger,A5107921276,A5105786253,100
1353,b p jaeger,b p jaeger,A5107921276,A5105705998,100
1354,b p jaeger,b p jaeger,A5107921276,A5107430844,100
1355,b p jaeger,b p jaeger,A5107921276,A5122782856,100
1356,misha jain,misha jain,A5023196234,A5108828590,100
1357,dal yong jin,dal yong jin,A5120042953,A5121532767,100
1358,shifan jia,shifan jia,A5125133638,A5115462057,100
1359,b p jaeger,b p jaeger,A5105786253,A5105705998,100
1360,b p jaeger,b p jaeger,A5105786253,A5107430844,100
1361,b p jaeger,b p jaeger,A5105786253,A5122782856,100
1362,am johal,am johal,A5093865058,A5093865061,100
1363,am johal,am johal,A5093865058,A5093865069,100
1364,am johal,am johal,A5093865061,A5093865069,100
1365,b p jaeger,b p jaeger,A5105705998,A5107430844,100
1366,b p jaeger,b p jaeger,A5105705998,A5122782856,100
1367,b p jaeger,b p jaeger,A5107430844,A5122782856,100
1368,thomas kerr,thomas kerr,A5073679067,A5101902690,100
1369,dong in kim,dong in kim,A5022649488,A5075988638,100
1370,j kirschner,j kirschner,A5020873980,A5047427332,100
1371,t kimura,t kimura,A5034046091,A5074360723,100
1372,jyothsna rani komaragiri,jyothsna rani komaragiri,A5120542957,A5107930434,100
1373,j kvita,j kvita,A5107858843,A5105782739,100
1374,j kvita,j kvita,A5107858843,A5107826614,100
1375,j kvita,j kvita,A5107858843,A5107824704,100
1376,j kvita,j kvita,A5107858843,A5107856214,100
1377,j kvita,j kvita,A5107858843,A5107890604,100
1378,j kvita,j kvita,A5107858843,A5107852647,100
1379,j kvita,j kvita,A5107858843,A5107850184,100
1380,j kvita,j kvita,A5107858843,A5107872982,100
1381,j kvita,j kvita,A5107858843,A5107924865,100
1382,david kaufman,david kaufman,A5058548957,A5135225133,100
1383,j kvita,j kvita,A5105782739,A5107826614,100
1384,j kvita,j kvita,A5105782739,A5107824704,100
1385,j kvita,j kvita,A5105782739,A5107856214,100
1386,j kvita,j kvita,A5105782739,A5107890604,100
1387,j kvita,j kvita,A5105782739,A5107852647,100
1388,j kvita,j kvita,A5105782739,A5107850184,100
1389,j kvita,j kvita,A5105782739,A5107872982,100
1390,j kvita,j kvita,A5105782739,A5107924865,100
1391,j r komaragiri,j r komaragiri,A5107841155,A5102156873,100
1392,j r komaragiri,j r komaragiri,A5107841155,A5106430117,100
1393,j kvita,j kvita,A5107826614,A5107824704,100
1394,j kvita,j kvita,A5107826614,A5107856214,100
1395,j kvita,j kvita,A5107826614,A5107890604,100
1396,j kvita,j kvita,A5107826614,A5107852647,100
1397,j kvita,j kvita,A5107826614,A5107850184,100
1398,j kvita,j kvita,A5107826614,A5107872982,100
1399,j kvita,j kvita,A5107826614,A5107924865,100
1400,malcolm king,malcolm king,A5069682579,A5020559144,100
1401,ajit khosla,ajit khosla,A5083587796,A5108038375,100
1402,erik kjeang,erik kjeang,A5056229295,A5135162111,100
1403,minjung kim,minjung kim,A5100333889,A5100333878,100
1404,dongwoo kim,dongwoo kim,A5100357237,A5100357248,100
1405,dongwoo kim,dongwoo kim,A5100357237,A5100357241,100
1406,dongwoo kim,dongwoo kim,A5100357237,A5100357254,100
1407,george kirczenow,george kirczenow,A5005284722,A5131670327,100
1408,masayuki kobayashi,masayuki kobayashi,A5090812009,A5103278456,100
1409,tae‐ho kim,tae‐ho kim,A5100452164,A5100452178,100
1410,dongwoo kim,dongwoo kim,A5100357248,A5100357241,100
1411,dongwoo kim,dongwoo kim,A5100357248,A5100357254,100
1412,thomas kuehn,thomas kuehn,A5014440493,A5092234270,100
1413,elizabeth m king,elizabeth m king,A5015826134,A5022513797,100
1414,elizabeth m king,elizabeth m king,A5015826134,A5133208515,100
1415,j kvita,j kvita,A5107824704,A5107856214,100
1416,j kvita,j kvita,A5107824704,A5107890604,100
1417,j kvita,j kvita,A5107824704,A5107852647,100
1418,j kvita,j kvita,A5107824704,A5107850184,100
1419,j kvita,j kvita,A5107824704,A5107872982,100
1420,j kvita,j kvita,A5107824704,A5107924865,100
1421,peter kennedy,peter kennedy,A5111622942,A5102180363,100
1422,john knowles,john knowles,A5049064009,A5060335453,100
1423,wan-jong kim,wan-jong kim,A5090810953,A5042599624,100
1424,akihiro kanamori,akihiro kanamori,A5112547333,A5050426319,100
1425,minju kim,minju kim,A5100462915,A5113155829,100
1426,dongwoo kim,dongwoo kim,A5100357241,A5100357254,100
1427,elizabeth m king,elizabeth m king,A5022513797,A5133208515,100
1428,paul kingsbury,paul kingsbury,A5086425999,A5081205357,100
1429,alexandra king,alexandra king,A5103005589,A5047600816,100
1430,suyoung kim,suyoung kim,A5101531875,A5081300303,100
1431,avinash kulkarni,avinash kulkarni,A5050750176,A5075948195,100
1432,jeannie kerr,jeannie kerr,A5052014369,A5119133403,100
1433,j r komaragiri,j r komaragiri,A5102156873,A5106430117,100
1434,soyean kim,soyean kim,A5012716490,A5125442789,100
1435,j kvita,j kvita,A5107856214,A5107890604,100
1436,j kvita,j kvita,A5107856214,A5107852647,100
1437,j kvita,j kvita,A5107856214,A5107850184,100
1438,j kvita,j kvita,A5107856214,A5107872982,100
1439,j kvita,j kvita,A5107856214,A5107924865,100
1440,j kvita,j kvita,A5107890604,A5107852647,100
1441,j kvita,j kvita,A5107890604,A5107850184,100
1442,j kvita,j kvita,A5107890604,A5107872982,100
1443,j kvita,j kvita,A5107890604,A5107924865,100
1444,j kvita,j kvita,A5107852647,A5107850184,100
1445,j kvita,j kvita,A5107852647,A5107872982,100
1446,j kvita,j kvita,A5107852647,A5107924865,100
1447,nitish kumar,nitish kumar,A5039262439,A5130662900,100
1448,j kvita,j kvita,A5107850184,A5107872982,100
1449,j kvita,j kvita,A5107850184,A5107924865,100
1450,hitesh kumar,hitesh kumar,A5017584482,A5110959612,100
1451,hitesh kumar,hitesh kumar,A5017584482,A5120981531,100
1452,j kvita,j kvita,A5107872982,A5107924865,100
1453,hitesh kumar,hitesh kumar,A5110959612,A5120981531,100
1454,boah kim,boah kim,A5103237084,A5049995914,100
1455,boah kim,boah kim,A5103237084,A5121321088,100
1456,boah kim,boah kim,A5103237084,A5121866955,100
1457,anna kristen,anna kristen,A5026516177,A5092537600,100
1458,amirreza kazemi,amirreza kazemi,A5111096781,A5076298294,100
1459,amirreza kazemi,amirreza kazemi,A5111096781,A5102430852,100
1460,eric d kirby,eric d kirby,A5113155667,A5063380948,100
1461,lois klassen,lois klassen,A5054865230,A5041291080,100
1462,lois klassen,lois klassen,A5054865230,A5130611780,100
1463,boah kim,boah kim,A5049995914,A5121321088,100
1464,boah kim,boah kim,A5049995914,A5121866955,100
1465,sadhbh kenny,sadhbh kenny,A5097633172,A5104579474,100
1466,brianne kent,brianne kent,A5135583877,A5135676046,100
1467,lois klassen,lois klassen,A5041291080,A5130611780,100
1468,amirreza kazemi,amirreza kazemi,A5076298294,A5102430852,100
1469,yani kong,yani kong,A5052216983,A5076749232,100
1470,angela kaidaon,angela kaidaon,A5095333481,A5095333491,100
1471,boah kim,boah kim,A5121321088,A5121866955,100
1472,l li,l li,A5052819678,A5113699038,100
1473,qing liu,qing liu,A5100345153,A5100345219,100
1474,qing liu,qing liu,A5100345153,A5087872098,100
1475,qing liu,qing liu,A5100345153,A5110372431,100
1476,qing liu,qing liu,A5100345153,A5025572394,100
1477,b liu,b liu,A5114378471,A5108053321,100
1478,b liu,b liu,A5114378471,A5107939617,100
1479,b liu,b liu,A5114378471,A5115597442,100
1480,b liu,b liu,A5114378471,A5107937433,100
1481,b liu,b liu,A5114378471,A5115590191,100
1482,b liu,b liu,A5114378471,A5107922117,100
1483,b liu,b liu,A5114378471,A5107939241,100
1484,b liu,b liu,A5114378471,A5107909883,100
1485,b liu,b liu,A5114378471,A5111033954,100
1486,b liu,b liu,A5114378471,A5026049700,100
1487,b liu,b liu,A5114378471,A5107931832,100
1488,b liu,b liu,A5114378471,A5115589431,100
1489,b liu,b liu,A5114378471,A5107881501,100
1490,b liu,b liu,A5114378471,A5107892535,100
1491,b liu,b liu,A5114378471,A5030786559,100
1492,b liu,b liu,A5114378471,A5042703603,100
1493,b liu,b liu,A5114378471,A5064931465,100
1494,b liu,b liu,A5114378471,A5108098421,100
1495,b liu,b liu,A5114378471,A5071222877,100
1496,b liu,b liu,A5114378471,A5105646657,100
1497,b liu,b liu,A5114378471,A5107878287,100
1498,b liu,b liu,A5114378471,A5024572929,100
1499,b liu,b liu,A5114378471,A5086217744,100
1500,b liu,b liu,A5114378471,A5107874880,100
1501,b liu,b liu,A5114378471,A5036090903,100
1502,b liu,b liu,A5114378471,A5107884233,100
1503,b liu,b liu,A5114378471,A5105572733,100
1504,b liu,b liu,A5114378471,A5120391139,100
1505,y liu,y liu,A5100376040,A5107889540,100
1506,y liu,y liu,A5100376040,A5120839655,100
1507,y liu,y liu,A5100376040,A5107848547,100
1508,wei liu,wei liu,A5100431792,A5100641142,100
1509,wei liu,wei liu,A5100431792,A5100431708,100
1510,wei liu,wei liu,A5100431792,A5102024686,100
1511,yang li,yang li,A5100421591,A5101397649,100
1512,yang li,yang li,A5100421591,A5100709800,100
1513,bin li,bin li,A5100365204,A5100365200,100
1514,bin li,bin li,A5100365204,A5100365238,100
1515,wei li,wei li,A5100317994,A5100318419,100
1516,wei li,wei li,A5100317994,A5101843238,100
1517,wei li,wei li,A5100317994,A5047526883,100
1518,wei li,wei li,A5100317994,A5100342619,100
1519,wei li,wei li,A5100317994,A5100317973,100
1520,xin li,xin li,A5100353780,A5100354062,100
1521,xin li,xin li,A5100353780,A5100353986,100
1522,cheng li,cheng li,A5100354297,A5128936988,100
1523,cheng li,cheng li,A5100354297,A5132553516,100
1524,cheng li,cheng li,A5100354297,A5132650999,100
1525,jiangchuan liu,jiangchuan liu,A5039311485,A5113173816,100
1526,jiangchuan liu,jiangchuan liu,A5039311485,A5122900147,100
1527,jiangchuan liu,jiangchuan liu,A5039311485,A5124043003,100
1528,jiangchuan liu,jiangchuan liu,A5039311485,A5126350068,100
1529,jiangchuan liu,jiangchuan liu,A5039311485,A5130275845,100
1530,jiangchuan liu,jiangchuan liu,A5039311485,A5135410743,100
1531,jiangchuan liu,jiangchuan liu,A5039311485,A5135524780,100
1532,yong liu,yong liu,A5115602420,A5109782717,100
1533,wenjie li,wenjie li,A5100408983,A5100408975,100
1534,wenjie li,wenjie li,A5100408983,A5100408977,100
1535,jian li,jian li,A5100402609,A5100402566,100
1536,jian li,jian li,A5100402609,A5100402571,100
1537,jian li,jian li,A5100402609,A5100402626,100
1538,ming li,ming li,A5100351409,A5100351507,100
1539,ming li,ming li,A5100351409,A5100351502,100
1540,ming li,ming li,A5100351409,A5100351426,100
1541,bruce p lanphear,bruce p lanphear,A5080164344,A5122874172,100
1542,bruce p lanphear,bruce p lanphear,A5080164344,A5124063975,100
1543,bruce p lanphear,bruce p lanphear,A5080164344,A5129651758,100
1544,bruce p lanphear,bruce p lanphear,A5080164344,A5129972779,100
1545,bruce p lanphear,bruce p lanphear,A5080164344,A5130771092,100
1546,bruce p lanphear,bruce p lanphear,A5080164344,A5130917088,100
1547,bruce p lanphear,bruce p lanphear,A5080164344,A5133514181,100
1548,jie liu,jie liu,A5100454108,A5100454167,100
1549,yi liu,yi liu,A5100330618,A5004990546,100
1550,yi liu,yi liu,A5100330618,A5058830515,100
1551,yi liu,yi liu,A5100330618,A5100330640,100
1552,wei liu,wei liu,A5100641142,A5100431708,100
1553,wei liu,wei liu,A5100641142,A5102024686,100
1554,c leggett,c leggett,A5054429603,A5107857424,100
1555,c leggett,c leggett,A5054429603,A5107870081,100
1556,c leggett,c leggett,A5054429603,A5107849352,100
1557,c leggett,c leggett,A5054429603,A5107938277,100
1558,c leggett,c leggett,A5054429603,A5107938492,100
1559,c leggett,c leggett,A5054429603,A5107939806,100
1560,c leggett,c leggett,A5054429603,A5107903120,100
1561,kun liu,kun liu,A5100398804,A5100398805,100
1562,kun liu,kun liu,A5100398804,A5100398753,100
1563,jiaxing li,jiaxing li,A5100636534,A5100636528,100
1564,jiaxing li,jiaxing li,A5100636534,A5100636526,100
1565,jiaxing li,jiaxing li,A5100636534,A5100636530,100
1566,jiaxing li,jiaxing li,A5100636534,A5064605550,100
1567,han liu,han liu,A5100349032,A5100349062,100
1568,han liu,han liu,A5100349032,A5100349058,100
1569,han liu,han liu,A5100349032,A5100632385,100
1570,han liu,han liu,A5100349032,A5100349024,100
1571,wenyuan li,wenyuan li,A5085165889,A5100360792,100
1572,wei lü,wei lü,A5005328001,A5005529387,100
1573,ke li,ke li,A5100343513,A5100343450,100
1574,ke li,ke li,A5100343513,A5100343528,100
1575,ke li,ke li,A5100343513,A5133717073,100
1576,jian li,jian li,A5100402566,A5100402571,100
1577,jian li,jian li,A5100402566,A5100402626,100
1578,ke li,ke li,A5100343450,A5100343528,100
1579,ke li,ke li,A5100343450,A5133717073,100
1580,bin li,bin li,A5100365200,A5100365238,100
1581,hongdong li,hongdong li,A5101819061,A5101819059,100
1582,jianfeng liu,jianfeng liu,A5100335772,A5100335778,100
1583,qingguo li,qingguo li,A5100611700,A5100611696,100
1584,wei li,wei li,A5100318419,A5101843238,100
1585,wei li,wei li,A5100318419,A5047526883,100
1586,wei li,wei li,A5100318419,A5100342619,100
1587,wei li,wei li,A5100318419,A5100317973,100
1588,haitao li,haitao li,A5100453276,A5100453295,100
1589,haitao li,haitao li,A5100453276,A5100453316,100
1590,kun liu,kun liu,A5100398805,A5100398753,100
1591,heng liu,heng liu,A5100392542,A5082690988,100
1592,c leggett,c leggett,A5107857424,A5107870081,100
1593,c leggett,c leggett,A5107857424,A5107849352,100
1594,c leggett,c leggett,A5107857424,A5107938277,100
1595,c leggett,c leggett,A5107857424,A5107938492,100
1596,c leggett,c leggett,A5107857424,A5107939806,100
1597,c leggett,c leggett,A5107857424,A5107903120,100
1598,yang li,yang li,A5101397649,A5100709800,100
1599,lei liu,lei liu,A5089831302,A5103811859,100
1600,cheng lu,cheng lu,A5024288211,A5112404880,100
1601,jing li,jing li,A5100336982,A5005528787,100
1602,jing li,jing li,A5100336982,A5100336830,100
1603,jing li,jing li,A5100336982,A5100775907,100
1604,jing li,jing li,A5100336982,A5101785015,100
1605,jing li,jing li,A5100336982,A5032719066,100
1606,jing li,jing li,A5100336982,A5056822650,100
1607,jing li,jing li,A5100336982,A5100336980,100
1608,jing li,jing li,A5100336982,A5101574293,100
1609,jing li,jing li,A5100336982,A5100775910,100
1610,jing li,jing li,A5100336982,A5101460677,100
1611,jing li,jing li,A5100336982,A5100775904,100
1612,jing li,jing li,A5100336982,A5101860317,100
1613,jing li,jing li,A5100336982,A5100337078,100
1614,jing li,jing li,A5100336982,A5100738417,100
1615,jing li,jing li,A5100336982,A5101860315,100
1616,jing li,jing li,A5100336982,A5100337096,100
1617,jing li,jing li,A5100336982,A5101486284,100
1618,jing li,jing li,A5100336982,A5100336769,100
1619,yi liu,yi liu,A5004990546,A5058830515,100
1620,yi liu,yi liu,A5004990546,A5100330640,100
1621,ming li,ming li,A5100351507,A5100351502,100
1622,ming li,ming li,A5100351507,A5100351426,100
1623,yi liu,yi liu,A5058830515,A5100330640,100
1624,jie liang,jie liang,A5108166775,A5101957696,100
1625,jie liang,jie liang,A5108166775,A5101490257,100
1626,jie liang,jie liang,A5108166775,A5101963312,100
1627,jie liang,jie liang,A5108166775,A5032270128,100
1628,jie liang,jie liang,A5108166775,A5081679807,100
1629,jie liang,jie liang,A5108166775,A5112007562,100
1630,kelley lee,kelley lee,A5019363540,A5069272539,100
1631,hui liu,hui liu,A5108048592,A5100387526,100
1632,hui liu,hui liu,A5108048592,A5100387533,100
1633,hui liu,hui liu,A5100387526,A5100387533,100
1634,jing li,jing li,A5005528787,A5100336830,100
1635,jing li,jing li,A5005528787,A5100775907,100
1636,jing li,jing li,A5005528787,A5101785015,100
1637,jing li,jing li,A5005528787,A5032719066,100
1638,jing li,jing li,A5005528787,A5056822650,100
1639,jing li,jing li,A5005528787,A5100336980,100
1640,jing li,jing li,A5005528787,A5101574293,100
1641,jing li,jing li,A5005528787,A5100775910,100
1642,jing li,jing li,A5005528787,A5101460677,100
1643,jing li,jing li,A5005528787,A5100775904,100
1644,jing li,jing li,A5005528787,A5101860317,100
1645,jing li,jing li,A5005528787,A5100337078,100
1646,jing li,jing li,A5005528787,A5100738417,100
1647,jing li,jing li,A5005528787,A5101860315,100
1648,jing li,jing li,A5005528787,A5100337096,100
1649,jing li,jing li,A5005528787,A5101486284,100
1650,jing li,jing li,A5005528787,A5100336769,100
1651,ming li,ming li,A5100351502,A5100351426,100
1652,jiping liu,jiping liu,A5109448683,A5110945090,100
1653,ki‐young lee,ki‐young lee,A5100752738,A5100719654,100
1654,ruixing liang,ruixing liang,A5089899809,A5110472479,100
1655,jing li,jing li,A5100336830,A5100775907,100
1656,jing li,jing li,A5100336830,A5101785015,100
1657,jing li,jing li,A5100336830,A5032719066,100
1658,jing li,jing li,A5100336830,A5056822650,100
1659,jing li,jing li,A5100336830,A5100336980,100
1660,jing li,jing li,A5100336830,A5101574293,100
1661,jing li,jing li,A5100336830,A5100775910,100
1662,jing li,jing li,A5100336830,A5101460677,100
1663,jing li,jing li,A5100336830,A5100775904,100
1664,jing li,jing li,A5100336830,A5101860317,100
1665,jing li,jing li,A5100336830,A5100337078,100
1666,jing li,jing li,A5100336830,A5100738417,100
1667,jing li,jing li,A5100336830,A5101860315,100
1668,jing li,jing li,A5100336830,A5100337096,100
1669,jing li,jing li,A5100336830,A5101486284,100
1670,jing li,jing li,A5100336830,A5100336769,100
1671,jie liang,jie liang,A5101957696,A5101490257,100
1672,jie liang,jie liang,A5101957696,A5101963312,100
1673,jie liang,jie liang,A5101957696,A5032270128,100
1674,jie liang,jie liang,A5101957696,A5081679807,100
1675,jie liang,jie liang,A5101957696,A5112007562,100
1676,jing li,jing li,A5100775907,A5101785015,100
1677,jing li,jing li,A5100775907,A5032719066,100
1678,jing li,jing li,A5100775907,A5056822650,100
1679,jing li,jing li,A5100775907,A5100336980,100
1680,jing li,jing li,A5100775907,A5101574293,100
1681,jing li,jing li,A5100775907,A5100775910,100
1682,jing li,jing li,A5100775907,A5101460677,100
1683,jing li,jing li,A5100775907,A5100775904,100
1684,jing li,jing li,A5100775907,A5101860317,100
1685,jing li,jing li,A5100775907,A5100337078,100
1686,jing li,jing li,A5100775907,A5100738417,100
1687,jing li,jing li,A5100775907,A5101860315,100
1688,jing li,jing li,A5100775907,A5100337096,100
1689,jing li,jing li,A5100775907,A5101486284,100
1690,jing li,jing li,A5100775907,A5100336769,100
1691,angel m y lin,angel m y lin,A5110895011,A5130653506,100
1692,wenjie li,wenjie li,A5100408975,A5100408977,100
1693,jiarui li,jiarui li,A5100414543,A5100414545,100
1694,jiarui li,jiarui li,A5100414543,A5031168962,100
1695,jiarui li,jiarui li,A5100414543,A5100414536,100
1696,su-jin lee,su-jin lee,A5100383379,A5100383382,100
1697,qing liu,qing liu,A5100345219,A5087872098,100
1698,qing liu,qing liu,A5100345219,A5110372431,100
1699,qing liu,qing liu,A5100345219,A5025572394,100
1700,chunmei li,chunmei li,A5100427232,A5100427221,100
1701,chunmei li,chunmei li,A5100427232,A5030374908,100
1702,chunmei li,chunmei li,A5100427232,A5100427248,100
1703,chunmei li,chunmei li,A5100427232,A5100427227,100
1704,nhu d le,nhu d le,A5108109013,A5101488211,100
1705,xifa long,xifa long,A5083854211,A5111494754,100
1706,jianxiong li,jianxiong li,A5100759593,A5100759591,100
1707,jianxiong li,jianxiong li,A5100759593,A5041726199,100
1708,yan lu,yan lu,A5100756584,A5100641095,100
1709,yan lu,yan lu,A5100756584,A5100641099,100
1710,roger g linington,roger g linington,A5015133560,A5135534405,100
1711,chunmei li,chunmei li,A5100427221,A5030374908,100
1712,chunmei li,chunmei li,A5100427221,A5100427248,100
1713,chunmei li,chunmei li,A5100427221,A5100427227,100
1714,steven lewis,steven lewis,A5104243031,A5044719058,100
1715,han liu,han liu,A5100349062,A5100349058,100
1716,han liu,han liu,A5100349062,A5100632385,100
1717,han liu,han liu,A5100349062,A5100349024,100
1718,jing li,jing li,A5101785015,A5032719066,100
1719,jing li,jing li,A5101785015,A5056822650,100
1720,jing li,jing li,A5101785015,A5100336980,100
1721,jing li,jing li,A5101785015,A5101574293,100
1722,jing li,jing li,A5101785015,A5100775910,100
1723,jing li,jing li,A5101785015,A5101460677,100
1724,jing li,jing li,A5101785015,A5100775904,100
1725,jing li,jing li,A5101785015,A5101860317,100
1726,jing li,jing li,A5101785015,A5100337078,100
1727,jing li,jing li,A5101785015,A5100738417,100
1728,jing li,jing li,A5101785015,A5101860315,100
1729,jing li,jing li,A5101785015,A5100337096,100
1730,jing li,jing li,A5101785015,A5101486284,100
1731,jing li,jing li,A5101785015,A5100336769,100
1732,zhen li,zhen li,A5062396931,A5107914677,100
1733,jonathan lee,jonathan lee,A5100348024,A5100348029,100
1734,jonathan lee,jonathan lee,A5100348024,A5047048285,100
1735,qing liu,qing liu,A5087872098,A5110372431,100
1736,qing liu,qing liu,A5087872098,A5025572394,100
1737,rong liu,rong liu,A5076740610,A5100346481,100
1738,rong liu,rong liu,A5076740610,A5100346469,100
1739,rong liu,rong liu,A5076740610,A5101892995,100
1740,mingxin li,mingxin li,A5100674540,A5100674539,100
1741,mingxin li,mingxin li,A5100674540,A5100674546,100
1742,mingxin li,mingxin li,A5100674540,A5063649832,100
1743,n lehmann,n lehmann,A5031981808,A5107889357,100
1744,jianxiong li,jianxiong li,A5100759591,A5041726199,100
1745,jonathan lee,jonathan lee,A5100348029,A5047048285,100
1746,han liu,han liu,A5100349058,A5100632385,100
1747,han liu,han liu,A5100349058,A5100349024,100
1748,wei li,wei li,A5101843238,A5047526883,100
1749,wei li,wei li,A5101843238,A5100342619,100
1750,wei li,wei li,A5101843238,A5100317973,100
1751,b liu,b liu,A5108053321,A5107939617,100
1752,b liu,b liu,A5108053321,A5115597442,100
1753,b liu,b liu,A5108053321,A5107937433,100
1754,b liu,b liu,A5108053321,A5115590191,100
1755,b liu,b liu,A5108053321,A5107922117,100
1756,b liu,b liu,A5108053321,A5107939241,100
1757,b liu,b liu,A5108053321,A5107909883,100
1758,b liu,b liu,A5108053321,A5111033954,100
1759,b liu,b liu,A5108053321,A5026049700,100
1760,b liu,b liu,A5108053321,A5107931832,100
1761,b liu,b liu,A5108053321,A5115589431,100
1762,b liu,b liu,A5108053321,A5107881501,100
1763,b liu,b liu,A5108053321,A5107892535,100
1764,b liu,b liu,A5108053321,A5030786559,100
1765,b liu,b liu,A5108053321,A5042703603,100
1766,b liu,b liu,A5108053321,A5064931465,100
1767,b liu,b liu,A5108053321,A5108098421,100
1768,b liu,b liu,A5108053321,A5071222877,100
1769,b liu,b liu,A5108053321,A5105646657,100
1770,b liu,b liu,A5108053321,A5107878287,100
1771,b liu,b liu,A5108053321,A5024572929,100
1772,b liu,b liu,A5108053321,A5086217744,100
1773,b liu,b liu,A5108053321,A5107874880,100
1774,b liu,b liu,A5108053321,A5036090903,100
1775,b liu,b liu,A5108053321,A5107884233,100
1776,b liu,b liu,A5108053321,A5105572733,100
1777,b liu,b liu,A5108053321,A5120391139,100
1778,tian li,tian li,A5100345568,A5100345588,100
1779,chunmei li,chunmei li,A5030374908,A5100427248,100
1780,chunmei li,chunmei li,A5030374908,A5100427227,100
1781,qi lin,qi lin,A5101438335,A5102608112,100
1782,qi lin,qi lin,A5101438335,A5006080491,100
1783,linyi li,linyi li,A5075538321,A5101915882,100
1784,k lehmann,k lehmann,A5105764596,A5107888241,100
1785,k lehmann,k lehmann,A5105764596,A5107941542,100
1786,k lehmann,k lehmann,A5105764596,A5107883495,100
1787,k lehmann,k lehmann,A5105764596,A5107890521,100
1788,k lehmann,k lehmann,A5105764596,A5107896492,100
1789,k lehmann,k lehmann,A5105764596,A5107904143,100
1790,k lehmann,k lehmann,A5105764596,A5107897377,100
1791,k lehmann,k lehmann,A5105764596,A5107913487,100
1792,k lehmann,k lehmann,A5105764596,A5107887830,100
1793,k lehmann,k lehmann,A5105764596,A5107889314,100
1794,k lehmann,k lehmann,A5105764596,A5107909880,100
1795,k lehmann,k lehmann,A5105764596,A5107910450,100
1796,k lehmann,k lehmann,A5105764596,A5107924395,100
1797,k lehmann,k lehmann,A5105764596,A5107886887,100
1798,k lehmann,k lehmann,A5105764596,A5107894986,100
1799,k lehmann,k lehmann,A5105764596,A5107916480,100
1800,k lehmann,k lehmann,A5105764596,A5105565215,100
1801,k lehmann,k lehmann,A5105764596,A5107931824,100
1802,k lehmann,k lehmann,A5105764596,A5107919641,100
1803,k lehmann,k lehmann,A5105764596,A5122822365,100
1804,jae-young lee,jae-young lee,A5100334527,A5100334525,100
1805,lixin liu,lixin liu,A5100399703,A5100399701,100
1806,jiarui li,jiarui li,A5100414545,A5031168962,100
1807,jiarui li,jiarui li,A5100414545,A5100414536,100
1808,c leggett,c leggett,A5107870081,A5107849352,100
1809,c leggett,c leggett,A5107870081,A5107938277,100
1810,c leggett,c leggett,A5107870081,A5107938492,100
1811,c leggett,c leggett,A5107870081,A5107939806,100
1812,c leggett,c leggett,A5107870081,A5107903120,100
1813,brian lewis,brian lewis,A5089983989,A5113537737,100
1814,bing lu,bing lu,A5055319860,A5100339966,100
1815,bing lu,bing lu,A5055319860,A5121461054,100
1816,david lee,david lee,A5104040205,A5100423791,100
1817,david lee,david lee,A5104040205,A5100423792,100
1818,david lee,david lee,A5104040205,A5107637213,100
1819,david lee,david lee,A5100423791,A5100423792,100
1820,david lee,david lee,A5100423791,A5107637213,100
1821,yi lu,yi lu,A5080429583,A5071128348,100
1822,paul c h li,paul c h li,A5088254081,A5120994680,100
1823,wu li,wu li,A5100326384,A5105471076,100
1824,xin li,xin li,A5100354062,A5100353986,100
1825,b liu,b liu,A5107939617,A5115597442,100
1826,b liu,b liu,A5107939617,A5107937433,100
1827,b liu,b liu,A5107939617,A5115590191,100
1828,b liu,b liu,A5107939617,A5107922117,100
1829,b liu,b liu,A5107939617,A5107939241,100
1830,b liu,b liu,A5107939617,A5107909883,100
1831,b liu,b liu,A5107939617,A5111033954,100
1832,b liu,b liu,A5107939617,A5026049700,100
1833,b liu,b liu,A5107939617,A5107931832,100
1834,b liu,b liu,A5107939617,A5115589431,100
1835,b liu,b liu,A5107939617,A5107881501,100
1836,b liu,b liu,A5107939617,A5107892535,100
1837,b liu,b liu,A5107939617,A5030786559,100
1838,b liu,b liu,A5107939617,A5042703603,100
1839,b liu,b liu,A5107939617,A5064931465,100
1840,b liu,b liu,A5107939617,A5108098421,100
1841,b liu,b liu,A5107939617,A5071222877,100
1842,b liu,b liu,A5107939617,A5105646657,100
1843,b liu,b liu,A5107939617,A5107878287,100
1844,b liu,b liu,A5107939617,A5024572929,100
1845,b liu,b liu,A5107939617,A5086217744,100
1846,b liu,b liu,A5107939617,A5107874880,100
1847,b liu,b liu,A5107939617,A5036090903,100
1848,b liu,b liu,A5107939617,A5107884233,100
1849,b liu,b liu,A5107939617,A5105572733,100
1850,b liu,b liu,A5107939617,A5120391139,100
1851,chao li,chao li,A5100323170,A5100323260,100
1852,chao li,chao li,A5100323170,A5101496263,100
1853,david lee,david lee,A5100423792,A5107637213,100
1854,hyunwoo lee,hyunwoo lee,A5100334308,A5100334320,100
1855,jian li,jian li,A5100402571,A5100402626,100
1856,yan lu,yan lu,A5100641095,A5100641099,100
1857,mingxin li,mingxin li,A5100674539,A5100674546,100
1858,mingxin li,mingxin li,A5100674539,A5063649832,100
1859,jing li,jing li,A5032719066,A5056822650,100
1860,jing li,jing li,A5032719066,A5100336980,100
1861,jing li,jing li,A5032719066,A5101574293,100
1862,jing li,jing li,A5032719066,A5100775910,100
1863,jing li,jing li,A5032719066,A5101460677,100
1864,jing li,jing li,A5032719066,A5100775904,100
1865,jing li,jing li,A5032719066,A5101860317,100
1866,jing li,jing li,A5032719066,A5100337078,100
1867,jing li,jing li,A5032719066,A5100738417,100
1868,jing li,jing li,A5032719066,A5101860315,100
1869,jing li,jing li,A5032719066,A5100337096,100
1870,jing li,jing li,A5032719066,A5101486284,100
1871,jing li,jing li,A5032719066,A5100336769,100
1872,wei liu,wei liu,A5100431708,A5102024686,100
1873,chunmei li,chunmei li,A5100427248,A5100427227,100
1874,z liu,z liu,A5107888999,A5025357057,100
1875,z liu,z liu,A5107888999,A5073598381,100
1876,chelsea j little,chelsea j little,A5063198063,A5125911757,100
1877,jing li,jing li,A5056822650,A5100336980,100
1878,jing li,jing li,A5056822650,A5101574293,100
1879,jing li,jing li,A5056822650,A5100775910,100
1880,jing li,jing li,A5056822650,A5101460677,100
1881,jing li,jing li,A5056822650,A5100775904,100
1882,jing li,jing li,A5056822650,A5101860317,100
1883,jing li,jing li,A5056822650,A5100337078,100
1884,jing li,jing li,A5056822650,A5100738417,100
1885,jing li,jing li,A5056822650,A5101860315,100
1886,jing li,jing li,A5056822650,A5100337096,100
1887,jing li,jing li,A5056822650,A5101486284,100
1888,jing li,jing li,A5056822650,A5100336769,100
1889,angelica lim,angelica lim,A5054803584,A5110644248,100
1890,jing li,jing li,A5100336980,A5101574293,100
1891,jing li,jing li,A5100336980,A5100775910,100
1892,jing li,jing li,A5100336980,A5101460677,100
1893,jing li,jing li,A5100336980,A5100775904,100
1894,jing li,jing li,A5100336980,A5101860317,100
1895,jing li,jing li,A5100336980,A5100337078,100
1896,jing li,jing li,A5100336980,A5100738417,100
1897,jing li,jing li,A5100336980,A5101860315,100
1898,jing li,jing li,A5100336980,A5100337096,100
1899,jing li,jing li,A5100336980,A5101486284,100
1900,jing li,jing li,A5100336980,A5100336769,100
1901,ang li,ang li,A5100413608,A5100413647,100
1902,b liu,b liu,A5115597442,A5107937433,100
1903,b liu,b liu,A5115597442,A5115590191,100
1904,b liu,b liu,A5115597442,A5107922117,100
1905,b liu,b liu,A5115597442,A5107939241,100
1906,b liu,b liu,A5115597442,A5107909883,100
1907,b liu,b liu,A5115597442,A5111033954,100
1908,b liu,b liu,A5115597442,A5026049700,100
1909,b liu,b liu,A5115597442,A5107931832,100
1910,b liu,b liu,A5115597442,A5115589431,100
1911,b liu,b liu,A5115597442,A5107881501,100
1912,b liu,b liu,A5115597442,A5107892535,100
1913,b liu,b liu,A5115597442,A5030786559,100
1914,b liu,b liu,A5115597442,A5042703603,100
1915,b liu,b liu,A5115597442,A5064931465,100
1916,b liu,b liu,A5115597442,A5108098421,100
1917,b liu,b liu,A5115597442,A5071222877,100
1918,b liu,b liu,A5115597442,A5105646657,100
1919,b liu,b liu,A5115597442,A5107878287,100
1920,b liu,b liu,A5115597442,A5024572929,100
1921,b liu,b liu,A5115597442,A5086217744,100
1922,b liu,b liu,A5115597442,A5107874880,100
1923,b liu,b liu,A5115597442,A5036090903,100
1924,b liu,b liu,A5115597442,A5107884233,100
1925,b liu,b liu,A5115597442,A5105572733,100
1926,b liu,b liu,A5115597442,A5120391139,100
1927,jing li,jing li,A5101574293,A5100775910,100
1928,jing li,jing li,A5101574293,A5101460677,100
1929,jing li,jing li,A5101574293,A5100775904,100
1930,jing li,jing li,A5101574293,A5101860317,100
1931,jing li,jing li,A5101574293,A5100337078,100
1932,jing li,jing li,A5101574293,A5100738417,100
1933,jing li,jing li,A5101574293,A5101860315,100
1934,jing li,jing li,A5101574293,A5100337096,100
1935,jing li,jing li,A5101574293,A5101486284,100
1936,jing li,jing li,A5101574293,A5100336769,100
1937,han liu,han liu,A5100632385,A5100349024,100
1938,qi lin,qi lin,A5102608112,A5006080491,100
1939,jessica li,jessica li,A5100625282,A5100625283,100
1940,jing li,jing li,A5100775910,A5101460677,100
1941,jing li,jing li,A5100775910,A5100775904,100
1942,jing li,jing li,A5100775910,A5101860317,100
1943,jing li,jing li,A5100775910,A5100337078,100
1944,jing li,jing li,A5100775910,A5100738417,100
1945,jing li,jing li,A5100775910,A5101860315,100
1946,jing li,jing li,A5100775910,A5100337096,100
1947,jing li,jing li,A5100775910,A5101486284,100
1948,jing li,jing li,A5100775910,A5100336769,100
1949,wei li,wei li,A5047526883,A5100342619,100
1950,wei li,wei li,A5047526883,A5100317973,100
1951,wei li,wei li,A5100342619,A5100317973,100
1952,jie liang,jie liang,A5101490257,A5101963312,100
1953,jie liang,jie liang,A5101490257,A5032270128,100
1954,jie liang,jie liang,A5101490257,A5081679807,100
1955,jie liang,jie liang,A5101490257,A5112007562,100
1956,b liu,b liu,A5107937433,A5115590191,100
1957,b liu,b liu,A5107937433,A5107922117,100
1958,b liu,b liu,A5107937433,A5107939241,100
1959,b liu,b liu,A5107937433,A5107909883,100
1960,b liu,b liu,A5107937433,A5111033954,100
1961,b liu,b liu,A5107937433,A5026049700,100
1962,b liu,b liu,A5107937433,A5107931832,100
1963,b liu,b liu,A5107937433,A5115589431,100
1964,b liu,b liu,A5107937433,A5107881501,100
1965,b liu,b liu,A5107937433,A5107892535,100
1966,b liu,b liu,A5107937433,A5030786559,100
1967,b liu,b liu,A5107937433,A5042703603,100
1968,b liu,b liu,A5107937433,A5064931465,100
1969,b liu,b liu,A5107937433,A5108098421,100
1970,b liu,b liu,A5107937433,A5071222877,100
1971,b liu,b liu,A5107937433,A5105646657,100
1972,b liu,b liu,A5107937433,A5107878287,100
1973,b liu,b liu,A5107937433,A5024572929,100
1974,b liu,b liu,A5107937433,A5086217744,100
1975,b liu,b liu,A5107937433,A5107874880,100
1976,b liu,b liu,A5107937433,A5036090903,100
1977,b liu,b liu,A5107937433,A5107884233,100
1978,b liu,b liu,A5107937433,A5105572733,100
1979,b liu,b liu,A5107937433,A5120391139,100
1980,jiaxing li,jiaxing li,A5100636528,A5100636526,100
1981,jiaxing li,jiaxing li,A5100636528,A5100636530,100
1982,jiaxing li,jiaxing li,A5100636528,A5064605550,100
1983,y w liu,y w liu,A5115597550,A5118941218,100
1984,y w liu,y w liu,A5115597550,A5115591731,100
1985,y w liu,y w liu,A5115597550,A5107931835,100
1986,y w liu,y w liu,A5115597550,A5107947296,100
1987,y w liu,y w liu,A5115597550,A5105727788,100
1988,jing li,jing li,A5101460677,A5100775904,100
1989,jing li,jing li,A5101460677,A5101860317,100
1990,jing li,jing li,A5101460677,A5100337078,100
1991,jing li,jing li,A5101460677,A5100738417,100
1992,jing li,jing li,A5101460677,A5101860315,100
1993,jing li,jing li,A5101460677,A5100337096,100
1994,jing li,jing li,A5101460677,A5101486284,100
1995,jing li,jing li,A5101460677,A5100336769,100
1996,c leggett,c leggett,A5107849352,A5107938277,100
1997,c leggett,c leggett,A5107849352,A5107938492,100
1998,c leggett,c leggett,A5107849352,A5107939806,100
1999,c leggett,c leggett,A5107849352,A5107903120,100
2000,jing li,jing li,A5100775904,A5101860317,100
2001,jing li,jing li,A5100775904,A5100337078,100
2002,jing li,jing li,A5100775904,A5100738417,100
2003,jing li,jing li,A5100775904,A5101860315,100
2004,jing li,jing li,A5100775904,A5100337096,100
2005,jing li,jing li,A5100775904,A5101486284,100
2006,jing li,jing li,A5100775904,A5100336769,100
2007,jing li,jing li,A5101860317,A5100337078,100
2008,jing li,jing li,A5101860317,A5100738417,100
2009,jing li,jing li,A5101860317,A5101860315,100
2010,jing li,jing li,A5101860317,A5100337096,100
2011,jing li,jing li,A5101860317,A5101486284,100
2012,jing li,jing li,A5101860317,A5100336769,100
2013,john lyon,john lyon,A5110856761,A5036577006,100
2014,jiaxing li,jiaxing li,A5100636526,A5100636530,100
2015,jiaxing li,jiaxing li,A5100636526,A5064605550,100
2016,mingxin li,mingxin li,A5100674546,A5063649832,100
2017,rong liu,rong liu,A5100346481,A5100346469,100
2018,rong liu,rong liu,A5100346481,A5101892995,100
2019,qiushi lin,qiushi lin,A5101174812,A5101410782,100
2020,gaoyang liu,gaoyang liu,A5104666790,A5104217400,100
2021,lisa lin,lisa lin,A5109597087,A5107403232,100
2022,yun li,yun li,A5058882471,A5100369218,100
2023,henry lin,henry lin,A5102791630,A5059500986,100
2024,chunhong liu,chunhong liu,A5100654046,A5124015181,100
2025,b liu,b liu,A5115590191,A5107922117,100
2026,b liu,b liu,A5115590191,A5107939241,100
2027,b liu,b liu,A5115590191,A5107909883,100
2028,b liu,b liu,A5115590191,A5111033954,100
2029,b liu,b liu,A5115590191,A5026049700,100
2030,b liu,b liu,A5115590191,A5107931832,100
2031,b liu,b liu,A5115590191,A5115589431,100
2032,b liu,b liu,A5115590191,A5107881501,100
2033,b liu,b liu,A5115590191,A5107892535,100
2034,b liu,b liu,A5115590191,A5030786559,100
2035,b liu,b liu,A5115590191,A5042703603,100
2036,b liu,b liu,A5115590191,A5064931465,100
2037,b liu,b liu,A5115590191,A5108098421,100
2038,b liu,b liu,A5115590191,A5071222877,100
2039,b liu,b liu,A5115590191,A5105646657,100
2040,b liu,b liu,A5115590191,A5107878287,100
2041,b liu,b liu,A5115590191,A5024572929,100
2042,b liu,b liu,A5115590191,A5086217744,100
2043,b liu,b liu,A5115590191,A5107874880,100
2044,b liu,b liu,A5115590191,A5036090903,100
2045,b liu,b liu,A5115590191,A5107884233,100
2046,b liu,b liu,A5115590191,A5105572733,100
2047,b liu,b liu,A5115590191,A5120391139,100
2048,lun li,lun li,A5100371849,A5108048083,100
2049,lun li,lun li,A5100371849,A5102211647,100
2050,jeonghun lee,jeonghun lee,A5100637496,A5002361694,100
2051,y w liu,y w liu,A5118941218,A5115591731,100
2052,y w liu,y w liu,A5118941218,A5107931835,100
2053,y w liu,y w liu,A5118941218,A5107947296,100
2054,y w liu,y w liu,A5118941218,A5105727788,100
2055,chao li,chao li,A5100323260,A5101496263,100
2056,bing lu,bing lu,A5100339966,A5121461054,100
2057,jing li,jing li,A5100337078,A5100738417,100
2058,jing li,jing li,A5100337078,A5101860315,100
2059,jing li,jing li,A5100337078,A5100337096,100
2060,jing li,jing li,A5100337078,A5101486284,100
2061,jing li,jing li,A5100337078,A5100336769,100
2062,jing li,jing li,A5100738417,A5101860315,100
2063,jing li,jing li,A5100738417,A5100337096,100
2064,jing li,jing li,A5100738417,A5101486284,100
2065,jing li,jing li,A5100738417,A5100336769,100
2066,carolyn lesjak,carolyn lesjak,A5085589946,A5118607246,100
2067,jie liang,jie liang,A5101963312,A5032270128,100
2068,jie liang,jie liang,A5101963312,A5081679807,100
2069,jie liang,jie liang,A5101963312,A5112007562,100
2070,jie liang,jie liang,A5032270128,A5081679807,100
2071,jie liang,jie liang,A5032270128,A5112007562,100
2072,bo liu,bo liu,A5114831643,A5107364478,100
2073,q liu,q liu,A5107942726,A5108836501,100
2074,n r lee-hone,n r lee-hone,A5057727596,A5080855587,100
2075,rong liu,rong liu,A5100346469,A5101892995,100
2076,y w liu,y w liu,A5115591731,A5107931835,100
2077,y w liu,y w liu,A5115591731,A5107947296,100
2078,y w liu,y w liu,A5115591731,A5105727788,100
2079,k lehmann,k lehmann,A5107888241,A5107941542,100
2080,k lehmann,k lehmann,A5107888241,A5107883495,100
2081,k lehmann,k lehmann,A5107888241,A5107890521,100
2082,k lehmann,k lehmann,A5107888241,A5107896492,100
2083,k lehmann,k lehmann,A5107888241,A5107904143,100
2084,k lehmann,k lehmann,A5107888241,A5107897377,100
2085,k lehmann,k lehmann,A5107888241,A5107913487,100
2086,k lehmann,k lehmann,A5107888241,A5107887830,100
2087,k lehmann,k lehmann,A5107888241,A5107889314,100
2088,k lehmann,k lehmann,A5107888241,A5107909880,100
2089,k lehmann,k lehmann,A5107888241,A5107910450,100
2090,k lehmann,k lehmann,A5107888241,A5107924395,100
2091,k lehmann,k lehmann,A5107888241,A5107886887,100
2092,k lehmann,k lehmann,A5107888241,A5107894986,100
2093,k lehmann,k lehmann,A5107888241,A5107916480,100
2094,k lehmann,k lehmann,A5107888241,A5105565215,100
2095,k lehmann,k lehmann,A5107888241,A5107931824,100
2096,k lehmann,k lehmann,A5107888241,A5107919641,100
2097,k lehmann,k lehmann,A5107888241,A5122822365,100
2098,jing li,jing li,A5101860315,A5100337096,100
2099,jing li,jing li,A5101860315,A5101486284,100
2100,jing li,jing li,A5101860315,A5100336769,100
2101,amna liaqat,amna liaqat,A5054294078,A5103047848,100
2102,jing li,jing li,A5100337096,A5101486284,100
2103,jing li,jing li,A5100337096,A5100336769,100
2104,ke li,ke li,A5100343528,A5133717073,100
2105,haitao li,haitao li,A5100453295,A5100453316,100
2106,yasong li,yasong li,A5101533578,A5101533579,100
2107,y liu,y liu,A5107889540,A5120839655,100
2108,y liu,y liu,A5107889540,A5107848547,100
2109,k lehmann,k lehmann,A5107941542,A5107883495,100
2110,k lehmann,k lehmann,A5107941542,A5107890521,100
2111,k lehmann,k lehmann,A5107941542,A5107896492,100
2112,k lehmann,k lehmann,A5107941542,A5107904143,100
2113,k lehmann,k lehmann,A5107941542,A5107897377,100
2114,k lehmann,k lehmann,A5107941542,A5107913487,100
2115,k lehmann,k lehmann,A5107941542,A5107887830,100
2116,k lehmann,k lehmann,A5107941542,A5107889314,100
2117,k lehmann,k lehmann,A5107941542,A5107909880,100
2118,k lehmann,k lehmann,A5107941542,A5107910450,100
2119,k lehmann,k lehmann,A5107941542,A5107924395,100
2120,k lehmann,k lehmann,A5107941542,A5107886887,100
2121,k lehmann,k lehmann,A5107941542,A5107894986,100
2122,k lehmann,k lehmann,A5107941542,A5107916480,100
2123,k lehmann,k lehmann,A5107941542,A5105565215,100
2124,k lehmann,k lehmann,A5107941542,A5107931824,100
2125,k lehmann,k lehmann,A5107941542,A5107919641,100
2126,k lehmann,k lehmann,A5107941542,A5122822365,100
2127,jiarui li,jiarui li,A5031168962,A5100414536,100
2128,b liu,b liu,A5107922117,A5107939241,100
2129,b liu,b liu,A5107922117,A5107909883,100
2130,b liu,b liu,A5107922117,A5111033954,100
2131,b liu,b liu,A5107922117,A5026049700,100
2132,b liu,b liu,A5107922117,A5107931832,100
2133,b liu,b liu,A5107922117,A5115589431,100
2134,b liu,b liu,A5107922117,A5107881501,100
2135,b liu,b liu,A5107922117,A5107892535,100
2136,b liu,b liu,A5107922117,A5030786559,100
2137,b liu,b liu,A5107922117,A5042703603,100
2138,b liu,b liu,A5107922117,A5064931465,100
2139,b liu,b liu,A5107922117,A5108098421,100
2140,b liu,b liu,A5107922117,A5071222877,100
2141,b liu,b liu,A5107922117,A5105646657,100
2142,b liu,b liu,A5107922117,A5107878287,100
2143,b liu,b liu,A5107922117,A5024572929,100
2144,b liu,b liu,A5107922117,A5086217744,100
2145,b liu,b liu,A5107922117,A5107874880,100
2146,b liu,b liu,A5107922117,A5036090903,100
2147,b liu,b liu,A5107922117,A5107884233,100
2148,b liu,b liu,A5107922117,A5105572733,100
2149,b liu,b liu,A5107922117,A5120391139,100
2150,jie liang,jie liang,A5081679807,A5112007562,100
2151,jiaxing li,jiaxing li,A5100636530,A5064605550,100
2152,k lehmann,k lehmann,A5107883495,A5107890521,100
2153,k lehmann,k lehmann,A5107883495,A5107896492,100
2154,k lehmann,k lehmann,A5107883495,A5107904143,100
2155,k lehmann,k lehmann,A5107883495,A5107897377,100
2156,k lehmann,k lehmann,A5107883495,A5107913487,100
2157,k lehmann,k lehmann,A5107883495,A5107887830,100
2158,k lehmann,k lehmann,A5107883495,A5107889314,100
2159,k lehmann,k lehmann,A5107883495,A5107909880,100
2160,k lehmann,k lehmann,A5107883495,A5107910450,100
2161,k lehmann,k lehmann,A5107883495,A5107924395,100
2162,k lehmann,k lehmann,A5107883495,A5107886887,100
2163,k lehmann,k lehmann,A5107883495,A5107894986,100
2164,k lehmann,k lehmann,A5107883495,A5107916480,100
2165,k lehmann,k lehmann,A5107883495,A5105565215,100
2166,k lehmann,k lehmann,A5107883495,A5107931824,100
2167,k lehmann,k lehmann,A5107883495,A5107919641,100
2168,k lehmann,k lehmann,A5107883495,A5122822365,100
2169,k lehmann,k lehmann,A5107890521,A5107896492,100
2170,k lehmann,k lehmann,A5107890521,A5107904143,100
2171,k lehmann,k lehmann,A5107890521,A5107897377,100
2172,k lehmann,k lehmann,A5107890521,A5107913487,100
2173,k lehmann,k lehmann,A5107890521,A5107887830,100
2174,k lehmann,k lehmann,A5107890521,A5107889314,100
2175,k lehmann,k lehmann,A5107890521,A5107909880,100
2176,k lehmann,k lehmann,A5107890521,A5107910450,100
2177,k lehmann,k lehmann,A5107890521,A5107924395,100
2178,k lehmann,k lehmann,A5107890521,A5107886887,100
2179,k lehmann,k lehmann,A5107890521,A5107894986,100
2180,k lehmann,k lehmann,A5107890521,A5107916480,100
2181,k lehmann,k lehmann,A5107890521,A5105565215,100
2182,k lehmann,k lehmann,A5107890521,A5107931824,100
2183,k lehmann,k lehmann,A5107890521,A5107919641,100
2184,k lehmann,k lehmann,A5107890521,A5122822365,100
2185,jing li,jing li,A5101486284,A5100336769,100
2186,b liu,b liu,A5107939241,A5107909883,100
2187,b liu,b liu,A5107939241,A5111033954,100
2188,b liu,b liu,A5107939241,A5026049700,100
2189,b liu,b liu,A5107939241,A5107931832,100
2190,b liu,b liu,A5107939241,A5115589431,100
2191,b liu,b liu,A5107939241,A5107881501,100
2192,b liu,b liu,A5107939241,A5107892535,100
2193,b liu,b liu,A5107939241,A5030786559,100
2194,b liu,b liu,A5107939241,A5042703603,100
2195,b liu,b liu,A5107939241,A5064931465,100
2196,b liu,b liu,A5107939241,A5108098421,100
2197,b liu,b liu,A5107939241,A5071222877,100
2198,b liu,b liu,A5107939241,A5105646657,100
2199,b liu,b liu,A5107939241,A5107878287,100
2200,b liu,b liu,A5107939241,A5024572929,100
2201,b liu,b liu,A5107939241,A5086217744,100
2202,b liu,b liu,A5107939241,A5107874880,100
2203,b liu,b liu,A5107939241,A5036090903,100
2204,b liu,b liu,A5107939241,A5107884233,100
2205,b liu,b liu,A5107939241,A5105572733,100
2206,b liu,b liu,A5107939241,A5120391139,100
2207,j liu,j liu,A5036703200,A5032227942,100
2208,g r lee,g r lee,A5107874073,A5107916986,100
2209,lun li,lun li,A5108048083,A5102211647,100
2210,janghyeon lee,janghyeon lee,A5066874418,A5078858243,100
2211,janghyeon lee,janghyeon lee,A5066874418,A5014510073,100
2212,joey lam,joey lam,A5104084978,A5024874181,100
2213,b liu,b liu,A5107909883,A5111033954,100
2214,b liu,b liu,A5107909883,A5026049700,100
2215,b liu,b liu,A5107909883,A5107931832,100
2216,b liu,b liu,A5107909883,A5115589431,100
2217,b liu,b liu,A5107909883,A5107881501,100
2218,b liu,b liu,A5107909883,A5107892535,100
2219,b liu,b liu,A5107909883,A5030786559,100
2220,b liu,b liu,A5107909883,A5042703603,100
2221,b liu,b liu,A5107909883,A5064931465,100
2222,b liu,b liu,A5107909883,A5108098421,100
2223,b liu,b liu,A5107909883,A5071222877,100
2224,b liu,b liu,A5107909883,A5105646657,100
2225,b liu,b liu,A5107909883,A5107878287,100
2226,b liu,b liu,A5107909883,A5024572929,100
2227,b liu,b liu,A5107909883,A5086217744,100
2228,b liu,b liu,A5107909883,A5107874880,100
2229,b liu,b liu,A5107909883,A5036090903,100
2230,b liu,b liu,A5107909883,A5107884233,100
2231,b liu,b liu,A5107909883,A5105572733,100
2232,b liu,b liu,A5107909883,A5120391139,100
2233,b x liu,b x liu,A5107921511,A5105724899,100
2234,b x liu,b x liu,A5107921511,A5107367614,100
2235,b x liu,b x liu,A5107921511,A5106916399,100
2236,b x liu,b x liu,A5107921511,A5114290805,100
2237,b x liu,b x liu,A5107921511,A5105558012,100
2238,b x liu,b x liu,A5107921511,A5105582411,100
2239,b x liu,b x liu,A5107921511,A5122757906,100
2240,c leggett,c leggett,A5107938277,A5107938492,100
2241,c leggett,c leggett,A5107938277,A5107939806,100
2242,c leggett,c leggett,A5107938277,A5107903120,100
2243,y liu,y liu,A5120839655,A5107848547,100
2244,k lehmann,k lehmann,A5107896492,A5107904143,100
2245,k lehmann,k lehmann,A5107896492,A5107897377,100
2246,k lehmann,k lehmann,A5107896492,A5107913487,100
2247,k lehmann,k lehmann,A5107896492,A5107887830,100
2248,k lehmann,k lehmann,A5107896492,A5107889314,100
2249,k lehmann,k lehmann,A5107896492,A5107909880,100
2250,k lehmann,k lehmann,A5107896492,A5107910450,100
2251,k lehmann,k lehmann,A5107896492,A5107924395,100
2252,k lehmann,k lehmann,A5107896492,A5107886887,100
2253,k lehmann,k lehmann,A5107896492,A5107894986,100
2254,k lehmann,k lehmann,A5107896492,A5107916480,100
2255,k lehmann,k lehmann,A5107896492,A5105565215,100
2256,k lehmann,k lehmann,A5107896492,A5107931824,100
2257,k lehmann,k lehmann,A5107896492,A5107919641,100
2258,k lehmann,k lehmann,A5107896492,A5122822365,100
2259,b liu,b liu,A5111033954,A5026049700,100
2260,b liu,b liu,A5111033954,A5107931832,100
2261,b liu,b liu,A5111033954,A5115589431,100
2262,b liu,b liu,A5111033954,A5107881501,100
2263,b liu,b liu,A5111033954,A5107892535,100
2264,b liu,b liu,A5111033954,A5030786559,100
2265,b liu,b liu,A5111033954,A5042703603,100
2266,b liu,b liu,A5111033954,A5064931465,100
2267,b liu,b liu,A5111033954,A5108098421,100
2268,b liu,b liu,A5111033954,A5071222877,100
2269,b liu,b liu,A5111033954,A5105646657,100
2270,b liu,b liu,A5111033954,A5107878287,100
2271,b liu,b liu,A5111033954,A5024572929,100
2272,b liu,b liu,A5111033954,A5086217744,100
2273,b liu,b liu,A5111033954,A5107874880,100
2274,b liu,b liu,A5111033954,A5036090903,100
2275,b liu,b liu,A5111033954,A5107884233,100
2276,b liu,b liu,A5111033954,A5105572733,100
2277,b liu,b liu,A5111033954,A5120391139,100
2278,b liu,b liu,A5026049700,A5107931832,100
2279,b liu,b liu,A5026049700,A5115589431,100
2280,b liu,b liu,A5026049700,A5107881501,100
2281,b liu,b liu,A5026049700,A5107892535,100
2282,b liu,b liu,A5026049700,A5030786559,100
2283,b liu,b liu,A5026049700,A5042703603,100
2284,b liu,b liu,A5026049700,A5064931465,100
2285,b liu,b liu,A5026049700,A5108098421,100
2286,b liu,b liu,A5026049700,A5071222877,100
2287,b liu,b liu,A5026049700,A5105646657,100
2288,b liu,b liu,A5026049700,A5107878287,100
2289,b liu,b liu,A5026049700,A5024572929,100
2290,b liu,b liu,A5026049700,A5086217744,100
2291,b liu,b liu,A5026049700,A5107874880,100
2292,b liu,b liu,A5026049700,A5036090903,100
2293,b liu,b liu,A5026049700,A5107884233,100
2294,b liu,b liu,A5026049700,A5105572733,100
2295,b liu,b liu,A5026049700,A5120391139,100
2296,k lehmann,k lehmann,A5107904143,A5107897377,100
2297,k lehmann,k lehmann,A5107904143,A5107913487,100
2298,k lehmann,k lehmann,A5107904143,A5107887830,100
2299,k lehmann,k lehmann,A5107904143,A5107889314,100
2300,k lehmann,k lehmann,A5107904143,A5107909880,100
2301,k lehmann,k lehmann,A5107904143,A5107910450,100
2302,k lehmann,k lehmann,A5107904143,A5107924395,100
2303,k lehmann,k lehmann,A5107904143,A5107886887,100
2304,k lehmann,k lehmann,A5107904143,A5107894986,100
2305,k lehmann,k lehmann,A5107904143,A5107916480,100
2306,k lehmann,k lehmann,A5107904143,A5105565215,100
2307,k lehmann,k lehmann,A5107904143,A5107931824,100
2308,k lehmann,k lehmann,A5107904143,A5107919641,100
2309,k lehmann,k lehmann,A5107904143,A5122822365,100
2310,c leggett,c leggett,A5107938492,A5107939806,100
2311,c leggett,c leggett,A5107938492,A5107903120,100
2312,qing liu,qing liu,A5110372431,A5025572394,100
2313,b liu,b liu,A5107931832,A5115589431,100
2314,b liu,b liu,A5107931832,A5107881501,100
2315,b liu,b liu,A5107931832,A5107892535,100
2316,b liu,b liu,A5107931832,A5030786559,100
2317,b liu,b liu,A5107931832,A5042703603,100
2318,b liu,b liu,A5107931832,A5064931465,100
2319,b liu,b liu,A5107931832,A5108098421,100
2320,b liu,b liu,A5107931832,A5071222877,100
2321,b liu,b liu,A5107931832,A5105646657,100
2322,b liu,b liu,A5107931832,A5107878287,100
2323,b liu,b liu,A5107931832,A5024572929,100
2324,b liu,b liu,A5107931832,A5086217744,100
2325,b liu,b liu,A5107931832,A5107874880,100
2326,b liu,b liu,A5107931832,A5036090903,100
2327,b liu,b liu,A5107931832,A5107884233,100
2328,b liu,b liu,A5107931832,A5105572733,100
2329,b liu,b liu,A5107931832,A5120391139,100
2330,b liu,b liu,A5115589431,A5107881501,100
2331,b liu,b liu,A5115589431,A5107892535,100
2332,b liu,b liu,A5115589431,A5030786559,100
2333,b liu,b liu,A5115589431,A5042703603,100
2334,b liu,b liu,A5115589431,A5064931465,100
2335,b liu,b liu,A5115589431,A5108098421,100
2336,b liu,b liu,A5115589431,A5071222877,100
2337,b liu,b liu,A5115589431,A5105646657,100
2338,b liu,b liu,A5115589431,A5107878287,100
2339,b liu,b liu,A5115589431,A5024572929,100
2340,b liu,b liu,A5115589431,A5086217744,100
2341,b liu,b liu,A5115589431,A5107874880,100
2342,b liu,b liu,A5115589431,A5036090903,100
2343,b liu,b liu,A5115589431,A5107884233,100
2344,b liu,b liu,A5115589431,A5105572733,100
2345,b liu,b liu,A5115589431,A5120391139,100
2346,janghyeon lee,janghyeon lee,A5078858243,A5014510073,100
2347,b liu,b liu,A5107881501,A5107892535,100
2348,b liu,b liu,A5107881501,A5030786559,100
2349,b liu,b liu,A5107881501,A5042703603,100
2350,b liu,b liu,A5107881501,A5064931465,100
2351,b liu,b liu,A5107881501,A5108098421,100
2352,b liu,b liu,A5107881501,A5071222877,100
2353,b liu,b liu,A5107881501,A5105646657,100
2354,b liu,b liu,A5107881501,A5107878287,100
2355,b liu,b liu,A5107881501,A5024572929,100
2356,b liu,b liu,A5107881501,A5086217744,100
2357,b liu,b liu,A5107881501,A5107874880,100
2358,b liu,b liu,A5107881501,A5036090903,100
2359,b liu,b liu,A5107881501,A5107884233,100
2360,b liu,b liu,A5107881501,A5105572733,100
2361,b liu,b liu,A5107881501,A5120391139,100
2362,b liu,b liu,A5107892535,A5030786559,100
2363,b liu,b liu,A5107892535,A5042703603,100
2364,b liu,b liu,A5107892535,A5064931465,100
2365,b liu,b liu,A5107892535,A5108098421,100
2366,b liu,b liu,A5107892535,A5071222877,100
2367,b liu,b liu,A5107892535,A5105646657,100
2368,b liu,b liu,A5107892535,A5107878287,100
2369,b liu,b liu,A5107892535,A5024572929,100
2370,b liu,b liu,A5107892535,A5086217744,100
2371,b liu,b liu,A5107892535,A5107874880,100
2372,b liu,b liu,A5107892535,A5036090903,100
2373,b liu,b liu,A5107892535,A5107884233,100
2374,b liu,b liu,A5107892535,A5105572733,100
2375,b liu,b liu,A5107892535,A5120391139,100
2376,k lehmann,k lehmann,A5107897377,A5107913487,100
2377,k lehmann,k lehmann,A5107897377,A5107887830,100
2378,k lehmann,k lehmann,A5107897377,A5107889314,100
2379,k lehmann,k lehmann,A5107897377,A5107909880,100
2380,k lehmann,k lehmann,A5107897377,A5107910450,100
2381,k lehmann,k lehmann,A5107897377,A5107924395,100
2382,k lehmann,k lehmann,A5107897377,A5107886887,100
2383,k lehmann,k lehmann,A5107897377,A5107894986,100
2384,k lehmann,k lehmann,A5107897377,A5107916480,100
2385,k lehmann,k lehmann,A5107897377,A5105565215,100
2386,k lehmann,k lehmann,A5107897377,A5107931824,100
2387,k lehmann,k lehmann,A5107897377,A5107919641,100
2388,k lehmann,k lehmann,A5107897377,A5122822365,100
2389,k lehmann,k lehmann,A5107913487,A5107887830,100
2390,k lehmann,k lehmann,A5107913487,A5107889314,100
2391,k lehmann,k lehmann,A5107913487,A5107909880,100
2392,k lehmann,k lehmann,A5107913487,A5107910450,100
2393,k lehmann,k lehmann,A5107913487,A5107924395,100
2394,k lehmann,k lehmann,A5107913487,A5107886887,100
2395,k lehmann,k lehmann,A5107913487,A5107894986,100
2396,k lehmann,k lehmann,A5107913487,A5107916480,100
2397,k lehmann,k lehmann,A5107913487,A5105565215,100
2398,k lehmann,k lehmann,A5107913487,A5107931824,100
2399,k lehmann,k lehmann,A5107913487,A5107919641,100
2400,k lehmann,k lehmann,A5107913487,A5122822365,100
2401,y w liu,y w liu,A5107931835,A5107947296,100
2402,y w liu,y w liu,A5107931835,A5105727788,100
2403,kelsey lee,kelsey lee,A5047999240,A5112929745,100
2404,k lehmann,k lehmann,A5107887830,A5107889314,100
2405,k lehmann,k lehmann,A5107887830,A5107909880,100
2406,k lehmann,k lehmann,A5107887830,A5107910450,100
2407,k lehmann,k lehmann,A5107887830,A5107924395,100
2408,k lehmann,k lehmann,A5107887830,A5107886887,100
2409,k lehmann,k lehmann,A5107887830,A5107894986,100
2410,k lehmann,k lehmann,A5107887830,A5107916480,100
2411,k lehmann,k lehmann,A5107887830,A5105565215,100
2412,k lehmann,k lehmann,A5107887830,A5107931824,100
2413,k lehmann,k lehmann,A5107887830,A5107919641,100
2414,k lehmann,k lehmann,A5107887830,A5122822365,100
2415,c leggett,c leggett,A5107939806,A5107903120,100
2416,y w liu,y w liu,A5107947296,A5105727788,100
2417,tatiana losev,tatiana losev,A5026171056,A5095334926,100
2418,b liu,b liu,A5030786559,A5042703603,100
2419,b liu,b liu,A5030786559,A5064931465,100
2420,b liu,b liu,A5030786559,A5108098421,100
2421,b liu,b liu,A5030786559,A5071222877,100
2422,b liu,b liu,A5030786559,A5105646657,100
2423,b liu,b liu,A5030786559,A5107878287,100
2424,b liu,b liu,A5030786559,A5024572929,100
2425,b liu,b liu,A5030786559,A5086217744,100
2426,b liu,b liu,A5030786559,A5107874880,100
2427,b liu,b liu,A5030786559,A5036090903,100
2428,b liu,b liu,A5030786559,A5107884233,100
2429,b liu,b liu,A5030786559,A5105572733,100
2430,b liu,b liu,A5030786559,A5120391139,100
2431,b liu,b liu,A5042703603,A5064931465,100
2432,b liu,b liu,A5042703603,A5108098421,100
2433,b liu,b liu,A5042703603,A5071222877,100
2434,b liu,b liu,A5042703603,A5105646657,100
2435,b liu,b liu,A5042703603,A5107878287,100
2436,b liu,b liu,A5042703603,A5024572929,100
2437,b liu,b liu,A5042703603,A5086217744,100
2438,b liu,b liu,A5042703603,A5107874880,100
2439,b liu,b liu,A5042703603,A5036090903,100
2440,b liu,b liu,A5042703603,A5107884233,100
2441,b liu,b liu,A5042703603,A5105572733,100
2442,b liu,b liu,A5042703603,A5120391139,100
2443,b liu,b liu,A5064931465,A5108098421,100
2444,b liu,b liu,A5064931465,A5071222877,100
2445,b liu,b liu,A5064931465,A5105646657,100
2446,b liu,b liu,A5064931465,A5107878287,100
2447,b liu,b liu,A5064931465,A5024572929,100
2448,b liu,b liu,A5064931465,A5086217744,100
2449,b liu,b liu,A5064931465,A5107874880,100
2450,b liu,b liu,A5064931465,A5036090903,100
2451,b liu,b liu,A5064931465,A5107884233,100
2452,b liu,b liu,A5064931465,A5105572733,100
2453,b liu,b liu,A5064931465,A5120391139,100
2454,k lee,k lee,A5085693636,A5021784001,100
2455,b x liu,b x liu,A5105724899,A5107367614,100
2456,b x liu,b x liu,A5105724899,A5106916399,100
2457,b x liu,b x liu,A5105724899,A5114290805,100
2458,b x liu,b x liu,A5105724899,A5105558012,100
2459,b x liu,b x liu,A5105724899,A5105582411,100
2460,b x liu,b x liu,A5105724899,A5122757906,100
2461,k lehmann,k lehmann,A5107889314,A5107909880,100
2462,k lehmann,k lehmann,A5107889314,A5107910450,100
2463,k lehmann,k lehmann,A5107889314,A5107924395,100
2464,k lehmann,k lehmann,A5107889314,A5107886887,100
2465,k lehmann,k lehmann,A5107889314,A5107894986,100
2466,k lehmann,k lehmann,A5107889314,A5107916480,100
2467,k lehmann,k lehmann,A5107889314,A5105565215,100
2468,k lehmann,k lehmann,A5107889314,A5107931824,100
2469,k lehmann,k lehmann,A5107889314,A5107919641,100
2470,k lehmann,k lehmann,A5107889314,A5122822365,100
2471,b liu,b liu,A5108098421,A5071222877,100
2472,b liu,b liu,A5108098421,A5105646657,100
2473,b liu,b liu,A5108098421,A5107878287,100
2474,b liu,b liu,A5108098421,A5024572929,100
2475,b liu,b liu,A5108098421,A5086217744,100
2476,b liu,b liu,A5108098421,A5107874880,100
2477,b liu,b liu,A5108098421,A5036090903,100
2478,b liu,b liu,A5108098421,A5107884233,100
2479,b liu,b liu,A5108098421,A5105572733,100
2480,b liu,b liu,A5108098421,A5120391139,100
2481,z liu,z liu,A5025357057,A5073598381,100
2482,b liu,b liu,A5071222877,A5105646657,100
2483,b liu,b liu,A5071222877,A5107878287,100
2484,b liu,b liu,A5071222877,A5024572929,100
2485,b liu,b liu,A5071222877,A5086217744,100
2486,b liu,b liu,A5071222877,A5107874880,100
2487,b liu,b liu,A5071222877,A5036090903,100
2488,b liu,b liu,A5071222877,A5107884233,100
2489,b liu,b liu,A5071222877,A5105572733,100
2490,b liu,b liu,A5071222877,A5120391139,100
2491,olivia c lowe,olivia c lowe,A5093888240,A5093888234,100
2492,b x liu,b x liu,A5107367614,A5106916399,100
2493,b x liu,b x liu,A5107367614,A5114290805,100
2494,b x liu,b x liu,A5107367614,A5105558012,100
2495,b x liu,b x liu,A5107367614,A5105582411,100
2496,b x liu,b x liu,A5107367614,A5122757906,100
2497,k lehmann,k lehmann,A5107909880,A5107910450,100
2498,k lehmann,k lehmann,A5107909880,A5107924395,100
2499,k lehmann,k lehmann,A5107909880,A5107886887,100
2500,k lehmann,k lehmann,A5107909880,A5107894986,100
2501,k lehmann,k lehmann,A5107909880,A5107916480,100
2502,k lehmann,k lehmann,A5107909880,A5105565215,100
2503,k lehmann,k lehmann,A5107909880,A5107931824,100
2504,k lehmann,k lehmann,A5107909880,A5107919641,100
2505,k lehmann,k lehmann,A5107909880,A5122822365,100
2506,b liu,b liu,A5105646657,A5107878287,100
2507,b liu,b liu,A5105646657,A5024572929,100
2508,b liu,b liu,A5105646657,A5086217744,100
2509,b liu,b liu,A5105646657,A5107874880,100
2510,b liu,b liu,A5105646657,A5036090903,100
2511,b liu,b liu,A5105646657,A5107884233,100
2512,b liu,b liu,A5105646657,A5105572733,100
2513,b liu,b liu,A5105646657,A5120391139,100
2514,k lehmann,k lehmann,A5107910450,A5107924395,100
2515,k lehmann,k lehmann,A5107910450,A5107886887,100
2516,k lehmann,k lehmann,A5107910450,A5107894986,100
2517,k lehmann,k lehmann,A5107910450,A5107916480,100
2518,k lehmann,k lehmann,A5107910450,A5105565215,100
2519,k lehmann,k lehmann,A5107910450,A5107931824,100
2520,k lehmann,k lehmann,A5107910450,A5107919641,100
2521,k lehmann,k lehmann,A5107910450,A5122822365,100
2522,k lehmann,k lehmann,A5107924395,A5107886887,100
2523,k lehmann,k lehmann,A5107924395,A5107894986,100
2524,k lehmann,k lehmann,A5107924395,A5107916480,100
2525,k lehmann,k lehmann,A5107924395,A5105565215,100
2526,k lehmann,k lehmann,A5107924395,A5107931824,100
2527,k lehmann,k lehmann,A5107924395,A5107919641,100
2528,k lehmann,k lehmann,A5107924395,A5122822365,100
2529,b liu,b liu,A5107878287,A5024572929,100
2530,b liu,b liu,A5107878287,A5086217744,100
2531,b liu,b liu,A5107878287,A5107874880,100
2532,b liu,b liu,A5107878287,A5036090903,100
2533,b liu,b liu,A5107878287,A5107884233,100
2534,b liu,b liu,A5107878287,A5105572733,100
2535,b liu,b liu,A5107878287,A5120391139,100
2536,k lehmann,k lehmann,A5107886887,A5107894986,100
2537,k lehmann,k lehmann,A5107886887,A5107916480,100
2538,k lehmann,k lehmann,A5107886887,A5105565215,100
2539,k lehmann,k lehmann,A5107886887,A5107931824,100
2540,k lehmann,k lehmann,A5107886887,A5107919641,100
2541,k lehmann,k lehmann,A5107886887,A5122822365,100
2542,k lehmann,k lehmann,A5107894986,A5107916480,100
2543,k lehmann,k lehmann,A5107894986,A5105565215,100
2544,k lehmann,k lehmann,A5107894986,A5107931824,100
2545,k lehmann,k lehmann,A5107894986,A5107919641,100
2546,k lehmann,k lehmann,A5107894986,A5122822365,100
2547,k lehmann,k lehmann,A5107916480,A5105565215,100
2548,k lehmann,k lehmann,A5107916480,A5107931824,100
2549,k lehmann,k lehmann,A5107916480,A5107919641,100
2550,k lehmann,k lehmann,A5107916480,A5122822365,100
2551,grace leech,grace leech,A5093635294,A5121348710,100
2552,k lehmann,k lehmann,A5105565215,A5107931824,100
2553,k lehmann,k lehmann,A5105565215,A5107919641,100
2554,k lehmann,k lehmann,A5105565215,A5122822365,100
2555,b liu,b liu,A5024572929,A5086217744,100
2556,b liu,b liu,A5024572929,A5107874880,100
2557,b liu,b liu,A5024572929,A5036090903,100
2558,b liu,b liu,A5024572929,A5107884233,100
2559,b liu,b liu,A5024572929,A5105572733,100
2560,b liu,b liu,A5024572929,A5120391139,100
2561,q r liu,q r liu,A5035973966,A5130330887,100
2562,b liu,b liu,A5086217744,A5107874880,100
2563,b liu,b liu,A5086217744,A5036090903,100
2564,b liu,b liu,A5086217744,A5107884233,100
2565,b liu,b liu,A5086217744,A5105572733,100
2566,b liu,b liu,A5086217744,A5120391139,100
2567,b x liu,b x liu,A5106916399,A5114290805,100
2568,b x liu,b x liu,A5106916399,A5105558012,100
2569,b x liu,b x liu,A5106916399,A5105582411,100
2570,b x liu,b x liu,A5106916399,A5122757906,100
2571,b liu,b liu,A5107874880,A5036090903,100
2572,b liu,b liu,A5107874880,A5107884233,100
2573,b liu,b liu,A5107874880,A5105572733,100
2574,b liu,b liu,A5107874880,A5120391139,100
2575,b x liu,b x liu,A5114290805,A5105558012,100
2576,b x liu,b x liu,A5114290805,A5105582411,100
2577,b x liu,b x liu,A5114290805,A5122757906,100
2578,cheng li,cheng li,A5128936988,A5132553516,100
2579,cheng li,cheng li,A5128936988,A5132650999,100
2580,b liu,b liu,A5036090903,A5107884233,100
2581,b liu,b liu,A5036090903,A5105572733,100
2582,b liu,b liu,A5036090903,A5120391139,100
2583,a lee,a lee,A5079846513,A5018443790,100
2584,b liu,b liu,A5107884233,A5105572733,100
2585,b liu,b liu,A5107884233,A5120391139,100
2586,k lehmann,k lehmann,A5107931824,A5107919641,100
2587,k lehmann,k lehmann,A5107931824,A5122822365,100
2588,jiangchuan liu,jiangchuan liu,A5113173816,A5122900147,100
2589,jiangchuan liu,jiangchuan liu,A5113173816,A5124043003,100
2590,jiangchuan liu,jiangchuan liu,A5113173816,A5126350068,100
2591,jiangchuan liu,jiangchuan liu,A5113173816,A5130275845,100
2592,jiangchuan liu,jiangchuan liu,A5113173816,A5135410743,100
2593,jiangchuan liu,jiangchuan liu,A5113173816,A5135524780,100
2594,oscar lautsch,oscar lautsch,A5115902570,A5027804995,100
2595,bruce lanphear,bruce lanphear,A5132949373,A5135111072,100
2596,b x liu,b x liu,A5105558012,A5105582411,100
2597,b x liu,b x liu,A5105558012,A5122757906,100
2598,b liu,b liu,A5105572733,A5120391139,100
2599,b x liu,b x liu,A5105582411,A5122757906,100
2600,k lehmann,k lehmann,A5107919641,A5122822365,100
2601,bruce p lanphear,bruce p lanphear,A5122874172,A5124063975,100
2602,bruce p lanphear,bruce p lanphear,A5122874172,A5129651758,100
2603,bruce p lanphear,bruce p lanphear,A5122874172,A5129972779,100
2604,bruce p lanphear,bruce p lanphear,A5122874172,A5130771092,100
2605,bruce p lanphear,bruce p lanphear,A5122874172,A5130917088,100
2606,bruce p lanphear,bruce p lanphear,A5122874172,A5133514181,100
2607,jiangchuan liu,jiangchuan liu,A5122900147,A5124043003,100
2608,jiangchuan liu,jiangchuan liu,A5122900147,A5126350068,100
2609,jiangchuan liu,jiangchuan liu,A5122900147,A5130275845,100
2610,jiangchuan liu,jiangchuan liu,A5122900147,A5135410743,100
2611,jiangchuan liu,jiangchuan liu,A5122900147,A5135524780,100
2612,jiangchuan liu,jiangchuan liu,A5124043003,A5126350068,100
2613,jiangchuan liu,jiangchuan liu,A5124043003,A5130275845,100
2614,jiangchuan liu,jiangchuan liu,A5124043003,A5135410743,100
2615,jiangchuan liu,jiangchuan liu,A5124043003,A5135524780,100
2616,bruce p lanphear,bruce p lanphear,A5124063975,A5129651758,100
2617,bruce p lanphear,bruce p lanphear,A5124063975,A5129972779,100
2618,bruce p lanphear,bruce p lanphear,A5124063975,A5130771092,100
2619,bruce p lanphear,bruce p lanphear,A5124063975,A5130917088,100
2620,bruce p lanphear,bruce p lanphear,A5124063975,A5133514181,100
2621,jiangchuan liu,jiangchuan liu,A5126350068,A5130275845,100
2622,jiangchuan liu,jiangchuan liu,A5126350068,A5135410743,100
2623,jiangchuan liu,jiangchuan liu,A5126350068,A5135524780,100
2624,bruce p lanphear,bruce p lanphear,A5129651758,A5129972779,100
2625,bruce p lanphear,bruce p lanphear,A5129651758,A5130771092,100
2626,bruce p lanphear,bruce p lanphear,A5129651758,A5130917088,100
2627,bruce p lanphear,bruce p lanphear,A5129651758,A5133514181,100
2628,bruce p lanphear,bruce p lanphear,A5129972779,A5130771092,100
2629,bruce p lanphear,bruce p lanphear,A5129972779,A5130917088,100
2630,bruce p lanphear,bruce p lanphear,A5129972779,A5133514181,100
2631,jiangchuan liu,jiangchuan liu,A5130275845,A5135410743,100
2632,jiangchuan liu,jiangchuan liu,A5130275845,A5135524780,100
2633,bruce p lanphear,bruce p lanphear,A5130771092,A5130917088,100
2634,bruce p lanphear,bruce p lanphear,A5130771092,A5133514181,100
2635,bruce p lanphear,bruce p lanphear,A5130917088,A5133514181,100
2636,cheng li,cheng li,A5132553516,A5132650999,100
2637,jiangchuan liu,jiangchuan liu,A5135410743,A5135524780,100
2638,j llorente merino,j llorente merino,A5077377484,A5122763074,100
2639,david murphy,david murphy,A5044560051,A5047997753,100
2640,david murphy,david murphy,A5044560051,A5101702608,100
2641,david murphy,david murphy,A5044560051,A5102319559,100
2642,gb john mancini,gb john mancini,A5024418476,A5044856885,100
2643,david moore,david moore,A5089083884,A5020860412,100
2644,e monnier,e monnier,A5051904792,A5107848154,100
2645,e monnier,e monnier,A5051904792,A5107824306,100
2646,e monnier,e monnier,A5051904792,A5105248302,100
2647,e monnier,e monnier,A5051904792,A5105696590,100
2648,e monnier,e monnier,A5051904792,A5107895743,100
2649,e monnier,e monnier,A5051904792,A5106454144,100
2650,e monnier,e monnier,A5051904792,A5105208486,100
2651,e monnier,e monnier,A5051904792,A5112630776,100
2652,e monnier,e monnier,A5051904792,A5107913491,100
2653,e monnier,e monnier,A5051904792,A5107918554,100
2654,e monnier,e monnier,A5051904792,A5107905027,100
2655,e monnier,e monnier,A5051904792,A5107378465,100
2656,anthony r mcintosh,anthony r mcintosh,A5050825978,A5126475069,100
2657,anthony r mcintosh,anthony r mcintosh,A5050825978,A5135575164,100
2658,anthony r mcintosh,anthony r mcintosh,A5050825978,A5124351096,100
2659,anthony r mcintosh,anthony r mcintosh,A5050825978,A5125682967,100
2660,anthony r mcintosh,anthony r mcintosh,A5050825978,A5126659091,100
2661,s morgenstern,s morgenstern,A5063547554,A5107878710,100
2662,s morgenstern,s morgenstern,A5063547554,A5013828472,100
2663,s morgenstern,s morgenstern,A5063547554,A5107937529,100
2664,s morgenstern,s morgenstern,A5063547554,A5107886351,100
2665,s morgenstern,s morgenstern,A5063547554,A5108113679,100
2666,s morgenstern,s morgenstern,A5063547554,A5107890754,100
2667,s morgenstern,s morgenstern,A5063547554,A5107924433,100
2668,richard a moore,richard a moore,A5103016993,A5112904758,100
2669,e monnier,e monnier,A5107848154,A5107824306,100
2670,e monnier,e monnier,A5107848154,A5105248302,100
2671,e monnier,e monnier,A5107848154,A5105696590,100
2672,e monnier,e monnier,A5107848154,A5107895743,100
2673,e monnier,e monnier,A5107848154,A5106454144,100
2674,e monnier,e monnier,A5107848154,A5105208486,100
2675,e monnier,e monnier,A5107848154,A5112630776,100
2676,e monnier,e monnier,A5107848154,A5107913491,100
2677,e monnier,e monnier,A5107848154,A5107918554,100
2678,e monnier,e monnier,A5107848154,A5107905027,100
2679,e monnier,e monnier,A5107848154,A5107378465,100
2680,jack martin,jack martin,A5061285579,A5114137922,100
2681,m morgenstern,m morgenstern,A5077818063,A5107881131,100
2682,m morgenstern,m morgenstern,A5077818063,A5113712294,100
2683,m morgenstern,m morgenstern,A5077818063,A5107880036,100
2684,m morgenstern,m morgenstern,A5077818063,A5105412224,100
2685,mohammad mahdavian,mohammad mahdavian,A5033694856,A5035729928,100
2686,kimberlyn mcgrail,kimberlyn mcgrail,A5072134463,A5111659529,100
2687,kimberlyn mcgrail,kimberlyn mcgrail,A5072134463,A5133167754,100
2688,stephen mitchell,stephen mitchell,A5018047333,A5101520816,100
2689,robert j mcmahon,robert j mcmahon,A5004540382,A5126300954,100
2690,hang ma,hang ma,A5068751110,A5024389928,100
2691,hang ma,hang ma,A5068751110,A5101484356,100
2692,hang ma,hang ma,A5068751110,A5132636033,100
2693,hang ma,hang ma,A5068751110,A5119019987,100
2694,hang ma,hang ma,A5068751110,A5129941238,100
2695,c miller,c miller,A5071120956,A5126605872,100
2696,arne ø mooers,arne ø mooers,A5039749912,A5079835512,100
2697,arne ø mooers,arne ø mooers,A5039749912,A5134296689,100
2698,a montalbano,a montalbano,A5107924639,A5105505322,100
2699,a montalbano,a montalbano,A5107924639,A5107941059,100
2700,a montalbano,a montalbano,A5107924639,A5107892589,100
2701,a montalbano,a montalbano,A5107924639,A5107902268,100
2702,a montalbano,a montalbano,A5107924639,A5037209875,100
2703,a montalbano,a montalbano,A5107924639,A5107878095,100
2704,a montalbano,a montalbano,A5107924639,A5107888321,100
2705,a montalbano,a montalbano,A5107924639,A5105625354,100
2706,a montalbano,a montalbano,A5107924639,A5107924432,100
2707,a montalbano,a montalbano,A5107924639,A5105565245,100
2708,a montalbano,a montalbano,A5107924639,A5107880210,100
2709,a montalbano,a montalbano,A5107924639,A5107865895,100
2710,a montalbano,a montalbano,A5107924639,A5107918743,100
2711,a montalbano,a montalbano,A5107924639,A5108112229,100
2712,a montalbano,a montalbano,A5107924639,A5107850321,100
2713,a montalbano,a montalbano,A5107924639,A5107894224,100
2714,a montalbano,a montalbano,A5107924639,A5107887913,100
2715,a montalbano,a montalbano,A5107924639,A5107926874,100
2716,a montalbano,a montalbano,A5107924639,A5105699223,100
2717,a montalbano,a montalbano,A5107924639,A5107892670,100
2718,a montalbano,a montalbano,A5107924639,A5107922261,100
2719,a montalbano,a montalbano,A5107924639,A5105572802,100
2720,a montalbano,a montalbano,A5107924639,A5107447982,100
2721,a montalbano,a montalbano,A5107924639,A5107914183,100
2722,a montalbano,a montalbano,A5107924639,A5107926272,100
2723,a montalbano,a montalbano,A5107924639,A5108136694,100
2724,m morgenstern,m morgenstern,A5107881131,A5113712294,100
2725,m morgenstern,m morgenstern,A5107881131,A5107880036,100
2726,m morgenstern,m morgenstern,A5107881131,A5105412224,100
2727,heather morrison,heather morrison,A5103935880,A5111567167,100
2728,pierre maréchal,pierre maréchal,A5051261858,A5103028791,100
2729,james a maceachern,james a maceachern,A5083600826,A5135424397,100
2730,s morgenstern,s morgenstern,A5107878710,A5013828472,100
2731,s morgenstern,s morgenstern,A5107878710,A5107937529,100
2732,s morgenstern,s morgenstern,A5107878710,A5107886351,100
2733,s morgenstern,s morgenstern,A5107878710,A5108113679,100
2734,s morgenstern,s morgenstern,A5107878710,A5107890754,100
2735,s morgenstern,s morgenstern,A5107878710,A5107924433,100
2736,d mori,d mori,A5107874119,A5044331480,100
2737,d mori,d mori,A5107874119,A5107871786,100
2738,d mori,d mori,A5107874119,A5107890525,100
2739,d mori,d mori,A5107874119,A5107885676,100
2740,d mori,d mori,A5107874119,A5105639822,100
2741,d mori,d mori,A5107874119,A5107900224,100
2742,d mori,d mori,A5107874119,A5107924902,100
2743,d mori,d mori,A5107874119,A5107930751,100
2744,d mori,d mori,A5107874119,A5107909699,100
2745,d mori,d mori,A5107874119,A5107894807,100
2746,d mori,d mori,A5107874119,A5107889212,100
2747,d mori,d mori,A5107874119,A5105541342,100
2748,d mori,d mori,A5107874119,A5107911218,100
2749,d mori,d mori,A5107874119,A5107904919,100
2750,d mori,d mori,A5107874119,A5105543961,100
2751,d mori,d mori,A5107874119,A5105558116,100
2752,da ma,da ma,A5044586253,A5020434567,100
2753,e monnier,e monnier,A5107824306,A5105248302,100
2754,e monnier,e monnier,A5107824306,A5105696590,100
2755,e monnier,e monnier,A5107824306,A5107895743,100
2756,e monnier,e monnier,A5107824306,A5106454144,100
2757,e monnier,e monnier,A5107824306,A5105208486,100
2758,e monnier,e monnier,A5107824306,A5112630776,100
2759,e monnier,e monnier,A5107824306,A5107913491,100
2760,e monnier,e monnier,A5107824306,A5107918554,100
2761,e monnier,e monnier,A5107824306,A5107905027,100
2762,e monnier,e monnier,A5107824306,A5107378465,100
2763,barbara mitchell,barbara mitchell,A5054951117,A5121873424,100
2764,barbara mitchell,barbara mitchell,A5054951117,A5133530834,100
2765,atiya mahmood,atiya mahmood,A5027802940,A5128354244,100
2766,d mori,d mori,A5044331480,A5107871786,100
2767,d mori,d mori,A5044331480,A5107890525,100
2768,d mori,d mori,A5044331480,A5107885676,100
2769,d mori,d mori,A5044331480,A5105639822,100
2770,d mori,d mori,A5044331480,A5107900224,100
2771,d mori,d mori,A5044331480,A5107924902,100
2772,d mori,d mori,A5044331480,A5107930751,100
2773,d mori,d mori,A5044331480,A5107909699,100
2774,d mori,d mori,A5044331480,A5107894807,100
2775,d mori,d mori,A5044331480,A5107889212,100
2776,d mori,d mori,A5044331480,A5105541342,100
2777,d mori,d mori,A5044331480,A5107911218,100
2778,d mori,d mori,A5044331480,A5107904919,100
2779,d mori,d mori,A5044331480,A5105543961,100
2780,d mori,d mori,A5044331480,A5105558116,100
2781,a montalbano,a montalbano,A5105505322,A5107941059,100
2782,a montalbano,a montalbano,A5105505322,A5107892589,100
2783,a montalbano,a montalbano,A5105505322,A5107902268,100
2784,a montalbano,a montalbano,A5105505322,A5037209875,100
2785,a montalbano,a montalbano,A5105505322,A5107878095,100
2786,a montalbano,a montalbano,A5105505322,A5107888321,100
2787,a montalbano,a montalbano,A5105505322,A5105625354,100
2788,a montalbano,a montalbano,A5105505322,A5107924432,100
2789,a montalbano,a montalbano,A5105505322,A5105565245,100
2790,a montalbano,a montalbano,A5105505322,A5107880210,100
2791,a montalbano,a montalbano,A5105505322,A5107865895,100
2792,a montalbano,a montalbano,A5105505322,A5107918743,100
2793,a montalbano,a montalbano,A5105505322,A5108112229,100
2794,a montalbano,a montalbano,A5105505322,A5107850321,100
2795,a montalbano,a montalbano,A5105505322,A5107894224,100
2796,a montalbano,a montalbano,A5105505322,A5107887913,100
2797,a montalbano,a montalbano,A5105505322,A5107926874,100
2798,a montalbano,a montalbano,A5105505322,A5105699223,100
2799,a montalbano,a montalbano,A5105505322,A5107892670,100
2800,a montalbano,a montalbano,A5105505322,A5107922261,100
2801,a montalbano,a montalbano,A5105505322,A5105572802,100
2802,a montalbano,a montalbano,A5105505322,A5107447982,100
2803,a montalbano,a montalbano,A5105505322,A5107914183,100
2804,a montalbano,a montalbano,A5105505322,A5107926272,100
2805,a montalbano,a montalbano,A5105505322,A5108136694,100
2806,david murphy,david murphy,A5047997753,A5101702608,100
2807,david murphy,david murphy,A5047997753,A5102319559,100
2808,d mori,d mori,A5107871786,A5107890525,100
2809,d mori,d mori,A5107871786,A5107885676,100
2810,d mori,d mori,A5107871786,A5105639822,100
2811,d mori,d mori,A5107871786,A5107900224,100
2812,d mori,d mori,A5107871786,A5107924902,100
2813,d mori,d mori,A5107871786,A5107930751,100
2814,d mori,d mori,A5107871786,A5107909699,100
2815,d mori,d mori,A5107871786,A5107894807,100
2816,d mori,d mori,A5107871786,A5107889212,100
2817,d mori,d mori,A5107871786,A5105541342,100
2818,d mori,d mori,A5107871786,A5107911218,100
2819,d mori,d mori,A5107871786,A5107904919,100
2820,d mori,d mori,A5107871786,A5105543961,100
2821,d mori,d mori,A5107871786,A5105558116,100
2822,e monnier,e monnier,A5105248302,A5105696590,100
2823,e monnier,e monnier,A5105248302,A5107895743,100
2824,e monnier,e monnier,A5105248302,A5106454144,100
2825,e monnier,e monnier,A5105248302,A5105208486,100
2826,e monnier,e monnier,A5105248302,A5112630776,100
2827,e monnier,e monnier,A5105248302,A5107913491,100
2828,e monnier,e monnier,A5105248302,A5107918554,100
2829,e monnier,e monnier,A5105248302,A5107905027,100
2830,e monnier,e monnier,A5105248302,A5107378465,100
2831,rui ma,rui ma,A5018197314,A5108926400,100
2832,e monnier,e monnier,A5105696590,A5107895743,100
2833,e monnier,e monnier,A5105696590,A5106454144,100
2834,e monnier,e monnier,A5105696590,A5105208486,100
2835,e monnier,e monnier,A5105696590,A5112630776,100
2836,e monnier,e monnier,A5105696590,A5107913491,100
2837,e monnier,e monnier,A5105696590,A5107918554,100
2838,e monnier,e monnier,A5105696590,A5107905027,100
2839,e monnier,e monnier,A5105696590,A5107378465,100
2840,li ma,li ma,A5103106214,A5100647267,100
2841,hang ma,hang ma,A5024389928,A5101484356,100
2842,hang ma,hang ma,A5024389928,A5132636033,100
2843,hang ma,hang ma,A5024389928,A5119019987,100
2844,hang ma,hang ma,A5024389928,A5129941238,100
2845,m morgenstern,m morgenstern,A5113712294,A5107880036,100
2846,m morgenstern,m morgenstern,A5113712294,A5105412224,100
2847,elizabeth marshall,elizabeth marshall,A5024506703,A5075619787,100
2848,jessica mcdonald,jessica mcdonald,A5029773109,A5109181901,100
2849,alison moore,alison moore,A5109246427,A5119271663,100
2850,megan mackenzie,megan mackenzie,A5017725837,A5075458228,100
2851,david murphy,david murphy,A5101702608,A5102319559,100
2852,christine massey,christine massey,A5078638564,A5109572327,100
2853,s morgenstern,s morgenstern,A5013828472,A5107937529,100
2854,s morgenstern,s morgenstern,A5013828472,A5107886351,100
2855,s morgenstern,s morgenstern,A5013828472,A5108113679,100
2856,s morgenstern,s morgenstern,A5013828472,A5107890754,100
2857,s morgenstern,s morgenstern,A5013828472,A5107924433,100
2858,e d mun,e d mun,A5111961310,A5125050430,100
2859,a montalbano,a montalbano,A5107941059,A5107892589,100
2860,a montalbano,a montalbano,A5107941059,A5107902268,100
2861,a montalbano,a montalbano,A5107941059,A5037209875,100
2862,a montalbano,a montalbano,A5107941059,A5107878095,100
2863,a montalbano,a montalbano,A5107941059,A5107888321,100
2864,a montalbano,a montalbano,A5107941059,A5105625354,100
2865,a montalbano,a montalbano,A5107941059,A5107924432,100
2866,a montalbano,a montalbano,A5107941059,A5105565245,100
2867,a montalbano,a montalbano,A5107941059,A5107880210,100
2868,a montalbano,a montalbano,A5107941059,A5107865895,100
2869,a montalbano,a montalbano,A5107941059,A5107918743,100
2870,a montalbano,a montalbano,A5107941059,A5108112229,100
2871,a montalbano,a montalbano,A5107941059,A5107850321,100
2872,a montalbano,a montalbano,A5107941059,A5107894224,100
2873,a montalbano,a montalbano,A5107941059,A5107887913,100
2874,a montalbano,a montalbano,A5107941059,A5107926874,100
2875,a montalbano,a montalbano,A5107941059,A5105699223,100
2876,a montalbano,a montalbano,A5107941059,A5107892670,100
2877,a montalbano,a montalbano,A5107941059,A5107922261,100
2878,a montalbano,a montalbano,A5107941059,A5105572802,100
2879,a montalbano,a montalbano,A5107941059,A5107447982,100
2880,a montalbano,a montalbano,A5107941059,A5107914183,100
2881,a montalbano,a montalbano,A5107941059,A5107926272,100
2882,a montalbano,a montalbano,A5107941059,A5108136694,100
2883,d mori,d mori,A5107890525,A5107885676,100
2884,d mori,d mori,A5107890525,A5105639822,100
2885,d mori,d mori,A5107890525,A5107900224,100
2886,d mori,d mori,A5107890525,A5107924902,100
2887,d mori,d mori,A5107890525,A5107930751,100
2888,d mori,d mori,A5107890525,A5107909699,100
2889,d mori,d mori,A5107890525,A5107894807,100
2890,d mori,d mori,A5107890525,A5107889212,100
2891,d mori,d mori,A5107890525,A5105541342,100
2892,d mori,d mori,A5107890525,A5107911218,100
2893,d mori,d mori,A5107890525,A5107904919,100
2894,d mori,d mori,A5107890525,A5105543961,100
2895,d mori,d mori,A5107890525,A5105558116,100
2896,a montalbano,a montalbano,A5107892589,A5107902268,100
2897,a montalbano,a montalbano,A5107892589,A5037209875,100
2898,a montalbano,a montalbano,A5107892589,A5107878095,100
2899,a montalbano,a montalbano,A5107892589,A5107888321,100
2900,a montalbano,a montalbano,A5107892589,A5105625354,100
2901,a montalbano,a montalbano,A5107892589,A5107924432,100
2902,a montalbano,a montalbano,A5107892589,A5105565245,100
2903,a montalbano,a montalbano,A5107892589,A5107880210,100
2904,a montalbano,a montalbano,A5107892589,A5107865895,100
2905,a montalbano,a montalbano,A5107892589,A5107918743,100
2906,a montalbano,a montalbano,A5107892589,A5108112229,100
2907,a montalbano,a montalbano,A5107892589,A5107850321,100
2908,a montalbano,a montalbano,A5107892589,A5107894224,100
2909,a montalbano,a montalbano,A5107892589,A5107887913,100
2910,a montalbano,a montalbano,A5107892589,A5107926874,100
2911,a montalbano,a montalbano,A5107892589,A5105699223,100
2912,a montalbano,a montalbano,A5107892589,A5107892670,100
2913,a montalbano,a montalbano,A5107892589,A5107922261,100
2914,a montalbano,a montalbano,A5107892589,A5105572802,100
2915,a montalbano,a montalbano,A5107892589,A5107447982,100
2916,a montalbano,a montalbano,A5107892589,A5107914183,100
2917,a montalbano,a montalbano,A5107892589,A5107926272,100
2918,a montalbano,a montalbano,A5107892589,A5108136694,100
2919,ailene macpherson,ailene macpherson,A5025766873,A5126745355,100
2920,d mori,d mori,A5107885676,A5105639822,100
2921,d mori,d mori,A5107885676,A5107900224,100
2922,d mori,d mori,A5107885676,A5107924902,100
2923,d mori,d mori,A5107885676,A5107930751,100
2924,d mori,d mori,A5107885676,A5107909699,100
2925,d mori,d mori,A5107885676,A5107894807,100
2926,d mori,d mori,A5107885676,A5107889212,100
2927,d mori,d mori,A5107885676,A5105541342,100
2928,d mori,d mori,A5107885676,A5107911218,100
2929,d mori,d mori,A5107885676,A5107904919,100
2930,d mori,d mori,A5107885676,A5105543961,100
2931,d mori,d mori,A5107885676,A5105558116,100
2932,s morgenstern,s morgenstern,A5107937529,A5107886351,100
2933,s morgenstern,s morgenstern,A5107937529,A5108113679,100
2934,s morgenstern,s morgenstern,A5107937529,A5107890754,100
2935,s morgenstern,s morgenstern,A5107937529,A5107924433,100
2936,steve marshall,steve marshall,A5057078851,A5108723742,100
2937,lilach marom,lilach marom,A5005321588,A5029985194,100
2938,lilach marom,lilach marom,A5005321588,A5131032010,100
2939,john a macdonald,john a macdonald,A5103468821,A5086471797,100
2940,e monnier,e monnier,A5107895743,A5106454144,100
2941,e monnier,e monnier,A5107895743,A5105208486,100
2942,e monnier,e monnier,A5107895743,A5112630776,100
2943,e monnier,e monnier,A5107895743,A5107913491,100
2944,e monnier,e monnier,A5107895743,A5107918554,100
2945,e monnier,e monnier,A5107895743,A5107905027,100
2946,e monnier,e monnier,A5107895743,A5107378465,100
2947,a montalbano,a montalbano,A5107902268,A5037209875,100
2948,a montalbano,a montalbano,A5107902268,A5107878095,100
2949,a montalbano,a montalbano,A5107902268,A5107888321,100
2950,a montalbano,a montalbano,A5107902268,A5105625354,100
2951,a montalbano,a montalbano,A5107902268,A5107924432,100
2952,a montalbano,a montalbano,A5107902268,A5105565245,100
2953,a montalbano,a montalbano,A5107902268,A5107880210,100
2954,a montalbano,a montalbano,A5107902268,A5107865895,100
2955,a montalbano,a montalbano,A5107902268,A5107918743,100
2956,a montalbano,a montalbano,A5107902268,A5108112229,100
2957,a montalbano,a montalbano,A5107902268,A5107850321,100
2958,a montalbano,a montalbano,A5107902268,A5107894224,100
2959,a montalbano,a montalbano,A5107902268,A5107887913,100
2960,a montalbano,a montalbano,A5107902268,A5107926874,100
2961,a montalbano,a montalbano,A5107902268,A5105699223,100
2962,a montalbano,a montalbano,A5107902268,A5107892670,100
2963,a montalbano,a montalbano,A5107902268,A5107922261,100
2964,a montalbano,a montalbano,A5107902268,A5105572802,100
2965,a montalbano,a montalbano,A5107902268,A5107447982,100
2966,a montalbano,a montalbano,A5107902268,A5107914183,100
2967,a montalbano,a montalbano,A5107902268,A5107926272,100
2968,a montalbano,a montalbano,A5107902268,A5108136694,100
2969,a montalbano,a montalbano,A5037209875,A5107878095,100
2970,a montalbano,a montalbano,A5037209875,A5107888321,100
2971,a montalbano,a montalbano,A5037209875,A5105625354,100
2972,a montalbano,a montalbano,A5037209875,A5107924432,100
2973,a montalbano,a montalbano,A5037209875,A5105565245,100
2974,a montalbano,a montalbano,A5037209875,A5107880210,100
2975,a montalbano,a montalbano,A5037209875,A5107865895,100
2976,a montalbano,a montalbano,A5037209875,A5107918743,100
2977,a montalbano,a montalbano,A5037209875,A5108112229,100
2978,a montalbano,a montalbano,A5037209875,A5107850321,100
2979,a montalbano,a montalbano,A5037209875,A5107894224,100
2980,a montalbano,a montalbano,A5037209875,A5107887913,100
2981,a montalbano,a montalbano,A5037209875,A5107926874,100
2982,a montalbano,a montalbano,A5037209875,A5105699223,100
2983,a montalbano,a montalbano,A5037209875,A5107892670,100
2984,a montalbano,a montalbano,A5037209875,A5107922261,100
2985,a montalbano,a montalbano,A5037209875,A5105572802,100
2986,a montalbano,a montalbano,A5037209875,A5107447982,100
2987,a montalbano,a montalbano,A5037209875,A5107914183,100
2988,a montalbano,a montalbano,A5037209875,A5107926272,100
2989,a montalbano,a montalbano,A5037209875,A5108136694,100
2990,m morgenstern,m morgenstern,A5107880036,A5105412224,100
2991,d mori,d mori,A5105639822,A5107900224,100
2992,d mori,d mori,A5105639822,A5107924902,100
2993,d mori,d mori,A5105639822,A5107930751,100
2994,d mori,d mori,A5105639822,A5107909699,100
2995,d mori,d mori,A5105639822,A5107894807,100
2996,d mori,d mori,A5105639822,A5107889212,100
2997,d mori,d mori,A5105639822,A5105541342,100
2998,d mori,d mori,A5105639822,A5107911218,100
2999,d mori,d mori,A5105639822,A5107904919,100
3000,d mori,d mori,A5105639822,A5105543961,100
3001,d mori,d mori,A5105639822,A5105558116,100
3002,d mori,d mori,A5107900224,A5107924902,100
3003,d mori,d mori,A5107900224,A5107930751,100
3004,d mori,d mori,A5107900224,A5107909699,100
3005,d mori,d mori,A5107900224,A5107894807,100
3006,d mori,d mori,A5107900224,A5107889212,100
3007,d mori,d mori,A5107900224,A5105541342,100
3008,d mori,d mori,A5107900224,A5107911218,100
3009,d mori,d mori,A5107900224,A5107904919,100
3010,d mori,d mori,A5107900224,A5105543961,100
3011,d mori,d mori,A5107900224,A5105558116,100
3012,vicki l marlatt,vicki l marlatt,A5107501493,A5109355143,100
3013,vicki l marlatt,vicki l marlatt,A5107501493,A5104852963,100
3014,vicki l marlatt,vicki l marlatt,A5107501493,A5125610648,100
3015,vicki l marlatt,vicki l marlatt,A5107501493,A5133192975,100
3016,d mori,d mori,A5107924902,A5107930751,100
3017,d mori,d mori,A5107924902,A5107909699,100
3018,d mori,d mori,A5107924902,A5107894807,100
3019,d mori,d mori,A5107924902,A5107889212,100
3020,d mori,d mori,A5107924902,A5105541342,100
3021,d mori,d mori,A5107924902,A5107911218,100
3022,d mori,d mori,A5107924902,A5107904919,100
3023,d mori,d mori,A5107924902,A5105543961,100
3024,d mori,d mori,A5107924902,A5105558116,100
3025,karen munro,karen munro,A5072005557,A5103159899,100
3026,d mori,d mori,A5107930751,A5107909699,100
3027,d mori,d mori,A5107930751,A5107894807,100
3028,d mori,d mori,A5107930751,A5107889212,100
3029,d mori,d mori,A5107930751,A5105541342,100
3030,d mori,d mori,A5107930751,A5107911218,100
3031,d mori,d mori,A5107930751,A5107904919,100
3032,d mori,d mori,A5107930751,A5105543961,100
3033,d mori,d mori,A5107930751,A5105558116,100
3034,vicki l marlatt,vicki l marlatt,A5109355143,A5104852963,100
3035,vicki l marlatt,vicki l marlatt,A5109355143,A5125610648,100
3036,vicki l marlatt,vicki l marlatt,A5109355143,A5133192975,100
3037,a montalbano,a montalbano,A5107878095,A5107888321,100
3038,a montalbano,a montalbano,A5107878095,A5105625354,100
3039,a montalbano,a montalbano,A5107878095,A5107924432,100
3040,a montalbano,a montalbano,A5107878095,A5105565245,100
3041,a montalbano,a montalbano,A5107878095,A5107880210,100
3042,a montalbano,a montalbano,A5107878095,A5107865895,100
3043,a montalbano,a montalbano,A5107878095,A5107918743,100
3044,a montalbano,a montalbano,A5107878095,A5108112229,100
3045,a montalbano,a montalbano,A5107878095,A5107850321,100
3046,a montalbano,a montalbano,A5107878095,A5107894224,100
3047,a montalbano,a montalbano,A5107878095,A5107887913,100
3048,a montalbano,a montalbano,A5107878095,A5107926874,100
3049,a montalbano,a montalbano,A5107878095,A5105699223,100
3050,a montalbano,a montalbano,A5107878095,A5107892670,100
3051,a montalbano,a montalbano,A5107878095,A5107922261,100
3052,a montalbano,a montalbano,A5107878095,A5105572802,100
3053,a montalbano,a montalbano,A5107878095,A5107447982,100
3054,a montalbano,a montalbano,A5107878095,A5107914183,100
3055,a montalbano,a montalbano,A5107878095,A5107926272,100
3056,a montalbano,a montalbano,A5107878095,A5108136694,100
3057,s morgenstern,s morgenstern,A5107886351,A5108113679,100
3058,s morgenstern,s morgenstern,A5107886351,A5107890754,100
3059,s morgenstern,s morgenstern,A5107886351,A5107924433,100
3060,e monnier,e monnier,A5106454144,A5105208486,100
3061,e monnier,e monnier,A5106454144,A5112630776,100
3062,e monnier,e monnier,A5106454144,A5107913491,100
3063,e monnier,e monnier,A5106454144,A5107918554,100
3064,e monnier,e monnier,A5106454144,A5107905027,100
3065,e monnier,e monnier,A5106454144,A5107378465,100
3066,a montalbano,a montalbano,A5107888321,A5105625354,100
3067,a montalbano,a montalbano,A5107888321,A5107924432,100
3068,a montalbano,a montalbano,A5107888321,A5105565245,100
3069,a montalbano,a montalbano,A5107888321,A5107880210,100
3070,a montalbano,a montalbano,A5107888321,A5107865895,100
3071,a montalbano,a montalbano,A5107888321,A5107918743,100
3072,a montalbano,a montalbano,A5107888321,A5108112229,100
3073,a montalbano,a montalbano,A5107888321,A5107850321,100
3074,a montalbano,a montalbano,A5107888321,A5107894224,100
3075,a montalbano,a montalbano,A5107888321,A5107887913,100
3076,a montalbano,a montalbano,A5107888321,A5107926874,100
3077,a montalbano,a montalbano,A5107888321,A5105699223,100
3078,a montalbano,a montalbano,A5107888321,A5107892670,100
3079,a montalbano,a montalbano,A5107888321,A5107922261,100
3080,a montalbano,a montalbano,A5107888321,A5105572802,100
3081,a montalbano,a montalbano,A5107888321,A5107447982,100
3082,a montalbano,a montalbano,A5107888321,A5107914183,100
3083,a montalbano,a montalbano,A5107888321,A5107926272,100
3084,a montalbano,a montalbano,A5107888321,A5108136694,100
3085,d mori,d mori,A5107909699,A5107894807,100
3086,d mori,d mori,A5107909699,A5107889212,100
3087,d mori,d mori,A5107909699,A5105541342,100
3088,d mori,d mori,A5107909699,A5107911218,100
3089,d mori,d mori,A5107909699,A5107904919,100
3090,d mori,d mori,A5107909699,A5105543961,100
3091,d mori,d mori,A5107909699,A5105558116,100
3092,alexander moiseev,alexander moiseev,A5103429954,A5104635706,100
3093,e monnier,e monnier,A5105208486,A5112630776,100
3094,e monnier,e monnier,A5105208486,A5107913491,100
3095,e monnier,e monnier,A5105208486,A5107918554,100
3096,e monnier,e monnier,A5105208486,A5107905027,100
3097,e monnier,e monnier,A5105208486,A5107378465,100
3098,a montalbano,a montalbano,A5105625354,A5107924432,100
3099,a montalbano,a montalbano,A5105625354,A5105565245,100
3100,a montalbano,a montalbano,A5105625354,A5107880210,100
3101,a montalbano,a montalbano,A5105625354,A5107865895,100
3102,a montalbano,a montalbano,A5105625354,A5107918743,100
3103,a montalbano,a montalbano,A5105625354,A5108112229,100
3104,a montalbano,a montalbano,A5105625354,A5107850321,100
3105,a montalbano,a montalbano,A5105625354,A5107894224,100
3106,a montalbano,a montalbano,A5105625354,A5107887913,100
3107,a montalbano,a montalbano,A5105625354,A5107926874,100
3108,a montalbano,a montalbano,A5105625354,A5105699223,100
3109,a montalbano,a montalbano,A5105625354,A5107892670,100
3110,a montalbano,a montalbano,A5105625354,A5107922261,100
3111,a montalbano,a montalbano,A5105625354,A5105572802,100
3112,a montalbano,a montalbano,A5105625354,A5107447982,100
3113,a montalbano,a montalbano,A5105625354,A5107914183,100
3114,a montalbano,a montalbano,A5105625354,A5107926272,100
3115,a montalbano,a montalbano,A5105625354,A5108136694,100
3116,a montalbano,a montalbano,A5107924432,A5105565245,100
3117,a montalbano,a montalbano,A5107924432,A5107880210,100
3118,a montalbano,a montalbano,A5107924432,A5107865895,100
3119,a montalbano,a montalbano,A5107924432,A5107918743,100
3120,a montalbano,a montalbano,A5107924432,A5108112229,100
3121,a montalbano,a montalbano,A5107924432,A5107850321,100
3122,a montalbano,a montalbano,A5107924432,A5107894224,100
3123,a montalbano,a montalbano,A5107924432,A5107887913,100
3124,a montalbano,a montalbano,A5107924432,A5107926874,100
3125,a montalbano,a montalbano,A5107924432,A5105699223,100
3126,a montalbano,a montalbano,A5107924432,A5107892670,100
3127,a montalbano,a montalbano,A5107924432,A5107922261,100
3128,a montalbano,a montalbano,A5107924432,A5105572802,100
3129,a montalbano,a montalbano,A5107924432,A5107447982,100
3130,a montalbano,a montalbano,A5107924432,A5107914183,100
3131,a montalbano,a montalbano,A5107924432,A5107926272,100
3132,a montalbano,a montalbano,A5107924432,A5108136694,100
3133,sarah moreheart,sarah moreheart,A5072579726,A5126423605,100
3134,sarah moreheart,sarah moreheart,A5072579726,A5124008290,100
3135,zarah monfaredi,zarah monfaredi,A5082693605,A5116290710,100
3136,zarah monfaredi,zarah monfaredi,A5082693605,A5129080298,100
3137,d mori,d mori,A5107894807,A5107889212,100
3138,d mori,d mori,A5107894807,A5105541342,100
3139,d mori,d mori,A5107894807,A5107911218,100
3140,d mori,d mori,A5107894807,A5107904919,100
3141,d mori,d mori,A5107894807,A5105543961,100
3142,d mori,d mori,A5107894807,A5105558116,100
3143,m momtahen,m momtahen,A5113723884,A5121033475,100
3144,hadi moeinnia,hadi moeinnia,A5045077630,A5107455661,100
3145,hadi moeinnia,hadi moeinnia,A5045077630,A5126660742,100
3146,a montalbano,a montalbano,A5105565245,A5107880210,100
3147,a montalbano,a montalbano,A5105565245,A5107865895,100
3148,a montalbano,a montalbano,A5105565245,A5107918743,100
3149,a montalbano,a montalbano,A5105565245,A5108112229,100
3150,a montalbano,a montalbano,A5105565245,A5107850321,100
3151,a montalbano,a montalbano,A5105565245,A5107894224,100
3152,a montalbano,a montalbano,A5105565245,A5107887913,100
3153,a montalbano,a montalbano,A5105565245,A5107926874,100
3154,a montalbano,a montalbano,A5105565245,A5105699223,100
3155,a montalbano,a montalbano,A5105565245,A5107892670,100
3156,a montalbano,a montalbano,A5105565245,A5107922261,100
3157,a montalbano,a montalbano,A5105565245,A5105572802,100
3158,a montalbano,a montalbano,A5105565245,A5107447982,100
3159,a montalbano,a montalbano,A5105565245,A5107914183,100
3160,a montalbano,a montalbano,A5105565245,A5107926272,100
3161,a montalbano,a montalbano,A5105565245,A5108136694,100
3162,e monnier,e monnier,A5112630776,A5107913491,100
3163,e monnier,e monnier,A5112630776,A5107918554,100
3164,e monnier,e monnier,A5112630776,A5107905027,100
3165,e monnier,e monnier,A5112630776,A5107378465,100
3166,arne ø mooers,arne ø mooers,A5079835512,A5134296689,100
3167,d mori,d mori,A5107889212,A5105541342,100
3168,d mori,d mori,A5107889212,A5107911218,100
3169,d mori,d mori,A5107889212,A5107904919,100
3170,d mori,d mori,A5107889212,A5105543961,100
3171,d mori,d mori,A5107889212,A5105558116,100
3172,e monnier,e monnier,A5107913491,A5107918554,100
3173,e monnier,e monnier,A5107913491,A5107905027,100
3174,e monnier,e monnier,A5107913491,A5107378465,100
3175,e monnier,e monnier,A5107918554,A5107905027,100
3176,e monnier,e monnier,A5107918554,A5107378465,100
3177,s morgenstern,s morgenstern,A5108113679,A5107890754,100
3178,s morgenstern,s morgenstern,A5108113679,A5107924433,100
3179,d mori,d mori,A5105541342,A5107911218,100
3180,d mori,d mori,A5105541342,A5107904919,100
3181,d mori,d mori,A5105541342,A5105543961,100
3182,d mori,d mori,A5105541342,A5105558116,100
3183,e monnier,e monnier,A5107905027,A5107378465,100
3184,d mori,d mori,A5107911218,A5107904919,100
3185,d mori,d mori,A5107911218,A5105543961,100
3186,d mori,d mori,A5107911218,A5105558116,100
3187,yuzhen mao,yuzhen mao,A5110161050,A5015267334,100
3188,a montalbano,a montalbano,A5107880210,A5107865895,100
3189,a montalbano,a montalbano,A5107880210,A5107918743,100
3190,a montalbano,a montalbano,A5107880210,A5108112229,100
3191,a montalbano,a montalbano,A5107880210,A5107850321,100
3192,a montalbano,a montalbano,A5107880210,A5107894224,100
3193,a montalbano,a montalbano,A5107880210,A5107887913,100
3194,a montalbano,a montalbano,A5107880210,A5107926874,100
3195,a montalbano,a montalbano,A5107880210,A5105699223,100
3196,a montalbano,a montalbano,A5107880210,A5107892670,100
3197,a montalbano,a montalbano,A5107880210,A5107922261,100
3198,a montalbano,a montalbano,A5107880210,A5105572802,100
3199,a montalbano,a montalbano,A5107880210,A5107447982,100
3200,a montalbano,a montalbano,A5107880210,A5107914183,100
3201,a montalbano,a montalbano,A5107880210,A5107926272,100
3202,a montalbano,a montalbano,A5107880210,A5108136694,100
3203,lilach marom,lilach marom,A5029985194,A5131032010,100
3204,a montalbano,a montalbano,A5107865895,A5107918743,100
3205,a montalbano,a montalbano,A5107865895,A5108112229,100
3206,a montalbano,a montalbano,A5107865895,A5107850321,100
3207,a montalbano,a montalbano,A5107865895,A5107894224,100
3208,a montalbano,a montalbano,A5107865895,A5107887913,100
3209,a montalbano,a montalbano,A5107865895,A5107926874,100
3210,a montalbano,a montalbano,A5107865895,A5105699223,100
3211,a montalbano,a montalbano,A5107865895,A5107892670,100
3212,a montalbano,a montalbano,A5107865895,A5107922261,100
3213,a montalbano,a montalbano,A5107865895,A5105572802,100
3214,a montalbano,a montalbano,A5107865895,A5107447982,100
3215,a montalbano,a montalbano,A5107865895,A5107914183,100
3216,a montalbano,a montalbano,A5107865895,A5107926272,100
3217,a montalbano,a montalbano,A5107865895,A5108136694,100
3218,s morgenstern,s morgenstern,A5107890754,A5107924433,100
3219,a montalbano,a montalbano,A5107918743,A5108112229,100
3220,a montalbano,a montalbano,A5107918743,A5107850321,100
3221,a montalbano,a montalbano,A5107918743,A5107894224,100
3222,a montalbano,a montalbano,A5107918743,A5107887913,100
3223,a montalbano,a montalbano,A5107918743,A5107926874,100
3224,a montalbano,a montalbano,A5107918743,A5105699223,100
3225,a montalbano,a montalbano,A5107918743,A5107892670,100
3226,a montalbano,a montalbano,A5107918743,A5107922261,100
3227,a montalbano,a montalbano,A5107918743,A5105572802,100
3228,a montalbano,a montalbano,A5107918743,A5107447982,100
3229,a montalbano,a montalbano,A5107918743,A5107914183,100
3230,a montalbano,a montalbano,A5107918743,A5107926272,100
3231,a montalbano,a montalbano,A5107918743,A5108136694,100
3232,a montalbano,a montalbano,A5108112229,A5107850321,100
3233,a montalbano,a montalbano,A5108112229,A5107894224,100
3234,a montalbano,a montalbano,A5108112229,A5107887913,100
3235,a montalbano,a montalbano,A5108112229,A5107926874,100
3236,a montalbano,a montalbano,A5108112229,A5105699223,100
3237,a montalbano,a montalbano,A5108112229,A5107892670,100
3238,a montalbano,a montalbano,A5108112229,A5107922261,100
3239,a montalbano,a montalbano,A5108112229,A5105572802,100
3240,a montalbano,a montalbano,A5108112229,A5107447982,100
3241,a montalbano,a montalbano,A5108112229,A5107914183,100
3242,a montalbano,a montalbano,A5108112229,A5107926272,100
3243,a montalbano,a montalbano,A5108112229,A5108136694,100
3244,julia meyers,julia meyers,A5034904626,A5125519001,100
3245,moksh matta,moksh matta,A5058988603,A5009622921,100
3246,moksh matta,moksh matta,A5058988603,A5107125143,100
3247,hang ma,hang ma,A5101484356,A5132636033,100
3248,hang ma,hang ma,A5101484356,A5119019987,100
3249,hang ma,hang ma,A5101484356,A5129941238,100
3250,mpumelelo matse,mpumelelo matse,A5103216472,A5080996848,100
3251,kimberlyn mcgrail,kimberlyn mcgrail,A5111659529,A5133167754,100
3252,a montalbano,a montalbano,A5107850321,A5107894224,100
3253,a montalbano,a montalbano,A5107850321,A5107887913,100
3254,a montalbano,a montalbano,A5107850321,A5107926874,100
3255,a montalbano,a montalbano,A5107850321,A5105699223,100
3256,a montalbano,a montalbano,A5107850321,A5107892670,100
3257,a montalbano,a montalbano,A5107850321,A5107922261,100
3258,a montalbano,a montalbano,A5107850321,A5105572802,100
3259,a montalbano,a montalbano,A5107850321,A5107447982,100
3260,a montalbano,a montalbano,A5107850321,A5107914183,100
3261,a montalbano,a montalbano,A5107850321,A5107926272,100
3262,a montalbano,a montalbano,A5107850321,A5108136694,100
3263,a montalbano,a montalbano,A5107894224,A5107887913,100
3264,a montalbano,a montalbano,A5107894224,A5107926874,100
3265,a montalbano,a montalbano,A5107894224,A5105699223,100
3266,a montalbano,a montalbano,A5107894224,A5107892670,100
3267,a montalbano,a montalbano,A5107894224,A5107922261,100
3268,a montalbano,a montalbano,A5107894224,A5105572802,100
3269,a montalbano,a montalbano,A5107894224,A5107447982,100
3270,a montalbano,a montalbano,A5107894224,A5107914183,100
3271,a montalbano,a montalbano,A5107894224,A5107926272,100
3272,a montalbano,a montalbano,A5107894224,A5108136694,100
3273,d mori,d mori,A5107904919,A5105543961,100
3274,d mori,d mori,A5107904919,A5105558116,100
3275,a montalbano,a montalbano,A5107887913,A5107926874,100
3276,a montalbano,a montalbano,A5107887913,A5105699223,100
3277,a montalbano,a montalbano,A5107887913,A5107892670,100
3278,a montalbano,a montalbano,A5107887913,A5107922261,100
3279,a montalbano,a montalbano,A5107887913,A5105572802,100
3280,a montalbano,a montalbano,A5107887913,A5107447982,100
3281,a montalbano,a montalbano,A5107887913,A5107914183,100
3282,a montalbano,a montalbano,A5107887913,A5107926272,100
3283,a montalbano,a montalbano,A5107887913,A5108136694,100
3284,jennifer mcnichol,jennifer mcnichol,A5004999654,A5116329588,100
3285,jennifer mcnichol,jennifer mcnichol,A5004999654,A5091656619,100
3286,moksh matta,moksh matta,A5009622921,A5107125143,100
3287,a montalbano,a montalbano,A5107926874,A5105699223,100
3288,a montalbano,a montalbano,A5107926874,A5107892670,100
3289,a montalbano,a montalbano,A5107926874,A5107922261,100
3290,a montalbano,a montalbano,A5107926874,A5105572802,100
3291,a montalbano,a montalbano,A5107926874,A5107447982,100
3292,a montalbano,a montalbano,A5107926874,A5107914183,100
3293,a montalbano,a montalbano,A5107926874,A5107926272,100
3294,a montalbano,a montalbano,A5107926874,A5108136694,100
3295,zarah monfaredi,zarah monfaredi,A5116290710,A5129080298,100
3296,jennifer mcnichol,jennifer mcnichol,A5116329588,A5091656619,100
3297,sarah moreheart,sarah moreheart,A5126423605,A5124008290,100
3298,anthony mcintosh,anthony mcintosh,A5126887112,A5126613033,100
3299,anthony mcintosh,anthony mcintosh,A5126887112,A5127144583,100
3300,anthony mcintosh,anthony mcintosh,A5126887112,A5128295159,100
3301,anthony mcintosh,anthony mcintosh,A5126887112,A5128840040,100
3302,megan mattes,megan mattes,A5015536732,A5106771795,100
3303,maryam momtahen,maryam momtahen,A5092009233,A5108845523,100
3304,taylor morphett,taylor morphett,A5019307443,A5115799914,100
3305,tanya macgillivray,tanya macgillivray,A5086901548,A5116343330,100
3306,tanya macgillivray,tanya macgillivray,A5086901548,A5126386572,100
3307,marisa l mylett,marisa l mylett,A5092222185,A5128319381,100
3308,d mori,d mori,A5105543961,A5105558116,100
3309,a montalbano,a montalbano,A5105699223,A5107892670,100
3310,a montalbano,a montalbano,A5105699223,A5107922261,100
3311,a montalbano,a montalbano,A5105699223,A5105572802,100
3312,a montalbano,a montalbano,A5105699223,A5107447982,100
3313,a montalbano,a montalbano,A5105699223,A5107914183,100
3314,a montalbano,a montalbano,A5105699223,A5107926272,100
3315,a montalbano,a montalbano,A5105699223,A5108136694,100
3316,a montalbano,a montalbano,A5107892670,A5107922261,100
3317,a montalbano,a montalbano,A5107892670,A5105572802,100
3318,a montalbano,a montalbano,A5107892670,A5107447982,100
3319,a montalbano,a montalbano,A5107892670,A5107914183,100
3320,a montalbano,a montalbano,A5107892670,A5107926272,100
3321,a montalbano,a montalbano,A5107892670,A5108136694,100
3322,a montalbano,a montalbano,A5107922261,A5105572802,100
3323,a montalbano,a montalbano,A5107922261,A5107447982,100
3324,a montalbano,a montalbano,A5107922261,A5107914183,100
3325,a montalbano,a montalbano,A5107922261,A5107926272,100
3326,a montalbano,a montalbano,A5107922261,A5108136694,100
3327,barbara mitchell,barbara mitchell,A5121873424,A5133530834,100
3328,anthony r mcintosh,anthony r mcintosh,A5126475069,A5135575164,100
3329,anthony r mcintosh,anthony r mcintosh,A5126475069,A5124351096,100
3330,anthony r mcintosh,anthony r mcintosh,A5126475069,A5125682967,100
3331,anthony r mcintosh,anthony r mcintosh,A5126475069,A5126659091,100
3332,anthony mcintosh,anthony mcintosh,A5126613033,A5127144583,100
3333,anthony mcintosh,anthony mcintosh,A5126613033,A5128295159,100
3334,anthony mcintosh,anthony mcintosh,A5126613033,A5128840040,100
3335,anthony mcintosh,anthony mcintosh,A5127144583,A5128295159,100
3336,anthony mcintosh,anthony mcintosh,A5127144583,A5128840040,100
3337,anthony mcintosh,anthony mcintosh,A5128295159,A5128840040,100
3338,hang ma,hang ma,A5132636033,A5119019987,100
3339,hang ma,hang ma,A5132636033,A5129941238,100
3340,anthony r mcintosh,anthony r mcintosh,A5135575164,A5124351096,100
3341,anthony r mcintosh,anthony r mcintosh,A5135575164,A5125682967,100
3342,anthony r mcintosh,anthony r mcintosh,A5135575164,A5126659091,100
3343,vicki l marlatt,vicki l marlatt,A5104852963,A5125610648,100
3344,vicki l marlatt,vicki l marlatt,A5104852963,A5133192975,100
3345,a montalbano,a montalbano,A5105572802,A5107447982,100
3346,a montalbano,a montalbano,A5105572802,A5107914183,100
3347,a montalbano,a montalbano,A5105572802,A5107926272,100
3348,a montalbano,a montalbano,A5105572802,A5108136694,100
3349,a montalbano,a montalbano,A5107447982,A5107914183,100
3350,a montalbano,a montalbano,A5107447982,A5107926272,100
3351,a montalbano,a montalbano,A5107447982,A5108136694,100
3352,hadi moeinnia,hadi moeinnia,A5107455661,A5126660742,100
3353,a montalbano,a montalbano,A5107914183,A5107926272,100
3354,a montalbano,a montalbano,A5107914183,A5108136694,100
3355,a montalbano,a montalbano,A5107926272,A5108136694,100
3356,tanya macgillivray,tanya macgillivray,A5116343330,A5126386572,100
3357,hang ma,hang ma,A5119019987,A5129941238,100
3358,anthony r mcintosh,anthony r mcintosh,A5124351096,A5125682967,100
3359,anthony r mcintosh,anthony r mcintosh,A5124351096,A5126659091,100
3360,vicki l marlatt,vicki l marlatt,A5125610648,A5133192975,100
3361,anthony r mcintosh,anthony r mcintosh,A5125682967,A5126659091,100
3362,j van nieuwkoop,j van nieuwkoop,A5109369720,A5107824707,100
3363,bohdan nosyk,bohdan nosyk,A5065274638,A5135192712,100
3364,nadine nakamura,nadine nakamura,A5030518189,A5113608019,100
3365,robert neubauer,robert neubauer,A5071424532,A5077222061,100
3366,mohammad narimani,mohammad narimani,A5016307441,A5123535621,100
3367,sahand najafpour,sahand najafpour,A5063293678,A5080704096,100
3368,mohammadjavad nouri,mohammadjavad nouri,A5074627917,A5012108073,100
3369,rochelle nocos,rochelle nocos,A5072734864,A5108926989,100
3370,farzad nadiri,farzad nadiri,A5116540484,A5033553628,100
3371,farzad nadiri,farzad nadiri,A5116540484,A5123224158,100
3372,farzad nadiri,farzad nadiri,A5116540484,A5130389842,100
3373,jingzhou na,jingzhou na,A5011630150,A5034622147,100
3374,farzad nadiri,farzad nadiri,A5033553628,A5123224158,100
3375,farzad nadiri,farzad nadiri,A5033553628,A5130389842,100
3376,augustus negraeff,augustus negraeff,A5121308084,A5128948403,100
3377,omar nemir,omar nemir,A5107455662,A5120191926,100
3378,farzad nadiri,farzad nadiri,A5123224158,A5130389842,100
3379,d c o’neil,d c o’neil,A5105299887,A5103713192,100
3380,d c o’neil,d c o’neil,A5105299887,A5107870936,100
3381,d c o’neil,d c o’neil,A5105299887,A5107848785,100
3382,d c o’neil,d c o’neil,A5105299887,A5107879522,100
3383,d c o’neil,d c o’neil,A5105299887,A5107901341,100
3384,d c o’neil,d c o’neil,A5105299887,A5107880326,100
3385,d c o’neil,d c o’neil,A5105299887,A5107879996,100
3386,d c o’neil,d c o’neil,A5105299887,A5105260634,100
3387,d c o’neil,d c o’neil,A5105299887,A5105233945,100
3388,d c o’neil,d c o’neil,A5105299887,A5107849674,100
3389,d c o’neil,d c o’neil,A5105299887,A5107895477,100
3390,d c o’neil,d c o’neil,A5105299887,A5107829324,100
3391,d c o’neil,d c o’neil,A5105299887,A5107852029,100
3392,d c o’neil,d c o’neil,A5105299887,A5107855339,100
3393,d c o’neil,d c o’neil,A5105299887,A5107119196,100
3394,d c o’neil,d c o’neil,A5105299887,A5107918750,100
3395,d c o’neil,d c o’neil,A5105299887,A5107745889,100
3396,d c o’neil,d c o’neil,A5105299887,A5107910797,100
3397,d c o’neil,d c o’neil,A5105299887,A5107924921,100
3398,d c o’neil,d c o’neil,A5105299887,A5107825659,100
3399,d c o’neil,d c o’neil,A5105299887,A5107829480,100
3400,d c o’neil,d c o’neil,A5105299887,A5107745846,100
3401,d c o’neil,d c o’neil,A5105299887,A5107896797,100
3402,d c o’neil,d c o’neil,A5105299887,A5108076753,100
3403,d c o’neil,d c o’neil,A5105299887,A5105634186,100
3404,d c o’neil,d c o’neil,A5105299887,A5105641748,100
3405,d c o’neil,d c o’neil,A5105299887,A5107196339,100
3406,d c o’neil,d c o’neil,A5105299887,A5107894810,100
3407,d c o’neil,d c o’neil,A5105299887,A5107911228,100
3408,d c o’neil,d c o’neil,A5105299887,A5122783229,100
3409,j f ogilvie,j f ogilvie,A5023738667,A5024626708,100
3410,j f ogilvie,j f ogilvie,A5023738667,A5051792332,100
3411,d c o’neil,d c o’neil,A5103713192,A5107870936,100
3412,d c o’neil,d c o’neil,A5103713192,A5107848785,100
3413,d c o’neil,d c o’neil,A5103713192,A5107879522,100
3414,d c o’neil,d c o’neil,A5103713192,A5107901341,100
3415,d c o’neil,d c o’neil,A5103713192,A5107880326,100
3416,d c o’neil,d c o’neil,A5103713192,A5107879996,100
3417,d c o’neil,d c o’neil,A5103713192,A5105260634,100
3418,d c o’neil,d c o’neil,A5103713192,A5105233945,100
3419,d c o’neil,d c o’neil,A5103713192,A5107849674,100
3420,d c o’neil,d c o’neil,A5103713192,A5107895477,100
3421,d c o’neil,d c o’neil,A5103713192,A5107829324,100
3422,d c o’neil,d c o’neil,A5103713192,A5107852029,100
3423,d c o’neil,d c o’neil,A5103713192,A5107855339,100
3424,d c o’neil,d c o’neil,A5103713192,A5107119196,100
3425,d c o’neil,d c o’neil,A5103713192,A5107918750,100
3426,d c o’neil,d c o’neil,A5103713192,A5107745889,100
3427,d c o’neil,d c o’neil,A5103713192,A5107910797,100
3428,d c o’neil,d c o’neil,A5103713192,A5107924921,100
3429,d c o’neil,d c o’neil,A5103713192,A5107825659,100
3430,d c o’neil,d c o’neil,A5103713192,A5107829480,100
3431,d c o’neil,d c o’neil,A5103713192,A5107745846,100
3432,d c o’neil,d c o’neil,A5103713192,A5107896797,100
3433,d c o’neil,d c o’neil,A5103713192,A5108076753,100
3434,d c o’neil,d c o’neil,A5103713192,A5105634186,100
3435,d c o’neil,d c o’neil,A5103713192,A5105641748,100
3436,d c o’neil,d c o’neil,A5103713192,A5107196339,100
3437,d c o’neil,d c o’neil,A5103713192,A5107894810,100
3438,d c o’neil,d c o’neil,A5103713192,A5107911228,100
3439,d c o’neil,d c o’neil,A5103713192,A5122783229,100
3440,d c o’neil,d c o’neil,A5107870936,A5107848785,100
3441,d c o’neil,d c o’neil,A5107870936,A5107879522,100
3442,d c o’neil,d c o’neil,A5107870936,A5107901341,100
3443,d c o’neil,d c o’neil,A5107870936,A5107880326,100
3444,d c o’neil,d c o’neil,A5107870936,A5107879996,100
3445,d c o’neil,d c o’neil,A5107870936,A5105260634,100
3446,d c o’neil,d c o’neil,A5107870936,A5105233945,100
3447,d c o’neil,d c o’neil,A5107870936,A5107849674,100
3448,d c o’neil,d c o’neil,A5107870936,A5107895477,100
3449,d c o’neil,d c o’neil,A5107870936,A5107829324,100
3450,d c o’neil,d c o’neil,A5107870936,A5107852029,100
3451,d c o’neil,d c o’neil,A5107870936,A5107855339,100
3452,d c o’neil,d c o’neil,A5107870936,A5107119196,100
3453,d c o’neil,d c o’neil,A5107870936,A5107918750,100
3454,d c o’neil,d c o’neil,A5107870936,A5107745889,100
3455,d c o’neil,d c o’neil,A5107870936,A5107910797,100
3456,d c o’neil,d c o’neil,A5107870936,A5107924921,100
3457,d c o’neil,d c o’neil,A5107870936,A5107825659,100
3458,d c o’neil,d c o’neil,A5107870936,A5107829480,100
3459,d c o’neil,d c o’neil,A5107870936,A5107745846,100
3460,d c o’neil,d c o’neil,A5107870936,A5107896797,100
3461,d c o’neil,d c o’neil,A5107870936,A5108076753,100
3462,d c o’neil,d c o’neil,A5107870936,A5105634186,100
3463,d c o’neil,d c o’neil,A5107870936,A5105641748,100
3464,d c o’neil,d c o’neil,A5107870936,A5107196339,100
3465,d c o’neil,d c o’neil,A5107870936,A5107894810,100
3466,d c o’neil,d c o’neil,A5107870936,A5107911228,100
3467,d c o’neil,d c o’neil,A5107870936,A5122783229,100
3468,k o’connor,k o’connor,A5052731325,A5107907718,100
3469,d c o’neil,d c o’neil,A5107848785,A5107879522,100
3470,d c o’neil,d c o’neil,A5107848785,A5107901341,100
3471,d c o’neil,d c o’neil,A5107848785,A5107880326,100
3472,d c o’neil,d c o’neil,A5107848785,A5107879996,100
3473,d c o’neil,d c o’neil,A5107848785,A5105260634,100
3474,d c o’neil,d c o’neil,A5107848785,A5105233945,100
3475,d c o’neil,d c o’neil,A5107848785,A5107849674,100
3476,d c o’neil,d c o’neil,A5107848785,A5107895477,100
3477,d c o’neil,d c o’neil,A5107848785,A5107829324,100
3478,d c o’neil,d c o’neil,A5107848785,A5107852029,100
3479,d c o’neil,d c o’neil,A5107848785,A5107855339,100
3480,d c o’neil,d c o’neil,A5107848785,A5107119196,100
3481,d c o’neil,d c o’neil,A5107848785,A5107918750,100
3482,d c o’neil,d c o’neil,A5107848785,A5107745889,100
3483,d c o’neil,d c o’neil,A5107848785,A5107910797,100
3484,d c o’neil,d c o’neil,A5107848785,A5107924921,100
3485,d c o’neil,d c o’neil,A5107848785,A5107825659,100
3486,d c o’neil,d c o’neil,A5107848785,A5107829480,100
3487,d c o’neil,d c o’neil,A5107848785,A5107745846,100
3488,d c o’neil,d c o’neil,A5107848785,A5107896797,100
3489,d c o’neil,d c o’neil,A5107848785,A5108076753,100
3490,d c o’neil,d c o’neil,A5107848785,A5105634186,100
3491,d c o’neil,d c o’neil,A5107848785,A5105641748,100
3492,d c o’neil,d c o’neil,A5107848785,A5107196339,100
3493,d c o’neil,d c o’neil,A5107848785,A5107894810,100
3494,d c o’neil,d c o’neil,A5107848785,A5107911228,100
3495,d c o’neil,d c o’neil,A5107848785,A5122783229,100
3496,gerardo otero,gerardo otero,A5018629067,A5135297770,100
3497,john o’neil,john o’neil,A5081310851,A5125705386,100
3498,d c o’neil,d c o’neil,A5107879522,A5107901341,100
3499,d c o’neil,d c o’neil,A5107879522,A5107880326,100
3500,d c o’neil,d c o’neil,A5107879522,A5107879996,100
3501,d c o’neil,d c o’neil,A5107879522,A5105260634,100
3502,d c o’neil,d c o’neil,A5107879522,A5105233945,100
3503,d c o’neil,d c o’neil,A5107879522,A5107849674,100
3504,d c o’neil,d c o’neil,A5107879522,A5107895477,100
3505,d c o’neil,d c o’neil,A5107879522,A5107829324,100
3506,d c o’neil,d c o’neil,A5107879522,A5107852029,100
3507,d c o’neil,d c o’neil,A5107879522,A5107855339,100
3508,d c o’neil,d c o’neil,A5107879522,A5107119196,100
3509,d c o’neil,d c o’neil,A5107879522,A5107918750,100
3510,d c o’neil,d c o’neil,A5107879522,A5107745889,100
3511,d c o’neil,d c o’neil,A5107879522,A5107910797,100
3512,d c o’neil,d c o’neil,A5107879522,A5107924921,100
3513,d c o’neil,d c o’neil,A5107879522,A5107825659,100
3514,d c o’neil,d c o’neil,A5107879522,A5107829480,100
3515,d c o’neil,d c o’neil,A5107879522,A5107745846,100
3516,d c o’neil,d c o’neil,A5107879522,A5107896797,100
3517,d c o’neil,d c o’neil,A5107879522,A5108076753,100
3518,d c o’neil,d c o’neil,A5107879522,A5105634186,100
3519,d c o’neil,d c o’neil,A5107879522,A5105641748,100
3520,d c o’neil,d c o’neil,A5107879522,A5107196339,100
3521,d c o’neil,d c o’neil,A5107879522,A5107894810,100
3522,d c o’neil,d c o’neil,A5107879522,A5107911228,100
3523,d c o’neil,d c o’neil,A5107879522,A5122783229,100
3524,francesco p orfino,francesco p orfino,A5067118472,A5135236721,100
3525,d c o’neil,d c o’neil,A5107901341,A5107880326,100
3526,d c o’neil,d c o’neil,A5107901341,A5107879996,100
3527,d c o’neil,d c o’neil,A5107901341,A5105260634,100
3528,d c o’neil,d c o’neil,A5107901341,A5105233945,100
3529,d c o’neil,d c o’neil,A5107901341,A5107849674,100
3530,d c o’neil,d c o’neil,A5107901341,A5107895477,100
3531,d c o’neil,d c o’neil,A5107901341,A5107829324,100
3532,d c o’neil,d c o’neil,A5107901341,A5107852029,100
3533,d c o’neil,d c o’neil,A5107901341,A5107855339,100
3534,d c o’neil,d c o’neil,A5107901341,A5107119196,100
3535,d c o’neil,d c o’neil,A5107901341,A5107918750,100
3536,d c o’neil,d c o’neil,A5107901341,A5107745889,100
3537,d c o’neil,d c o’neil,A5107901341,A5107910797,100
3538,d c o’neil,d c o’neil,A5107901341,A5107924921,100
3539,d c o’neil,d c o’neil,A5107901341,A5107825659,100
3540,d c o’neil,d c o’neil,A5107901341,A5107829480,100
3541,d c o’neil,d c o’neil,A5107901341,A5107745846,100
3542,d c o’neil,d c o’neil,A5107901341,A5107896797,100
3543,d c o’neil,d c o’neil,A5107901341,A5108076753,100
3544,d c o’neil,d c o’neil,A5107901341,A5105634186,100
3545,d c o’neil,d c o’neil,A5107901341,A5105641748,100
3546,d c o’neil,d c o’neil,A5107901341,A5107196339,100
3547,d c o’neil,d c o’neil,A5107901341,A5107894810,100
3548,d c o’neil,d c o’neil,A5107901341,A5107911228,100
3549,d c o’neil,d c o’neil,A5107901341,A5122783229,100
3550,v o’shea,v o’shea,A5105528591,A5107896862,100
3551,katherine a o’donnell,katherine a o’donnell,A5103123102,A5103744218,100
3552,dc oneil,dc oneil,A5045650275,A5107851672,100
3553,dc oneil,dc oneil,A5045650275,A5109394000,100
3554,dc oneil,dc oneil,A5045650275,A5107910498,100
3555,d c o’neil,d c o’neil,A5107880326,A5107879996,100
3556,d c o’neil,d c o’neil,A5107880326,A5105260634,100
3557,d c o’neil,d c o’neil,A5107880326,A5105233945,100
3558,d c o’neil,d c o’neil,A5107880326,A5107849674,100
3559,d c o’neil,d c o’neil,A5107880326,A5107895477,100
3560,d c o’neil,d c o’neil,A5107880326,A5107829324,100
3561,d c o’neil,d c o’neil,A5107880326,A5107852029,100
3562,d c o’neil,d c o’neil,A5107880326,A5107855339,100
3563,d c o’neil,d c o’neil,A5107880326,A5107119196,100
3564,d c o’neil,d c o’neil,A5107880326,A5107918750,100
3565,d c o’neil,d c o’neil,A5107880326,A5107745889,100
3566,d c o’neil,d c o’neil,A5107880326,A5107910797,100
3567,d c o’neil,d c o’neil,A5107880326,A5107924921,100
3568,d c o’neil,d c o’neil,A5107880326,A5107825659,100
3569,d c o’neil,d c o’neil,A5107880326,A5107829480,100
3570,d c o’neil,d c o’neil,A5107880326,A5107745846,100
3571,d c o’neil,d c o’neil,A5107880326,A5107896797,100
3572,d c o’neil,d c o’neil,A5107880326,A5108076753,100
3573,d c o’neil,d c o’neil,A5107880326,A5105634186,100
3574,d c o’neil,d c o’neil,A5107880326,A5105641748,100
3575,d c o’neil,d c o’neil,A5107880326,A5107196339,100
3576,d c o’neil,d c o’neil,A5107880326,A5107894810,100
3577,d c o’neil,d c o’neil,A5107880326,A5107911228,100
3578,d c o’neil,d c o’neil,A5107880326,A5122783229,100
3579,dc oneil,dc oneil,A5107851672,A5109394000,100
3580,dc oneil,dc oneil,A5107851672,A5107910498,100
3581,d c o’neil,d c o’neil,A5107879996,A5105260634,100
3582,d c o’neil,d c o’neil,A5107879996,A5105233945,100
3583,d c o’neil,d c o’neil,A5107879996,A5107849674,100
3584,d c o’neil,d c o’neil,A5107879996,A5107895477,100
3585,d c o’neil,d c o’neil,A5107879996,A5107829324,100
3586,d c o’neil,d c o’neil,A5107879996,A5107852029,100
3587,d c o’neil,d c o’neil,A5107879996,A5107855339,100
3588,d c o’neil,d c o’neil,A5107879996,A5107119196,100
3589,d c o’neil,d c o’neil,A5107879996,A5107918750,100
3590,d c o’neil,d c o’neil,A5107879996,A5107745889,100
3591,d c o’neil,d c o’neil,A5107879996,A5107910797,100
3592,d c o’neil,d c o’neil,A5107879996,A5107924921,100
3593,d c o’neil,d c o’neil,A5107879996,A5107825659,100
3594,d c o’neil,d c o’neil,A5107879996,A5107829480,100
3595,d c o’neil,d c o’neil,A5107879996,A5107745846,100
3596,d c o’neil,d c o’neil,A5107879996,A5107896797,100
3597,d c o’neil,d c o’neil,A5107879996,A5108076753,100
3598,d c o’neil,d c o’neil,A5107879996,A5105634186,100
3599,d c o’neil,d c o’neil,A5107879996,A5105641748,100
3600,d c o’neil,d c o’neil,A5107879996,A5107196339,100
3601,d c o’neil,d c o’neil,A5107879996,A5107894810,100
3602,d c o’neil,d c o’neil,A5107879996,A5107911228,100
3603,d c o’neil,d c o’neil,A5107879996,A5122783229,100
3604,d c o’neil,d c o’neil,A5105260634,A5105233945,100
3605,d c o’neil,d c o’neil,A5105260634,A5107849674,100
3606,d c o’neil,d c o’neil,A5105260634,A5107895477,100
3607,d c o’neil,d c o’neil,A5105260634,A5107829324,100
3608,d c o’neil,d c o’neil,A5105260634,A5107852029,100
3609,d c o’neil,d c o’neil,A5105260634,A5107855339,100
3610,d c o’neil,d c o’neil,A5105260634,A5107119196,100
3611,d c o’neil,d c o’neil,A5105260634,A5107918750,100
3612,d c o’neil,d c o’neil,A5105260634,A5107745889,100
3613,d c o’neil,d c o’neil,A5105260634,A5107910797,100
3614,d c o’neil,d c o’neil,A5105260634,A5107924921,100
3615,d c o’neil,d c o’neil,A5105260634,A5107825659,100
3616,d c o’neil,d c o’neil,A5105260634,A5107829480,100
3617,d c o’neil,d c o’neil,A5105260634,A5107745846,100
3618,d c o’neil,d c o’neil,A5105260634,A5107896797,100
3619,d c o’neil,d c o’neil,A5105260634,A5108076753,100
3620,d c o’neil,d c o’neil,A5105260634,A5105634186,100
3621,d c o’neil,d c o’neil,A5105260634,A5105641748,100
3622,d c o’neil,d c o’neil,A5105260634,A5107196339,100
3623,d c o’neil,d c o’neil,A5105260634,A5107894810,100
3624,d c o’neil,d c o’neil,A5105260634,A5107911228,100
3625,d c o’neil,d c o’neil,A5105260634,A5122783229,100
3626,d c o’neil,d c o’neil,A5105233945,A5107849674,100
3627,d c o’neil,d c o’neil,A5105233945,A5107895477,100
3628,d c o’neil,d c o’neil,A5105233945,A5107829324,100
3629,d c o’neil,d c o’neil,A5105233945,A5107852029,100
3630,d c o’neil,d c o’neil,A5105233945,A5107855339,100
3631,d c o’neil,d c o’neil,A5105233945,A5107119196,100
3632,d c o’neil,d c o’neil,A5105233945,A5107918750,100
3633,d c o’neil,d c o’neil,A5105233945,A5107745889,100
3634,d c o’neil,d c o’neil,A5105233945,A5107910797,100
3635,d c o’neil,d c o’neil,A5105233945,A5107924921,100
3636,d c o’neil,d c o’neil,A5105233945,A5107825659,100
3637,d c o’neil,d c o’neil,A5105233945,A5107829480,100
3638,d c o’neil,d c o’neil,A5105233945,A5107745846,100
3639,d c o’neil,d c o’neil,A5105233945,A5107896797,100
3640,d c o’neil,d c o’neil,A5105233945,A5108076753,100
3641,d c o’neil,d c o’neil,A5105233945,A5105634186,100
3642,d c o’neil,d c o’neil,A5105233945,A5105641748,100
3643,d c o’neil,d c o’neil,A5105233945,A5107196339,100
3644,d c o’neil,d c o’neil,A5105233945,A5107894810,100
3645,d c o’neil,d c o’neil,A5105233945,A5107911228,100
3646,d c o’neil,d c o’neil,A5105233945,A5122783229,100
3647,d c o’neil,d c o’neil,A5107849674,A5107895477,100
3648,d c o’neil,d c o’neil,A5107849674,A5107829324,100
3649,d c o’neil,d c o’neil,A5107849674,A5107852029,100
3650,d c o’neil,d c o’neil,A5107849674,A5107855339,100
3651,d c o’neil,d c o’neil,A5107849674,A5107119196,100
3652,d c o’neil,d c o’neil,A5107849674,A5107918750,100
3653,d c o’neil,d c o’neil,A5107849674,A5107745889,100
3654,d c o’neil,d c o’neil,A5107849674,A5107910797,100
3655,d c o’neil,d c o’neil,A5107849674,A5107924921,100
3656,d c o’neil,d c o’neil,A5107849674,A5107825659,100
3657,d c o’neil,d c o’neil,A5107849674,A5107829480,100
3658,d c o’neil,d c o’neil,A5107849674,A5107745846,100
3659,d c o’neil,d c o’neil,A5107849674,A5107896797,100
3660,d c o’neil,d c o’neil,A5107849674,A5108076753,100
3661,d c o’neil,d c o’neil,A5107849674,A5105634186,100
3662,d c o’neil,d c o’neil,A5107849674,A5105641748,100
3663,d c o’neil,d c o’neil,A5107849674,A5107196339,100
3664,d c o’neil,d c o’neil,A5107849674,A5107894810,100
3665,d c o’neil,d c o’neil,A5107849674,A5107911228,100
3666,d c o’neil,d c o’neil,A5107849674,A5122783229,100
3667,dc oneil,dc oneil,A5109394000,A5107910498,100
3668,d c o’neil,d c o’neil,A5107895477,A5107829324,100
3669,d c o’neil,d c o’neil,A5107895477,A5107852029,100
3670,d c o’neil,d c o’neil,A5107895477,A5107855339,100
3671,d c o’neil,d c o’neil,A5107895477,A5107119196,100
3672,d c o’neil,d c o’neil,A5107895477,A5107918750,100
3673,d c o’neil,d c o’neil,A5107895477,A5107745889,100
3674,d c o’neil,d c o’neil,A5107895477,A5107910797,100
3675,d c o’neil,d c o’neil,A5107895477,A5107924921,100
3676,d c o’neil,d c o’neil,A5107895477,A5107825659,100
3677,d c o’neil,d c o’neil,A5107895477,A5107829480,100
3678,d c o’neil,d c o’neil,A5107895477,A5107745846,100
3679,d c o’neil,d c o’neil,A5107895477,A5107896797,100
3680,d c o’neil,d c o’neil,A5107895477,A5108076753,100
3681,d c o’neil,d c o’neil,A5107895477,A5105634186,100
3682,d c o’neil,d c o’neil,A5107895477,A5105641748,100
3683,d c o’neil,d c o’neil,A5107895477,A5107196339,100
3684,d c o’neil,d c o’neil,A5107895477,A5107894810,100
3685,d c o’neil,d c o’neil,A5107895477,A5107911228,100
3686,d c o’neil,d c o’neil,A5107895477,A5122783229,100
3687,d c o’neil,d c o’neil,A5107829324,A5107852029,100
3688,d c o’neil,d c o’neil,A5107829324,A5107855339,100
3689,d c o’neil,d c o’neil,A5107829324,A5107119196,100
3690,d c o’neil,d c o’neil,A5107829324,A5107918750,100
3691,d c o’neil,d c o’neil,A5107829324,A5107745889,100
3692,d c o’neil,d c o’neil,A5107829324,A5107910797,100
3693,d c o’neil,d c o’neil,A5107829324,A5107924921,100
3694,d c o’neil,d c o’neil,A5107829324,A5107825659,100
3695,d c o’neil,d c o’neil,A5107829324,A5107829480,100
3696,d c o’neil,d c o’neil,A5107829324,A5107745846,100
3697,d c o’neil,d c o’neil,A5107829324,A5107896797,100
3698,d c o’neil,d c o’neil,A5107829324,A5108076753,100
3699,d c o’neil,d c o’neil,A5107829324,A5105634186,100
3700,d c o’neil,d c o’neil,A5107829324,A5105641748,100
3701,d c o’neil,d c o’neil,A5107829324,A5107196339,100
3702,d c o’neil,d c o’neil,A5107829324,A5107894810,100
3703,d c o’neil,d c o’neil,A5107829324,A5107911228,100
3704,d c o’neil,d c o’neil,A5107829324,A5122783229,100
3705,d c o’neil,d c o’neil,A5107852029,A5107855339,100
3706,d c o’neil,d c o’neil,A5107852029,A5107119196,100
3707,d c o’neil,d c o’neil,A5107852029,A5107918750,100
3708,d c o’neil,d c o’neil,A5107852029,A5107745889,100
3709,d c o’neil,d c o’neil,A5107852029,A5107910797,100
3710,d c o’neil,d c o’neil,A5107852029,A5107924921,100
3711,d c o’neil,d c o’neil,A5107852029,A5107825659,100
3712,d c o’neil,d c o’neil,A5107852029,A5107829480,100
3713,d c o’neil,d c o’neil,A5107852029,A5107745846,100
3714,d c o’neil,d c o’neil,A5107852029,A5107896797,100
3715,d c o’neil,d c o’neil,A5107852029,A5108076753,100
3716,d c o’neil,d c o’neil,A5107852029,A5105634186,100
3717,d c o’neil,d c o’neil,A5107852029,A5105641748,100
3718,d c o’neil,d c o’neil,A5107852029,A5107196339,100
3719,d c o’neil,d c o’neil,A5107852029,A5107894810,100
3720,d c o’neil,d c o’neil,A5107852029,A5107911228,100
3721,d c o’neil,d c o’neil,A5107852029,A5122783229,100
3722,d c o’neil,d c o’neil,A5107855339,A5107119196,100
3723,d c o’neil,d c o’neil,A5107855339,A5107918750,100
3724,d c o’neil,d c o’neil,A5107855339,A5107745889,100
3725,d c o’neil,d c o’neil,A5107855339,A5107910797,100
3726,d c o’neil,d c o’neil,A5107855339,A5107924921,100
3727,d c o’neil,d c o’neil,A5107855339,A5107825659,100
3728,d c o’neil,d c o’neil,A5107855339,A5107829480,100
3729,d c o’neil,d c o’neil,A5107855339,A5107745846,100
3730,d c o’neil,d c o’neil,A5107855339,A5107896797,100
3731,d c o’neil,d c o’neil,A5107855339,A5108076753,100
3732,d c o’neil,d c o’neil,A5107855339,A5105634186,100
3733,d c o’neil,d c o’neil,A5107855339,A5105641748,100
3734,d c o’neil,d c o’neil,A5107855339,A5107196339,100
3735,d c o’neil,d c o’neil,A5107855339,A5107894810,100
3736,d c o’neil,d c o’neil,A5107855339,A5107911228,100
3737,d c o’neil,d c o’neil,A5107855339,A5122783229,100
3738,d c o’neil,d c o’neil,A5107119196,A5107918750,100
3739,d c o’neil,d c o’neil,A5107119196,A5107745889,100
3740,d c o’neil,d c o’neil,A5107119196,A5107910797,100
3741,d c o’neil,d c o’neil,A5107119196,A5107924921,100
3742,d c o’neil,d c o’neil,A5107119196,A5107825659,100
3743,d c o’neil,d c o’neil,A5107119196,A5107829480,100
3744,d c o’neil,d c o’neil,A5107119196,A5107745846,100
3745,d c o’neil,d c o’neil,A5107119196,A5107896797,100
3746,d c o’neil,d c o’neil,A5107119196,A5108076753,100
3747,d c o’neil,d c o’neil,A5107119196,A5105634186,100
3748,d c o’neil,d c o’neil,A5107119196,A5105641748,100
3749,d c o’neil,d c o’neil,A5107119196,A5107196339,100
3750,d c o’neil,d c o’neil,A5107119196,A5107894810,100
3751,d c o’neil,d c o’neil,A5107119196,A5107911228,100
3752,d c o’neil,d c o’neil,A5107119196,A5122783229,100
3753,d c o’neil,d c o’neil,A5107918750,A5107745889,100
3754,d c o’neil,d c o’neil,A5107918750,A5107910797,100
3755,d c o’neil,d c o’neil,A5107918750,A5107924921,100
3756,d c o’neil,d c o’neil,A5107918750,A5107825659,100
3757,d c o’neil,d c o’neil,A5107918750,A5107829480,100
3758,d c o’neil,d c o’neil,A5107918750,A5107745846,100
3759,d c o’neil,d c o’neil,A5107918750,A5107896797,100
3760,d c o’neil,d c o’neil,A5107918750,A5108076753,100
3761,d c o’neil,d c o’neil,A5107918750,A5105634186,100
3762,d c o’neil,d c o’neil,A5107918750,A5105641748,100
3763,d c o’neil,d c o’neil,A5107918750,A5107196339,100
3764,d c o’neil,d c o’neil,A5107918750,A5107894810,100
3765,d c o’neil,d c o’neil,A5107918750,A5107911228,100
3766,d c o’neil,d c o’neil,A5107918750,A5122783229,100
3767,d c o’neil,d c o’neil,A5107745889,A5107910797,100
3768,d c o’neil,d c o’neil,A5107745889,A5107924921,100
3769,d c o’neil,d c o’neil,A5107745889,A5107825659,100
3770,d c o’neil,d c o’neil,A5107745889,A5107829480,100
3771,d c o’neil,d c o’neil,A5107745889,A5107745846,100
3772,d c o’neil,d c o’neil,A5107745889,A5107896797,100
3773,d c o’neil,d c o’neil,A5107745889,A5108076753,100
3774,d c o’neil,d c o’neil,A5107745889,A5105634186,100
3775,d c o’neil,d c o’neil,A5107745889,A5105641748,100
3776,d c o’neil,d c o’neil,A5107745889,A5107196339,100
3777,d c o’neil,d c o’neil,A5107745889,A5107894810,100
3778,d c o’neil,d c o’neil,A5107745889,A5107911228,100
3779,d c o’neil,d c o’neil,A5107745889,A5122783229,100
3780,d c o’neil,d c o’neil,A5107910797,A5107924921,100
3781,d c o’neil,d c o’neil,A5107910797,A5107825659,100
3782,d c o’neil,d c o’neil,A5107910797,A5107829480,100
3783,d c o’neil,d c o’neil,A5107910797,A5107745846,100
3784,d c o’neil,d c o’neil,A5107910797,A5107896797,100
3785,d c o’neil,d c o’neil,A5107910797,A5108076753,100
3786,d c o’neil,d c o’neil,A5107910797,A5105634186,100
3787,d c o’neil,d c o’neil,A5107910797,A5105641748,100
3788,d c o’neil,d c o’neil,A5107910797,A5107196339,100
3789,d c o’neil,d c o’neil,A5107910797,A5107894810,100
3790,d c o’neil,d c o’neil,A5107910797,A5107911228,100
3791,d c o’neil,d c o’neil,A5107910797,A5122783229,100
3792,j f ogilvie,j f ogilvie,A5024626708,A5051792332,100
3793,denise oleksijczuk,denise oleksijczuk,A5034368663,A5069200251,100
3794,d c o’neil,d c o’neil,A5107924921,A5107825659,100
3795,d c o’neil,d c o’neil,A5107924921,A5107829480,100
3796,d c o’neil,d c o’neil,A5107924921,A5107745846,100
3797,d c o’neil,d c o’neil,A5107924921,A5107896797,100
3798,d c o’neil,d c o’neil,A5107924921,A5108076753,100
3799,d c o’neil,d c o’neil,A5107924921,A5105634186,100
3800,d c o’neil,d c o’neil,A5107924921,A5105641748,100
3801,d c o’neil,d c o’neil,A5107924921,A5107196339,100
3802,d c o’neil,d c o’neil,A5107924921,A5107894810,100
3803,d c o’neil,d c o’neil,A5107924921,A5107911228,100
3804,d c o’neil,d c o’neil,A5107924921,A5122783229,100
3805,numaira obaid,numaira obaid,A5092102003,A5092063569,100
3806,numaira obaid,numaira obaid,A5092102003,A5130253254,100
3807,numaira obaid,numaira obaid,A5092102003,A5125099104,100
3808,numaira obaid,numaira obaid,A5092063569,A5130253254,100
3809,numaira obaid,numaira obaid,A5092063569,A5125099104,100
3810,d c o’neil,d c o’neil,A5107825659,A5107829480,100
3811,d c o’neil,d c o’neil,A5107825659,A5107745846,100
3812,d c o’neil,d c o’neil,A5107825659,A5107896797,100
3813,d c o’neil,d c o’neil,A5107825659,A5108076753,100
3814,d c o’neil,d c o’neil,A5107825659,A5105634186,100
3815,d c o’neil,d c o’neil,A5107825659,A5105641748,100
3816,d c o’neil,d c o’neil,A5107825659,A5107196339,100
3817,d c o’neil,d c o’neil,A5107825659,A5107894810,100
3818,d c o’neil,d c o’neil,A5107825659,A5107911228,100
3819,d c o’neil,d c o’neil,A5107825659,A5122783229,100
3820,d c o’neil,d c o’neil,A5107829480,A5107745846,100
3821,d c o’neil,d c o’neil,A5107829480,A5107896797,100
3822,d c o’neil,d c o’neil,A5107829480,A5108076753,100
3823,d c o’neil,d c o’neil,A5107829480,A5105634186,100
3824,d c o’neil,d c o’neil,A5107829480,A5105641748,100
3825,d c o’neil,d c o’neil,A5107829480,A5107196339,100
3826,d c o’neil,d c o’neil,A5107829480,A5107894810,100
3827,d c o’neil,d c o’neil,A5107829480,A5107911228,100
3828,d c o’neil,d c o’neil,A5107829480,A5122783229,100
3829,micheal obakhavbaye,micheal obakhavbaye,A5093430415,A5107616604,100
3830,micheal obakhavbaye,micheal obakhavbaye,A5093430415,A5116184656,100
3831,d c o’neil,d c o’neil,A5107745846,A5107896797,100
3832,d c o’neil,d c o’neil,A5107745846,A5108076753,100
3833,d c o’neil,d c o’neil,A5107745846,A5105634186,100
3834,d c o’neil,d c o’neil,A5107745846,A5105641748,100
3835,d c o’neil,d c o’neil,A5107745846,A5107196339,100
3836,d c o’neil,d c o’neil,A5107745846,A5107894810,100
3837,d c o’neil,d c o’neil,A5107745846,A5107911228,100
3838,d c o’neil,d c o’neil,A5107745846,A5122783229,100
3839,d c o’neil,d c o’neil,A5107896797,A5108076753,100
3840,d c o’neil,d c o’neil,A5107896797,A5105634186,100
3841,d c o’neil,d c o’neil,A5107896797,A5105641748,100
3842,d c o’neil,d c o’neil,A5107896797,A5107196339,100
3843,d c o’neil,d c o’neil,A5107896797,A5107894810,100
3844,d c o’neil,d c o’neil,A5107896797,A5107911228,100
3845,d c o’neil,d c o’neil,A5107896797,A5122783229,100
3846,d c o’neil,d c o’neil,A5108076753,A5105634186,100
3847,d c o’neil,d c o’neil,A5108076753,A5105641748,100
3848,d c o’neil,d c o’neil,A5108076753,A5107196339,100
3849,d c o’neil,d c o’neil,A5108076753,A5107894810,100
3850,d c o’neil,d c o’neil,A5108076753,A5107911228,100
3851,d c o’neil,d c o’neil,A5108076753,A5122783229,100
3852,numaira obaid,numaira obaid,A5130253254,A5125099104,100
3853,d c o’neil,d c o’neil,A5105634186,A5105641748,100
3854,d c o’neil,d c o’neil,A5105634186,A5107196339,100
3855,d c o’neil,d c o’neil,A5105634186,A5107894810,100
3856,d c o’neil,d c o’neil,A5105634186,A5107911228,100
3857,d c o’neil,d c o’neil,A5105634186,A5122783229,100
3858,d c o’neil,d c o’neil,A5105641748,A5107196339,100
3859,d c o’neil,d c o’neil,A5105641748,A5107894810,100
3860,d c o’neil,d c o’neil,A5105641748,A5107911228,100
3861,d c o’neil,d c o’neil,A5105641748,A5122783229,100
3862,d c o’neil,d c o’neil,A5107196339,A5107894810,100
3863,d c o’neil,d c o’neil,A5107196339,A5107911228,100
3864,d c o’neil,d c o’neil,A5107196339,A5122783229,100
3865,micheal obakhavbaye,micheal obakhavbaye,A5107616604,A5116184656,100
3866,d c o’neil,d c o’neil,A5107894810,A5107911228,100
3867,d c o’neil,d c o’neil,A5107894810,A5122783229,100
3868,d c o’neil,d c o’neil,A5107911228,A5122783229,100
3869,g polesello,g polesello,A5105510444,A5107860245,100
3870,g polesello,g polesello,A5105510444,A5113655300,100
3871,g polesello,g polesello,A5105510444,A5025725148,100
3872,g polesello,g polesello,A5105510444,A5107831967,100
3873,g polesello,g polesello,A5105510444,A5107893844,100
3874,g polesello,g polesello,A5105510444,A5107909902,100
3875,g polesello,g polesello,A5105510444,A5107884430,100
3876,g polesello,g polesello,A5105510444,A5105842945,100
3877,g polesello,g polesello,A5105510444,A5107865902,100
3878,g polesello,g polesello,A5105510444,A5107897145,100
3879,g polesello,g polesello,A5105510444,A5105625704,100
3880,g polesello,g polesello,A5105510444,A5105708501,100
3881,g polesello,g polesello,A5105510444,A5107382445,100
3882,david a patterson,david a patterson,A5077202069,A5101927146,100
3883,david a patterson,david a patterson,A5077202069,A5106945064,100
3884,david a patterson,david a patterson,A5077202069,A5134610710,100
3885,leyland pitt,leyland pitt,A5001700317,A5121012123,100
3886,a poley,a poley,A5105504768,A5107858165,100
3887,a poley,a poley,A5105504768,A5113849228,100
3888,a poley,a poley,A5105504768,A5107881315,100
3889,a poley,a poley,A5105504768,A5107878315,100
3890,a poley,a poley,A5105504768,A5107894245,100
3891,a poley,a poley,A5105504768,A5107897146,100
3892,a poley,a poley,A5105504768,A5107887329,100
3893,a poley,a poley,A5105504768,A5107915340,100
3894,a poley,a poley,A5105504768,A5107873840,100
3895,a poley,a poley,A5105504768,A5107919725,100
3896,a poley,a poley,A5105504768,A5107929794,100
3897,a poley,a poley,A5105504768,A5107930762,100
3898,a poley,a poley,A5105504768,A5105558228,100
3899,a poley,a poley,A5105504768,A5105843522,100
3900,a poley,a poley,A5105504768,A5107924940,100
3901,a poley,a poley,A5105504768,A5105728060,100
3902,a poley,a poley,A5105504768,A5107915760,100
3903,a poley,a poley,A5105504768,A5122759094,100
3904,a poley,a poley,A5105504768,A5123068460,100
3905,a poley,a poley,A5105504768,A5125999688,100
3906,a poley,a poley,A5105504768,A5126953913,100
3907,a poley,a poley,A5105504768,A5135370674,100
3908,r parthasarathy,r parthasarathy,A5090734819,A5027949125,100
3909,r parthasarathy,r parthasarathy,A5090734819,A5103000183,100
3910,i pokharel,i pokharel,A5105627761,A5005661000,100
3911,i pokharel,i pokharel,A5105627761,A5107883080,100
3912,i pokharel,i pokharel,A5105627761,A5107890285,100
3913,i pokharel,i pokharel,A5105627761,A5107367773,100
3914,i pokharel,i pokharel,A5105627761,A5105650211,100
3915,s polacek,s polacek,A5027766678,A5105579807,100
3916,s polacek,s polacek,A5027766678,A5105728059,100
3917,s polacek,s polacek,A5027766678,A5105843521,100
3918,s polacek,s polacek,A5027766678,A5105721640,100
3919,a poley,a poley,A5107858165,A5113849228,100
3920,a poley,a poley,A5107858165,A5107881315,100
3921,a poley,a poley,A5107858165,A5107878315,100
3922,a poley,a poley,A5107858165,A5107894245,100
3923,a poley,a poley,A5107858165,A5107897146,100
3924,a poley,a poley,A5107858165,A5107887329,100
3925,a poley,a poley,A5107858165,A5107915340,100
3926,a poley,a poley,A5107858165,A5107873840,100
3927,a poley,a poley,A5107858165,A5107919725,100
3928,a poley,a poley,A5107858165,A5107929794,100
3929,a poley,a poley,A5107858165,A5107930762,100
3930,a poley,a poley,A5107858165,A5105558228,100
3931,a poley,a poley,A5107858165,A5105843522,100
3932,a poley,a poley,A5107858165,A5107924940,100
3933,a poley,a poley,A5107858165,A5105728060,100
3934,a poley,a poley,A5107858165,A5107915760,100
3935,a poley,a poley,A5107858165,A5122759094,100
3936,a poley,a poley,A5107858165,A5123068460,100
3937,a poley,a poley,A5107858165,A5125999688,100
3938,a poley,a poley,A5107858165,A5126953913,100
3939,a poley,a poley,A5107858165,A5135370674,100
3940,david a patterson,david a patterson,A5101927146,A5106945064,100
3941,david a patterson,david a patterson,A5101927146,A5134610710,100
3942,g polesello,g polesello,A5107860245,A5113655300,100
3943,g polesello,g polesello,A5107860245,A5025725148,100
3944,g polesello,g polesello,A5107860245,A5107831967,100
3945,g polesello,g polesello,A5107860245,A5107893844,100
3946,g polesello,g polesello,A5107860245,A5107909902,100
3947,g polesello,g polesello,A5107860245,A5107884430,100
3948,g polesello,g polesello,A5107860245,A5105842945,100
3949,g polesello,g polesello,A5107860245,A5107865902,100
3950,g polesello,g polesello,A5107860245,A5107897145,100
3951,g polesello,g polesello,A5107860245,A5105625704,100
3952,g polesello,g polesello,A5107860245,A5105708501,100
3953,g polesello,g polesello,A5107860245,A5107382445,100
3954,andrew park,andrew park,A5100657865,A5100657864,100
3955,andrew park,andrew park,A5100657865,A5100657861,100
3956,andrew park,andrew park,A5100657865,A5100657860,100
3957,edward park,edward park,A5056582727,A5111270872,100
3958,a poley,a poley,A5113849228,A5107881315,100
3959,a poley,a poley,A5113849228,A5107878315,100
3960,a poley,a poley,A5113849228,A5107894245,100
3961,a poley,a poley,A5113849228,A5107897146,100
3962,a poley,a poley,A5113849228,A5107887329,100
3963,a poley,a poley,A5113849228,A5107915340,100
3964,a poley,a poley,A5113849228,A5107873840,100
3965,a poley,a poley,A5113849228,A5107919725,100
3966,a poley,a poley,A5113849228,A5107929794,100
3967,a poley,a poley,A5113849228,A5107930762,100
3968,a poley,a poley,A5113849228,A5105558228,100
3969,a poley,a poley,A5113849228,A5105843522,100
3970,a poley,a poley,A5113849228,A5107924940,100
3971,a poley,a poley,A5113849228,A5105728060,100
3972,a poley,a poley,A5113849228,A5107915760,100
3973,a poley,a poley,A5113849228,A5122759094,100
3974,a poley,a poley,A5113849228,A5123068460,100
3975,a poley,a poley,A5113849228,A5125999688,100
3976,a poley,a poley,A5113849228,A5126953913,100
3977,a poley,a poley,A5113849228,A5135370674,100
3978,david price,david price,A5102969601,A5129688663,100
3979,margaret power,margaret power,A5074541644,A5111742964,100
3980,r parthasarathy,r parthasarathy,A5027949125,A5103000183,100
3981,edward j park,edward j park,A5027049699,A5133284964,100
3982,christophe pérignon,christophe pérignon,A5111672040,A5110741158,100
3983,g polesello,g polesello,A5113655300,A5025725148,100
3984,g polesello,g polesello,A5113655300,A5107831967,100
3985,g polesello,g polesello,A5113655300,A5107893844,100
3986,g polesello,g polesello,A5113655300,A5107909902,100
3987,g polesello,g polesello,A5113655300,A5107884430,100
3988,g polesello,g polesello,A5113655300,A5105842945,100
3989,g polesello,g polesello,A5113655300,A5107865902,100
3990,g polesello,g polesello,A5113655300,A5107897145,100
3991,g polesello,g polesello,A5113655300,A5105625704,100
3992,g polesello,g polesello,A5113655300,A5105708501,100
3993,g polesello,g polesello,A5113655300,A5107382445,100
3994,h a pacey,h a pacey,A5107940189,A5047724043,100
3995,h a pacey,h a pacey,A5107940189,A5107916543,100
3996,h a pacey,h a pacey,A5107940189,A5107921420,100
3997,kwangjin park,kwangjin park,A5102810474,A5020801355,100
3998,g polesello,g polesello,A5025725148,A5107831967,100
3999,g polesello,g polesello,A5025725148,A5107893844,100
4000,g polesello,g polesello,A5025725148,A5107909902,100
4001,g polesello,g polesello,A5025725148,A5107884430,100
4002,g polesello,g polesello,A5025725148,A5105842945,100
4003,g polesello,g polesello,A5025725148,A5107865902,100
4004,g polesello,g polesello,A5025725148,A5107897145,100
4005,g polesello,g polesello,A5025725148,A5105625704,100
4006,g polesello,g polesello,A5025725148,A5105708501,100
4007,g polesello,g polesello,A5025725148,A5107382445,100
4008,michelle patterson,michelle patterson,A5103152348,A5070810521,100
4009,a poley,a poley,A5107881315,A5107878315,100
4010,a poley,a poley,A5107881315,A5107894245,100
4011,a poley,a poley,A5107881315,A5107897146,100
4012,a poley,a poley,A5107881315,A5107887329,100
4013,a poley,a poley,A5107881315,A5107915340,100
4014,a poley,a poley,A5107881315,A5107873840,100
4015,a poley,a poley,A5107881315,A5107919725,100
4016,a poley,a poley,A5107881315,A5107929794,100
4017,a poley,a poley,A5107881315,A5107930762,100
4018,a poley,a poley,A5107881315,A5105558228,100
4019,a poley,a poley,A5107881315,A5105843522,100
4020,a poley,a poley,A5107881315,A5107924940,100
4021,a poley,a poley,A5107881315,A5105728060,100
4022,a poley,a poley,A5107881315,A5107915760,100
4023,a poley,a poley,A5107881315,A5122759094,100
4024,a poley,a poley,A5107881315,A5123068460,100
4025,a poley,a poley,A5107881315,A5125999688,100
4026,a poley,a poley,A5107881315,A5126953913,100
4027,a poley,a poley,A5107881315,A5135370674,100
4028,jihyun park,jihyun park,A5100338417,A5082963879,100
4029,john pickering,john pickering,A5027405082,A5123565854,100
4030,john pickering,john pickering,A5027405082,A5134029359,100
4031,andrew park,andrew park,A5100657864,A5100657861,100
4032,andrew park,andrew park,A5100657864,A5100657860,100
4033,xue bin peng,xue bin peng,A5070606710,A5103151044,100
4034,xue bin peng,xue bin peng,A5070606710,A5015133041,100
4035,xue bin peng,xue bin peng,A5070606710,A5127803733,100
4036,chandrabhan patel,chandrabhan patel,A5038907352,A5122719709,100
4037,chandrabhan patel,chandrabhan patel,A5038907352,A5127934212,100
4038,andrew park,andrew park,A5100657861,A5100657860,100
4039,karel proesmans,karel proesmans,A5037017144,A5109479422,100
4040,g polesello,g polesello,A5107831967,A5107893844,100
4041,g polesello,g polesello,A5107831967,A5107909902,100
4042,g polesello,g polesello,A5107831967,A5107884430,100
4043,g polesello,g polesello,A5107831967,A5105842945,100
4044,g polesello,g polesello,A5107831967,A5107865902,100
4045,g polesello,g polesello,A5107831967,A5107897145,100
4046,g polesello,g polesello,A5107831967,A5105625704,100
4047,g polesello,g polesello,A5107831967,A5105708501,100
4048,g polesello,g polesello,A5107831967,A5107382445,100
4049,i pokharel,i pokharel,A5005661000,A5107883080,100
4050,i pokharel,i pokharel,A5005661000,A5107890285,100
4051,i pokharel,i pokharel,A5005661000,A5107367773,100
4052,i pokharel,i pokharel,A5005661000,A5105650211,100
4053,xue bin peng,xue bin peng,A5103151044,A5015133041,100
4054,xue bin peng,xue bin peng,A5103151044,A5127803733,100
4055,michael h h price,michael h h price,A5081796168,A5123118462,100
4056,b w pointon,b w pointon,A5102917990,A5107908925,100
4057,h a pacey,h a pacey,A5047724043,A5107916543,100
4058,h a pacey,h a pacey,A5047724043,A5107921420,100
4059,g polesello,g polesello,A5107893844,A5107909902,100
4060,g polesello,g polesello,A5107893844,A5107884430,100
4061,g polesello,g polesello,A5107893844,A5105842945,100
4062,g polesello,g polesello,A5107893844,A5107865902,100
4063,g polesello,g polesello,A5107893844,A5107897145,100
4064,g polesello,g polesello,A5107893844,A5105625704,100
4065,g polesello,g polesello,A5107893844,A5105708501,100
4066,g polesello,g polesello,A5107893844,A5107382445,100
4067,xue bin peng,xue bin peng,A5015133041,A5127803733,100
4068,a poley,a poley,A5107878315,A5107894245,100
4069,a poley,a poley,A5107878315,A5107897146,100
4070,a poley,a poley,A5107878315,A5107887329,100
4071,a poley,a poley,A5107878315,A5107915340,100
4072,a poley,a poley,A5107878315,A5107873840,100
4073,a poley,a poley,A5107878315,A5107919725,100
4074,a poley,a poley,A5107878315,A5107929794,100
4075,a poley,a poley,A5107878315,A5107930762,100
4076,a poley,a poley,A5107878315,A5105558228,100
4077,a poley,a poley,A5107878315,A5105843522,100
4078,a poley,a poley,A5107878315,A5107924940,100
4079,a poley,a poley,A5107878315,A5105728060,100
4080,a poley,a poley,A5107878315,A5107915760,100
4081,a poley,a poley,A5107878315,A5122759094,100
4082,a poley,a poley,A5107878315,A5123068460,100
4083,a poley,a poley,A5107878315,A5125999688,100
4084,a poley,a poley,A5107878315,A5126953913,100
4085,a poley,a poley,A5107878315,A5135370674,100
4086,h a pacey,h a pacey,A5107916543,A5107921420,100
4087,g polesello,g polesello,A5107909902,A5107884430,100
4088,g polesello,g polesello,A5107909902,A5105842945,100
4089,g polesello,g polesello,A5107909902,A5107865902,100
4090,g polesello,g polesello,A5107909902,A5107897145,100
4091,g polesello,g polesello,A5107909902,A5105625704,100
4092,g polesello,g polesello,A5107909902,A5105708501,100
4093,g polesello,g polesello,A5107909902,A5107382445,100
4094,bruno padovese,bruno padovese,A5064873730,A5135413961,100
4095,g polesello,g polesello,A5107884430,A5105842945,100
4096,g polesello,g polesello,A5107884430,A5107865902,100
4097,g polesello,g polesello,A5107884430,A5107897145,100
4098,g polesello,g polesello,A5107884430,A5105625704,100
4099,g polesello,g polesello,A5107884430,A5105708501,100
4100,g polesello,g polesello,A5107884430,A5107382445,100
4101,a poley,a poley,A5107894245,A5107897146,100
4102,a poley,a poley,A5107894245,A5107887329,100
4103,a poley,a poley,A5107894245,A5107915340,100
4104,a poley,a poley,A5107894245,A5107873840,100
4105,a poley,a poley,A5107894245,A5107919725,100
4106,a poley,a poley,A5107894245,A5107929794,100
4107,a poley,a poley,A5107894245,A5107930762,100
4108,a poley,a poley,A5107894245,A5105558228,100
4109,a poley,a poley,A5107894245,A5105843522,100
4110,a poley,a poley,A5107894245,A5107924940,100
4111,a poley,a poley,A5107894245,A5105728060,100
4112,a poley,a poley,A5107894245,A5107915760,100
4113,a poley,a poley,A5107894245,A5122759094,100
4114,a poley,a poley,A5107894245,A5123068460,100
4115,a poley,a poley,A5107894245,A5125999688,100
4116,a poley,a poley,A5107894245,A5126953913,100
4117,a poley,a poley,A5107894245,A5135370674,100
4118,a poley,a poley,A5107897146,A5107887329,100
4119,a poley,a poley,A5107897146,A5107915340,100
4120,a poley,a poley,A5107897146,A5107873840,100
4121,a poley,a poley,A5107897146,A5107919725,100
4122,a poley,a poley,A5107897146,A5107929794,100
4123,a poley,a poley,A5107897146,A5107930762,100
4124,a poley,a poley,A5107897146,A5105558228,100
4125,a poley,a poley,A5107897146,A5105843522,100
4126,a poley,a poley,A5107897146,A5107924940,100
4127,a poley,a poley,A5107897146,A5105728060,100
4128,a poley,a poley,A5107897146,A5107915760,100
4129,a poley,a poley,A5107897146,A5122759094,100
4130,a poley,a poley,A5107897146,A5123068460,100
4131,a poley,a poley,A5107897146,A5125999688,100
4132,a poley,a poley,A5107897146,A5126953913,100
4133,a poley,a poley,A5107897146,A5135370674,100
4134,catherine parent,catherine parent,A5073802401,A5018234994,100
4135,s polacek,s polacek,A5105579807,A5105728059,100
4136,s polacek,s polacek,A5105579807,A5105843521,100
4137,s polacek,s polacek,A5105579807,A5105721640,100
4138,a poley,a poley,A5107887329,A5107915340,100
4139,a poley,a poley,A5107887329,A5107873840,100
4140,a poley,a poley,A5107887329,A5107919725,100
4141,a poley,a poley,A5107887329,A5107929794,100
4142,a poley,a poley,A5107887329,A5107930762,100
4143,a poley,a poley,A5107887329,A5105558228,100
4144,a poley,a poley,A5107887329,A5105843522,100
4145,a poley,a poley,A5107887329,A5107924940,100
4146,a poley,a poley,A5107887329,A5105728060,100
4147,a poley,a poley,A5107887329,A5107915760,100
4148,a poley,a poley,A5107887329,A5122759094,100
4149,a poley,a poley,A5107887329,A5123068460,100
4150,a poley,a poley,A5107887329,A5125999688,100
4151,a poley,a poley,A5107887329,A5126953913,100
4152,a poley,a poley,A5107887329,A5135370674,100
4153,g polesello,g polesello,A5105842945,A5107865902,100
4154,g polesello,g polesello,A5105842945,A5107897145,100
4155,g polesello,g polesello,A5105842945,A5105625704,100
4156,g polesello,g polesello,A5105842945,A5105708501,100
4157,g polesello,g polesello,A5105842945,A5107382445,100
4158,a poley,a poley,A5107915340,A5107873840,100
4159,a poley,a poley,A5107915340,A5107919725,100
4160,a poley,a poley,A5107915340,A5107929794,100
4161,a poley,a poley,A5107915340,A5107930762,100
4162,a poley,a poley,A5107915340,A5105558228,100
4163,a poley,a poley,A5107915340,A5105843522,100
4164,a poley,a poley,A5107915340,A5107924940,100
4165,a poley,a poley,A5107915340,A5105728060,100
4166,a poley,a poley,A5107915340,A5107915760,100
4167,a poley,a poley,A5107915340,A5122759094,100
4168,a poley,a poley,A5107915340,A5123068460,100
4169,a poley,a poley,A5107915340,A5125999688,100
4170,a poley,a poley,A5107915340,A5126953913,100
4171,a poley,a poley,A5107915340,A5135370674,100
4172,david a patterson,david a patterson,A5106945064,A5134610710,100
4173,i pokharel,i pokharel,A5107883080,A5107890285,100
4174,i pokharel,i pokharel,A5107883080,A5107367773,100
4175,i pokharel,i pokharel,A5107883080,A5105650211,100
4176,yu-yen pan,yu-yen pan,A5080606714,A5112676925,100
4177,g polesello,g polesello,A5107865902,A5107897145,100
4178,g polesello,g polesello,A5107865902,A5105625704,100
4179,g polesello,g polesello,A5107865902,A5105708501,100
4180,g polesello,g polesello,A5107865902,A5107382445,100
4181,i pokharel,i pokharel,A5107890285,A5107367773,100
4182,i pokharel,i pokharel,A5107890285,A5105650211,100
4183,a poley,a poley,A5107873840,A5107919725,100
4184,a poley,a poley,A5107873840,A5107929794,100
4185,a poley,a poley,A5107873840,A5107930762,100
4186,a poley,a poley,A5107873840,A5105558228,100
4187,a poley,a poley,A5107873840,A5105843522,100
4188,a poley,a poley,A5107873840,A5107924940,100
4189,a poley,a poley,A5107873840,A5105728060,100
4190,a poley,a poley,A5107873840,A5107915760,100
4191,a poley,a poley,A5107873840,A5122759094,100
4192,a poley,a poley,A5107873840,A5123068460,100
4193,a poley,a poley,A5107873840,A5125999688,100
4194,a poley,a poley,A5107873840,A5126953913,100
4195,a poley,a poley,A5107873840,A5135370674,100
4196,g polesello,g polesello,A5107897145,A5105625704,100
4197,g polesello,g polesello,A5107897145,A5105708501,100
4198,g polesello,g polesello,A5107897145,A5107382445,100
4199,makaela prentice,makaela prentice,A5109611455,A5112929892,100
4200,makaela prentice,makaela prentice,A5109611455,A5092090985,100
4201,makaela prentice,makaela prentice,A5109611455,A5092090987,100
4202,makaela prentice,makaela prentice,A5109611455,A5092091005,100
4203,makaela prentice,makaela prentice,A5109611455,A5092091013,100
4204,makaela prentice,makaela prentice,A5109611455,A5092091032,100
4205,makaela prentice,makaela prentice,A5109611455,A5092091051,100
4206,makaela prentice,makaela prentice,A5109611455,A5109611458,100
4207,a poley,a poley,A5107919725,A5107929794,100
4208,a poley,a poley,A5107919725,A5107930762,100
4209,a poley,a poley,A5107919725,A5105558228,100
4210,a poley,a poley,A5107919725,A5105843522,100
4211,a poley,a poley,A5107919725,A5107924940,100
4212,a poley,a poley,A5107919725,A5105728060,100
4213,a poley,a poley,A5107919725,A5107915760,100
4214,a poley,a poley,A5107919725,A5122759094,100
4215,a poley,a poley,A5107919725,A5123068460,100
4216,a poley,a poley,A5107919725,A5125999688,100
4217,a poley,a poley,A5107919725,A5126953913,100
4218,a poley,a poley,A5107919725,A5135370674,100
4219,a poley,a poley,A5107929794,A5107930762,100
4220,a poley,a poley,A5107929794,A5105558228,100
4221,a poley,a poley,A5107929794,A5105843522,100
4222,a poley,a poley,A5107929794,A5107924940,100
4223,a poley,a poley,A5107929794,A5105728060,100
4224,a poley,a poley,A5107929794,A5107915760,100
4225,a poley,a poley,A5107929794,A5122759094,100
4226,a poley,a poley,A5107929794,A5123068460,100
4227,a poley,a poley,A5107929794,A5125999688,100
4228,a poley,a poley,A5107929794,A5126953913,100
4229,a poley,a poley,A5107929794,A5135370674,100
4230,a poley,a poley,A5107930762,A5105558228,100
4231,a poley,a poley,A5107930762,A5105843522,100
4232,a poley,a poley,A5107930762,A5107924940,100
4233,a poley,a poley,A5107930762,A5105728060,100
4234,a poley,a poley,A5107930762,A5107915760,100
4235,a poley,a poley,A5107930762,A5122759094,100
4236,a poley,a poley,A5107930762,A5123068460,100
4237,a poley,a poley,A5107930762,A5125999688,100
4238,a poley,a poley,A5107930762,A5126953913,100
4239,a poley,a poley,A5107930762,A5135370674,100
4240,e j park,e j park,A5055391556,A5024615038,100
4241,s polacek,s polacek,A5105728059,A5105843521,100
4242,s polacek,s polacek,A5105728059,A5105721640,100
4243,i pokharel,i pokharel,A5107367773,A5105650211,100
4244,a poley,a poley,A5105558228,A5105843522,100
4245,a poley,a poley,A5105558228,A5107924940,100
4246,a poley,a poley,A5105558228,A5105728060,100
4247,a poley,a poley,A5105558228,A5107915760,100
4248,a poley,a poley,A5105558228,A5122759094,100
4249,a poley,a poley,A5105558228,A5123068460,100
4250,a poley,a poley,A5105558228,A5125999688,100
4251,a poley,a poley,A5105558228,A5126953913,100
4252,a poley,a poley,A5105558228,A5135370674,100
4253,james pierzchalski,james pierzchalski,A5006020181,A5117614220,100
4254,k ken peng,k ken peng,A5075814310,A5127137592,100
4255,k ken peng,k ken peng,A5075814310,A5130952275,100
4256,g polesello,g polesello,A5105625704,A5105708501,100
4257,g polesello,g polesello,A5105625704,A5107382445,100
4258,g polesello,g polesello,A5105708501,A5107382445,100
4259,s polacek,s polacek,A5105843521,A5105721640,100
4260,a poley,a poley,A5105843522,A5107924940,100
4261,a poley,a poley,A5105843522,A5105728060,100
4262,a poley,a poley,A5105843522,A5107915760,100
4263,a poley,a poley,A5105843522,A5122759094,100
4264,a poley,a poley,A5105843522,A5123068460,100
4265,a poley,a poley,A5105843522,A5125999688,100
4266,a poley,a poley,A5105843522,A5126953913,100
4267,a poley,a poley,A5105843522,A5135370674,100
4268,a poley,a poley,A5107924940,A5105728060,100
4269,a poley,a poley,A5107924940,A5107915760,100
4270,a poley,a poley,A5107924940,A5122759094,100
4271,a poley,a poley,A5107924940,A5123068460,100
4272,a poley,a poley,A5107924940,A5125999688,100
4273,a poley,a poley,A5107924940,A5126953913,100
4274,a poley,a poley,A5107924940,A5135370674,100
4275,makaela prentice,makaela prentice,A5112929892,A5092090985,100
4276,makaela prentice,makaela prentice,A5112929892,A5092090987,100
4277,makaela prentice,makaela prentice,A5112929892,A5092091005,100
4278,makaela prentice,makaela prentice,A5112929892,A5092091013,100
4279,makaela prentice,makaela prentice,A5112929892,A5092091032,100
4280,makaela prentice,makaela prentice,A5112929892,A5092091051,100
4281,makaela prentice,makaela prentice,A5112929892,A5109611458,100
4282,k ken peng,k ken peng,A5127137592,A5130952275,100
4283,makaela prentice,makaela prentice,A5092090985,A5092090987,100
4284,makaela prentice,makaela prentice,A5092090985,A5092091005,100
4285,makaela prentice,makaela prentice,A5092090985,A5092091013,100
4286,makaela prentice,makaela prentice,A5092090985,A5092091032,100
4287,makaela prentice,makaela prentice,A5092090985,A5092091051,100
4288,makaela prentice,makaela prentice,A5092090985,A5109611458,100
4289,makaela prentice,makaela prentice,A5092090987,A5092091005,100
4290,makaela prentice,makaela prentice,A5092090987,A5092091013,100
4291,makaela prentice,makaela prentice,A5092090987,A5092091032,100
4292,makaela prentice,makaela prentice,A5092090987,A5092091051,100
4293,makaela prentice,makaela prentice,A5092090987,A5109611458,100
4294,makaela prentice,makaela prentice,A5092091005,A5092091013,100
4295,makaela prentice,makaela prentice,A5092091005,A5092091032,100
4296,makaela prentice,makaela prentice,A5092091005,A5092091051,100
4297,makaela prentice,makaela prentice,A5092091005,A5109611458,100
4298,makaela prentice,makaela prentice,A5092091013,A5092091032,100
4299,makaela prentice,makaela prentice,A5092091013,A5092091051,100
4300,makaela prentice,makaela prentice,A5092091013,A5109611458,100
4301,makaela prentice,makaela prentice,A5092091032,A5092091051,100
4302,makaela prentice,makaela prentice,A5092091032,A5109611458,100
4303,makaela prentice,makaela prentice,A5092091051,A5109611458,100
4304,a poley,a poley,A5105728060,A5107915760,100
4305,a poley,a poley,A5105728060,A5122759094,100
4306,a poley,a poley,A5105728060,A5123068460,100
4307,a poley,a poley,A5105728060,A5125999688,100
4308,a poley,a poley,A5105728060,A5126953913,100
4309,a poley,a poley,A5105728060,A5135370674,100
4310,a poley,a poley,A5107915760,A5122759094,100
4311,a poley,a poley,A5107915760,A5123068460,100
4312,a poley,a poley,A5107915760,A5125999688,100
4313,a poley,a poley,A5107915760,A5126953913,100
4314,a poley,a poley,A5107915760,A5135370674,100
4315,chandrabhan patel,chandrabhan patel,A5122719709,A5127934212,100
4316,a poley,a poley,A5122759094,A5123068460,100
4317,a poley,a poley,A5122759094,A5125999688,100
4318,a poley,a poley,A5122759094,A5126953913,100
4319,a poley,a poley,A5122759094,A5135370674,100
4320,a poley,a poley,A5123068460,A5125999688,100
4321,a poley,a poley,A5123068460,A5126953913,100
4322,a poley,a poley,A5123068460,A5135370674,100
4323,john pickering,john pickering,A5123565854,A5134029359,100
4324,a poley,a poley,A5125999688,A5126953913,100
4325,a poley,a poley,A5125999688,A5135370674,100
4326,a poley,a poley,A5126953913,A5135370674,100
4327,ji qi,ji qi,A5100612749,A5023563612,100
4328,michael p ryan,michael p ryan,A5041777869,A5102968994,100
4329,ab rad,ab rad,A5087944994,A5029547827,100
4330,p roy,p roy,A5107828720,A5107829645,100
4331,p roy,p roy,A5107828720,A5107848192,100
4332,p roy,p roy,A5107828720,A5111471327,100
4333,p roy,p roy,A5107828720,A5108070681,100
4334,p roy,p roy,A5107828720,A5106488101,100
4335,p roy,p roy,A5107828720,A5105621032,100
4336,michael richards,michael richards,A5019215400,A5128371491,100
4337,r ramaseshan,r ramaseshan,A5041359764,A5121088292,100
4338,brendan rooney,brendan rooney,A5063232741,A5082003410,100
4339,robert d russell,robert d russell,A5043312249,A5101694090,100
4340,marc rhainds,marc rhainds,A5027013706,A5102875577,100
4341,michael ryan,michael ryan,A5032566343,A5134729942,100
4342,p roy,p roy,A5107829645,A5107848192,100
4343,p roy,p roy,A5107829645,A5111471327,100
4344,p roy,p roy,A5107829645,A5108070681,100
4345,p roy,p roy,A5107829645,A5106488101,100
4346,p roy,p roy,A5107829645,A5105621032,100
4347,p roy,p roy,A5107848192,A5111471327,100
4348,p roy,p roy,A5107848192,A5108070681,100
4349,p roy,p roy,A5107848192,A5106488101,100
4350,p roy,p roy,A5107848192,A5105621032,100
4351,gillian russell,gillian russell,A5028374921,A5036820825,100
4352,gillian russell,gillian russell,A5028374921,A5085342782,100
4353,gillian russell,gillian russell,A5028374921,A5109045939,100
4354,gillian russell,gillian russell,A5028374921,A5126503814,100
4355,gillian russell,gillian russell,A5028374921,A5126978721,100
4356,l monsonis romero,l monsonis romero,A5107937604,A5107396924,100
4357,katherine reilly,katherine reilly,A5054536503,A5111286552,100
4358,katherine reilly,katherine reilly,A5054536503,A5124082934,100
4359,gillian russell,gillian russell,A5036820825,A5085342782,100
4360,gillian russell,gillian russell,A5036820825,A5109045939,100
4361,gillian russell,gillian russell,A5036820825,A5126503814,100
4362,gillian russell,gillian russell,A5036820825,A5126978721,100
4363,steve reynolds,steve reynolds,A5109852452,A5110971818,100
4364,p roy,p roy,A5111471327,A5108070681,100
4365,p roy,p roy,A5111471327,A5106488101,100
4366,p roy,p roy,A5111471327,A5105621032,100
4367,gillian russell,gillian russell,A5085342782,A5109045939,100
4368,gillian russell,gillian russell,A5085342782,A5126503814,100
4369,gillian russell,gillian russell,A5085342782,A5126978721,100
4370,gillian russell,gillian russell,A5109045939,A5126503814,100
4371,gillian russell,gillian russell,A5109045939,A5126978721,100
4372,p roy,p roy,A5108070681,A5106488101,100
4373,p roy,p roy,A5108070681,A5105621032,100
4374,sarah j robinson,sarah j robinson,A5034966587,A5134766718,100
4375,p roy,p roy,A5106488101,A5105621032,100
4376,natacha roudeix,natacha roudeix,A5001352948,A5070161121,100
4377,breanna b raymond,breanna b raymond,A5089554077,A5135057345,100
4378,olga radivojevic,olga radivojevic,A5047476126,A5013767010,100
4379,aina roenningen,aina roenningen,A5106583572,A5116395365,100
4380,aina roenningen,aina roenningen,A5106583572,A5125679020,100
4381,aina roenningen,aina roenningen,A5106583572,A5135754405,100
4382,katherine reilly,katherine reilly,A5111286552,A5124082934,100
4383,subash rajasekar,subash rajasekar,A5112399971,A5018924028,100
4384,stephen n robinovich,stephen n robinovich,A5007182790,A5113958110,100
4385,aina roenningen,aina roenningen,A5116395365,A5125679020,100
4386,aina roenningen,aina roenningen,A5116395365,A5135754405,100
4387,aina roenningen,aina roenningen,A5125679020,A5135754405,100
4388,gillian russell,gillian russell,A5126503814,A5126978721,100
4389,richard smith,richard smith,A5023982706,A5064019967,100
4390,richard smith,richard smith,A5023982706,A5082487312,100
4391,richard smith,richard smith,A5023982706,A5103127637,100
4392,richard smith,richard smith,A5023982706,A5104048293,100
4393,richard smith,richard smith,A5023982706,A5101169590,100
4394,thomas j smith,thomas j smith,A5054848999,A5101773552,100
4395,thomas j smith,thomas j smith,A5054848999,A5081728024,100
4396,n b sinev,n b sinev,A5106308035,A5107900260,100
4397,n b sinev,n b sinev,A5106308035,A5107855302,100
4398,p steinberg,p steinberg,A5008641071,A5107854023,100
4399,p steinberg,p steinberg,A5008641071,A5110186505,100
4400,p steinberg,p steinberg,A5008641071,A5076600411,100
4401,p steinberg,p steinberg,A5008641071,A5111803808,100
4402,p steinberg,p steinberg,A5008641071,A5105633298,100
4403,p steinberg,p steinberg,A5008641071,A5107884553,100
4404,p steinberg,p steinberg,A5008641071,A5110211797,100
4405,p steinberg,p steinberg,A5008641071,A5107878062,100
4406,p steinberg,p steinberg,A5008641071,A5107853593,100
4407,p steinberg,p steinberg,A5008641071,A5107875653,100
4408,p steinberg,p steinberg,A5008641071,A5105643290,100
4409,p steinberg,p steinberg,A5008641071,A5107889591,100
4410,p steinberg,p steinberg,A5008641071,A5107904186,100
4411,p steinberg,p steinberg,A5008641071,A5107884733,100
4412,p steinberg,p steinberg,A5008641071,A5112008362,100
4413,p steinberg,p steinberg,A5008641071,A5107907942,100
4414,hong shen,hong shen,A5070128994,A5101878399,100
4415,p sinervo,p sinervo,A5027135635,A5110523092,100
4416,p sinervo,p sinervo,A5027135635,A5107825369,100
4417,p sinervo,p sinervo,A5027135635,A5073283010,100
4418,p sinervo,p sinervo,A5027135635,A5107884158,100
4419,p sinervo,p sinervo,A5027135635,A5106459212,100
4420,p sinervo,p sinervo,A5027135635,A5107908954,100
4421,p sinervo,p sinervo,A5027135635,A5107877924,100
4422,p sinervo,p sinervo,A5027135635,A5107855909,100
4423,p sinervo,p sinervo,A5027135635,A5105203741,100
4424,p sinervo,p sinervo,A5027135635,A5107827466,100
4425,p b shatalov,p b shatalov,A5061878175,A5107854547,100
4426,b stelzer,b stelzer,A5007584535,A5107857196,100
4427,b stelzer,b stelzer,A5007584535,A5107839211,100
4428,b stelzer,b stelzer,A5007584535,A5108229949,100
4429,b stelzer,b stelzer,A5007584535,A5106470390,100
4430,b stelzer,b stelzer,A5007584535,A5107832037,100
4431,b stelzer,b stelzer,A5007584535,A5107852937,100
4432,b stelzer,b stelzer,A5007584535,A5107885325,100
4433,b stelzer,b stelzer,A5007584535,A5109220342,100
4434,b stelzer,b stelzer,A5007584535,A5105630097,100
4435,b stelzer,b stelzer,A5007584535,A5107852526,100
4436,b stelzer,b stelzer,A5007584535,A5107926920,100
4437,b stelzer,b stelzer,A5007584535,A5107875113,100
4438,b stelzer,b stelzer,A5007584535,A5105936614,100
4439,b stelzer,b stelzer,A5007584535,A5107911566,100
4440,b stelzer,b stelzer,A5007584535,A5105285075,100
4441,b stelzer,b stelzer,A5007584535,A5107894826,100
4442,b stelzer,b stelzer,A5007584535,A5107903224,100
4443,b stelzer,b stelzer,A5007584535,A5107843826,100
4444,b stelzer,b stelzer,A5007584535,A5107907943,100
4445,b stelzer,b stelzer,A5007584535,A5107921576,100
4446,b stelzer,b stelzer,A5007584535,A5107749653,100
4447,b stelzer,b stelzer,A5007584535,A5107910839,100
4448,b stelzer,b stelzer,A5007584535,A5107912593,100
4449,b stelzer,b stelzer,A5007584535,A5107914867,100
4450,b stelzer,b stelzer,A5007584535,A5105627570,100
4451,b stelzer,b stelzer,A5007584535,A5105178043,100
4452,b stelzer,b stelzer,A5007584535,A5105684434,100
4453,b stelzer,b stelzer,A5007584535,A5105871878,100
4454,b stelzer,b stelzer,A5007584535,A5107913522,100
4455,b stelzer,b stelzer,A5007584535,A5107923111,100
4456,b stelzer,b stelzer,A5007584535,A5105576682,100
4457,b stelzer,b stelzer,A5007584535,A5105630759,100
4458,b stelzer,b stelzer,A5007584535,A5105639927,100
4459,b stelzer,b stelzer,A5007584535,A5107367903,100
4460,b stelzer,b stelzer,A5007584535,A5135373941,100
4461,o stelzer-chilton,o stelzer-chilton,A5083160169,A5107857878,100
4462,o stelzer-chilton,o stelzer-chilton,A5083160169,A5107864111,100
4463,o stelzer-chilton,o stelzer-chilton,A5083160169,A5107853334,100
4464,o stelzer-chilton,o stelzer-chilton,A5083160169,A5107867466,100
4465,o stelzer-chilton,o stelzer-chilton,A5083160169,A5113089671,100
4466,o stelzer-chilton,o stelzer-chilton,A5083160169,A5107939699,100
4467,o stelzer-chilton,o stelzer-chilton,A5083160169,A5107848754,100
4468,s singh,s singh,A5010848242,A5108064129,100
4469,s singh,s singh,A5010848242,A5107943841,100
4470,s singh,s singh,A5010848242,A5107904038,100
4471,s singh,s singh,A5010848242,A5107916586,100
4472,s singh,s singh,A5010848242,A5107900979,100
4473,s singh,s singh,A5010848242,A5107921566,100
4474,s singh,s singh,A5010848242,A5105558346,100
4475,s singh,s singh,A5010848242,A5107955005,100
4476,s singh,s singh,A5010848242,A5105842275,100
4477,o stelzer-chilton,o stelzer-chilton,A5107857878,A5107864111,100
4478,o stelzer-chilton,o stelzer-chilton,A5107857878,A5107853334,100
4479,o stelzer-chilton,o stelzer-chilton,A5107857878,A5107867466,100
4480,o stelzer-chilton,o stelzer-chilton,A5107857878,A5113089671,100
4481,o stelzer-chilton,o stelzer-chilton,A5107857878,A5107939699,100
4482,o stelzer-chilton,o stelzer-chilton,A5107857878,A5107848754,100
4483,p sinervo,p sinervo,A5110523092,A5107825369,100
4484,p sinervo,p sinervo,A5110523092,A5073283010,100
4485,p sinervo,p sinervo,A5110523092,A5107884158,100
4486,p sinervo,p sinervo,A5110523092,A5106459212,100
4487,p sinervo,p sinervo,A5110523092,A5107908954,100
4488,p sinervo,p sinervo,A5110523092,A5107877924,100
4489,p sinervo,p sinervo,A5110523092,A5107855909,100
4490,p sinervo,p sinervo,A5110523092,A5105203741,100
4491,p sinervo,p sinervo,A5110523092,A5107827466,100
4492,a shcherbakova,a shcherbakova,A5107951562,A5108722170,100
4493,junwei sun,junwei sun,A5029822464,A5065762172,100
4494,z john shen,z john shen,A5013766145,A5135459764,100
4495,s m shaw,s m shaw,A5105784719,A5108848062,100
4496,s m shaw,s m shaw,A5105784719,A5108140923,100
4497,s m shaw,s m shaw,A5105784719,A5107591510,100
4498,s m shaw,s m shaw,A5105784719,A5107875763,100
4499,n b sinev,n b sinev,A5107900260,A5107855302,100
4500,andrew sixsmith,andrew sixsmith,A5062744892,A5116298683,100
4501,john j spinelli,john j spinelli,A5106887681,A5107870371,100
4502,john j spinelli,john j spinelli,A5106887681,A5106853372,100
4503,g stavropoulos,g stavropoulos,A5105369947,A5107902681,100
4504,g stavropoulos,g stavropoulos,A5105369947,A5107926919,100
4505,ronald swanstrom,ronald swanstrom,A5007433649,A5109137694,100
4506,michael j smith,michael j smith,A5101453839,A5008326144,100
4507,michael j smith,michael j smith,A5101453839,A5067514872,100
4508,chris shaw,chris shaw,A5062974038,A5040961656,100
4509,thomas j smith,thomas j smith,A5101773552,A5081728024,100
4510,p steinberg,p steinberg,A5107854023,A5110186505,100
4511,p steinberg,p steinberg,A5107854023,A5076600411,100
4512,p steinberg,p steinberg,A5107854023,A5111803808,100
4513,p steinberg,p steinberg,A5107854023,A5105633298,100
4514,p steinberg,p steinberg,A5107854023,A5107884553,100
4515,p steinberg,p steinberg,A5107854023,A5110211797,100
4516,p steinberg,p steinberg,A5107854023,A5107878062,100
4517,p steinberg,p steinberg,A5107854023,A5107853593,100
4518,p steinberg,p steinberg,A5107854023,A5107875653,100
4519,p steinberg,p steinberg,A5107854023,A5105643290,100
4520,p steinberg,p steinberg,A5107854023,A5107889591,100
4521,p steinberg,p steinberg,A5107854023,A5107904186,100
4522,p steinberg,p steinberg,A5107854023,A5107884733,100
4523,p steinberg,p steinberg,A5107854023,A5112008362,100
4524,p steinberg,p steinberg,A5107854023,A5107907942,100
4525,richard smith,richard smith,A5064019967,A5082487312,100
4526,richard smith,richard smith,A5064019967,A5103127637,100
4527,richard smith,richard smith,A5064019967,A5104048293,100
4528,richard smith,richard smith,A5064019967,A5101169590,100
4529,p sharma,p sharma,A5044046438,A5107941266,100
4530,b stelzer,b stelzer,A5107857196,A5107839211,100
4531,b stelzer,b stelzer,A5107857196,A5108229949,100
4532,b stelzer,b stelzer,A5107857196,A5106470390,100
4533,b stelzer,b stelzer,A5107857196,A5107832037,100
4534,b stelzer,b stelzer,A5107857196,A5107852937,100
4535,b stelzer,b stelzer,A5107857196,A5107885325,100
4536,b stelzer,b stelzer,A5107857196,A5109220342,100
4537,b stelzer,b stelzer,A5107857196,A5105630097,100
4538,b stelzer,b stelzer,A5107857196,A5107852526,100
4539,b stelzer,b stelzer,A5107857196,A5107926920,100
4540,b stelzer,b stelzer,A5107857196,A5107875113,100
4541,b stelzer,b stelzer,A5107857196,A5105936614,100
4542,b stelzer,b stelzer,A5107857196,A5107911566,100
4543,b stelzer,b stelzer,A5107857196,A5105285075,100
4544,b stelzer,b stelzer,A5107857196,A5107894826,100
4545,b stelzer,b stelzer,A5107857196,A5107903224,100
4546,b stelzer,b stelzer,A5107857196,A5107843826,100
4547,b stelzer,b stelzer,A5107857196,A5107907943,100
4548,b stelzer,b stelzer,A5107857196,A5107921576,100
4549,b stelzer,b stelzer,A5107857196,A5107749653,100
4550,b stelzer,b stelzer,A5107857196,A5107910839,100
4551,b stelzer,b stelzer,A5107857196,A5107912593,100
4552,b stelzer,b stelzer,A5107857196,A5107914867,100
4553,b stelzer,b stelzer,A5107857196,A5105627570,100
4554,b stelzer,b stelzer,A5107857196,A5105178043,100
4555,b stelzer,b stelzer,A5107857196,A5105684434,100
4556,b stelzer,b stelzer,A5107857196,A5105871878,100
4557,b stelzer,b stelzer,A5107857196,A5107913522,100
4558,b stelzer,b stelzer,A5107857196,A5107923111,100
4559,b stelzer,b stelzer,A5107857196,A5105576682,100
4560,b stelzer,b stelzer,A5107857196,A5105630759,100
4561,b stelzer,b stelzer,A5107857196,A5105639927,100
4562,b stelzer,b stelzer,A5107857196,A5107367903,100
4563,b stelzer,b stelzer,A5107857196,A5135373941,100
4564,michael j smith,michael j smith,A5008326144,A5067514872,100
4565,richard smith,richard smith,A5082487312,A5103127637,100
4566,richard smith,richard smith,A5082487312,A5104048293,100
4567,richard smith,richard smith,A5082487312,A5101169590,100
4568,o stelzer-chilton,o stelzer-chilton,A5107864111,A5107853334,100
4569,o stelzer-chilton,o stelzer-chilton,A5107864111,A5107867466,100
4570,o stelzer-chilton,o stelzer-chilton,A5107864111,A5113089671,100
4571,o stelzer-chilton,o stelzer-chilton,A5107864111,A5107939699,100
4572,o stelzer-chilton,o stelzer-chilton,A5107864111,A5107848754,100
4573,tim storr,tim storr,A5029358178,A5121364752,100
4574,b stelzer,b stelzer,A5107839211,A5108229949,100
4575,b stelzer,b stelzer,A5107839211,A5106470390,100
4576,b stelzer,b stelzer,A5107839211,A5107832037,100
4577,b stelzer,b stelzer,A5107839211,A5107852937,100
4578,b stelzer,b stelzer,A5107839211,A5107885325,100
4579,b stelzer,b stelzer,A5107839211,A5109220342,100
4580,b stelzer,b stelzer,A5107839211,A5105630097,100
4581,b stelzer,b stelzer,A5107839211,A5107852526,100
4582,b stelzer,b stelzer,A5107839211,A5107926920,100
4583,b stelzer,b stelzer,A5107839211,A5107875113,100
4584,b stelzer,b stelzer,A5107839211,A5105936614,100
4585,b stelzer,b stelzer,A5107839211,A5107911566,100
4586,b stelzer,b stelzer,A5107839211,A5105285075,100
4587,b stelzer,b stelzer,A5107839211,A5107894826,100
4588,b stelzer,b stelzer,A5107839211,A5107903224,100
4589,b stelzer,b stelzer,A5107839211,A5107843826,100
4590,b stelzer,b stelzer,A5107839211,A5107907943,100
4591,b stelzer,b stelzer,A5107839211,A5107921576,100
4592,b stelzer,b stelzer,A5107839211,A5107749653,100
4593,b stelzer,b stelzer,A5107839211,A5107910839,100
4594,b stelzer,b stelzer,A5107839211,A5107912593,100
4595,b stelzer,b stelzer,A5107839211,A5107914867,100
4596,b stelzer,b stelzer,A5107839211,A5105627570,100
4597,b stelzer,b stelzer,A5107839211,A5105178043,100
4598,b stelzer,b stelzer,A5107839211,A5105684434,100
4599,b stelzer,b stelzer,A5107839211,A5105871878,100
4600,b stelzer,b stelzer,A5107839211,A5107913522,100
4601,b stelzer,b stelzer,A5107839211,A5107923111,100
4602,b stelzer,b stelzer,A5107839211,A5105576682,100
4603,b stelzer,b stelzer,A5107839211,A5105630759,100
4604,b stelzer,b stelzer,A5107839211,A5105639927,100
4605,b stelzer,b stelzer,A5107839211,A5107367903,100
4606,b stelzer,b stelzer,A5107839211,A5135373941,100
4607,p sinervo,p sinervo,A5107825369,A5073283010,100
4608,p sinervo,p sinervo,A5107825369,A5107884158,100
4609,p sinervo,p sinervo,A5107825369,A5106459212,100
4610,p sinervo,p sinervo,A5107825369,A5107908954,100
4611,p sinervo,p sinervo,A5107825369,A5107877924,100
4612,p sinervo,p sinervo,A5107825369,A5107855909,100
4613,p sinervo,p sinervo,A5107825369,A5105203741,100
4614,p sinervo,p sinervo,A5107825369,A5107827466,100
4615,michael silverman,michael silverman,A5067954882,A5126420592,100
4616,michael short,michael short,A5011285650,A5101474200,100
4617,xiaowei song,xiaowei song,A5036261443,A5123042783,100
4618,jeremy snyder,jeremy snyder,A5034219029,A5129111677,100
4619,jeremy snyder,jeremy snyder,A5034219029,A5125997548,100
4620,nathalie sinclair,nathalie sinclair,A5067158484,A5111814811,100
4621,nathalie sinclair,nathalie sinclair,A5067158484,A5129885180,100
4622,erica smith,erica smith,A5029429899,A5103590183,100
4623,zhao song,zhao song,A5103280080,A5091070408,100
4624,zhao song,zhao song,A5103280080,A5008391481,100
4625,j steentoft,j steentoft,A5042662117,A5107937679,100
4626,j steentoft,j steentoft,A5042662117,A5107941269,100
4627,j steentoft,j steentoft,A5042662117,A5105728333,100
4628,meng sun,meng sun,A5085248515,A5101982063,100
4629,p steinberg,p steinberg,A5110186505,A5076600411,100
4630,p steinberg,p steinberg,A5110186505,A5111803808,100
4631,p steinberg,p steinberg,A5110186505,A5105633298,100
4632,p steinberg,p steinberg,A5110186505,A5107884553,100
4633,p steinberg,p steinberg,A5110186505,A5110211797,100
4634,p steinberg,p steinberg,A5110186505,A5107878062,100
4635,p steinberg,p steinberg,A5110186505,A5107853593,100
4636,p steinberg,p steinberg,A5110186505,A5107875653,100
4637,p steinberg,p steinberg,A5110186505,A5105643290,100
4638,p steinberg,p steinberg,A5110186505,A5107889591,100
4639,p steinberg,p steinberg,A5110186505,A5107904186,100
4640,p steinberg,p steinberg,A5110186505,A5107884733,100
4641,p steinberg,p steinberg,A5110186505,A5112008362,100
4642,p steinberg,p steinberg,A5110186505,A5107907942,100
4643,neha sharma,neha sharma,A5004979220,A5101585562,100
4644,m schott,m schott,A5107849472,A5107945793,100
4645,d j sheppard,d j sheppard,A5105726988,A5105871868,100
4646,d j sheppard,d j sheppard,A5105726988,A5105728257,100
4647,d j sheppard,d j sheppard,A5105726988,A5107946472,100
4648,d j sheppard,d j sheppard,A5105726988,A5123024589,100
4649,d j sheppard,d j sheppard,A5105726988,A5123120813,100
4650,d j sheppard,d j sheppard,A5105726988,A5126023674,100
4651,d j sheppard,d j sheppard,A5105726988,A5126963199,100
4652,d j sheppard,d j sheppard,A5105726988,A5135325249,100
4653,h j stelzer,h j stelzer,A5106660131,A5107851966,100
4654,william scott,william scott,A5055098956,A5109980552,100
4655,v sinetckii,v sinetckii,A5083962822,A5107940741,100
4656,v sinetckii,v sinetckii,A5083962822,A5107924734,100
4657,v sinetckii,v sinetckii,A5083962822,A5107921080,100
4658,zheng shi,zheng shi,A5112111121,A5105217256,100
4659,mary lynn stewart,mary lynn stewart,A5111462610,A5099341999,100
4660,yu shi,yu shi,A5100328455,A5070954234,100
4661,b stelzer,b stelzer,A5108229949,A5106470390,100
4662,b stelzer,b stelzer,A5108229949,A5107832037,100
4663,b stelzer,b stelzer,A5108229949,A5107852937,100
4664,b stelzer,b stelzer,A5108229949,A5107885325,100
4665,b stelzer,b stelzer,A5108229949,A5109220342,100
4666,b stelzer,b stelzer,A5108229949,A5105630097,100
4667,b stelzer,b stelzer,A5108229949,A5107852526,100
4668,b stelzer,b stelzer,A5108229949,A5107926920,100
4669,b stelzer,b stelzer,A5108229949,A5107875113,100
4670,b stelzer,b stelzer,A5108229949,A5105936614,100
4671,b stelzer,b stelzer,A5108229949,A5107911566,100
4672,b stelzer,b stelzer,A5108229949,A5105285075,100
4673,b stelzer,b stelzer,A5108229949,A5107894826,100
4674,b stelzer,b stelzer,A5108229949,A5107903224,100
4675,b stelzer,b stelzer,A5108229949,A5107843826,100
4676,b stelzer,b stelzer,A5108229949,A5107907943,100
4677,b stelzer,b stelzer,A5108229949,A5107921576,100
4678,b stelzer,b stelzer,A5108229949,A5107749653,100
4679,b stelzer,b stelzer,A5108229949,A5107910839,100
4680,b stelzer,b stelzer,A5108229949,A5107912593,100
4681,b stelzer,b stelzer,A5108229949,A5107914867,100
4682,b stelzer,b stelzer,A5108229949,A5105627570,100
4683,b stelzer,b stelzer,A5108229949,A5105178043,100
4684,b stelzer,b stelzer,A5108229949,A5105684434,100
4685,b stelzer,b stelzer,A5108229949,A5105871878,100
4686,b stelzer,b stelzer,A5108229949,A5107913522,100
4687,b stelzer,b stelzer,A5108229949,A5107923111,100
4688,b stelzer,b stelzer,A5108229949,A5105576682,100
4689,b stelzer,b stelzer,A5108229949,A5105630759,100
4690,b stelzer,b stelzer,A5108229949,A5105639927,100
4691,b stelzer,b stelzer,A5108229949,A5107367903,100
4692,b stelzer,b stelzer,A5108229949,A5135373941,100
4693,nicolas schmitt,nicolas schmitt,A5054587625,A5108830015,100
4694,j e sonier,j e sonier,A5087975826,A5053445753,100
4695,ashok shah,ashok shah,A5034380822,A5108204509,100
4696,yi sun,yi sun,A5078794661,A5103201637,100
4697,travis salway,travis salway,A5023568906,A5091021879,100
4698,travis salway,travis salway,A5023568906,A5130338141,100
4699,julia smith,julia smith,A5031214385,A5091893691,100
4700,julia smith,julia smith,A5031214385,A5103820823,100
4701,julia smith,julia smith,A5031214385,A5047970127,100
4702,julia smith,julia smith,A5031214385,A5125255042,100
4703,julia smith,julia smith,A5031214385,A5129988355,100
4704,richard smith,richard smith,A5103127637,A5104048293,100
4705,richard smith,richard smith,A5103127637,A5101169590,100
4706,julia smith,julia smith,A5091893691,A5103820823,100
4707,julia smith,julia smith,A5091893691,A5047970127,100
4708,julia smith,julia smith,A5091893691,A5125255042,100
4709,julia smith,julia smith,A5091893691,A5129988355,100
4710,b stelzer,b stelzer,A5106470390,A5107832037,100
4711,b stelzer,b stelzer,A5106470390,A5107852937,100
4712,b stelzer,b stelzer,A5106470390,A5107885325,100
4713,b stelzer,b stelzer,A5106470390,A5109220342,100
4714,b stelzer,b stelzer,A5106470390,A5105630097,100
4715,b stelzer,b stelzer,A5106470390,A5107852526,100
4716,b stelzer,b stelzer,A5106470390,A5107926920,100
4717,b stelzer,b stelzer,A5106470390,A5107875113,100
4718,b stelzer,b stelzer,A5106470390,A5105936614,100
4719,b stelzer,b stelzer,A5106470390,A5107911566,100
4720,b stelzer,b stelzer,A5106470390,A5105285075,100
4721,b stelzer,b stelzer,A5106470390,A5107894826,100
4722,b stelzer,b stelzer,A5106470390,A5107903224,100
4723,b stelzer,b stelzer,A5106470390,A5107843826,100
4724,b stelzer,b stelzer,A5106470390,A5107907943,100
4725,b stelzer,b stelzer,A5106470390,A5107921576,100
4726,b stelzer,b stelzer,A5106470390,A5107749653,100
4727,b stelzer,b stelzer,A5106470390,A5107910839,100
4728,b stelzer,b stelzer,A5106470390,A5107912593,100
4729,b stelzer,b stelzer,A5106470390,A5107914867,100
4730,b stelzer,b stelzer,A5106470390,A5105627570,100
4731,b stelzer,b stelzer,A5106470390,A5105178043,100
4732,b stelzer,b stelzer,A5106470390,A5105684434,100
4733,b stelzer,b stelzer,A5106470390,A5105871878,100
4734,b stelzer,b stelzer,A5106470390,A5107913522,100
4735,b stelzer,b stelzer,A5106470390,A5107923111,100
4736,b stelzer,b stelzer,A5106470390,A5105576682,100
4737,b stelzer,b stelzer,A5106470390,A5105630759,100
4738,b stelzer,b stelzer,A5106470390,A5105639927,100
4739,b stelzer,b stelzer,A5106470390,A5107367903,100
4740,b stelzer,b stelzer,A5106470390,A5135373941,100
4741,o stelzer-chilton,o stelzer-chilton,A5107853334,A5107867466,100
4742,o stelzer-chilton,o stelzer-chilton,A5107853334,A5113089671,100
4743,o stelzer-chilton,o stelzer-chilton,A5107853334,A5107939699,100
4744,o stelzer-chilton,o stelzer-chilton,A5107853334,A5107848754,100
4745,o stelzer-chilton,o stelzer-chilton,A5107867466,A5113089671,100
4746,o stelzer-chilton,o stelzer-chilton,A5107867466,A5107939699,100
4747,o stelzer-chilton,o stelzer-chilton,A5107867466,A5107848754,100
4748,dipankar sen,dipankar sen,A5080345112,A5111738193,100
4749,b stelzer,b stelzer,A5107832037,A5107852937,100
4750,b stelzer,b stelzer,A5107832037,A5107885325,100
4751,b stelzer,b stelzer,A5107832037,A5109220342,100
4752,b stelzer,b stelzer,A5107832037,A5105630097,100
4753,b stelzer,b stelzer,A5107832037,A5107852526,100
4754,b stelzer,b stelzer,A5107832037,A5107926920,100
4755,b stelzer,b stelzer,A5107832037,A5107875113,100
4756,b stelzer,b stelzer,A5107832037,A5105936614,100
4757,b stelzer,b stelzer,A5107832037,A5107911566,100
4758,b stelzer,b stelzer,A5107832037,A5105285075,100
4759,b stelzer,b stelzer,A5107832037,A5107894826,100
4760,b stelzer,b stelzer,A5107832037,A5107903224,100
4761,b stelzer,b stelzer,A5107832037,A5107843826,100
4762,b stelzer,b stelzer,A5107832037,A5107907943,100
4763,b stelzer,b stelzer,A5107832037,A5107921576,100
4764,b stelzer,b stelzer,A5107832037,A5107749653,100
4765,b stelzer,b stelzer,A5107832037,A5107910839,100
4766,b stelzer,b stelzer,A5107832037,A5107912593,100
4767,b stelzer,b stelzer,A5107832037,A5107914867,100
4768,b stelzer,b stelzer,A5107832037,A5105627570,100
4769,b stelzer,b stelzer,A5107832037,A5105178043,100
4770,b stelzer,b stelzer,A5107832037,A5105684434,100
4771,b stelzer,b stelzer,A5107832037,A5105871878,100
4772,b stelzer,b stelzer,A5107832037,A5107913522,100
4773,b stelzer,b stelzer,A5107832037,A5107923111,100
4774,b stelzer,b stelzer,A5107832037,A5105576682,100
4775,b stelzer,b stelzer,A5107832037,A5105630759,100
4776,b stelzer,b stelzer,A5107832037,A5105639927,100
4777,b stelzer,b stelzer,A5107832037,A5107367903,100
4778,b stelzer,b stelzer,A5107832037,A5135373941,100
4779,o stelzer-chilton,o stelzer-chilton,A5113089671,A5107939699,100
4780,o stelzer-chilton,o stelzer-chilton,A5113089671,A5107848754,100
4781,stephanie simmons,stephanie simmons,A5109341171,A5041989506,100
4782,jialin song,jialin song,A5071124814,A5003382415,100
4783,zhao song,zhao song,A5091070408,A5008391481,100
4784,john j spinelli,john j spinelli,A5107870371,A5106853372,100
4785,daniel r smith,daniel r smith,A5070701089,A5103160602,100
4786,daniel r smith,daniel r smith,A5070701089,A5033204967,100
4787,sarah spencer,sarah spencer,A5036026482,A5016055451,100
4788,sarah spencer,sarah spencer,A5036026482,A5113285717,100
4789,sarah spencer,sarah spencer,A5036026482,A5129690745,100
4790,sarah spencer,sarah spencer,A5036026482,A5124015847,100
4791,sarah spencer,sarah spencer,A5036026482,A5128900009,100
4792,william a scott,william a scott,A5001064251,A5122000483,100
4793,p sinervo,p sinervo,A5073283010,A5107884158,100
4794,p sinervo,p sinervo,A5073283010,A5106459212,100
4795,p sinervo,p sinervo,A5073283010,A5107908954,100
4796,p sinervo,p sinervo,A5073283010,A5107877924,100
4797,p sinervo,p sinervo,A5073283010,A5107855909,100
4798,p sinervo,p sinervo,A5073283010,A5105203741,100
4799,p sinervo,p sinervo,A5073283010,A5107827466,100
4800,p steinberg,p steinberg,A5076600411,A5111803808,100
4801,p steinberg,p steinberg,A5076600411,A5105633298,100
4802,p steinberg,p steinberg,A5076600411,A5107884553,100
4803,p steinberg,p steinberg,A5076600411,A5110211797,100
4804,p steinberg,p steinberg,A5076600411,A5107878062,100
4805,p steinberg,p steinberg,A5076600411,A5107853593,100
4806,p steinberg,p steinberg,A5076600411,A5107875653,100
4807,p steinberg,p steinberg,A5076600411,A5105643290,100
4808,p steinberg,p steinberg,A5076600411,A5107889591,100
4809,p steinberg,p steinberg,A5076600411,A5107904186,100
4810,p steinberg,p steinberg,A5076600411,A5107884733,100
4811,p steinberg,p steinberg,A5076600411,A5112008362,100
4812,p steinberg,p steinberg,A5076600411,A5107907942,100
4813,maryam saberi,maryam saberi,A5085617326,A5033450343,100
4814,daniel r smith,daniel r smith,A5103160602,A5033204967,100
4815,john m stockie,john m stockie,A5010820555,A5114564447,100
4816,p spagnoletti,p spagnoletti,A5071229096,A5047958970,100
4817,p steinberg,p steinberg,A5111803808,A5105633298,100
4818,p steinberg,p steinberg,A5111803808,A5107884553,100
4819,p steinberg,p steinberg,A5111803808,A5110211797,100
4820,p steinberg,p steinberg,A5111803808,A5107878062,100
4821,p steinberg,p steinberg,A5111803808,A5107853593,100
4822,p steinberg,p steinberg,A5111803808,A5107875653,100
4823,p steinberg,p steinberg,A5111803808,A5105643290,100
4824,p steinberg,p steinberg,A5111803808,A5107889591,100
4825,p steinberg,p steinberg,A5111803808,A5107904186,100
4826,p steinberg,p steinberg,A5111803808,A5107884733,100
4827,p steinberg,p steinberg,A5111803808,A5112008362,100
4828,p steinberg,p steinberg,A5111803808,A5107907942,100
4829,kate salters,kate salters,A5080431297,A5086737870,100
4830,sarah spencer,sarah spencer,A5016055451,A5113285717,100
4831,sarah spencer,sarah spencer,A5016055451,A5129690745,100
4832,sarah spencer,sarah spencer,A5016055451,A5124015847,100
4833,sarah spencer,sarah spencer,A5016055451,A5128900009,100
4834,richard smith,richard smith,A5104048293,A5101169590,100
4835,charles scott,charles scott,A5039664215,A5135154319,100
4836,haolun shi,haolun shi,A5066373758,A5050818931,100
4837,p sinervo,p sinervo,A5107884158,A5106459212,100
4838,p sinervo,p sinervo,A5107884158,A5107908954,100
4839,p sinervo,p sinervo,A5107884158,A5107877924,100
4840,p sinervo,p sinervo,A5107884158,A5107855909,100
4841,p sinervo,p sinervo,A5107884158,A5105203741,100
4842,p sinervo,p sinervo,A5107884158,A5107827466,100
4843,jiyoung shin,jiyoung shin,A5109363537,A5023662075,100
4844,p steinberg,p steinberg,A5105633298,A5107884553,100
4845,p steinberg,p steinberg,A5105633298,A5110211797,100
4846,p steinberg,p steinberg,A5105633298,A5107878062,100
4847,p steinberg,p steinberg,A5105633298,A5107853593,100
4848,p steinberg,p steinberg,A5105633298,A5107875653,100
4849,p steinberg,p steinberg,A5105633298,A5105643290,100
4850,p steinberg,p steinberg,A5105633298,A5107889591,100
4851,p steinberg,p steinberg,A5105633298,A5107904186,100
4852,p steinberg,p steinberg,A5105633298,A5107884733,100
4853,p steinberg,p steinberg,A5105633298,A5112008362,100
4854,p steinberg,p steinberg,A5105633298,A5107907942,100
4855,travis salway,travis salway,A5091021879,A5130338141,100
4856,bingyun sun,bingyun sun,A5030344959,A5109259416,100
4857,bingyun sun,bingyun sun,A5030344959,A5124949965,100
4858,d stead,d stead,A5110425840,A5074257141,100
4859,xiaochuan sun,xiaochuan sun,A5101583418,A5083899106,100
4860,yifan shi,yifan shi,A5030421835,A5101605727,100
4861,jason stearns,jason stearns,A5001695653,A5012466903,100
4862,anmol sharma,anmol sharma,A5101129233,A5015908386,100
4863,v sinetckii,v sinetckii,A5107940741,A5107924734,100
4864,v sinetckii,v sinetckii,A5107940741,A5107921080,100
4865,p sinervo,p sinervo,A5106459212,A5107908954,100
4866,p sinervo,p sinervo,A5106459212,A5107877924,100
4867,p sinervo,p sinervo,A5106459212,A5107855909,100
4868,p sinervo,p sinervo,A5106459212,A5105203741,100
4869,p sinervo,p sinervo,A5106459212,A5107827466,100
4870,jennifer scott,jennifer scott,A5103005052,A5103337246,100
4871,p steinberg,p steinberg,A5107884553,A5110211797,100
4872,p steinberg,p steinberg,A5107884553,A5107878062,100
4873,p steinberg,p steinberg,A5107884553,A5107853593,100
4874,p steinberg,p steinberg,A5107884553,A5107875653,100
4875,p steinberg,p steinberg,A5107884553,A5105643290,100
4876,p steinberg,p steinberg,A5107884553,A5107889591,100
4877,p steinberg,p steinberg,A5107884553,A5107904186,100
4878,p steinberg,p steinberg,A5107884553,A5107884733,100
4879,p steinberg,p steinberg,A5107884553,A5112008362,100
4880,p steinberg,p steinberg,A5107884553,A5107907942,100
4881,o stelzer-chilton,o stelzer-chilton,A5107939699,A5107848754,100
4882,p steinberg,p steinberg,A5110211797,A5107878062,100
4883,p steinberg,p steinberg,A5110211797,A5107853593,100
4884,p steinberg,p steinberg,A5110211797,A5107875653,100
4885,p steinberg,p steinberg,A5110211797,A5105643290,100
4886,p steinberg,p steinberg,A5110211797,A5107889591,100
4887,p steinberg,p steinberg,A5110211797,A5107904186,100
4888,p steinberg,p steinberg,A5110211797,A5107884733,100
4889,p steinberg,p steinberg,A5110211797,A5112008362,100
4890,p steinberg,p steinberg,A5110211797,A5107907942,100
4891,p sinervo,p sinervo,A5107908954,A5107877924,100
4892,p sinervo,p sinervo,A5107908954,A5107855909,100
4893,p sinervo,p sinervo,A5107908954,A5105203741,100
4894,p sinervo,p sinervo,A5107908954,A5107827466,100
4895,b stelzer,b stelzer,A5107852937,A5107885325,100
4896,b stelzer,b stelzer,A5107852937,A5109220342,100
4897,b stelzer,b stelzer,A5107852937,A5105630097,100
4898,b stelzer,b stelzer,A5107852937,A5107852526,100
4899,b stelzer,b stelzer,A5107852937,A5107926920,100
4900,b stelzer,b stelzer,A5107852937,A5107875113,100
4901,b stelzer,b stelzer,A5107852937,A5105936614,100
4902,b stelzer,b stelzer,A5107852937,A5107911566,100
4903,b stelzer,b stelzer,A5107852937,A5105285075,100
4904,b stelzer,b stelzer,A5107852937,A5107894826,100
4905,b stelzer,b stelzer,A5107852937,A5107903224,100
4906,b stelzer,b stelzer,A5107852937,A5107843826,100
4907,b stelzer,b stelzer,A5107852937,A5107907943,100
4908,b stelzer,b stelzer,A5107852937,A5107921576,100
4909,b stelzer,b stelzer,A5107852937,A5107749653,100
4910,b stelzer,b stelzer,A5107852937,A5107910839,100
4911,b stelzer,b stelzer,A5107852937,A5107912593,100
4912,b stelzer,b stelzer,A5107852937,A5107914867,100
4913,b stelzer,b stelzer,A5107852937,A5105627570,100
4914,b stelzer,b stelzer,A5107852937,A5105178043,100
4915,b stelzer,b stelzer,A5107852937,A5105684434,100
4916,b stelzer,b stelzer,A5107852937,A5105871878,100
4917,b stelzer,b stelzer,A5107852937,A5107913522,100
4918,b stelzer,b stelzer,A5107852937,A5107923111,100
4919,b stelzer,b stelzer,A5107852937,A5105576682,100
4920,b stelzer,b stelzer,A5107852937,A5105630759,100
4921,b stelzer,b stelzer,A5107852937,A5105639927,100
4922,b stelzer,b stelzer,A5107852937,A5107367903,100
4923,b stelzer,b stelzer,A5107852937,A5135373941,100
4924,p steinberg,p steinberg,A5107878062,A5107853593,100
4925,p steinberg,p steinberg,A5107878062,A5107875653,100
4926,p steinberg,p steinberg,A5107878062,A5105643290,100
4927,p steinberg,p steinberg,A5107878062,A5107889591,100
4928,p steinberg,p steinberg,A5107878062,A5107904186,100
4929,p steinberg,p steinberg,A5107878062,A5107884733,100
4930,p steinberg,p steinberg,A5107878062,A5112008362,100
4931,p steinberg,p steinberg,A5107878062,A5107907942,100
4932,nathalie sinclair,nathalie sinclair,A5111814811,A5129885180,100
4933,b stelzer,b stelzer,A5107885325,A5109220342,100
4934,b stelzer,b stelzer,A5107885325,A5105630097,100
4935,b stelzer,b stelzer,A5107885325,A5107852526,100
4936,b stelzer,b stelzer,A5107885325,A5107926920,100
4937,b stelzer,b stelzer,A5107885325,A5107875113,100
4938,b stelzer,b stelzer,A5107885325,A5105936614,100
4939,b stelzer,b stelzer,A5107885325,A5107911566,100
4940,b stelzer,b stelzer,A5107885325,A5105285075,100
4941,b stelzer,b stelzer,A5107885325,A5107894826,100
4942,b stelzer,b stelzer,A5107885325,A5107903224,100
4943,b stelzer,b stelzer,A5107885325,A5107843826,100
4944,b stelzer,b stelzer,A5107885325,A5107907943,100
4945,b stelzer,b stelzer,A5107885325,A5107921576,100
4946,b stelzer,b stelzer,A5107885325,A5107749653,100
4947,b stelzer,b stelzer,A5107885325,A5107910839,100
4948,b stelzer,b stelzer,A5107885325,A5107912593,100
4949,b stelzer,b stelzer,A5107885325,A5107914867,100
4950,b stelzer,b stelzer,A5107885325,A5105627570,100
4951,b stelzer,b stelzer,A5107885325,A5105178043,100
4952,b stelzer,b stelzer,A5107885325,A5105684434,100
4953,b stelzer,b stelzer,A5107885325,A5105871878,100
4954,b stelzer,b stelzer,A5107885325,A5107913522,100
4955,b stelzer,b stelzer,A5107885325,A5107923111,100
4956,b stelzer,b stelzer,A5107885325,A5105576682,100
4957,b stelzer,b stelzer,A5107885325,A5105630759,100
4958,b stelzer,b stelzer,A5107885325,A5105639927,100
4959,b stelzer,b stelzer,A5107885325,A5107367903,100
4960,b stelzer,b stelzer,A5107885325,A5135373941,100
4961,leah shipton,leah shipton,A5052716722,A5094149020,100
4962,leah shipton,leah shipton,A5052716722,A5121947494,100
4963,s singh,s singh,A5108064129,A5107943841,100
4964,s singh,s singh,A5108064129,A5107904038,100
4965,s singh,s singh,A5108064129,A5107916586,100
4966,s singh,s singh,A5108064129,A5107900979,100
4967,s singh,s singh,A5108064129,A5107921566,100
4968,s singh,s singh,A5108064129,A5105558346,100
4969,s singh,s singh,A5108064129,A5107955005,100
4970,s singh,s singh,A5108064129,A5105842275,100
4971,g stavropoulos,g stavropoulos,A5107902681,A5107926919,100
4972,sundeep singh,sundeep singh,A5108133397,A5106446792,100
4973,ehsan sadeghi,ehsan sadeghi,A5061479859,A5101685651,100
4974,p steinberg,p steinberg,A5107853593,A5107875653,100
4975,p steinberg,p steinberg,A5107853593,A5105643290,100
4976,p steinberg,p steinberg,A5107853593,A5107889591,100
4977,p steinberg,p steinberg,A5107853593,A5107904186,100
4978,p steinberg,p steinberg,A5107853593,A5107884733,100
4979,p steinberg,p steinberg,A5107853593,A5112008362,100
4980,p steinberg,p steinberg,A5107853593,A5107907942,100
4981,jeffrey a van santen,jeffrey a van santen,A5071037562,A5106945613,100
4982,p sinervo,p sinervo,A5107877924,A5107855909,100
4983,p sinervo,p sinervo,A5107877924,A5105203741,100
4984,p sinervo,p sinervo,A5107877924,A5107827466,100
4985,david sun,david sun,A5112389755,A5040538968,100
4986,s singh,s singh,A5107943841,A5107904038,100
4987,s singh,s singh,A5107943841,A5107916586,100
4988,s singh,s singh,A5107943841,A5107900979,100
4989,s singh,s singh,A5107943841,A5107921566,100
4990,s singh,s singh,A5107943841,A5105558346,100
4991,s singh,s singh,A5107943841,A5107955005,100
4992,s singh,s singh,A5107943841,A5105842275,100
4993,nilesh saraf,nilesh saraf,A5109031966,A5103100176,100
4994,b stelzer,b stelzer,A5109220342,A5105630097,100
4995,b stelzer,b stelzer,A5109220342,A5107852526,100
4996,b stelzer,b stelzer,A5109220342,A5107926920,100
4997,b stelzer,b stelzer,A5109220342,A5107875113,100
4998,b stelzer,b stelzer,A5109220342,A5105936614,100
4999,b stelzer,b stelzer,A5109220342,A5107911566,100
5000,b stelzer,b stelzer,A5109220342,A5105285075,100
5001,b stelzer,b stelzer,A5109220342,A5107894826,100
5002,b stelzer,b stelzer,A5109220342,A5107903224,100
5003,b stelzer,b stelzer,A5109220342,A5107843826,100
5004,b stelzer,b stelzer,A5109220342,A5107907943,100
5005,b stelzer,b stelzer,A5109220342,A5107921576,100
5006,b stelzer,b stelzer,A5109220342,A5107749653,100
5007,b stelzer,b stelzer,A5109220342,A5107910839,100
5008,b stelzer,b stelzer,A5109220342,A5107912593,100
5009,b stelzer,b stelzer,A5109220342,A5107914867,100
5010,b stelzer,b stelzer,A5109220342,A5105627570,100
5011,b stelzer,b stelzer,A5109220342,A5105178043,100
5012,b stelzer,b stelzer,A5109220342,A5105684434,100
5013,b stelzer,b stelzer,A5109220342,A5105871878,100
5014,b stelzer,b stelzer,A5109220342,A5107913522,100
5015,b stelzer,b stelzer,A5109220342,A5107923111,100
5016,b stelzer,b stelzer,A5109220342,A5105576682,100
5017,b stelzer,b stelzer,A5109220342,A5105630759,100
5018,b stelzer,b stelzer,A5109220342,A5105639927,100
5019,b stelzer,b stelzer,A5109220342,A5107367903,100
5020,b stelzer,b stelzer,A5109220342,A5135373941,100
5021,b stelzer,b stelzer,A5105630097,A5107852526,100
5022,b stelzer,b stelzer,A5105630097,A5107926920,100
5023,b stelzer,b stelzer,A5105630097,A5107875113,100
5024,b stelzer,b stelzer,A5105630097,A5105936614,100
5025,b stelzer,b stelzer,A5105630097,A5107911566,100
5026,b stelzer,b stelzer,A5105630097,A5105285075,100
5027,b stelzer,b stelzer,A5105630097,A5107894826,100
5028,b stelzer,b stelzer,A5105630097,A5107903224,100
5029,b stelzer,b stelzer,A5105630097,A5107843826,100
5030,b stelzer,b stelzer,A5105630097,A5107907943,100
5031,b stelzer,b stelzer,A5105630097,A5107921576,100
5032,b stelzer,b stelzer,A5105630097,A5107749653,100
5033,b stelzer,b stelzer,A5105630097,A5107910839,100
5034,b stelzer,b stelzer,A5105630097,A5107912593,100
5035,b stelzer,b stelzer,A5105630097,A5107914867,100
5036,b stelzer,b stelzer,A5105630097,A5105627570,100
5037,b stelzer,b stelzer,A5105630097,A5105178043,100
5038,b stelzer,b stelzer,A5105630097,A5105684434,100
5039,b stelzer,b stelzer,A5105630097,A5105871878,100
5040,b stelzer,b stelzer,A5105630097,A5107913522,100
5041,b stelzer,b stelzer,A5105630097,A5107923111,100
5042,b stelzer,b stelzer,A5105630097,A5105576682,100
5043,b stelzer,b stelzer,A5105630097,A5105630759,100
5044,b stelzer,b stelzer,A5105630097,A5105639927,100
5045,b stelzer,b stelzer,A5105630097,A5107367903,100
5046,b stelzer,b stelzer,A5105630097,A5135373941,100
5047,b stelzer,b stelzer,A5107852526,A5107926920,100
5048,b stelzer,b stelzer,A5107852526,A5107875113,100
5049,b stelzer,b stelzer,A5107852526,A5105936614,100
5050,b stelzer,b stelzer,A5107852526,A5107911566,100
5051,b stelzer,b stelzer,A5107852526,A5105285075,100
5052,b stelzer,b stelzer,A5107852526,A5107894826,100
5053,b stelzer,b stelzer,A5107852526,A5107903224,100
5054,b stelzer,b stelzer,A5107852526,A5107843826,100
5055,b stelzer,b stelzer,A5107852526,A5107907943,100
5056,b stelzer,b stelzer,A5107852526,A5107921576,100
5057,b stelzer,b stelzer,A5107852526,A5107749653,100
5058,b stelzer,b stelzer,A5107852526,A5107910839,100
5059,b stelzer,b stelzer,A5107852526,A5107912593,100
5060,b stelzer,b stelzer,A5107852526,A5107914867,100
5061,b stelzer,b stelzer,A5107852526,A5105627570,100
5062,b stelzer,b stelzer,A5107852526,A5105178043,100
5063,b stelzer,b stelzer,A5107852526,A5105684434,100
5064,b stelzer,b stelzer,A5107852526,A5105871878,100
5065,b stelzer,b stelzer,A5107852526,A5107913522,100
5066,b stelzer,b stelzer,A5107852526,A5107923111,100
5067,b stelzer,b stelzer,A5107852526,A5105576682,100
5068,b stelzer,b stelzer,A5107852526,A5105630759,100
5069,b stelzer,b stelzer,A5107852526,A5105639927,100
5070,b stelzer,b stelzer,A5107852526,A5107367903,100
5071,b stelzer,b stelzer,A5107852526,A5135373941,100
5072,yuhao sun,yuhao sun,A5100660850,A5100660844,100
5073,p steinberg,p steinberg,A5107875653,A5105643290,100
5074,p steinberg,p steinberg,A5107875653,A5107889591,100
5075,p steinberg,p steinberg,A5107875653,A5107904186,100
5076,p steinberg,p steinberg,A5107875653,A5107884733,100
5077,p steinberg,p steinberg,A5107875653,A5112008362,100
5078,p steinberg,p steinberg,A5107875653,A5107907942,100
5079,p steinberg,p steinberg,A5105643290,A5107889591,100
5080,p steinberg,p steinberg,A5105643290,A5107904186,100
5081,p steinberg,p steinberg,A5105643290,A5107884733,100
5082,p steinberg,p steinberg,A5105643290,A5112008362,100
5083,p steinberg,p steinberg,A5105643290,A5107907942,100
5084,p sinervo,p sinervo,A5107855909,A5105203741,100
5085,p sinervo,p sinervo,A5107855909,A5107827466,100
5086,s m shaw,s m shaw,A5108848062,A5108140923,100
5087,s m shaw,s m shaw,A5108848062,A5107591510,100
5088,s m shaw,s m shaw,A5108848062,A5107875763,100
5089,b stelzer,b stelzer,A5107926920,A5107875113,100
5090,b stelzer,b stelzer,A5107926920,A5105936614,100
5091,b stelzer,b stelzer,A5107926920,A5107911566,100
5092,b stelzer,b stelzer,A5107926920,A5105285075,100
5093,b stelzer,b stelzer,A5107926920,A5107894826,100
5094,b stelzer,b stelzer,A5107926920,A5107903224,100
5095,b stelzer,b stelzer,A5107926920,A5107843826,100
5096,b stelzer,b stelzer,A5107926920,A5107907943,100
5097,b stelzer,b stelzer,A5107926920,A5107921576,100
5098,b stelzer,b stelzer,A5107926920,A5107749653,100
5099,b stelzer,b stelzer,A5107926920,A5107910839,100
5100,b stelzer,b stelzer,A5107926920,A5107912593,100
5101,b stelzer,b stelzer,A5107926920,A5107914867,100
5102,b stelzer,b stelzer,A5107926920,A5105627570,100
5103,b stelzer,b stelzer,A5107926920,A5105178043,100
5104,b stelzer,b stelzer,A5107926920,A5105684434,100
5105,b stelzer,b stelzer,A5107926920,A5105871878,100
5106,b stelzer,b stelzer,A5107926920,A5107913522,100
5107,b stelzer,b stelzer,A5107926920,A5107923111,100
5108,b stelzer,b stelzer,A5107926920,A5105576682,100
5109,b stelzer,b stelzer,A5107926920,A5105630759,100
5110,b stelzer,b stelzer,A5107926920,A5105639927,100
5111,b stelzer,b stelzer,A5107926920,A5107367903,100
5112,b stelzer,b stelzer,A5107926920,A5135373941,100
5113,s m shaw,s m shaw,A5108140923,A5107591510,100
5114,s m shaw,s m shaw,A5108140923,A5107875763,100
5115,amir shabani,amir shabani,A5038279279,A5123382204,100
5116,ashwin samudre,ashwin samudre,A5081306915,A5114395731,100
5117,p sinervo,p sinervo,A5105203741,A5107827466,100
5118,hossein sharifi-noghabi,hossein sharifi-noghabi,A5032352229,A5007272574,100
5119,julia smith,julia smith,A5103820823,A5047970127,100
5120,julia smith,julia smith,A5103820823,A5125255042,100
5121,julia smith,julia smith,A5103820823,A5129988355,100
5122,jon smith,jon smith,A5112429696,A5036375387,100
5123,sarah spencer,sarah spencer,A5113285717,A5129690745,100
5124,sarah spencer,sarah spencer,A5113285717,A5124015847,100
5125,sarah spencer,sarah spencer,A5113285717,A5128900009,100
5126,b stelzer,b stelzer,A5107875113,A5105936614,100
5127,b stelzer,b stelzer,A5107875113,A5107911566,100
5128,b stelzer,b stelzer,A5107875113,A5105285075,100
5129,b stelzer,b stelzer,A5107875113,A5107894826,100
5130,b stelzer,b stelzer,A5107875113,A5107903224,100
5131,b stelzer,b stelzer,A5107875113,A5107843826,100
5132,b stelzer,b stelzer,A5107875113,A5107907943,100
5133,b stelzer,b stelzer,A5107875113,A5107921576,100
5134,b stelzer,b stelzer,A5107875113,A5107749653,100
5135,b stelzer,b stelzer,A5107875113,A5107910839,100
5136,b stelzer,b stelzer,A5107875113,A5107912593,100
5137,b stelzer,b stelzer,A5107875113,A5107914867,100
5138,b stelzer,b stelzer,A5107875113,A5105627570,100
5139,b stelzer,b stelzer,A5107875113,A5105178043,100
5140,b stelzer,b stelzer,A5107875113,A5105684434,100
5141,b stelzer,b stelzer,A5107875113,A5105871878,100
5142,b stelzer,b stelzer,A5107875113,A5107913522,100
5143,b stelzer,b stelzer,A5107875113,A5107923111,100
5144,b stelzer,b stelzer,A5107875113,A5105576682,100
5145,b stelzer,b stelzer,A5107875113,A5105630759,100
5146,b stelzer,b stelzer,A5107875113,A5105639927,100
5147,b stelzer,b stelzer,A5107875113,A5107367903,100
5148,b stelzer,b stelzer,A5107875113,A5135373941,100
5149,b stelzer,b stelzer,A5105936614,A5107911566,100
5150,b stelzer,b stelzer,A5105936614,A5105285075,100
5151,b stelzer,b stelzer,A5105936614,A5107894826,100
5152,b stelzer,b stelzer,A5105936614,A5107903224,100
5153,b stelzer,b stelzer,A5105936614,A5107843826,100
5154,b stelzer,b stelzer,A5105936614,A5107907943,100
5155,b stelzer,b stelzer,A5105936614,A5107921576,100
5156,b stelzer,b stelzer,A5105936614,A5107749653,100
5157,b stelzer,b stelzer,A5105936614,A5107910839,100
5158,b stelzer,b stelzer,A5105936614,A5107912593,100
5159,b stelzer,b stelzer,A5105936614,A5107914867,100
5160,b stelzer,b stelzer,A5105936614,A5105627570,100
5161,b stelzer,b stelzer,A5105936614,A5105178043,100
5162,b stelzer,b stelzer,A5105936614,A5105684434,100
5163,b stelzer,b stelzer,A5105936614,A5105871878,100
5164,b stelzer,b stelzer,A5105936614,A5107913522,100
5165,b stelzer,b stelzer,A5105936614,A5107923111,100
5166,b stelzer,b stelzer,A5105936614,A5105576682,100
5167,b stelzer,b stelzer,A5105936614,A5105630759,100
5168,b stelzer,b stelzer,A5105936614,A5105639927,100
5169,b stelzer,b stelzer,A5105936614,A5107367903,100
5170,b stelzer,b stelzer,A5105936614,A5135373941,100
5171,p steinberg,p steinberg,A5107889591,A5107904186,100
5172,p steinberg,p steinberg,A5107889591,A5107884733,100
5173,p steinberg,p steinberg,A5107889591,A5112008362,100
5174,p steinberg,p steinberg,A5107889591,A5107907942,100
5175,p steinberg,p steinberg,A5107904186,A5107884733,100
5176,p steinberg,p steinberg,A5107904186,A5112008362,100
5177,p steinberg,p steinberg,A5107904186,A5107907942,100
5178,b stelzer,b stelzer,A5107911566,A5105285075,100
5179,b stelzer,b stelzer,A5107911566,A5107894826,100
5180,b stelzer,b stelzer,A5107911566,A5107903224,100
5181,b stelzer,b stelzer,A5107911566,A5107843826,100
5182,b stelzer,b stelzer,A5107911566,A5107907943,100
5183,b stelzer,b stelzer,A5107911566,A5107921576,100
5184,b stelzer,b stelzer,A5107911566,A5107749653,100
5185,b stelzer,b stelzer,A5107911566,A5107910839,100
5186,b stelzer,b stelzer,A5107911566,A5107912593,100
5187,b stelzer,b stelzer,A5107911566,A5107914867,100
5188,b stelzer,b stelzer,A5107911566,A5105627570,100
5189,b stelzer,b stelzer,A5107911566,A5105178043,100
5190,b stelzer,b stelzer,A5107911566,A5105684434,100
5191,b stelzer,b stelzer,A5107911566,A5105871878,100
5192,b stelzer,b stelzer,A5107911566,A5107913522,100
5193,b stelzer,b stelzer,A5107911566,A5107923111,100
5194,b stelzer,b stelzer,A5107911566,A5105576682,100
5195,b stelzer,b stelzer,A5107911566,A5105630759,100
5196,b stelzer,b stelzer,A5107911566,A5105639927,100
5197,b stelzer,b stelzer,A5107911566,A5107367903,100
5198,b stelzer,b stelzer,A5107911566,A5135373941,100
5199,b stelzer,b stelzer,A5105285075,A5107894826,100
5200,b stelzer,b stelzer,A5105285075,A5107903224,100
5201,b stelzer,b stelzer,A5105285075,A5107843826,100
5202,b stelzer,b stelzer,A5105285075,A5107907943,100
5203,b stelzer,b stelzer,A5105285075,A5107921576,100
5204,b stelzer,b stelzer,A5105285075,A5107749653,100
5205,b stelzer,b stelzer,A5105285075,A5107910839,100
5206,b stelzer,b stelzer,A5105285075,A5107912593,100
5207,b stelzer,b stelzer,A5105285075,A5107914867,100
5208,b stelzer,b stelzer,A5105285075,A5105627570,100
5209,b stelzer,b stelzer,A5105285075,A5105178043,100
5210,b stelzer,b stelzer,A5105285075,A5105684434,100
5211,b stelzer,b stelzer,A5105285075,A5105871878,100
5212,b stelzer,b stelzer,A5105285075,A5107913522,100
5213,b stelzer,b stelzer,A5105285075,A5107923111,100
5214,b stelzer,b stelzer,A5105285075,A5105576682,100
5215,b stelzer,b stelzer,A5105285075,A5105630759,100
5216,b stelzer,b stelzer,A5105285075,A5105639927,100
5217,b stelzer,b stelzer,A5105285075,A5107367903,100
5218,b stelzer,b stelzer,A5105285075,A5135373941,100
5219,b stelzer,b stelzer,A5107894826,A5107903224,100
5220,b stelzer,b stelzer,A5107894826,A5107843826,100
5221,b stelzer,b stelzer,A5107894826,A5107907943,100
5222,b stelzer,b stelzer,A5107894826,A5107921576,100
5223,b stelzer,b stelzer,A5107894826,A5107749653,100
5224,b stelzer,b stelzer,A5107894826,A5107910839,100
5225,b stelzer,b stelzer,A5107894826,A5107912593,100
5226,b stelzer,b stelzer,A5107894826,A5107914867,100
5227,b stelzer,b stelzer,A5107894826,A5105627570,100
5228,b stelzer,b stelzer,A5107894826,A5105178043,100
5229,b stelzer,b stelzer,A5107894826,A5105684434,100
5230,b stelzer,b stelzer,A5107894826,A5105871878,100
5231,b stelzer,b stelzer,A5107894826,A5107913522,100
5232,b stelzer,b stelzer,A5107894826,A5107923111,100
5233,b stelzer,b stelzer,A5107894826,A5105576682,100
5234,b stelzer,b stelzer,A5107894826,A5105630759,100
5235,b stelzer,b stelzer,A5107894826,A5105639927,100
5236,b stelzer,b stelzer,A5107894826,A5107367903,100
5237,b stelzer,b stelzer,A5107894826,A5135373941,100
5238,v sinetckii,v sinetckii,A5107924734,A5107921080,100
5239,b stelzer,b stelzer,A5107903224,A5107843826,100
5240,b stelzer,b stelzer,A5107903224,A5107907943,100
5241,b stelzer,b stelzer,A5107903224,A5107921576,100
5242,b stelzer,b stelzer,A5107903224,A5107749653,100
5243,b stelzer,b stelzer,A5107903224,A5107910839,100
5244,b stelzer,b stelzer,A5107903224,A5107912593,100
5245,b stelzer,b stelzer,A5107903224,A5107914867,100
5246,b stelzer,b stelzer,A5107903224,A5105627570,100
5247,b stelzer,b stelzer,A5107903224,A5105178043,100
5248,b stelzer,b stelzer,A5107903224,A5105684434,100
5249,b stelzer,b stelzer,A5107903224,A5105871878,100
5250,b stelzer,b stelzer,A5107903224,A5107913522,100
5251,b stelzer,b stelzer,A5107903224,A5107923111,100
5252,b stelzer,b stelzer,A5107903224,A5105576682,100
5253,b stelzer,b stelzer,A5107903224,A5105630759,100
5254,b stelzer,b stelzer,A5107903224,A5105639927,100
5255,b stelzer,b stelzer,A5107903224,A5107367903,100
5256,b stelzer,b stelzer,A5107903224,A5135373941,100
5257,j steentoft,j steentoft,A5107937679,A5107941269,100
5258,j steentoft,j steentoft,A5107937679,A5105728333,100
5259,s m shaw,s m shaw,A5107591510,A5107875763,100
5260,bernd stelzer,bernd stelzer,A5107119542,A5113305849,100
5261,bernd stelzer,bernd stelzer,A5107119542,A5105619231,100
5262,bernd stelzer,bernd stelzer,A5107119542,A5105240234,100
5263,jonas stoll,jonas stoll,A5051397053,A5078582129,100
5264,b stelzer,b stelzer,A5107843826,A5107907943,100
5265,b stelzer,b stelzer,A5107843826,A5107921576,100
5266,b stelzer,b stelzer,A5107843826,A5107749653,100
5267,b stelzer,b stelzer,A5107843826,A5107910839,100
5268,b stelzer,b stelzer,A5107843826,A5107912593,100
5269,b stelzer,b stelzer,A5107843826,A5107914867,100
5270,b stelzer,b stelzer,A5107843826,A5105627570,100
5271,b stelzer,b stelzer,A5107843826,A5105178043,100
5272,b stelzer,b stelzer,A5107843826,A5105684434,100
5273,b stelzer,b stelzer,A5107843826,A5105871878,100
5274,b stelzer,b stelzer,A5107843826,A5107913522,100
5275,b stelzer,b stelzer,A5107843826,A5107923111,100
5276,b stelzer,b stelzer,A5107843826,A5105576682,100
5277,b stelzer,b stelzer,A5107843826,A5105630759,100
5278,b stelzer,b stelzer,A5107843826,A5105639927,100
5279,b stelzer,b stelzer,A5107843826,A5107367903,100
5280,b stelzer,b stelzer,A5107843826,A5135373941,100
5281,p steinberg,p steinberg,A5107884733,A5112008362,100
5282,p steinberg,p steinberg,A5107884733,A5107907942,100
5283,p steinberg,p steinberg,A5112008362,A5107907942,100
5284,s singh,s singh,A5107904038,A5107916586,100
5285,s singh,s singh,A5107904038,A5107900979,100
5286,s singh,s singh,A5107904038,A5107921566,100
5287,s singh,s singh,A5107904038,A5105558346,100
5288,s singh,s singh,A5107904038,A5107955005,100
5289,s singh,s singh,A5107904038,A5105842275,100
5290,s singh,s singh,A5107916586,A5107900979,100
5291,s singh,s singh,A5107916586,A5107921566,100
5292,s singh,s singh,A5107916586,A5105558346,100
5293,s singh,s singh,A5107916586,A5107955005,100
5294,s singh,s singh,A5107916586,A5105842275,100
5295,bernd stelzer,bernd stelzer,A5113305849,A5105619231,100
5296,bernd stelzer,bernd stelzer,A5113305849,A5105240234,100
5297,neha shivhare,neha shivhare,A5050482813,A5022932774,100
5298,d j sheppard,d j sheppard,A5105871868,A5105728257,100
5299,d j sheppard,d j sheppard,A5105871868,A5107946472,100
5300,d j sheppard,d j sheppard,A5105871868,A5123024589,100
5301,d j sheppard,d j sheppard,A5105871868,A5123120813,100
5302,d j sheppard,d j sheppard,A5105871868,A5126023674,100
5303,d j sheppard,d j sheppard,A5105871868,A5126963199,100
5304,d j sheppard,d j sheppard,A5105871868,A5135325249,100
5305,s singh,s singh,A5107900979,A5107921566,100
5306,s singh,s singh,A5107900979,A5105558346,100
5307,s singh,s singh,A5107900979,A5107955005,100
5308,s singh,s singh,A5107900979,A5105842275,100
5309,b stelzer,b stelzer,A5107907943,A5107921576,100
5310,b stelzer,b stelzer,A5107907943,A5107749653,100
5311,b stelzer,b stelzer,A5107907943,A5107910839,100
5312,b stelzer,b stelzer,A5107907943,A5107912593,100
5313,b stelzer,b stelzer,A5107907943,A5107914867,100
5314,b stelzer,b stelzer,A5107907943,A5105627570,100
5315,b stelzer,b stelzer,A5107907943,A5105178043,100
5316,b stelzer,b stelzer,A5107907943,A5105684434,100
5317,b stelzer,b stelzer,A5107907943,A5105871878,100
5318,b stelzer,b stelzer,A5107907943,A5107913522,100
5319,b stelzer,b stelzer,A5107907943,A5107923111,100
5320,b stelzer,b stelzer,A5107907943,A5105576682,100
5321,b stelzer,b stelzer,A5107907943,A5105630759,100
5322,b stelzer,b stelzer,A5107907943,A5105639927,100
5323,b stelzer,b stelzer,A5107907943,A5107367903,100
5324,b stelzer,b stelzer,A5107907943,A5135373941,100
5325,s singh,s singh,A5107921566,A5105558346,100
5326,s singh,s singh,A5107921566,A5107955005,100
5327,s singh,s singh,A5107921566,A5105842275,100
5328,b stelzer,b stelzer,A5107921576,A5107749653,100
5329,b stelzer,b stelzer,A5107921576,A5107910839,100
5330,b stelzer,b stelzer,A5107921576,A5107912593,100
5331,b stelzer,b stelzer,A5107921576,A5107914867,100
5332,b stelzer,b stelzer,A5107921576,A5105627570,100
5333,b stelzer,b stelzer,A5107921576,A5105178043,100
5334,b stelzer,b stelzer,A5107921576,A5105684434,100
5335,b stelzer,b stelzer,A5107921576,A5105871878,100
5336,b stelzer,b stelzer,A5107921576,A5107913522,100
5337,b stelzer,b stelzer,A5107921576,A5107923111,100
5338,b stelzer,b stelzer,A5107921576,A5105576682,100
5339,b stelzer,b stelzer,A5107921576,A5105630759,100
5340,b stelzer,b stelzer,A5107921576,A5105639927,100
5341,b stelzer,b stelzer,A5107921576,A5107367903,100
5342,b stelzer,b stelzer,A5107921576,A5135373941,100
5343,mani sadati,mani sadati,A5023515660,A5083398015,100
5344,d j sheppard,d j sheppard,A5105728257,A5107946472,100
5345,d j sheppard,d j sheppard,A5105728257,A5123024589,100
5346,d j sheppard,d j sheppard,A5105728257,A5123120813,100
5347,d j sheppard,d j sheppard,A5105728257,A5126023674,100
5348,d j sheppard,d j sheppard,A5105728257,A5126963199,100
5349,d j sheppard,d j sheppard,A5105728257,A5135325249,100
5350,b stelzer,b stelzer,A5107749653,A5107910839,100
5351,b stelzer,b stelzer,A5107749653,A5107912593,100
5352,b stelzer,b stelzer,A5107749653,A5107914867,100
5353,b stelzer,b stelzer,A5107749653,A5105627570,100
5354,b stelzer,b stelzer,A5107749653,A5105178043,100
5355,b stelzer,b stelzer,A5107749653,A5105684434,100
5356,b stelzer,b stelzer,A5107749653,A5105871878,100
5357,b stelzer,b stelzer,A5107749653,A5107913522,100
5358,b stelzer,b stelzer,A5107749653,A5107923111,100
5359,b stelzer,b stelzer,A5107749653,A5105576682,100
5360,b stelzer,b stelzer,A5107749653,A5105630759,100
5361,b stelzer,b stelzer,A5107749653,A5105639927,100
5362,b stelzer,b stelzer,A5107749653,A5107367903,100
5363,b stelzer,b stelzer,A5107749653,A5135373941,100
5364,b stelzer,b stelzer,A5107910839,A5107912593,100
5365,b stelzer,b stelzer,A5107910839,A5107914867,100
5366,b stelzer,b stelzer,A5107910839,A5105627570,100
5367,b stelzer,b stelzer,A5107910839,A5105178043,100
5368,b stelzer,b stelzer,A5107910839,A5105684434,100
5369,b stelzer,b stelzer,A5107910839,A5105871878,100
5370,b stelzer,b stelzer,A5107910839,A5107913522,100
5371,b stelzer,b stelzer,A5107910839,A5107923111,100
5372,b stelzer,b stelzer,A5107910839,A5105576682,100
5373,b stelzer,b stelzer,A5107910839,A5105630759,100
5374,b stelzer,b stelzer,A5107910839,A5105639927,100
5375,b stelzer,b stelzer,A5107910839,A5107367903,100
5376,b stelzer,b stelzer,A5107910839,A5135373941,100
5377,b stelzer,b stelzer,A5107912593,A5107914867,100
5378,b stelzer,b stelzer,A5107912593,A5105627570,100
5379,b stelzer,b stelzer,A5107912593,A5105178043,100
5380,b stelzer,b stelzer,A5107912593,A5105684434,100
5381,b stelzer,b stelzer,A5107912593,A5105871878,100
5382,b stelzer,b stelzer,A5107912593,A5107913522,100
5383,b stelzer,b stelzer,A5107912593,A5107923111,100
5384,b stelzer,b stelzer,A5107912593,A5105576682,100
5385,b stelzer,b stelzer,A5107912593,A5105630759,100
5386,b stelzer,b stelzer,A5107912593,A5105639927,100
5387,b stelzer,b stelzer,A5107912593,A5107367903,100
5388,b stelzer,b stelzer,A5107912593,A5135373941,100
5389,b stelzer,b stelzer,A5107914867,A5105627570,100
5390,b stelzer,b stelzer,A5107914867,A5105178043,100
5391,b stelzer,b stelzer,A5107914867,A5105684434,100
5392,b stelzer,b stelzer,A5107914867,A5105871878,100
5393,b stelzer,b stelzer,A5107914867,A5107913522,100
5394,b stelzer,b stelzer,A5107914867,A5107923111,100
5395,b stelzer,b stelzer,A5107914867,A5105576682,100
5396,b stelzer,b stelzer,A5107914867,A5105630759,100
5397,b stelzer,b stelzer,A5107914867,A5105639927,100
5398,b stelzer,b stelzer,A5107914867,A5107367903,100
5399,b stelzer,b stelzer,A5107914867,A5135373941,100
5400,d j sheppard,d j sheppard,A5107946472,A5123024589,100
5401,d j sheppard,d j sheppard,A5107946472,A5123120813,100
5402,d j sheppard,d j sheppard,A5107946472,A5126023674,100
5403,d j sheppard,d j sheppard,A5107946472,A5126963199,100
5404,d j sheppard,d j sheppard,A5107946472,A5135325249,100
5405,bernd stelzer,bernd stelzer,A5105619231,A5105240234,100
5406,b stelzer,b stelzer,A5105627570,A5105178043,100
5407,b stelzer,b stelzer,A5105627570,A5105684434,100
5408,b stelzer,b stelzer,A5105627570,A5105871878,100
5409,b stelzer,b stelzer,A5105627570,A5107913522,100
5410,b stelzer,b stelzer,A5105627570,A5107923111,100
5411,b stelzer,b stelzer,A5105627570,A5105576682,100
5412,b stelzer,b stelzer,A5105627570,A5105630759,100
5413,b stelzer,b stelzer,A5105627570,A5105639927,100
5414,b stelzer,b stelzer,A5105627570,A5107367903,100
5415,b stelzer,b stelzer,A5105627570,A5135373941,100
5416,j steentoft,j steentoft,A5107941269,A5105728333,100
5417,emad shams,emad shams,A5117599958,A5126658500,100
5418,emad shams,emad shams,A5117599958,A5117599882,100
5419,julia smith,julia smith,A5047970127,A5125255042,100
5420,julia smith,julia smith,A5047970127,A5129988355,100
5421,leah shipton,leah shipton,A5094149020,A5121947494,100
5422,b stelzer,b stelzer,A5105178043,A5105684434,100
5423,b stelzer,b stelzer,A5105178043,A5105871878,100
5424,b stelzer,b stelzer,A5105178043,A5107913522,100
5425,b stelzer,b stelzer,A5105178043,A5107923111,100
5426,b stelzer,b stelzer,A5105178043,A5105576682,100
5427,b stelzer,b stelzer,A5105178043,A5105630759,100
5428,b stelzer,b stelzer,A5105178043,A5105639927,100
5429,b stelzer,b stelzer,A5105178043,A5107367903,100
5430,b stelzer,b stelzer,A5105178043,A5135373941,100
5431,s singh,s singh,A5105558346,A5107955005,100
5432,s singh,s singh,A5105558346,A5105842275,100
5433,b stelzer,b stelzer,A5105684434,A5105871878,100
5434,b stelzer,b stelzer,A5105684434,A5107913522,100
5435,b stelzer,b stelzer,A5105684434,A5107923111,100
5436,b stelzer,b stelzer,A5105684434,A5105576682,100
5437,b stelzer,b stelzer,A5105684434,A5105630759,100
5438,b stelzer,b stelzer,A5105684434,A5105639927,100
5439,b stelzer,b stelzer,A5105684434,A5107367903,100
5440,b stelzer,b stelzer,A5105684434,A5135373941,100
5441,s singh,s singh,A5107955005,A5105842275,100
5442,emad shams,emad shams,A5126658500,A5117599882,100
5443,sarah spencer,sarah spencer,A5129690745,A5124015847,100
5444,sarah spencer,sarah spencer,A5129690745,A5128900009,100
5445,anmol swaich,anmol swaich,A5092051999,A5092986563,100
5446,b stelzer,b stelzer,A5105871878,A5107913522,100
5447,b stelzer,b stelzer,A5105871878,A5107923111,100
5448,b stelzer,b stelzer,A5105871878,A5105576682,100
5449,b stelzer,b stelzer,A5105871878,A5105630759,100
5450,b stelzer,b stelzer,A5105871878,A5105639927,100
5451,b stelzer,b stelzer,A5105871878,A5107367903,100
5452,b stelzer,b stelzer,A5105871878,A5135373941,100
5453,b stelzer,b stelzer,A5107913522,A5107923111,100
5454,b stelzer,b stelzer,A5107913522,A5105576682,100
5455,b stelzer,b stelzer,A5107913522,A5105630759,100
5456,b stelzer,b stelzer,A5107913522,A5105639927,100
5457,b stelzer,b stelzer,A5107913522,A5107367903,100
5458,b stelzer,b stelzer,A5107913522,A5135373941,100
5459,b stelzer,b stelzer,A5107923111,A5105576682,100
5460,b stelzer,b stelzer,A5107923111,A5105630759,100
5461,b stelzer,b stelzer,A5107923111,A5105639927,100
5462,b stelzer,b stelzer,A5107923111,A5107367903,100
5463,b stelzer,b stelzer,A5107923111,A5135373941,100
5464,bingyun sun,bingyun sun,A5109259416,A5124949965,100
5465,jeremy snyder,jeremy snyder,A5129111677,A5125997548,100
5466,b stelzer,b stelzer,A5105576682,A5105630759,100
5467,b stelzer,b stelzer,A5105576682,A5105639927,100
5468,b stelzer,b stelzer,A5105576682,A5107367903,100
5469,b stelzer,b stelzer,A5105576682,A5135373941,100
5470,b stelzer,b stelzer,A5105630759,A5105639927,100
5471,b stelzer,b stelzer,A5105630759,A5107367903,100
5472,b stelzer,b stelzer,A5105630759,A5135373941,100
5473,b stelzer,b stelzer,A5105639927,A5107367903,100
5474,b stelzer,b stelzer,A5105639927,A5135373941,100
5475,b stelzer,b stelzer,A5107367903,A5135373941,100
5476,d j sheppard,d j sheppard,A5123024589,A5123120813,100
5477,d j sheppard,d j sheppard,A5123024589,A5126023674,100
5478,d j sheppard,d j sheppard,A5123024589,A5126963199,100
5479,d j sheppard,d j sheppard,A5123024589,A5135325249,100
5480,d j sheppard,d j sheppard,A5123120813,A5126023674,100
5481,d j sheppard,d j sheppard,A5123120813,A5126963199,100
5482,d j sheppard,d j sheppard,A5123120813,A5135325249,100
5483,sarah spencer,sarah spencer,A5124015847,A5128900009,100
5484,julia smith,julia smith,A5125255042,A5129988355,100
5485,d j sheppard,d j sheppard,A5126023674,A5126963199,100
5486,d j sheppard,d j sheppard,A5126023674,A5135325249,100
5487,d j sheppard,d j sheppard,A5126963199,A5135325249,100
5488,e torrence,e torrence,A5034106386,A5107849801,100
5489,e torrence,e torrence,A5034106386,A5107858107,100
5490,e torrence,e torrence,A5034106386,A5105780851,100
5491,e torrence,e torrence,A5034106386,A5107859953,100
5492,e torrence,e torrence,A5107849801,A5107858107,100
5493,e torrence,e torrence,A5107849801,A5105780851,100
5494,e torrence,e torrence,A5107849801,A5107859953,100
5495,xin tong,xin tong,A5100784734,A5047313586,100
5496,h torres,h torres,A5107847365,A5074950957,100
5497,h torres,h torres,A5107847365,A5107824880,100
5498,h torres,h torres,A5107847365,A5107892717,100
5499,h torres,h torres,A5107847365,A5107233175,100
5500,h torres,h torres,A5107847365,A5107826501,100
5501,h torres,h torres,A5107847365,A5107878794,100
5502,h torres,h torres,A5107847365,A5107937685,100
5503,h torres,h torres,A5107847365,A5105618186,100
5504,h torres,h torres,A5107847365,A5107831217,100
5505,h torres,h torres,A5107847365,A5107866612,100
5506,h torres,h torres,A5107847365,A5107841570,100
5507,h torres,h torres,A5107847365,A5107826161,100
5508,h torres,h torres,A5107847365,A5107916603,100
5509,h torres,h torres,A5107847365,A5107915790,100
5510,h torres,h torres,A5074950957,A5107824880,100
5511,h torres,h torres,A5074950957,A5107892717,100
5512,h torres,h torres,A5074950957,A5107233175,100
5513,h torres,h torres,A5074950957,A5107826501,100
5514,h torres,h torres,A5074950957,A5107878794,100
5515,h torres,h torres,A5074950957,A5107937685,100
5516,h torres,h torres,A5074950957,A5105618186,100
5517,h torres,h torres,A5074950957,A5107831217,100
5518,h torres,h torres,A5074950957,A5107866612,100
5519,h torres,h torres,A5074950957,A5107841570,100
5520,h torres,h torres,A5074950957,A5107826161,100
5521,h torres,h torres,A5074950957,A5107916603,100
5522,h torres,h torres,A5074950957,A5107915790,100
5523,s tanaka,s tanaka,A5107861692,A5105508778,100
5524,s tanaka,s tanaka,A5107861692,A5110187796,100
5525,h torres,h torres,A5107824880,A5107892717,100
5526,h torres,h torres,A5107824880,A5107233175,100
5527,h torres,h torres,A5107824880,A5107826501,100
5528,h torres,h torres,A5107824880,A5107878794,100
5529,h torres,h torres,A5107824880,A5107937685,100
5530,h torres,h torres,A5107824880,A5105618186,100
5531,h torres,h torres,A5107824880,A5107831217,100
5532,h torres,h torres,A5107824880,A5107866612,100
5533,h torres,h torres,A5107824880,A5107841570,100
5534,h torres,h torres,A5107824880,A5107826161,100
5535,h torres,h torres,A5107824880,A5107916603,100
5536,h torres,h torres,A5107824880,A5107915790,100
5537,ying tian,ying tian,A5110312325,A5100692639,100
5538,s tanaka,s tanaka,A5105508778,A5110187796,100
5539,nigel a s taylor,nigel a s taylor,A5077156402,A5103192325,100
5540,ping tan,ping tan,A5084953118,A5100757137,100
5541,ping tan,ping tan,A5084953118,A5018475444,100
5542,ping tan,ping tan,A5084953118,A5123170066,100
5543,m l w thewalt,m l w thewalt,A5007011961,A5078132551,100
5544,jonathan taylor,jonathan taylor,A5021087479,A5101541844,100
5545,jiaqi tan,jiaqi tan,A5028512661,A5042085726,100
5546,jiaqi tan,jiaqi tan,A5028512661,A5119019984,100
5547,d temple,d temple,A5107856241,A5088845870,100
5548,david c thomas,david c thomas,A5077459654,A5101577676,100
5549,ping tan,ping tan,A5100757137,A5018475444,100
5550,ping tan,ping tan,A5100757137,A5123170066,100
5551,kelleen toohey,kelleen toohey,A5063816920,A5130667942,100
5552,sarah turner,sarah turner,A5069558966,A5005823017,100
5553,sarah turner,sarah turner,A5069558966,A5083796110,100
5554,yifan tang,yifan tang,A5006555803,A5125441276,100
5555,yifan tang,yifan tang,A5006555803,A5126533933,100
5556,barry truax,barry truax,A5049035074,A5135075048,100
5557,john r tyson,john r tyson,A5102764557,A5009397300,100
5558,ping tan,ping tan,A5018475444,A5123170066,100
5559,mohammad a tayebi,mohammad a tayebi,A5060953615,A5120458847,100
5560,h torres,h torres,A5107892717,A5107233175,100
5561,h torres,h torres,A5107892717,A5107826501,100
5562,h torres,h torres,A5107892717,A5107878794,100
5563,h torres,h torres,A5107892717,A5107937685,100
5564,h torres,h torres,A5107892717,A5105618186,100
5565,h torres,h torres,A5107892717,A5107831217,100
5566,h torres,h torres,A5107892717,A5107866612,100
5567,h torres,h torres,A5107892717,A5107841570,100
5568,h torres,h torres,A5107892717,A5107826161,100
5569,h torres,h torres,A5107892717,A5107916603,100
5570,h torres,h torres,A5107892717,A5107915790,100
5571,e taddei,e taddei,A5017711037,A5117632810,100
5572,e torrence,e torrence,A5107858107,A5105780851,100
5573,e torrence,e torrence,A5107858107,A5107859953,100
5574,h torres,h torres,A5107233175,A5107826501,100
5575,h torres,h torres,A5107233175,A5107878794,100
5576,h torres,h torres,A5107233175,A5107937685,100
5577,h torres,h torres,A5107233175,A5105618186,100
5578,h torres,h torres,A5107233175,A5107831217,100
5579,h torres,h torres,A5107233175,A5107866612,100
5580,h torres,h torres,A5107233175,A5107841570,100
5581,h torres,h torres,A5107233175,A5107826161,100
5582,h torres,h torres,A5107233175,A5107916603,100
5583,h torres,h torres,A5107233175,A5107915790,100
5584,h torres,h torres,A5107826501,A5107878794,100
5585,h torres,h torres,A5107826501,A5107937685,100
5586,h torres,h torres,A5107826501,A5105618186,100
5587,h torres,h torres,A5107826501,A5107831217,100
5588,h torres,h torres,A5107826501,A5107866612,100
5589,h torres,h torres,A5107826501,A5107841570,100
5590,h torres,h torres,A5107826501,A5107826161,100
5591,h torres,h torres,A5107826501,A5107916603,100
5592,h torres,h torres,A5107826501,A5107915790,100
5593,jiaqi tan,jiaqi tan,A5042085726,A5119019984,100
5594,h torres,h torres,A5107878794,A5107937685,100
5595,h torres,h torres,A5107878794,A5105618186,100
5596,h torres,h torres,A5107878794,A5107831217,100
5597,h torres,h torres,A5107878794,A5107866612,100
5598,h torres,h torres,A5107878794,A5107841570,100
5599,h torres,h torres,A5107878794,A5107826161,100
5600,h torres,h torres,A5107878794,A5107916603,100
5601,h torres,h torres,A5107878794,A5107915790,100
5602,poh tan,poh tan,A5063852211,A5109561734,100
5603,poh tan,poh tan,A5063852211,A5093537511,100
5604,h torres,h torres,A5107937685,A5105618186,100
5605,h torres,h torres,A5107937685,A5107831217,100
5606,h torres,h torres,A5107937685,A5107866612,100
5607,h torres,h torres,A5107937685,A5107841570,100
5608,h torres,h torres,A5107937685,A5107826161,100
5609,h torres,h torres,A5107937685,A5107916603,100
5610,h torres,h torres,A5107937685,A5107915790,100
5611,h torres,h torres,A5105618186,A5107831217,100
5612,h torres,h torres,A5105618186,A5107866612,100
5613,h torres,h torres,A5105618186,A5107841570,100
5614,h torres,h torres,A5105618186,A5107826161,100
5615,h torres,h torres,A5105618186,A5107916603,100
5616,h torres,h torres,A5105618186,A5107915790,100
5617,h torres,h torres,A5107831217,A5107866612,100
5618,h torres,h torres,A5107831217,A5107841570,100
5619,h torres,h torres,A5107831217,A5107826161,100
5620,h torres,h torres,A5107831217,A5107916603,100
5621,h torres,h torres,A5107831217,A5107915790,100
5622,h torres,h torres,A5107866612,A5107841570,100
5623,h torres,h torres,A5107866612,A5107826161,100
5624,h torres,h torres,A5107866612,A5107916603,100
5625,h torres,h torres,A5107866612,A5107915790,100
5626,h torres,h torres,A5107841570,A5107826161,100
5627,h torres,h torres,A5107841570,A5107916603,100
5628,h torres,h torres,A5107841570,A5107915790,100
5629,lucas villagra torcomian,lucas villagra torcomian,A5039999319,A5124873145,100
5630,donald taylor,donald taylor,A5080488866,A5102340586,100
5631,e torrence,e torrence,A5105780851,A5107859953,100
5632,jingtao tang,jingtao tang,A5090440775,A5032259301,100
5633,jingtao tang,jingtao tang,A5090440775,A5130053419,100
5634,sarah turner,sarah turner,A5005823017,A5083796110,100
5635,h torres,h torres,A5107826161,A5107916603,100
5636,h torres,h torres,A5107826161,A5107915790,100
5637,h torres,h torres,A5107916603,A5107915790,100
5638,jingtao tang,jingtao tang,A5032259301,A5130053419,100
5639,poh tan,poh tan,A5109561734,A5093537511,100
5640,daniel tarnu,daniel tarnu,A5011155609,A5011329358,100
5641,hoda taeb,hoda taeb,A5094130030,A5114404551,100
5642,yifan tang,yifan tang,A5125441276,A5126533933,100
5643,sian h tsuei,sian h tsuei,A5132978699,A5094180071,100
5644,allen tung,allen tung,A5099161400,A5099161401,100
5645,m c vetterli,m c vetterli,A5019316470,A5122840524,100
5646,m c vetterli,m c vetterli,A5019316470,A5123051906,100
5647,m c vetterli,m c vetterli,A5019316470,A5123166248,100
5648,m c vetterli,m c vetterli,A5019316470,A5126038983,100
5649,m c vetterli,m c vetterli,A5019316470,A5126976849,100
5650,m c vetterli,m c vetterli,A5019316470,A5135405653,100
5651,t dias do vale,t dias do vale,A5030251424,A5120391117,100
5652,t dias do vale,t dias do vale,A5030251424,A5122832402,100
5653,t dias do vale,t dias do vale,A5030251424,A5123158406,100
5654,w verkerke,w verkerke,A5030440969,A5107877827,100
5655,w verkerke,w verkerke,A5030440969,A5107882650,100
5656,w verkerke,w verkerke,A5030440969,A5106459454,100
5657,w verkerke,w verkerke,A5030440969,A5107855582,100
5658,m j veen,m j veen,A5105823647,A5107935487,100
5659,w verkerke,w verkerke,A5107877827,A5107882650,100
5660,w verkerke,w verkerke,A5107877827,A5106459454,100
5661,w verkerke,w verkerke,A5107877827,A5107855582,100
5662,a vest,a vest,A5107830268,A5105469777,100
5663,nicholas vincent,nicholas vincent,A5070837664,A5114424406,100
5664,nicholas vincent,nicholas vincent,A5070837664,A5128798204,100
5665,nicholas vincent,nicholas vincent,A5070837664,A5125184052,100
5666,nicholas vincent,nicholas vincent,A5070837664,A5130716799,100
5667,k s viswanathan,k s viswanathan,A5059993369,A5058957782,100
5668,m vessella,m vessella,A5105511737,A5107940257,100
5669,m vessella,m vessella,A5105511737,A5107956747,100
5670,m vessella,m vessella,A5105511737,A5107941082,100
5671,m vessella,m vessella,A5105511737,A5107921593,100
5672,p j verschuuren,p j verschuuren,A5055850122,A5107940469,100
5673,p j verschuuren,p j verschuuren,A5055850122,A5107916855,100
5674,p j verschuuren,p j verschuuren,A5055850122,A5107941947,100
5675,chris veld,chris veld,A5047762113,A5103006635,100
5676,a t vermeulen,a t vermeulen,A5120391072,A5120391073,100
5677,a t vermeulen,a t vermeulen,A5120391072,A5107903725,100
5678,françois vézina,françois vézina,A5001331441,A5102713249,100
5679,w verkerke,w verkerke,A5107882650,A5106459454,100
5680,w verkerke,w verkerke,A5107882650,A5107855582,100
5681,a t vermeulen,a t vermeulen,A5120391073,A5107903725,100
5682,amandio vieira,amandio vieira,A5066241068,A5128949862,100
5683,p voss,p voss,A5111739082,A5035737786,100
5684,m vessella,m vessella,A5107940257,A5107956747,100
5685,m vessella,m vessella,A5107940257,A5107941082,100
5686,m vessella,m vessella,A5107940257,A5107921593,100
5687,olga vishnyakova,olga vishnyakova,A5052000561,A5122631226,100
5688,m l vesterbacka,m l vesterbacka,A5030033818,A5108028374,100
5689,m l vesterbacka,m l vesterbacka,A5030033818,A5107923918,100
5690,m l vesterbacka,m l vesterbacka,A5030033818,A5107932212,100
5691,m l vesterbacka,m l vesterbacka,A5030033818,A5107921045,100
5692,m l vesterbacka,m l vesterbacka,A5030033818,A5107924562,100
5693,m l vesterbacka,m l vesterbacka,A5030033818,A5105589275,100
5694,adam d vaughan,adam d vaughan,A5032432739,A5102909935,100
5695,w verkerke,w verkerke,A5106459454,A5107855582,100
5696,m vessella,m vessella,A5107956747,A5107941082,100
5697,m vessella,m vessella,A5107956747,A5107921593,100
5698,m vessella,m vessella,A5107941082,A5107921593,100
5699,m l vesterbacka,m l vesterbacka,A5108028374,A5107923918,100
5700,m l vesterbacka,m l vesterbacka,A5108028374,A5107932212,100
5701,m l vesterbacka,m l vesterbacka,A5108028374,A5107921045,100
5702,m l vesterbacka,m l vesterbacka,A5108028374,A5107924562,100
5703,m l vesterbacka,m l vesterbacka,A5108028374,A5105589275,100
5704,m l vesterbacka,m l vesterbacka,A5107923918,A5107932212,100
5705,m l vesterbacka,m l vesterbacka,A5107923918,A5107921045,100
5706,m l vesterbacka,m l vesterbacka,A5107923918,A5107924562,100
5707,m l vesterbacka,m l vesterbacka,A5107923918,A5105589275,100
5708,m l vesterbacka,m l vesterbacka,A5107932212,A5107921045,100
5709,m l vesterbacka,m l vesterbacka,A5107932212,A5107924562,100
5710,m l vesterbacka,m l vesterbacka,A5107932212,A5105589275,100
5711,p j verschuuren,p j verschuuren,A5107940469,A5107916855,100
5712,p j verschuuren,p j verschuuren,A5107940469,A5107941947,100
5713,p j verschuuren,p j verschuuren,A5107916855,A5107941947,100
5714,m l vesterbacka,m l vesterbacka,A5107921045,A5107924562,100
5715,m l vesterbacka,m l vesterbacka,A5107921045,A5105589275,100
5716,t dias do vale,t dias do vale,A5120391117,A5122832402,100
5717,t dias do vale,t dias do vale,A5120391117,A5123158406,100
5718,m l vesterbacka,m l vesterbacka,A5107924562,A5105589275,100
5719,nicholas vincent,nicholas vincent,A5114424406,A5128798204,100
5720,nicholas vincent,nicholas vincent,A5114424406,A5125184052,100
5721,nicholas vincent,nicholas vincent,A5114424406,A5130716799,100
5722,nicholas vincent,nicholas vincent,A5128798204,A5125184052,100
5723,nicholas vincent,nicholas vincent,A5128798204,A5130716799,100
5724,t dias do vale,t dias do vale,A5122832402,A5123158406,100
5725,m c vetterli,m c vetterli,A5122840524,A5123051906,100
5726,m c vetterli,m c vetterli,A5122840524,A5123166248,100
5727,m c vetterli,m c vetterli,A5122840524,A5126038983,100
5728,m c vetterli,m c vetterli,A5122840524,A5126976849,100
5729,m c vetterli,m c vetterli,A5122840524,A5135405653,100
5730,m c vetterli,m c vetterli,A5123051906,A5123166248,100
5731,m c vetterli,m c vetterli,A5123051906,A5126038983,100
5732,m c vetterli,m c vetterli,A5123051906,A5126976849,100
5733,m c vetterli,m c vetterli,A5123051906,A5135405653,100
5734,m c vetterli,m c vetterli,A5123166248,A5126038983,100
5735,m c vetterli,m c vetterli,A5123166248,A5126976849,100
5736,m c vetterli,m c vetterli,A5123166248,A5135405653,100
5737,nicholas vincent,nicholas vincent,A5125184052,A5130716799,100
5738,m c vetterli,m c vetterli,A5126038983,A5126976849,100
5739,m c vetterli,m c vetterli,A5126038983,A5135405653,100
5740,m c vetterli,m c vetterli,A5126976849,A5135405653,100
5741,jun wang,jun wang,A5084169778,A5111964102,100
5742,jun wang,jun wang,A5084169778,A5100691332,100
5743,jun wang,jun wang,A5084169778,A5100384906,100
5744,jun wang,jun wang,A5111964102,A5100691332,100
5745,jun wang,jun wang,A5111964102,A5100384906,100
5746,yan wang,yan wang,A5100322712,A5038467727,100
5747,wei wang,wei wang,A5100392089,A5100391896,100
5748,wei wang,wei wang,A5100392089,A5101593330,100
5749,wei wang,wei wang,A5100392089,A5100688855,100
5750,wei wang,wei wang,A5100392089,A5100392188,100
5751,lin wang,lin wang,A5100403087,A5100403145,100
5752,lin wang,lin wang,A5100403087,A5100403208,100
5753,lin wang,lin wang,A5100403087,A5100403175,100
5754,lin wang,lin wang,A5100403087,A5100403148,100
5755,lin wang,lin wang,A5100403087,A5126906027,100
5756,wei wang,wei wang,A5100391896,A5101593330,100
5757,wei wang,wei wang,A5100391896,A5100688855,100
5758,wei wang,wei wang,A5100391896,A5100392188,100
5759,yong wang,yong wang,A5100424542,A5100424366,100
5760,jian wang,jian wang,A5100696824,A5100370330,100
5761,anthony c willis,anthony c willis,A5066870453,A5112018365,100
5762,yue wang,yue wang,A5100372089,A5114861068,100
5763,yue wang,yue wang,A5100372089,A5100371992,100
5764,yue wang,yue wang,A5100372089,A5100371984,100
5765,yue wang,yue wang,A5100372089,A5100666595,100
5766,yue wang,yue wang,A5100372089,A5100372109,100
5767,yue wang,yue wang,A5100372089,A5066926793,100
5768,yue wang,yue wang,A5100372089,A5100371937,100
5769,yue wang,yue wang,A5100372089,A5100372143,100
5770,yue wang,yue wang,A5100372089,A5100372061,100
5771,yue wang,yue wang,A5100372089,A5014816129,100
5772,yue wang,yue wang,A5100372089,A5100371956,100
5773,yue wang,yue wang,A5100372089,A5100372008,100
5774,yue wang,yue wang,A5100372089,A5101483142,100
5775,yue wang,yue wang,A5100372089,A5100372052,100
5776,yue wang,yue wang,A5100372089,A5048572774,100
5777,yang wang,yang wang,A5100714578,A5100423354,100
5778,yang wang,yang wang,A5100714578,A5100322887,100
5779,yang wang,yang wang,A5100714578,A5101398880,100
5780,yang wang,yang wang,A5100714578,A5100613827,100
5781,yang wang,yang wang,A5100714578,A5100322922,100
5782,yang wang,yang wang,A5100714578,A5087160186,100
5783,jing wang,jing wang,A5100378538,A5100759169,100
5784,jing wang,jing wang,A5100378538,A5100740128,100
5785,jing wang,jing wang,A5100378538,A5100378497,100
5786,jing wang,jing wang,A5100378538,A5100378492,100
5787,jing wang,jing wang,A5100378538,A5045869983,100
5788,ke wang,ke wang,A5100730991,A5100627950,100
5789,ke wang,ke wang,A5100730991,A5100614211,100
5790,ke wang,ke wang,A5100730991,A5015690128,100
5791,ke wang,ke wang,A5100730991,A5115694846,100
5792,ke wang,ke wang,A5100730991,A5029548225,100
5793,ke wang,ke wang,A5100730991,A5100360094,100
5794,ke wang,ke wang,A5100730991,A5100360142,100
5795,ke wang,ke wang,A5100730991,A5040414354,100
5796,ke wang,ke wang,A5100730991,A5100726480,100
5797,ke wang,ke wang,A5100730991,A5054563155,100
5798,ke wang,ke wang,A5100730991,A5100628775,100
5799,ke wang,ke wang,A5100730991,A5100734597,100
5800,ke wang,ke wang,A5100730991,A5100734599,100
5801,ke wang,ke wang,A5100730991,A5100360076,100
5802,ke wang,ke wang,A5100730991,A5100734606,100
5803,ke wang,ke wang,A5100730991,A5101445828,100
5804,ke wang,ke wang,A5100730991,A5068556410,100
5805,ke wang,ke wang,A5100730991,A5100360158,100
5806,ke wang,ke wang,A5100730991,A5025289290,100
5807,ke wang,ke wang,A5100730991,A5036269989,100
5808,ke wang,ke wang,A5100730991,A5073656495,100
5809,ke wang,ke wang,A5100730991,A5100360148,100
5810,ke wang,ke wang,A5100730991,A5100360157,100
5811,ke wang,ke wang,A5100730991,A5100360129,100
5812,ke wang,ke wang,A5100730991,A5100726478,100
5813,ke wang,ke wang,A5100730991,A5100360175,100
5814,ke wang,ke wang,A5100730991,A5100360143,100
5815,ke wang,ke wang,A5100730991,A5100602057,100
5816,ke wang,ke wang,A5100730991,A5100779671,100
5817,ke wang,ke wang,A5100730991,A5101464619,100
5818,ke wang,ke wang,A5100730991,A5001578135,100
5819,ke wang,ke wang,A5100730991,A5100360109,100
5820,ke wang,ke wang,A5100730991,A5101645620,100
5821,ke wang,ke wang,A5100730991,A5101902534,100
5822,ke wang,ke wang,A5100730991,A5100742958,100
5823,ke wang,ke wang,A5100730991,A5100730995,100
5824,ke wang,ke wang,A5100730991,A5100360159,100
5825,ke wang,ke wang,A5100730991,A5101954500,100
5826,ke wang,ke wang,A5100730991,A5100602055,100
5827,ke wang,ke wang,A5100730991,A5101448464,100
5828,ke wang,ke wang,A5100730991,A5100628776,100
5829,ke wang,ke wang,A5100730991,A5134442775,100
5830,ke wang,ke wang,A5100730991,A5125565188,100
5831,ke wang,ke wang,A5100730991,A5125469190,100
5832,jing wang,jing wang,A5100759169,A5100740128,100
5833,jing wang,jing wang,A5100759169,A5100378497,100
5834,jing wang,jing wang,A5100759169,A5100378492,100
5835,jing wang,jing wang,A5100759169,A5045869983,100
5836,yue wang,yue wang,A5114861068,A5100371992,100
5837,yue wang,yue wang,A5114861068,A5100371984,100
5838,yue wang,yue wang,A5114861068,A5100666595,100
5839,yue wang,yue wang,A5114861068,A5100372109,100
5840,yue wang,yue wang,A5114861068,A5066926793,100
5841,yue wang,yue wang,A5114861068,A5100371937,100
5842,yue wang,yue wang,A5114861068,A5100372143,100
5843,yue wang,yue wang,A5114861068,A5100372061,100
5844,yue wang,yue wang,A5114861068,A5014816129,100
5845,yue wang,yue wang,A5114861068,A5100371956,100
5846,yue wang,yue wang,A5114861068,A5100372008,100
5847,yue wang,yue wang,A5114861068,A5101483142,100
5848,yue wang,yue wang,A5114861068,A5100372052,100
5849,yue wang,yue wang,A5114861068,A5048572774,100
5850,yue wang,yue wang,A5100371992,A5100371984,100
5851,yue wang,yue wang,A5100371992,A5100666595,100
5852,yue wang,yue wang,A5100371992,A5100372109,100
5853,yue wang,yue wang,A5100371992,A5066926793,100
5854,yue wang,yue wang,A5100371992,A5100371937,100
5855,yue wang,yue wang,A5100371992,A5100372143,100
5856,yue wang,yue wang,A5100371992,A5100372061,100
5857,yue wang,yue wang,A5100371992,A5014816129,100
5858,yue wang,yue wang,A5100371992,A5100371956,100
5859,yue wang,yue wang,A5100371992,A5100372008,100
5860,yue wang,yue wang,A5100371992,A5101483142,100
5861,yue wang,yue wang,A5100371992,A5100372052,100
5862,yue wang,yue wang,A5100371992,A5048572774,100
5863,lin wang,lin wang,A5100403145,A5100403208,100
5864,lin wang,lin wang,A5100403145,A5100403175,100
5865,lin wang,lin wang,A5100403145,A5100403148,100
5866,lin wang,lin wang,A5100403145,A5126906027,100
5867,ke wang,ke wang,A5100627950,A5100614211,100
5868,ke wang,ke wang,A5100627950,A5015690128,100
5869,ke wang,ke wang,A5100627950,A5115694846,100
5870,ke wang,ke wang,A5100627950,A5029548225,100
5871,ke wang,ke wang,A5100627950,A5100360094,100
5872,ke wang,ke wang,A5100627950,A5100360142,100
5873,ke wang,ke wang,A5100627950,A5040414354,100
5874,ke wang,ke wang,A5100627950,A5100726480,100
5875,ke wang,ke wang,A5100627950,A5054563155,100
5876,ke wang,ke wang,A5100627950,A5100628775,100
5877,ke wang,ke wang,A5100627950,A5100734597,100
5878,ke wang,ke wang,A5100627950,A5100734599,100
5879,ke wang,ke wang,A5100627950,A5100360076,100
5880,ke wang,ke wang,A5100627950,A5100734606,100
5881,ke wang,ke wang,A5100627950,A5101445828,100
5882,ke wang,ke wang,A5100627950,A5068556410,100
5883,ke wang,ke wang,A5100627950,A5100360158,100
5884,ke wang,ke wang,A5100627950,A5025289290,100
5885,ke wang,ke wang,A5100627950,A5036269989,100
5886,ke wang,ke wang,A5100627950,A5073656495,100
5887,ke wang,ke wang,A5100627950,A5100360148,100
5888,ke wang,ke wang,A5100627950,A5100360157,100
5889,ke wang,ke wang,A5100627950,A5100360129,100
5890,ke wang,ke wang,A5100627950,A5100726478,100
5891,ke wang,ke wang,A5100627950,A5100360175,100
5892,ke wang,ke wang,A5100627950,A5100360143,100
5893,ke wang,ke wang,A5100627950,A5100602057,100
5894,ke wang,ke wang,A5100627950,A5100779671,100
5895,ke wang,ke wang,A5100627950,A5101464619,100
5896,ke wang,ke wang,A5100627950,A5001578135,100
5897,ke wang,ke wang,A5100627950,A5100360109,100
5898,ke wang,ke wang,A5100627950,A5101645620,100
5899,ke wang,ke wang,A5100627950,A5101902534,100
5900,ke wang,ke wang,A5100627950,A5100742958,100
5901,ke wang,ke wang,A5100627950,A5100730995,100
5902,ke wang,ke wang,A5100627950,A5100360159,100
5903,ke wang,ke wang,A5100627950,A5101954500,100
5904,ke wang,ke wang,A5100627950,A5100602055,100
5905,ke wang,ke wang,A5100627950,A5101448464,100
5906,ke wang,ke wang,A5100627950,A5100628776,100
5907,ke wang,ke wang,A5100627950,A5134442775,100
5908,ke wang,ke wang,A5100627950,A5125565188,100
5909,ke wang,ke wang,A5100627950,A5125469190,100
5910,haiyang wang,haiyang wang,A5100438279,A5100438288,100
5911,haiyang wang,haiyang wang,A5100438279,A5100438270,100
5912,haiyang wang,haiyang wang,A5100438279,A5100438287,100
5913,haiyang wang,haiyang wang,A5100438279,A5100438272,100
5914,haiyang wang,haiyang wang,A5100438279,A5100438276,100
5915,haiyang wang,haiyang wang,A5100438279,A5100438277,100
5916,yang wang,yang wang,A5100423354,A5100322887,100
5917,yang wang,yang wang,A5100423354,A5101398880,100
5918,yang wang,yang wang,A5100423354,A5100613827,100
5919,yang wang,yang wang,A5100423354,A5100322922,100
5920,yang wang,yang wang,A5100423354,A5087160186,100
5921,tony d williams,tony d williams,A5068175779,A5107304098,100
5922,cong wang,cong wang,A5100390514,A5100390479,100
5923,cong wang,cong wang,A5100390514,A5100390490,100
5924,cong wang,cong wang,A5100390514,A5100390473,100
5925,cong wang,cong wang,A5100390514,A5100390466,100
5926,jason wang,jason wang,A5100700438,A5104209993,100
5927,jason wang,jason wang,A5100700438,A5100700441,100
5928,wei wang,wei wang,A5101593330,A5100688855,100
5929,wei wang,wei wang,A5101593330,A5100392188,100
5930,jun wang,jun wang,A5100691332,A5100384906,100
5931,yi wang,yi wang,A5115695469,A5100602473,100
5932,yi wang,yi wang,A5115695469,A5100364877,100
5933,yi wang,yi wang,A5115695469,A5071864494,100
5934,g williams,g williams,A5090734265,A5107850088,100
5935,john webster,john webster,A5112228279,A5062073714,100
5936,ke wang,ke wang,A5100614211,A5015690128,100
5937,ke wang,ke wang,A5100614211,A5115694846,100
5938,ke wang,ke wang,A5100614211,A5029548225,100
5939,ke wang,ke wang,A5100614211,A5100360094,100
5940,ke wang,ke wang,A5100614211,A5100360142,100
5941,ke wang,ke wang,A5100614211,A5040414354,100
5942,ke wang,ke wang,A5100614211,A5100726480,100
5943,ke wang,ke wang,A5100614211,A5054563155,100
5944,ke wang,ke wang,A5100614211,A5100628775,100
5945,ke wang,ke wang,A5100614211,A5100734597,100
5946,ke wang,ke wang,A5100614211,A5100734599,100
5947,ke wang,ke wang,A5100614211,A5100360076,100
5948,ke wang,ke wang,A5100614211,A5100734606,100
5949,ke wang,ke wang,A5100614211,A5101445828,100
5950,ke wang,ke wang,A5100614211,A5068556410,100
5951,ke wang,ke wang,A5100614211,A5100360158,100
5952,ke wang,ke wang,A5100614211,A5025289290,100
5953,ke wang,ke wang,A5100614211,A5036269989,100
5954,ke wang,ke wang,A5100614211,A5073656495,100
5955,ke wang,ke wang,A5100614211,A5100360148,100
5956,ke wang,ke wang,A5100614211,A5100360157,100
5957,ke wang,ke wang,A5100614211,A5100360129,100
5958,ke wang,ke wang,A5100614211,A5100726478,100
5959,ke wang,ke wang,A5100614211,A5100360175,100
5960,ke wang,ke wang,A5100614211,A5100360143,100
5961,ke wang,ke wang,A5100614211,A5100602057,100
5962,ke wang,ke wang,A5100614211,A5100779671,100
5963,ke wang,ke wang,A5100614211,A5101464619,100
5964,ke wang,ke wang,A5100614211,A5001578135,100
5965,ke wang,ke wang,A5100614211,A5100360109,100
5966,ke wang,ke wang,A5100614211,A5101645620,100
5967,ke wang,ke wang,A5100614211,A5101902534,100
5968,ke wang,ke wang,A5100614211,A5100742958,100
5969,ke wang,ke wang,A5100614211,A5100730995,100
5970,ke wang,ke wang,A5100614211,A5100360159,100
5971,ke wang,ke wang,A5100614211,A5101954500,100
5972,ke wang,ke wang,A5100614211,A5100602055,100
5973,ke wang,ke wang,A5100614211,A5101448464,100
5974,ke wang,ke wang,A5100614211,A5100628776,100
5975,ke wang,ke wang,A5100614211,A5134442775,100
5976,ke wang,ke wang,A5100614211,A5125565188,100
5977,ke wang,ke wang,A5100614211,A5125469190,100
5978,ke wang,ke wang,A5015690128,A5115694846,100
5979,ke wang,ke wang,A5015690128,A5029548225,100
5980,ke wang,ke wang,A5015690128,A5100360094,100
5981,ke wang,ke wang,A5015690128,A5100360142,100
5982,ke wang,ke wang,A5015690128,A5040414354,100
5983,ke wang,ke wang,A5015690128,A5100726480,100
5984,ke wang,ke wang,A5015690128,A5054563155,100
5985,ke wang,ke wang,A5015690128,A5100628775,100
5986,ke wang,ke wang,A5015690128,A5100734597,100
5987,ke wang,ke wang,A5015690128,A5100734599,100
5988,ke wang,ke wang,A5015690128,A5100360076,100
5989,ke wang,ke wang,A5015690128,A5100734606,100
5990,ke wang,ke wang,A5015690128,A5101445828,100
5991,ke wang,ke wang,A5015690128,A5068556410,100
5992,ke wang,ke wang,A5015690128,A5100360158,100
5993,ke wang,ke wang,A5015690128,A5025289290,100
5994,ke wang,ke wang,A5015690128,A5036269989,100
5995,ke wang,ke wang,A5015690128,A5073656495,100
5996,ke wang,ke wang,A5015690128,A5100360148,100
5997,ke wang,ke wang,A5015690128,A5100360157,100
5998,ke wang,ke wang,A5015690128,A5100360129,100
5999,ke wang,ke wang,A5015690128,A5100726478,100
6000,ke wang,ke wang,A5015690128,A5100360175,100
6001,ke wang,ke wang,A5015690128,A5100360143,100
6002,ke wang,ke wang,A5015690128,A5100602057,100
6003,ke wang,ke wang,A5015690128,A5100779671,100
6004,ke wang,ke wang,A5015690128,A5101464619,100
6005,ke wang,ke wang,A5015690128,A5001578135,100
6006,ke wang,ke wang,A5015690128,A5100360109,100
6007,ke wang,ke wang,A5015690128,A5101645620,100
6008,ke wang,ke wang,A5015690128,A5101902534,100
6009,ke wang,ke wang,A5015690128,A5100742958,100
6010,ke wang,ke wang,A5015690128,A5100730995,100
6011,ke wang,ke wang,A5015690128,A5100360159,100
6012,ke wang,ke wang,A5015690128,A5101954500,100
6013,ke wang,ke wang,A5015690128,A5100602055,100
6014,ke wang,ke wang,A5015690128,A5101448464,100
6015,ke wang,ke wang,A5015690128,A5100628776,100
6016,ke wang,ke wang,A5015690128,A5134442775,100
6017,ke wang,ke wang,A5015690128,A5125565188,100
6018,ke wang,ke wang,A5015690128,A5125469190,100
6019,deli wang,deli wang,A5100780460,A5100780452,100
6020,wei wang,wei wang,A5100688855,A5100392188,100
6021,xin wang,xin wang,A5022927606,A5100328117,100
6022,xin wang,xin wang,A5022927606,A5108047067,100
6023,xin wang,xin wang,A5022927606,A5101681860,100
6024,xin wang,xin wang,A5022927606,A5100327893,100
6025,peng wang,peng wang,A5100396039,A5100396178,100
6026,xing wang,xing wang,A5100365513,A5100365503,100
6027,xing wang,xing wang,A5100365513,A5100365501,100
6028,xing wang,xing wang,A5100365513,A5100754899,100
6029,ke wang,ke wang,A5115694846,A5029548225,100
6030,ke wang,ke wang,A5115694846,A5100360094,100
6031,ke wang,ke wang,A5115694846,A5100360142,100
6032,ke wang,ke wang,A5115694846,A5040414354,100
6033,ke wang,ke wang,A5115694846,A5100726480,100
6034,ke wang,ke wang,A5115694846,A5054563155,100
6035,ke wang,ke wang,A5115694846,A5100628775,100
6036,ke wang,ke wang,A5115694846,A5100734597,100
6037,ke wang,ke wang,A5115694846,A5100734599,100
6038,ke wang,ke wang,A5115694846,A5100360076,100
6039,ke wang,ke wang,A5115694846,A5100734606,100
6040,ke wang,ke wang,A5115694846,A5101445828,100
6041,ke wang,ke wang,A5115694846,A5068556410,100
6042,ke wang,ke wang,A5115694846,A5100360158,100
6043,ke wang,ke wang,A5115694846,A5025289290,100
6044,ke wang,ke wang,A5115694846,A5036269989,100
6045,ke wang,ke wang,A5115694846,A5073656495,100
6046,ke wang,ke wang,A5115694846,A5100360148,100
6047,ke wang,ke wang,A5115694846,A5100360157,100
6048,ke wang,ke wang,A5115694846,A5100360129,100
6049,ke wang,ke wang,A5115694846,A5100726478,100
6050,ke wang,ke wang,A5115694846,A5100360175,100
6051,ke wang,ke wang,A5115694846,A5100360143,100
6052,ke wang,ke wang,A5115694846,A5100602057,100
6053,ke wang,ke wang,A5115694846,A5100779671,100
6054,ke wang,ke wang,A5115694846,A5101464619,100
6055,ke wang,ke wang,A5115694846,A5001578135,100
6056,ke wang,ke wang,A5115694846,A5100360109,100
6057,ke wang,ke wang,A5115694846,A5101645620,100
6058,ke wang,ke wang,A5115694846,A5101902534,100
6059,ke wang,ke wang,A5115694846,A5100742958,100
6060,ke wang,ke wang,A5115694846,A5100730995,100
6061,ke wang,ke wang,A5115694846,A5100360159,100
6062,ke wang,ke wang,A5115694846,A5101954500,100
6063,ke wang,ke wang,A5115694846,A5100602055,100
6064,ke wang,ke wang,A5115694846,A5101448464,100
6065,ke wang,ke wang,A5115694846,A5100628776,100
6066,ke wang,ke wang,A5115694846,A5134442775,100
6067,ke wang,ke wang,A5115694846,A5125565188,100
6068,ke wang,ke wang,A5115694846,A5125469190,100
6069,catherine wilson,catherine wilson,A5109032991,A5001733506,100
6070,ke wang,ke wang,A5029548225,A5100360094,100
6071,ke wang,ke wang,A5029548225,A5100360142,100
6072,ke wang,ke wang,A5029548225,A5040414354,100
6073,ke wang,ke wang,A5029548225,A5100726480,100
6074,ke wang,ke wang,A5029548225,A5054563155,100
6075,ke wang,ke wang,A5029548225,A5100628775,100
6076,ke wang,ke wang,A5029548225,A5100734597,100
6077,ke wang,ke wang,A5029548225,A5100734599,100
6078,ke wang,ke wang,A5029548225,A5100360076,100
6079,ke wang,ke wang,A5029548225,A5100734606,100
6080,ke wang,ke wang,A5029548225,A5101445828,100
6081,ke wang,ke wang,A5029548225,A5068556410,100
6082,ke wang,ke wang,A5029548225,A5100360158,100
6083,ke wang,ke wang,A5029548225,A5025289290,100
6084,ke wang,ke wang,A5029548225,A5036269989,100
6085,ke wang,ke wang,A5029548225,A5073656495,100
6086,ke wang,ke wang,A5029548225,A5100360148,100
6087,ke wang,ke wang,A5029548225,A5100360157,100
6088,ke wang,ke wang,A5029548225,A5100360129,100
6089,ke wang,ke wang,A5029548225,A5100726478,100
6090,ke wang,ke wang,A5029548225,A5100360175,100
6091,ke wang,ke wang,A5029548225,A5100360143,100
6092,ke wang,ke wang,A5029548225,A5100602057,100
6093,ke wang,ke wang,A5029548225,A5100779671,100
6094,ke wang,ke wang,A5029548225,A5101464619,100
6095,ke wang,ke wang,A5029548225,A5001578135,100
6096,ke wang,ke wang,A5029548225,A5100360109,100
6097,ke wang,ke wang,A5029548225,A5101645620,100
6098,ke wang,ke wang,A5029548225,A5101902534,100
6099,ke wang,ke wang,A5029548225,A5100742958,100
6100,ke wang,ke wang,A5029548225,A5100730995,100
6101,ke wang,ke wang,A5029548225,A5100360159,100
6102,ke wang,ke wang,A5029548225,A5101954500,100
6103,ke wang,ke wang,A5029548225,A5100602055,100
6104,ke wang,ke wang,A5029548225,A5101448464,100
6105,ke wang,ke wang,A5029548225,A5100628776,100
6106,ke wang,ke wang,A5029548225,A5134442775,100
6107,ke wang,ke wang,A5029548225,A5125565188,100
6108,ke wang,ke wang,A5029548225,A5125469190,100
6109,jing wang,jing wang,A5100740128,A5100378497,100
6110,jing wang,jing wang,A5100740128,A5100378492,100
6111,jing wang,jing wang,A5100740128,A5045869983,100
6112,feng wang,feng wang,A5060899492,A5101513179,100
6113,feng wang,feng wang,A5060899492,A5100431183,100
6114,feng wang,feng wang,A5060899492,A5102843527,100
6115,feng wang,feng wang,A5060899492,A5100431433,100
6116,feng wang,feng wang,A5060899492,A5013520886,100
6117,feng wang,feng wang,A5060899492,A5033829994,100
6118,feng wang,feng wang,A5060899492,A5100691911,100
6119,feng wang,feng wang,A5060899492,A5071877363,100
6120,feng wang,feng wang,A5060899492,A5101376699,100
6121,michael j ward,michael j ward,A5037517718,A5057715845,100
6122,yue wang,yue wang,A5100371984,A5100666595,100
6123,yue wang,yue wang,A5100371984,A5100372109,100
6124,yue wang,yue wang,A5100371984,A5066926793,100
6125,yue wang,yue wang,A5100371984,A5100371937,100
6126,yue wang,yue wang,A5100371984,A5100372143,100
6127,yue wang,yue wang,A5100371984,A5100372061,100
6128,yue wang,yue wang,A5100371984,A5014816129,100
6129,yue wang,yue wang,A5100371984,A5100371956,100
6130,yue wang,yue wang,A5100371984,A5100372008,100
6131,yue wang,yue wang,A5100371984,A5101483142,100
6132,yue wang,yue wang,A5100371984,A5100372052,100
6133,yue wang,yue wang,A5100371984,A5048572774,100
6134,yang wang,yang wang,A5100322887,A5101398880,100
6135,yang wang,yang wang,A5100322887,A5100613827,100
6136,yang wang,yang wang,A5100322887,A5100322922,100
6137,yang wang,yang wang,A5100322887,A5087160186,100
6138,kui wu,kui wu,A5100641549,A5035980141,100
6139,kui wu,kui wu,A5100641549,A5110101259,100
6140,ke wang,ke wang,A5100360094,A5100360142,100
6141,ke wang,ke wang,A5100360094,A5040414354,100
6142,ke wang,ke wang,A5100360094,A5100726480,100
6143,ke wang,ke wang,A5100360094,A5054563155,100
6144,ke wang,ke wang,A5100360094,A5100628775,100
6145,ke wang,ke wang,A5100360094,A5100734597,100
6146,ke wang,ke wang,A5100360094,A5100734599,100
6147,ke wang,ke wang,A5100360094,A5100360076,100
6148,ke wang,ke wang,A5100360094,A5100734606,100
6149,ke wang,ke wang,A5100360094,A5101445828,100
6150,ke wang,ke wang,A5100360094,A5068556410,100
6151,ke wang,ke wang,A5100360094,A5100360158,100
6152,ke wang,ke wang,A5100360094,A5025289290,100
6153,ke wang,ke wang,A5100360094,A5036269989,100
6154,ke wang,ke wang,A5100360094,A5073656495,100
6155,ke wang,ke wang,A5100360094,A5100360148,100
6156,ke wang,ke wang,A5100360094,A5100360157,100
6157,ke wang,ke wang,A5100360094,A5100360129,100
6158,ke wang,ke wang,A5100360094,A5100726478,100
6159,ke wang,ke wang,A5100360094,A5100360175,100
6160,ke wang,ke wang,A5100360094,A5100360143,100
6161,ke wang,ke wang,A5100360094,A5100602057,100
6162,ke wang,ke wang,A5100360094,A5100779671,100
6163,ke wang,ke wang,A5100360094,A5101464619,100
6164,ke wang,ke wang,A5100360094,A5001578135,100
6165,ke wang,ke wang,A5100360094,A5100360109,100
6166,ke wang,ke wang,A5100360094,A5101645620,100
6167,ke wang,ke wang,A5100360094,A5101902534,100
6168,ke wang,ke wang,A5100360094,A5100742958,100
6169,ke wang,ke wang,A5100360094,A5100730995,100
6170,ke wang,ke wang,A5100360094,A5100360159,100
6171,ke wang,ke wang,A5100360094,A5101954500,100
6172,ke wang,ke wang,A5100360094,A5100602055,100
6173,ke wang,ke wang,A5100360094,A5101448464,100
6174,ke wang,ke wang,A5100360094,A5100628776,100
6175,ke wang,ke wang,A5100360094,A5134442775,100
6176,ke wang,ke wang,A5100360094,A5125565188,100
6177,ke wang,ke wang,A5100360094,A5125469190,100
6178,xiaoying wang,xiaoying wang,A5100700839,A5075566936,100
6179,xiaoying wang,xiaoying wang,A5100700839,A5031483277,100
6180,feng wang,feng wang,A5101513179,A5100431183,100
6181,feng wang,feng wang,A5101513179,A5102843527,100
6182,feng wang,feng wang,A5101513179,A5100431433,100
6183,feng wang,feng wang,A5101513179,A5013520886,100
6184,feng wang,feng wang,A5101513179,A5033829994,100
6185,feng wang,feng wang,A5101513179,A5100691911,100
6186,feng wang,feng wang,A5101513179,A5071877363,100
6187,feng wang,feng wang,A5101513179,A5101376699,100
6188,haiyang wang,haiyang wang,A5100438288,A5100438270,100
6189,haiyang wang,haiyang wang,A5100438288,A5100438287,100
6190,haiyang wang,haiyang wang,A5100438288,A5100438272,100
6191,haiyang wang,haiyang wang,A5100438288,A5100438276,100
6192,haiyang wang,haiyang wang,A5100438288,A5100438277,100
6193,yue wang,yue wang,A5100666595,A5100372109,100
6194,yue wang,yue wang,A5100666595,A5066926793,100
6195,yue wang,yue wang,A5100666595,A5100371937,100
6196,yue wang,yue wang,A5100666595,A5100372143,100
6197,yue wang,yue wang,A5100666595,A5100372061,100
6198,yue wang,yue wang,A5100666595,A5014816129,100
6199,yue wang,yue wang,A5100666595,A5100371956,100
6200,yue wang,yue wang,A5100666595,A5100372008,100
6201,yue wang,yue wang,A5100666595,A5101483142,100
6202,yue wang,yue wang,A5100666595,A5100372052,100
6203,yue wang,yue wang,A5100666595,A5048572774,100
6204,yue wang,yue wang,A5100372109,A5066926793,100
6205,yue wang,yue wang,A5100372109,A5100371937,100
6206,yue wang,yue wang,A5100372109,A5100372143,100
6207,yue wang,yue wang,A5100372109,A5100372061,100
6208,yue wang,yue wang,A5100372109,A5014816129,100
6209,yue wang,yue wang,A5100372109,A5100371956,100
6210,yue wang,yue wang,A5100372109,A5100372008,100
6211,yue wang,yue wang,A5100372109,A5101483142,100
6212,yue wang,yue wang,A5100372109,A5100372052,100
6213,yue wang,yue wang,A5100372109,A5048572774,100
6214,haiyang wang,haiyang wang,A5100438270,A5100438287,100
6215,haiyang wang,haiyang wang,A5100438270,A5100438272,100
6216,haiyang wang,haiyang wang,A5100438270,A5100438276,100
6217,haiyang wang,haiyang wang,A5100438270,A5100438277,100
6218,meghan winters,meghan winters,A5023136423,A5129068528,100
6219,meghan winters,meghan winters,A5023136423,A5121492872,100
6220,meghan winters,meghan winters,A5023136423,A5121514766,100
6221,meghan winters,meghan winters,A5023136423,A5123619140,100
6222,meghan winters,meghan winters,A5023136423,A5123870654,100
6223,meghan winters,meghan winters,A5023136423,A5126515811,100
6224,meghan winters,meghan winters,A5023136423,A5135630124,100
6225,lin wang,lin wang,A5100403208,A5100403175,100
6226,lin wang,lin wang,A5100403208,A5100403148,100
6227,lin wang,lin wang,A5100403208,A5126906027,100
6228,j w watson,j w watson,A5109459697,A5111484314,100
6229,hua wu,hua wu,A5015314503,A5048877494,100
6230,hua wu,hua wu,A5015314503,A5101615009,100
6231,xin wang,xin wang,A5100328117,A5108047067,100
6232,xin wang,xin wang,A5100328117,A5101681860,100
6233,xin wang,xin wang,A5100328117,A5100327893,100
6234,ke wang,ke wang,A5100360142,A5040414354,100
6235,ke wang,ke wang,A5100360142,A5100726480,100
6236,ke wang,ke wang,A5100360142,A5054563155,100
6237,ke wang,ke wang,A5100360142,A5100628775,100
6238,ke wang,ke wang,A5100360142,A5100734597,100
6239,ke wang,ke wang,A5100360142,A5100734599,100
6240,ke wang,ke wang,A5100360142,A5100360076,100
6241,ke wang,ke wang,A5100360142,A5100734606,100
6242,ke wang,ke wang,A5100360142,A5101445828,100
6243,ke wang,ke wang,A5100360142,A5068556410,100
6244,ke wang,ke wang,A5100360142,A5100360158,100
6245,ke wang,ke wang,A5100360142,A5025289290,100
6246,ke wang,ke wang,A5100360142,A5036269989,100
6247,ke wang,ke wang,A5100360142,A5073656495,100
6248,ke wang,ke wang,A5100360142,A5100360148,100
6249,ke wang,ke wang,A5100360142,A5100360157,100
6250,ke wang,ke wang,A5100360142,A5100360129,100
6251,ke wang,ke wang,A5100360142,A5100726478,100
6252,ke wang,ke wang,A5100360142,A5100360175,100
6253,ke wang,ke wang,A5100360142,A5100360143,100
6254,ke wang,ke wang,A5100360142,A5100602057,100
6255,ke wang,ke wang,A5100360142,A5100779671,100
6256,ke wang,ke wang,A5100360142,A5101464619,100
6257,ke wang,ke wang,A5100360142,A5001578135,100
6258,ke wang,ke wang,A5100360142,A5100360109,100
6259,ke wang,ke wang,A5100360142,A5101645620,100
6260,ke wang,ke wang,A5100360142,A5101902534,100
6261,ke wang,ke wang,A5100360142,A5100742958,100
6262,ke wang,ke wang,A5100360142,A5100730995,100
6263,ke wang,ke wang,A5100360142,A5100360159,100
6264,ke wang,ke wang,A5100360142,A5101954500,100
6265,ke wang,ke wang,A5100360142,A5100602055,100
6266,ke wang,ke wang,A5100360142,A5101448464,100
6267,ke wang,ke wang,A5100360142,A5100628776,100
6268,ke wang,ke wang,A5100360142,A5134442775,100
6269,ke wang,ke wang,A5100360142,A5125565188,100
6270,ke wang,ke wang,A5100360142,A5125469190,100
6271,yi wang,yi wang,A5100602473,A5100364877,100
6272,yi wang,yi wang,A5100602473,A5071864494,100
6273,weijie wang,weijie wang,A5029551563,A5100398429,100
6274,feng wang,feng wang,A5100431183,A5102843527,100
6275,feng wang,feng wang,A5100431183,A5100431433,100
6276,feng wang,feng wang,A5100431183,A5013520886,100
6277,feng wang,feng wang,A5100431183,A5033829994,100
6278,feng wang,feng wang,A5100431183,A5100691911,100
6279,feng wang,feng wang,A5100431183,A5071877363,100
6280,feng wang,feng wang,A5100431183,A5101376699,100
6281,zhixiang wang,zhixiang wang,A5100700405,A5100700401,100
6282,lin wang,lin wang,A5100403175,A5100403148,100
6283,lin wang,lin wang,A5100403175,A5126906027,100
6284,zhu wang,zhu wang,A5100439571,A5101944600,100
6285,cong wang,cong wang,A5100390479,A5100390490,100
6286,cong wang,cong wang,A5100390479,A5100390473,100
6287,cong wang,cong wang,A5100390479,A5100390466,100
6288,hua wu,hua wu,A5048877494,A5101615009,100
6289,jing wang,jing wang,A5100378497,A5100378492,100
6290,jing wang,jing wang,A5100378497,A5045869983,100
6291,zhe wang,zhe wang,A5100407591,A5100407601,100
6292,ke wang,ke wang,A5040414354,A5100726480,100
6293,ke wang,ke wang,A5040414354,A5054563155,100
6294,ke wang,ke wang,A5040414354,A5100628775,100
6295,ke wang,ke wang,A5040414354,A5100734597,100
6296,ke wang,ke wang,A5040414354,A5100734599,100
6297,ke wang,ke wang,A5040414354,A5100360076,100
6298,ke wang,ke wang,A5040414354,A5100734606,100
6299,ke wang,ke wang,A5040414354,A5101445828,100
6300,ke wang,ke wang,A5040414354,A5068556410,100
6301,ke wang,ke wang,A5040414354,A5100360158,100
6302,ke wang,ke wang,A5040414354,A5025289290,100
6303,ke wang,ke wang,A5040414354,A5036269989,100
6304,ke wang,ke wang,A5040414354,A5073656495,100
6305,ke wang,ke wang,A5040414354,A5100360148,100
6306,ke wang,ke wang,A5040414354,A5100360157,100
6307,ke wang,ke wang,A5040414354,A5100360129,100
6308,ke wang,ke wang,A5040414354,A5100726478,100
6309,ke wang,ke wang,A5040414354,A5100360175,100
6310,ke wang,ke wang,A5040414354,A5100360143,100
6311,ke wang,ke wang,A5040414354,A5100602057,100
6312,ke wang,ke wang,A5040414354,A5100779671,100
6313,ke wang,ke wang,A5040414354,A5101464619,100
6314,ke wang,ke wang,A5040414354,A5001578135,100
6315,ke wang,ke wang,A5040414354,A5100360109,100
6316,ke wang,ke wang,A5040414354,A5101645620,100
6317,ke wang,ke wang,A5040414354,A5101902534,100
6318,ke wang,ke wang,A5040414354,A5100742958,100
6319,ke wang,ke wang,A5040414354,A5100730995,100
6320,ke wang,ke wang,A5040414354,A5100360159,100
6321,ke wang,ke wang,A5040414354,A5101954500,100
6322,ke wang,ke wang,A5040414354,A5100602055,100
6323,ke wang,ke wang,A5040414354,A5101448464,100
6324,ke wang,ke wang,A5040414354,A5100628776,100
6325,ke wang,ke wang,A5040414354,A5134442775,100
6326,ke wang,ke wang,A5040414354,A5125565188,100
6327,ke wang,ke wang,A5040414354,A5125469190,100
6328,ke wang,ke wang,A5100726480,A5054563155,100
6329,ke wang,ke wang,A5100726480,A5100628775,100
6330,ke wang,ke wang,A5100726480,A5100734597,100
6331,ke wang,ke wang,A5100726480,A5100734599,100
6332,ke wang,ke wang,A5100726480,A5100360076,100
6333,ke wang,ke wang,A5100726480,A5100734606,100
6334,ke wang,ke wang,A5100726480,A5101445828,100
6335,ke wang,ke wang,A5100726480,A5068556410,100
6336,ke wang,ke wang,A5100726480,A5100360158,100
6337,ke wang,ke wang,A5100726480,A5025289290,100
6338,ke wang,ke wang,A5100726480,A5036269989,100
6339,ke wang,ke wang,A5100726480,A5073656495,100
6340,ke wang,ke wang,A5100726480,A5100360148,100
6341,ke wang,ke wang,A5100726480,A5100360157,100
6342,ke wang,ke wang,A5100726480,A5100360129,100
6343,ke wang,ke wang,A5100726480,A5100726478,100
6344,ke wang,ke wang,A5100726480,A5100360175,100
6345,ke wang,ke wang,A5100726480,A5100360143,100
6346,ke wang,ke wang,A5100726480,A5100602057,100
6347,ke wang,ke wang,A5100726480,A5100779671,100
6348,ke wang,ke wang,A5100726480,A5101464619,100
6349,ke wang,ke wang,A5100726480,A5001578135,100
6350,ke wang,ke wang,A5100726480,A5100360109,100
6351,ke wang,ke wang,A5100726480,A5101645620,100
6352,ke wang,ke wang,A5100726480,A5101902534,100
6353,ke wang,ke wang,A5100726480,A5100742958,100
6354,ke wang,ke wang,A5100726480,A5100730995,100
6355,ke wang,ke wang,A5100726480,A5100360159,100
6356,ke wang,ke wang,A5100726480,A5101954500,100
6357,ke wang,ke wang,A5100726480,A5100602055,100
6358,ke wang,ke wang,A5100726480,A5101448464,100
6359,ke wang,ke wang,A5100726480,A5100628776,100
6360,ke wang,ke wang,A5100726480,A5134442775,100
6361,ke wang,ke wang,A5100726480,A5125565188,100
6362,ke wang,ke wang,A5100726480,A5125469190,100
6363,haiyang wang,haiyang wang,A5100438287,A5100438272,100
6364,haiyang wang,haiyang wang,A5100438287,A5100438276,100
6365,haiyang wang,haiyang wang,A5100438287,A5100438277,100
6366,guangshun wang,guangshun wang,A5019689255,A5102829260,100
6367,huan wang,huan wang,A5047123961,A5100332025,100
6368,jennifer s wong,jennifer s wong,A5018101953,A5029194749,100
6369,ke wang,ke wang,A5054563155,A5100628775,100
6370,ke wang,ke wang,A5054563155,A5100734597,100
6371,ke wang,ke wang,A5054563155,A5100734599,100
6372,ke wang,ke wang,A5054563155,A5100360076,100
6373,ke wang,ke wang,A5054563155,A5100734606,100
6374,ke wang,ke wang,A5054563155,A5101445828,100
6375,ke wang,ke wang,A5054563155,A5068556410,100
6376,ke wang,ke wang,A5054563155,A5100360158,100
6377,ke wang,ke wang,A5054563155,A5025289290,100
6378,ke wang,ke wang,A5054563155,A5036269989,100
6379,ke wang,ke wang,A5054563155,A5073656495,100
6380,ke wang,ke wang,A5054563155,A5100360148,100
6381,ke wang,ke wang,A5054563155,A5100360157,100
6382,ke wang,ke wang,A5054563155,A5100360129,100
6383,ke wang,ke wang,A5054563155,A5100726478,100
6384,ke wang,ke wang,A5054563155,A5100360175,100
6385,ke wang,ke wang,A5054563155,A5100360143,100
6386,ke wang,ke wang,A5054563155,A5100602057,100
6387,ke wang,ke wang,A5054563155,A5100779671,100
6388,ke wang,ke wang,A5054563155,A5101464619,100
6389,ke wang,ke wang,A5054563155,A5001578135,100
6390,ke wang,ke wang,A5054563155,A5100360109,100
6391,ke wang,ke wang,A5054563155,A5101645620,100
6392,ke wang,ke wang,A5054563155,A5101902534,100
6393,ke wang,ke wang,A5054563155,A5100742958,100
6394,ke wang,ke wang,A5054563155,A5100730995,100
6395,ke wang,ke wang,A5054563155,A5100360159,100
6396,ke wang,ke wang,A5054563155,A5101954500,100
6397,ke wang,ke wang,A5054563155,A5100602055,100
6398,ke wang,ke wang,A5054563155,A5101448464,100
6399,ke wang,ke wang,A5054563155,A5100628776,100
6400,ke wang,ke wang,A5054563155,A5134442775,100
6401,ke wang,ke wang,A5054563155,A5125565188,100
6402,ke wang,ke wang,A5054563155,A5125469190,100
6403,liangliang wang,liangliang wang,A5100462051,A5100462049,100
6404,liangliang wang,liangliang wang,A5100462051,A5113997922,100
6405,ke wang,ke wang,A5100628775,A5100734597,100
6406,ke wang,ke wang,A5100628775,A5100734599,100
6407,ke wang,ke wang,A5100628775,A5100360076,100
6408,ke wang,ke wang,A5100628775,A5100734606,100
6409,ke wang,ke wang,A5100628775,A5101445828,100
6410,ke wang,ke wang,A5100628775,A5068556410,100
6411,ke wang,ke wang,A5100628775,A5100360158,100
6412,ke wang,ke wang,A5100628775,A5025289290,100
6413,ke wang,ke wang,A5100628775,A5036269989,100
6414,ke wang,ke wang,A5100628775,A5073656495,100
6415,ke wang,ke wang,A5100628775,A5100360148,100
6416,ke wang,ke wang,A5100628775,A5100360157,100
6417,ke wang,ke wang,A5100628775,A5100360129,100
6418,ke wang,ke wang,A5100628775,A5100726478,100
6419,ke wang,ke wang,A5100628775,A5100360175,100
6420,ke wang,ke wang,A5100628775,A5100360143,100
6421,ke wang,ke wang,A5100628775,A5100602057,100
6422,ke wang,ke wang,A5100628775,A5100779671,100
6423,ke wang,ke wang,A5100628775,A5101464619,100
6424,ke wang,ke wang,A5100628775,A5001578135,100
6425,ke wang,ke wang,A5100628775,A5100360109,100
6426,ke wang,ke wang,A5100628775,A5101645620,100
6427,ke wang,ke wang,A5100628775,A5101902534,100
6428,ke wang,ke wang,A5100628775,A5100742958,100
6429,ke wang,ke wang,A5100628775,A5100730995,100
6430,ke wang,ke wang,A5100628775,A5100360159,100
6431,ke wang,ke wang,A5100628775,A5101954500,100
6432,ke wang,ke wang,A5100628775,A5100602055,100
6433,ke wang,ke wang,A5100628775,A5101448464,100
6434,ke wang,ke wang,A5100628775,A5100628776,100
6435,ke wang,ke wang,A5100628775,A5134442775,100
6436,ke wang,ke wang,A5100628775,A5125565188,100
6437,ke wang,ke wang,A5100628775,A5125469190,100
6438,ke wang,ke wang,A5100734597,A5100734599,100
6439,ke wang,ke wang,A5100734597,A5100360076,100
6440,ke wang,ke wang,A5100734597,A5100734606,100
6441,ke wang,ke wang,A5100734597,A5101445828,100
6442,ke wang,ke wang,A5100734597,A5068556410,100
6443,ke wang,ke wang,A5100734597,A5100360158,100
6444,ke wang,ke wang,A5100734597,A5025289290,100
6445,ke wang,ke wang,A5100734597,A5036269989,100
6446,ke wang,ke wang,A5100734597,A5073656495,100
6447,ke wang,ke wang,A5100734597,A5100360148,100
6448,ke wang,ke wang,A5100734597,A5100360157,100
6449,ke wang,ke wang,A5100734597,A5100360129,100
6450,ke wang,ke wang,A5100734597,A5100726478,100
6451,ke wang,ke wang,A5100734597,A5100360175,100
6452,ke wang,ke wang,A5100734597,A5100360143,100
6453,ke wang,ke wang,A5100734597,A5100602057,100
6454,ke wang,ke wang,A5100734597,A5100779671,100
6455,ke wang,ke wang,A5100734597,A5101464619,100
6456,ke wang,ke wang,A5100734597,A5001578135,100
6457,ke wang,ke wang,A5100734597,A5100360109,100
6458,ke wang,ke wang,A5100734597,A5101645620,100
6459,ke wang,ke wang,A5100734597,A5101902534,100
6460,ke wang,ke wang,A5100734597,A5100742958,100
6461,ke wang,ke wang,A5100734597,A5100730995,100
6462,ke wang,ke wang,A5100734597,A5100360159,100
6463,ke wang,ke wang,A5100734597,A5101954500,100
6464,ke wang,ke wang,A5100734597,A5100602055,100
6465,ke wang,ke wang,A5100734597,A5101448464,100
6466,ke wang,ke wang,A5100734597,A5100628776,100
6467,ke wang,ke wang,A5100734597,A5134442775,100
6468,ke wang,ke wang,A5100734597,A5125565188,100
6469,ke wang,ke wang,A5100734597,A5125469190,100
6470,feng wang,feng wang,A5102843527,A5100431433,100
6471,feng wang,feng wang,A5102843527,A5013520886,100
6472,feng wang,feng wang,A5102843527,A5033829994,100
6473,feng wang,feng wang,A5102843527,A5100691911,100
6474,feng wang,feng wang,A5102843527,A5071877363,100
6475,feng wang,feng wang,A5102843527,A5101376699,100
6476,jiannan wang,jiannan wang,A5101850961,A5101850959,100
6477,jiannan wang,jiannan wang,A5101850961,A5101850960,100
6478,xing wang,xing wang,A5100365503,A5100365501,100
6479,xing wang,xing wang,A5100365503,A5100754899,100
6480,angela wong,angela wong,A5030267095,A5001833250,100
6481,xing wang,xing wang,A5100365501,A5100754899,100
6482,haiyang wang,haiyang wang,A5100438272,A5100438276,100
6483,haiyang wang,haiyang wang,A5100438272,A5100438277,100
6484,james wagner,james wagner,A5041773585,A5025113912,100
6485,michael c wilson,michael c wilson,A5053340718,A5111383202,100
6486,yue wang,yue wang,A5066926793,A5100371937,100
6487,yue wang,yue wang,A5066926793,A5100372143,100
6488,yue wang,yue wang,A5066926793,A5100372061,100
6489,yue wang,yue wang,A5066926793,A5014816129,100
6490,yue wang,yue wang,A5066926793,A5100371956,100
6491,yue wang,yue wang,A5066926793,A5100372008,100
6492,yue wang,yue wang,A5066926793,A5101483142,100
6493,yue wang,yue wang,A5066926793,A5100372052,100
6494,yue wang,yue wang,A5066926793,A5048572774,100
6495,paul warwick,paul warwick,A5102792513,A5013893867,100
6496,pei wang,pei wang,A5115593415,A5100462645,100
6497,pei wang,pei wang,A5115593415,A5100462619,100
6498,pei wang,pei wang,A5115593415,A5102980024,100
6499,cong wang,cong wang,A5100390490,A5100390473,100
6500,cong wang,cong wang,A5100390490,A5100390466,100
6501,yi wu,yi wu,A5101889546,A5073986426,100
6502,yifan wang,yifan wang,A5101576850,A5101576851,100
6503,haixu wang,haixu wang,A5004129270,A5101425015,100
6504,ke wang,ke wang,A5100734599,A5100360076,100
6505,ke wang,ke wang,A5100734599,A5100734606,100
6506,ke wang,ke wang,A5100734599,A5101445828,100
6507,ke wang,ke wang,A5100734599,A5068556410,100
6508,ke wang,ke wang,A5100734599,A5100360158,100
6509,ke wang,ke wang,A5100734599,A5025289290,100
6510,ke wang,ke wang,A5100734599,A5036269989,100
6511,ke wang,ke wang,A5100734599,A5073656495,100
6512,ke wang,ke wang,A5100734599,A5100360148,100
6513,ke wang,ke wang,A5100734599,A5100360157,100
6514,ke wang,ke wang,A5100734599,A5100360129,100
6515,ke wang,ke wang,A5100734599,A5100726478,100
6516,ke wang,ke wang,A5100734599,A5100360175,100
6517,ke wang,ke wang,A5100734599,A5100360143,100
6518,ke wang,ke wang,A5100734599,A5100602057,100
6519,ke wang,ke wang,A5100734599,A5100779671,100
6520,ke wang,ke wang,A5100734599,A5101464619,100
6521,ke wang,ke wang,A5100734599,A5001578135,100
6522,ke wang,ke wang,A5100734599,A5100360109,100
6523,ke wang,ke wang,A5100734599,A5101645620,100
6524,ke wang,ke wang,A5100734599,A5101902534,100
6525,ke wang,ke wang,A5100734599,A5100742958,100
6526,ke wang,ke wang,A5100734599,A5100730995,100
6527,ke wang,ke wang,A5100734599,A5100360159,100
6528,ke wang,ke wang,A5100734599,A5101954500,100
6529,ke wang,ke wang,A5100734599,A5100602055,100
6530,ke wang,ke wang,A5100734599,A5101448464,100
6531,ke wang,ke wang,A5100734599,A5100628776,100
6532,ke wang,ke wang,A5100734599,A5134442775,100
6533,ke wang,ke wang,A5100734599,A5125565188,100
6534,ke wang,ke wang,A5100734599,A5125469190,100
6535,ben wilson,ben wilson,A5027230996,A5016384103,100
6536,ke wang,ke wang,A5100360076,A5100734606,100
6537,ke wang,ke wang,A5100360076,A5101445828,100
6538,ke wang,ke wang,A5100360076,A5068556410,100
6539,ke wang,ke wang,A5100360076,A5100360158,100
6540,ke wang,ke wang,A5100360076,A5025289290,100
6541,ke wang,ke wang,A5100360076,A5036269989,100
6542,ke wang,ke wang,A5100360076,A5073656495,100
6543,ke wang,ke wang,A5100360076,A5100360148,100
6544,ke wang,ke wang,A5100360076,A5100360157,100
6545,ke wang,ke wang,A5100360076,A5100360129,100
6546,ke wang,ke wang,A5100360076,A5100726478,100
6547,ke wang,ke wang,A5100360076,A5100360175,100
6548,ke wang,ke wang,A5100360076,A5100360143,100
6549,ke wang,ke wang,A5100360076,A5100602057,100
6550,ke wang,ke wang,A5100360076,A5100779671,100
6551,ke wang,ke wang,A5100360076,A5101464619,100
6552,ke wang,ke wang,A5100360076,A5001578135,100
6553,ke wang,ke wang,A5100360076,A5100360109,100
6554,ke wang,ke wang,A5100360076,A5101645620,100
6555,ke wang,ke wang,A5100360076,A5101902534,100
6556,ke wang,ke wang,A5100360076,A5100742958,100
6557,ke wang,ke wang,A5100360076,A5100730995,100
6558,ke wang,ke wang,A5100360076,A5100360159,100
6559,ke wang,ke wang,A5100360076,A5101954500,100
6560,ke wang,ke wang,A5100360076,A5100602055,100
6561,ke wang,ke wang,A5100360076,A5101448464,100
6562,ke wang,ke wang,A5100360076,A5100628776,100
6563,ke wang,ke wang,A5100360076,A5134442775,100
6564,ke wang,ke wang,A5100360076,A5125565188,100
6565,ke wang,ke wang,A5100360076,A5125469190,100
6566,cong wang,cong wang,A5100390473,A5100390466,100
6567,feng wang,feng wang,A5100431433,A5013520886,100
6568,feng wang,feng wang,A5100431433,A5033829994,100
6569,feng wang,feng wang,A5100431433,A5100691911,100
6570,feng wang,feng wang,A5100431433,A5071877363,100
6571,feng wang,feng wang,A5100431433,A5101376699,100
6572,feng wang,feng wang,A5013520886,A5033829994,100
6573,feng wang,feng wang,A5013520886,A5100691911,100
6574,feng wang,feng wang,A5013520886,A5071877363,100
6575,feng wang,feng wang,A5013520886,A5101376699,100
6576,jing wang,jing wang,A5100378492,A5045869983,100
6577,pengpeng wang,pengpeng wang,A5100724577,A5100724579,100
6578,jie wei,jie wei,A5101428622,A5100440108,100
6579,xin wen,xin wen,A5102813216,A5028863136,100
6580,yang wang,yang wang,A5101398880,A5100613827,100
6581,yang wang,yang wang,A5101398880,A5100322922,100
6582,yang wang,yang wang,A5101398880,A5087160186,100
6583,yuepeng wang,yuepeng wang,A5101979875,A5024695395,100
6584,pei wang,pei wang,A5100462645,A5100462619,100
6585,pei wang,pei wang,A5100462645,A5102980024,100
6586,shijia wang,shijia wang,A5019595657,A5101531787,100
6587,g gary wang,g gary wang,A5012067602,A5007112989,100
6588,g gary wang,g gary wang,A5012067602,A5034372135,100
6589,g gary wang,g gary wang,A5012067602,A5125446121,100
6590,g gary wang,g gary wang,A5012067602,A5126537737,100
6591,ke wang,ke wang,A5100734606,A5101445828,100
6592,ke wang,ke wang,A5100734606,A5068556410,100
6593,ke wang,ke wang,A5100734606,A5100360158,100
6594,ke wang,ke wang,A5100734606,A5025289290,100
6595,ke wang,ke wang,A5100734606,A5036269989,100
6596,ke wang,ke wang,A5100734606,A5073656495,100
6597,ke wang,ke wang,A5100734606,A5100360148,100
6598,ke wang,ke wang,A5100734606,A5100360157,100
6599,ke wang,ke wang,A5100734606,A5100360129,100
6600,ke wang,ke wang,A5100734606,A5100726478,100
6601,ke wang,ke wang,A5100734606,A5100360175,100
6602,ke wang,ke wang,A5100734606,A5100360143,100
6603,ke wang,ke wang,A5100734606,A5100602057,100
6604,ke wang,ke wang,A5100734606,A5100779671,100
6605,ke wang,ke wang,A5100734606,A5101464619,100
6606,ke wang,ke wang,A5100734606,A5001578135,100
6607,ke wang,ke wang,A5100734606,A5100360109,100
6608,ke wang,ke wang,A5100734606,A5101645620,100
6609,ke wang,ke wang,A5100734606,A5101902534,100
6610,ke wang,ke wang,A5100734606,A5100742958,100
6611,ke wang,ke wang,A5100734606,A5100730995,100
6612,ke wang,ke wang,A5100734606,A5100360159,100
6613,ke wang,ke wang,A5100734606,A5101954500,100
6614,ke wang,ke wang,A5100734606,A5100602055,100
6615,ke wang,ke wang,A5100734606,A5101448464,100
6616,ke wang,ke wang,A5100734606,A5100628776,100
6617,ke wang,ke wang,A5100734606,A5134442775,100
6618,ke wang,ke wang,A5100734606,A5125565188,100
6619,ke wang,ke wang,A5100734606,A5125469190,100
6620,di wu,di wu,A5070296161,A5102007825,100
6621,di wu,di wu,A5070296161,A5102007824,100
6622,yue wang,yue wang,A5100371937,A5100372143,100
6623,yue wang,yue wang,A5100371937,A5100372061,100
6624,yue wang,yue wang,A5100371937,A5014816129,100
6625,yue wang,yue wang,A5100371937,A5100371956,100
6626,yue wang,yue wang,A5100371937,A5100372008,100
6627,yue wang,yue wang,A5100371937,A5101483142,100
6628,yue wang,yue wang,A5100371937,A5100372052,100
6629,yue wang,yue wang,A5100371937,A5048572774,100
6630,ke wang,ke wang,A5101445828,A5068556410,100
6631,ke wang,ke wang,A5101445828,A5100360158,100
6632,ke wang,ke wang,A5101445828,A5025289290,100
6633,ke wang,ke wang,A5101445828,A5036269989,100
6634,ke wang,ke wang,A5101445828,A5073656495,100
6635,ke wang,ke wang,A5101445828,A5100360148,100
6636,ke wang,ke wang,A5101445828,A5100360157,100
6637,ke wang,ke wang,A5101445828,A5100360129,100
6638,ke wang,ke wang,A5101445828,A5100726478,100
6639,ke wang,ke wang,A5101445828,A5100360175,100
6640,ke wang,ke wang,A5101445828,A5100360143,100
6641,ke wang,ke wang,A5101445828,A5100602057,100
6642,ke wang,ke wang,A5101445828,A5100779671,100
6643,ke wang,ke wang,A5101445828,A5101464619,100
6644,ke wang,ke wang,A5101445828,A5001578135,100
6645,ke wang,ke wang,A5101445828,A5100360109,100
6646,ke wang,ke wang,A5101445828,A5101645620,100
6647,ke wang,ke wang,A5101445828,A5101902534,100
6648,ke wang,ke wang,A5101445828,A5100742958,100
6649,ke wang,ke wang,A5101445828,A5100730995,100
6650,ke wang,ke wang,A5101445828,A5100360159,100
6651,ke wang,ke wang,A5101445828,A5101954500,100
6652,ke wang,ke wang,A5101445828,A5100602055,100
6653,ke wang,ke wang,A5101445828,A5101448464,100
6654,ke wang,ke wang,A5101445828,A5100628776,100
6655,ke wang,ke wang,A5101445828,A5134442775,100
6656,ke wang,ke wang,A5101445828,A5125565188,100
6657,ke wang,ke wang,A5101445828,A5125469190,100
6658,tao wang,tao wang,A5100453429,A5100453702,100
6659,lin wang,lin wang,A5100403148,A5126906027,100
6660,ke wang,ke wang,A5068556410,A5100360158,100
6661,ke wang,ke wang,A5068556410,A5025289290,100
6662,ke wang,ke wang,A5068556410,A5036269989,100
6663,ke wang,ke wang,A5068556410,A5073656495,100
6664,ke wang,ke wang,A5068556410,A5100360148,100
6665,ke wang,ke wang,A5068556410,A5100360157,100
6666,ke wang,ke wang,A5068556410,A5100360129,100
6667,ke wang,ke wang,A5068556410,A5100726478,100
6668,ke wang,ke wang,A5068556410,A5100360175,100
6669,ke wang,ke wang,A5068556410,A5100360143,100
6670,ke wang,ke wang,A5068556410,A5100602057,100
6671,ke wang,ke wang,A5068556410,A5100779671,100
6672,ke wang,ke wang,A5068556410,A5101464619,100
6673,ke wang,ke wang,A5068556410,A5001578135,100
6674,ke wang,ke wang,A5068556410,A5100360109,100
6675,ke wang,ke wang,A5068556410,A5101645620,100
6676,ke wang,ke wang,A5068556410,A5101902534,100
6677,ke wang,ke wang,A5068556410,A5100742958,100
6678,ke wang,ke wang,A5068556410,A5100730995,100
6679,ke wang,ke wang,A5068556410,A5100360159,100
6680,ke wang,ke wang,A5068556410,A5101954500,100
6681,ke wang,ke wang,A5068556410,A5100602055,100
6682,ke wang,ke wang,A5068556410,A5101448464,100
6683,ke wang,ke wang,A5068556410,A5100628776,100
6684,ke wang,ke wang,A5068556410,A5134442775,100
6685,ke wang,ke wang,A5068556410,A5125565188,100
6686,ke wang,ke wang,A5068556410,A5125469190,100
6687,feng wang,feng wang,A5033829994,A5100691911,100
6688,feng wang,feng wang,A5033829994,A5071877363,100
6689,feng wang,feng wang,A5033829994,A5101376699,100
6690,ke wang,ke wang,A5100360158,A5025289290,100
6691,ke wang,ke wang,A5100360158,A5036269989,100
6692,ke wang,ke wang,A5100360158,A5073656495,100
6693,ke wang,ke wang,A5100360158,A5100360148,100
6694,ke wang,ke wang,A5100360158,A5100360157,100
6695,ke wang,ke wang,A5100360158,A5100360129,100
6696,ke wang,ke wang,A5100360158,A5100726478,100
6697,ke wang,ke wang,A5100360158,A5100360175,100
6698,ke wang,ke wang,A5100360158,A5100360143,100
6699,ke wang,ke wang,A5100360158,A5100602057,100
6700,ke wang,ke wang,A5100360158,A5100779671,100
6701,ke wang,ke wang,A5100360158,A5101464619,100
6702,ke wang,ke wang,A5100360158,A5001578135,100
6703,ke wang,ke wang,A5100360158,A5100360109,100
6704,ke wang,ke wang,A5100360158,A5101645620,100
6705,ke wang,ke wang,A5100360158,A5101902534,100
6706,ke wang,ke wang,A5100360158,A5100742958,100
6707,ke wang,ke wang,A5100360158,A5100730995,100
6708,ke wang,ke wang,A5100360158,A5100360159,100
6709,ke wang,ke wang,A5100360158,A5101954500,100
6710,ke wang,ke wang,A5100360158,A5100602055,100
6711,ke wang,ke wang,A5100360158,A5101448464,100
6712,ke wang,ke wang,A5100360158,A5100628776,100
6713,ke wang,ke wang,A5100360158,A5134442775,100
6714,ke wang,ke wang,A5100360158,A5125565188,100
6715,ke wang,ke wang,A5100360158,A5125469190,100
6716,yue wang,yue wang,A5100372143,A5100372061,100
6717,yue wang,yue wang,A5100372143,A5014816129,100
6718,yue wang,yue wang,A5100372143,A5100371956,100
6719,yue wang,yue wang,A5100372143,A5100372008,100
6720,yue wang,yue wang,A5100372143,A5101483142,100
6721,yue wang,yue wang,A5100372143,A5100372052,100
6722,yue wang,yue wang,A5100372143,A5048572774,100
6723,yitong wang,yitong wang,A5100650007,A5118608059,100
6724,kui wu,kui wu,A5035980141,A5110101259,100
6725,jennifer wang,jennifer wang,A5100693673,A5023442198,100
6726,tianzheng wang,tianzheng wang,A5101598171,A5029337151,100
6727,tianzheng wang,tianzheng wang,A5101598171,A5103765343,100
6728,yue wang,yue wang,A5100372061,A5014816129,100
6729,yue wang,yue wang,A5100372061,A5100371956,100
6730,yue wang,yue wang,A5100372061,A5100372008,100
6731,yue wang,yue wang,A5100372061,A5101483142,100
6732,yue wang,yue wang,A5100372061,A5100372052,100
6733,yue wang,yue wang,A5100372061,A5048572774,100
6734,liangliang wang,liangliang wang,A5100462049,A5113997922,100
6735,amanda watson,amanda watson,A5059829284,A5061854681,100
6736,amanda watson,amanda watson,A5059829284,A5124810313,100
6737,ke wang,ke wang,A5025289290,A5036269989,100
6738,ke wang,ke wang,A5025289290,A5073656495,100
6739,ke wang,ke wang,A5025289290,A5100360148,100
6740,ke wang,ke wang,A5025289290,A5100360157,100
6741,ke wang,ke wang,A5025289290,A5100360129,100
6742,ke wang,ke wang,A5025289290,A5100726478,100
6743,ke wang,ke wang,A5025289290,A5100360175,100
6744,ke wang,ke wang,A5025289290,A5100360143,100
6745,ke wang,ke wang,A5025289290,A5100602057,100
6746,ke wang,ke wang,A5025289290,A5100779671,100
6747,ke wang,ke wang,A5025289290,A5101464619,100
6748,ke wang,ke wang,A5025289290,A5001578135,100
6749,ke wang,ke wang,A5025289290,A5100360109,100
6750,ke wang,ke wang,A5025289290,A5101645620,100
6751,ke wang,ke wang,A5025289290,A5101902534,100
6752,ke wang,ke wang,A5025289290,A5100742958,100
6753,ke wang,ke wang,A5025289290,A5100730995,100
6754,ke wang,ke wang,A5025289290,A5100360159,100
6755,ke wang,ke wang,A5025289290,A5101954500,100
6756,ke wang,ke wang,A5025289290,A5100602055,100
6757,ke wang,ke wang,A5025289290,A5101448464,100
6758,ke wang,ke wang,A5025289290,A5100628776,100
6759,ke wang,ke wang,A5025289290,A5134442775,100
6760,ke wang,ke wang,A5025289290,A5125565188,100
6761,ke wang,ke wang,A5025289290,A5125469190,100
6762,yue wang,yue wang,A5014816129,A5100371956,100
6763,yue wang,yue wang,A5014816129,A5100372008,100
6764,yue wang,yue wang,A5014816129,A5101483142,100
6765,yue wang,yue wang,A5014816129,A5100372052,100
6766,yue wang,yue wang,A5014816129,A5048572774,100
6767,ke wang,ke wang,A5036269989,A5073656495,100
6768,ke wang,ke wang,A5036269989,A5100360148,100
6769,ke wang,ke wang,A5036269989,A5100360157,100
6770,ke wang,ke wang,A5036269989,A5100360129,100
6771,ke wang,ke wang,A5036269989,A5100726478,100
6772,ke wang,ke wang,A5036269989,A5100360175,100
6773,ke wang,ke wang,A5036269989,A5100360143,100
6774,ke wang,ke wang,A5036269989,A5100602057,100
6775,ke wang,ke wang,A5036269989,A5100779671,100
6776,ke wang,ke wang,A5036269989,A5101464619,100
6777,ke wang,ke wang,A5036269989,A5001578135,100
6778,ke wang,ke wang,A5036269989,A5100360109,100
6779,ke wang,ke wang,A5036269989,A5101645620,100
6780,ke wang,ke wang,A5036269989,A5101902534,100
6781,ke wang,ke wang,A5036269989,A5100742958,100
6782,ke wang,ke wang,A5036269989,A5100730995,100
6783,ke wang,ke wang,A5036269989,A5100360159,100
6784,ke wang,ke wang,A5036269989,A5101954500,100
6785,ke wang,ke wang,A5036269989,A5100602055,100
6786,ke wang,ke wang,A5036269989,A5101448464,100
6787,ke wang,ke wang,A5036269989,A5100628776,100
6788,ke wang,ke wang,A5036269989,A5134442775,100
6789,ke wang,ke wang,A5036269989,A5125565188,100
6790,ke wang,ke wang,A5036269989,A5125469190,100
6791,ke wang,ke wang,A5073656495,A5100360148,100
6792,ke wang,ke wang,A5073656495,A5100360157,100
6793,ke wang,ke wang,A5073656495,A5100360129,100
6794,ke wang,ke wang,A5073656495,A5100726478,100
6795,ke wang,ke wang,A5073656495,A5100360175,100
6796,ke wang,ke wang,A5073656495,A5100360143,100
6797,ke wang,ke wang,A5073656495,A5100602057,100
6798,ke wang,ke wang,A5073656495,A5100779671,100
6799,ke wang,ke wang,A5073656495,A5101464619,100
6800,ke wang,ke wang,A5073656495,A5001578135,100
6801,ke wang,ke wang,A5073656495,A5100360109,100
6802,ke wang,ke wang,A5073656495,A5101645620,100
6803,ke wang,ke wang,A5073656495,A5101902534,100
6804,ke wang,ke wang,A5073656495,A5100742958,100
6805,ke wang,ke wang,A5073656495,A5100730995,100
6806,ke wang,ke wang,A5073656495,A5100360159,100
6807,ke wang,ke wang,A5073656495,A5101954500,100
6808,ke wang,ke wang,A5073656495,A5100602055,100
6809,ke wang,ke wang,A5073656495,A5101448464,100
6810,ke wang,ke wang,A5073656495,A5100628776,100
6811,ke wang,ke wang,A5073656495,A5134442775,100
6812,ke wang,ke wang,A5073656495,A5125565188,100
6813,ke wang,ke wang,A5073656495,A5125469190,100
6814,ke wang,ke wang,A5100360148,A5100360157,100
6815,ke wang,ke wang,A5100360148,A5100360129,100
6816,ke wang,ke wang,A5100360148,A5100726478,100
6817,ke wang,ke wang,A5100360148,A5100360175,100
6818,ke wang,ke wang,A5100360148,A5100360143,100
6819,ke wang,ke wang,A5100360148,A5100602057,100
6820,ke wang,ke wang,A5100360148,A5100779671,100
6821,ke wang,ke wang,A5100360148,A5101464619,100
6822,ke wang,ke wang,A5100360148,A5001578135,100
6823,ke wang,ke wang,A5100360148,A5100360109,100
6824,ke wang,ke wang,A5100360148,A5101645620,100
6825,ke wang,ke wang,A5100360148,A5101902534,100
6826,ke wang,ke wang,A5100360148,A5100742958,100
6827,ke wang,ke wang,A5100360148,A5100730995,100
6828,ke wang,ke wang,A5100360148,A5100360159,100
6829,ke wang,ke wang,A5100360148,A5101954500,100
6830,ke wang,ke wang,A5100360148,A5100602055,100
6831,ke wang,ke wang,A5100360148,A5101448464,100
6832,ke wang,ke wang,A5100360148,A5100628776,100
6833,ke wang,ke wang,A5100360148,A5134442775,100
6834,ke wang,ke wang,A5100360148,A5125565188,100
6835,ke wang,ke wang,A5100360148,A5125469190,100
6836,yang wang,yang wang,A5100613827,A5100322922,100
6837,yang wang,yang wang,A5100613827,A5087160186,100
6838,tianzheng wang,tianzheng wang,A5029337151,A5103765343,100
6839,yang wang,yang wang,A5100322922,A5087160186,100
6840,ke wang,ke wang,A5100360157,A5100360129,100
6841,ke wang,ke wang,A5100360157,A5100726478,100
6842,ke wang,ke wang,A5100360157,A5100360175,100
6843,ke wang,ke wang,A5100360157,A5100360143,100
6844,ke wang,ke wang,A5100360157,A5100602057,100
6845,ke wang,ke wang,A5100360157,A5100779671,100
6846,ke wang,ke wang,A5100360157,A5101464619,100
6847,ke wang,ke wang,A5100360157,A5001578135,100
6848,ke wang,ke wang,A5100360157,A5100360109,100
6849,ke wang,ke wang,A5100360157,A5101645620,100
6850,ke wang,ke wang,A5100360157,A5101902534,100
6851,ke wang,ke wang,A5100360157,A5100742958,100
6852,ke wang,ke wang,A5100360157,A5100730995,100
6853,ke wang,ke wang,A5100360157,A5100360159,100
6854,ke wang,ke wang,A5100360157,A5101954500,100
6855,ke wang,ke wang,A5100360157,A5100602055,100
6856,ke wang,ke wang,A5100360157,A5101448464,100
6857,ke wang,ke wang,A5100360157,A5100628776,100
6858,ke wang,ke wang,A5100360157,A5134442775,100
6859,ke wang,ke wang,A5100360157,A5125565188,100
6860,ke wang,ke wang,A5100360157,A5125469190,100
6861,pei wang,pei wang,A5100462619,A5102980024,100
6862,deirdre weymann,deirdre weymann,A5039287543,A5112366893,100
6863,deirdre weymann,deirdre weymann,A5039287543,A5128840587,100
6864,ke wang,ke wang,A5100360129,A5100726478,100
6865,ke wang,ke wang,A5100360129,A5100360175,100
6866,ke wang,ke wang,A5100360129,A5100360143,100
6867,ke wang,ke wang,A5100360129,A5100602057,100
6868,ke wang,ke wang,A5100360129,A5100779671,100
6869,ke wang,ke wang,A5100360129,A5101464619,100
6870,ke wang,ke wang,A5100360129,A5001578135,100
6871,ke wang,ke wang,A5100360129,A5100360109,100
6872,ke wang,ke wang,A5100360129,A5101645620,100
6873,ke wang,ke wang,A5100360129,A5101902534,100
6874,ke wang,ke wang,A5100360129,A5100742958,100
6875,ke wang,ke wang,A5100360129,A5100730995,100
6876,ke wang,ke wang,A5100360129,A5100360159,100
6877,ke wang,ke wang,A5100360129,A5101954500,100
6878,ke wang,ke wang,A5100360129,A5100602055,100
6879,ke wang,ke wang,A5100360129,A5101448464,100
6880,ke wang,ke wang,A5100360129,A5100628776,100
6881,ke wang,ke wang,A5100360129,A5134442775,100
6882,ke wang,ke wang,A5100360129,A5125565188,100
6883,ke wang,ke wang,A5100360129,A5125469190,100
6884,ke wang,ke wang,A5100726478,A5100360175,100
6885,ke wang,ke wang,A5100726478,A5100360143,100
6886,ke wang,ke wang,A5100726478,A5100602057,100
6887,ke wang,ke wang,A5100726478,A5100779671,100
6888,ke wang,ke wang,A5100726478,A5101464619,100
6889,ke wang,ke wang,A5100726478,A5001578135,100
6890,ke wang,ke wang,A5100726478,A5100360109,100
6891,ke wang,ke wang,A5100726478,A5101645620,100
6892,ke wang,ke wang,A5100726478,A5101902534,100
6893,ke wang,ke wang,A5100726478,A5100742958,100
6894,ke wang,ke wang,A5100726478,A5100730995,100
6895,ke wang,ke wang,A5100726478,A5100360159,100
6896,ke wang,ke wang,A5100726478,A5101954500,100
6897,ke wang,ke wang,A5100726478,A5100602055,100
6898,ke wang,ke wang,A5100726478,A5101448464,100
6899,ke wang,ke wang,A5100726478,A5100628776,100
6900,ke wang,ke wang,A5100726478,A5134442775,100
6901,ke wang,ke wang,A5100726478,A5125565188,100
6902,ke wang,ke wang,A5100726478,A5125469190,100
6903,di wu,di wu,A5102007825,A5102007824,100
6904,yue wang,yue wang,A5100371956,A5100372008,100
6905,yue wang,yue wang,A5100371956,A5101483142,100
6906,yue wang,yue wang,A5100371956,A5100372052,100
6907,yue wang,yue wang,A5100371956,A5048572774,100
6908,andrew wade,andrew wade,A5074820357,A5101195139,100
6909,haiyang wang,haiyang wang,A5100438276,A5100438277,100
6910,zezhong wang,zezhong wang,A5100747388,A5080413518,100
6911,xiao wang,xiao wang,A5100411459,A5106457173,100
6912,feng wang,feng wang,A5100691911,A5071877363,100
6913,feng wang,feng wang,A5100691911,A5101376699,100
6914,ke wang,ke wang,A5100360175,A5100360143,100
6915,ke wang,ke wang,A5100360175,A5100602057,100
6916,ke wang,ke wang,A5100360175,A5100779671,100
6917,ke wang,ke wang,A5100360175,A5101464619,100
6918,ke wang,ke wang,A5100360175,A5001578135,100
6919,ke wang,ke wang,A5100360175,A5100360109,100
6920,ke wang,ke wang,A5100360175,A5101645620,100
6921,ke wang,ke wang,A5100360175,A5101902534,100
6922,ke wang,ke wang,A5100360175,A5100742958,100
6923,ke wang,ke wang,A5100360175,A5100730995,100
6924,ke wang,ke wang,A5100360175,A5100360159,100
6925,ke wang,ke wang,A5100360175,A5101954500,100
6926,ke wang,ke wang,A5100360175,A5100602055,100
6927,ke wang,ke wang,A5100360175,A5101448464,100
6928,ke wang,ke wang,A5100360175,A5100628776,100
6929,ke wang,ke wang,A5100360175,A5134442775,100
6930,ke wang,ke wang,A5100360175,A5125565188,100
6931,ke wang,ke wang,A5100360175,A5125469190,100
6932,ke wang,ke wang,A5100360143,A5100602057,100
6933,ke wang,ke wang,A5100360143,A5100779671,100
6934,ke wang,ke wang,A5100360143,A5101464619,100
6935,ke wang,ke wang,A5100360143,A5001578135,100
6936,ke wang,ke wang,A5100360143,A5100360109,100
6937,ke wang,ke wang,A5100360143,A5101645620,100
6938,ke wang,ke wang,A5100360143,A5101902534,100
6939,ke wang,ke wang,A5100360143,A5100742958,100
6940,ke wang,ke wang,A5100360143,A5100730995,100
6941,ke wang,ke wang,A5100360143,A5100360159,100
6942,ke wang,ke wang,A5100360143,A5101954500,100
6943,ke wang,ke wang,A5100360143,A5100602055,100
6944,ke wang,ke wang,A5100360143,A5101448464,100
6945,ke wang,ke wang,A5100360143,A5100628776,100
6946,ke wang,ke wang,A5100360143,A5134442775,100
6947,ke wang,ke wang,A5100360143,A5125565188,100
6948,ke wang,ke wang,A5100360143,A5125469190,100
6949,qing wu,qing wu,A5114130069,A5109532026,100
6950,ke wang,ke wang,A5100602057,A5100779671,100
6951,ke wang,ke wang,A5100602057,A5101464619,100
6952,ke wang,ke wang,A5100602057,A5001578135,100
6953,ke wang,ke wang,A5100602057,A5100360109,100
6954,ke wang,ke wang,A5100602057,A5101645620,100
6955,ke wang,ke wang,A5100602057,A5101902534,100
6956,ke wang,ke wang,A5100602057,A5100742958,100
6957,ke wang,ke wang,A5100602057,A5100730995,100
6958,ke wang,ke wang,A5100602057,A5100360159,100
6959,ke wang,ke wang,A5100602057,A5101954500,100
6960,ke wang,ke wang,A5100602057,A5100602055,100
6961,ke wang,ke wang,A5100602057,A5101448464,100
6962,ke wang,ke wang,A5100602057,A5100628776,100
6963,ke wang,ke wang,A5100602057,A5134442775,100
6964,ke wang,ke wang,A5100602057,A5125565188,100
6965,ke wang,ke wang,A5100602057,A5125469190,100
6966,ke wang,ke wang,A5100779671,A5101464619,100
6967,ke wang,ke wang,A5100779671,A5001578135,100
6968,ke wang,ke wang,A5100779671,A5100360109,100
6969,ke wang,ke wang,A5100779671,A5101645620,100
6970,ke wang,ke wang,A5100779671,A5101902534,100
6971,ke wang,ke wang,A5100779671,A5100742958,100
6972,ke wang,ke wang,A5100779671,A5100730995,100
6973,ke wang,ke wang,A5100779671,A5100360159,100
6974,ke wang,ke wang,A5100779671,A5101954500,100
6975,ke wang,ke wang,A5100779671,A5100602055,100
6976,ke wang,ke wang,A5100779671,A5101448464,100
6977,ke wang,ke wang,A5100779671,A5100628776,100
6978,ke wang,ke wang,A5100779671,A5134442775,100
6979,ke wang,ke wang,A5100779671,A5125565188,100
6980,ke wang,ke wang,A5100779671,A5125469190,100
6981,ke wang,ke wang,A5101464619,A5001578135,100
6982,ke wang,ke wang,A5101464619,A5100360109,100
6983,ke wang,ke wang,A5101464619,A5101645620,100
6984,ke wang,ke wang,A5101464619,A5101902534,100
6985,ke wang,ke wang,A5101464619,A5100742958,100
6986,ke wang,ke wang,A5101464619,A5100730995,100
6987,ke wang,ke wang,A5101464619,A5100360159,100
6988,ke wang,ke wang,A5101464619,A5101954500,100
6989,ke wang,ke wang,A5101464619,A5100602055,100
6990,ke wang,ke wang,A5101464619,A5101448464,100
6991,ke wang,ke wang,A5101464619,A5100628776,100
6992,ke wang,ke wang,A5101464619,A5134442775,100
6993,ke wang,ke wang,A5101464619,A5125565188,100
6994,ke wang,ke wang,A5101464619,A5125469190,100
6995,claire wilson,claire wilson,A5102751459,A5023990167,100
6996,xin wang,xin wang,A5108047067,A5101681860,100
6997,xin wang,xin wang,A5108047067,A5100327893,100
6998,stephanie wong,stephanie wong,A5079712740,A5072468728,100
6999,ke wang,ke wang,A5001578135,A5100360109,100
7000,ke wang,ke wang,A5001578135,A5101645620,100
7001,ke wang,ke wang,A5001578135,A5101902534,100
7002,ke wang,ke wang,A5001578135,A5100742958,100
7003,ke wang,ke wang,A5001578135,A5100730995,100
7004,ke wang,ke wang,A5001578135,A5100360159,100
7005,ke wang,ke wang,A5001578135,A5101954500,100
7006,ke wang,ke wang,A5001578135,A5100602055,100
7007,ke wang,ke wang,A5001578135,A5101448464,100
7008,ke wang,ke wang,A5001578135,A5100628776,100
7009,ke wang,ke wang,A5001578135,A5134442775,100
7010,ke wang,ke wang,A5001578135,A5125565188,100
7011,ke wang,ke wang,A5001578135,A5125469190,100
7012,ke wang,ke wang,A5100360109,A5101645620,100
7013,ke wang,ke wang,A5100360109,A5101902534,100
7014,ke wang,ke wang,A5100360109,A5100742958,100
7015,ke wang,ke wang,A5100360109,A5100730995,100
7016,ke wang,ke wang,A5100360109,A5100360159,100
7017,ke wang,ke wang,A5100360109,A5101954500,100
7018,ke wang,ke wang,A5100360109,A5100602055,100
7019,ke wang,ke wang,A5100360109,A5101448464,100
7020,ke wang,ke wang,A5100360109,A5100628776,100
7021,ke wang,ke wang,A5100360109,A5134442775,100
7022,ke wang,ke wang,A5100360109,A5125565188,100
7023,ke wang,ke wang,A5100360109,A5125469190,100
7024,yi wang,yi wang,A5100364877,A5071864494,100
7025,jianliang wu,jianliang wu,A5101059506,A5101102768,100
7026,jason wang,jason wang,A5104209993,A5100700441,100
7027,mengqin wang,mengqin wang,A5074911249,A5109697714,100
7028,ke wang,ke wang,A5101645620,A5101902534,100
7029,ke wang,ke wang,A5101645620,A5100742958,100
7030,ke wang,ke wang,A5101645620,A5100730995,100
7031,ke wang,ke wang,A5101645620,A5100360159,100
7032,ke wang,ke wang,A5101645620,A5101954500,100
7033,ke wang,ke wang,A5101645620,A5100602055,100
7034,ke wang,ke wang,A5101645620,A5101448464,100
7035,ke wang,ke wang,A5101645620,A5100628776,100
7036,ke wang,ke wang,A5101645620,A5134442775,100
7037,ke wang,ke wang,A5101645620,A5125565188,100
7038,ke wang,ke wang,A5101645620,A5125469190,100
7039,ke wang,ke wang,A5101902534,A5100742958,100
7040,ke wang,ke wang,A5101902534,A5100730995,100
7041,ke wang,ke wang,A5101902534,A5100360159,100
7042,ke wang,ke wang,A5101902534,A5101954500,100
7043,ke wang,ke wang,A5101902534,A5100602055,100
7044,ke wang,ke wang,A5101902534,A5101448464,100
7045,ke wang,ke wang,A5101902534,A5100628776,100
7046,ke wang,ke wang,A5101902534,A5134442775,100
7047,ke wang,ke wang,A5101902534,A5125565188,100
7048,ke wang,ke wang,A5101902534,A5125469190,100
7049,yue wang,yue wang,A5100372008,A5101483142,100
7050,yue wang,yue wang,A5100372008,A5100372052,100
7051,yue wang,yue wang,A5100372008,A5048572774,100
7052,ke wang,ke wang,A5100742958,A5100730995,100
7053,ke wang,ke wang,A5100742958,A5100360159,100
7054,ke wang,ke wang,A5100742958,A5101954500,100
7055,ke wang,ke wang,A5100742958,A5100602055,100
7056,ke wang,ke wang,A5100742958,A5101448464,100
7057,ke wang,ke wang,A5100742958,A5100628776,100
7058,ke wang,ke wang,A5100742958,A5134442775,100
7059,ke wang,ke wang,A5100742958,A5125565188,100
7060,ke wang,ke wang,A5100742958,A5125469190,100
7061,andrea wolter,andrea wolter,A5101452760,A5101452761,100
7062,ke wang,ke wang,A5100730995,A5100360159,100
7063,ke wang,ke wang,A5100730995,A5101954500,100
7064,ke wang,ke wang,A5100730995,A5100602055,100
7065,ke wang,ke wang,A5100730995,A5101448464,100
7066,ke wang,ke wang,A5100730995,A5100628776,100
7067,ke wang,ke wang,A5100730995,A5134442775,100
7068,ke wang,ke wang,A5100730995,A5125565188,100
7069,ke wang,ke wang,A5100730995,A5125469190,100
7070,xin wang,xin wang,A5101681860,A5100327893,100
7071,jiannan wang,jiannan wang,A5101850959,A5101850960,100
7072,james whitehead,james whitehead,A5104008053,A5132633896,100
7073,amanda watson,amanda watson,A5061854681,A5124810313,100
7074,g gary wang,g gary wang,A5007112989,A5034372135,100
7075,g gary wang,g gary wang,A5007112989,A5125446121,100
7076,g gary wang,g gary wang,A5007112989,A5126537737,100
7077,feng wang,feng wang,A5071877363,A5101376699,100
7078,ke wang,ke wang,A5100360159,A5101954500,100
7079,ke wang,ke wang,A5100360159,A5100602055,100
7080,ke wang,ke wang,A5100360159,A5101448464,100
7081,ke wang,ke wang,A5100360159,A5100628776,100
7082,ke wang,ke wang,A5100360159,A5134442775,100
7083,ke wang,ke wang,A5100360159,A5125565188,100
7084,ke wang,ke wang,A5100360159,A5125469190,100
7085,ke wang,ke wang,A5101954500,A5100602055,100
7086,ke wang,ke wang,A5101954500,A5101448464,100
7087,ke wang,ke wang,A5101954500,A5100628776,100
7088,ke wang,ke wang,A5101954500,A5134442775,100
7089,ke wang,ke wang,A5101954500,A5125565188,100
7090,ke wang,ke wang,A5101954500,A5125469190,100
7091,amanda wallace,amanda wallace,A5051403993,A5083012202,100
7092,ke wang,ke wang,A5100602055,A5101448464,100
7093,ke wang,ke wang,A5100602055,A5100628776,100
7094,ke wang,ke wang,A5100602055,A5134442775,100
7095,ke wang,ke wang,A5100602055,A5125565188,100
7096,ke wang,ke wang,A5100602055,A5125469190,100
7097,braden walsh,braden walsh,A5074094141,A5044911876,100
7098,c wang,c wang,A5111593094,A5030973280,100
7099,ruiqi wang,ruiqi wang,A5100387944,A5047012415,100
7100,ke wang,ke wang,A5101448464,A5100628776,100
7101,ke wang,ke wang,A5101448464,A5134442775,100
7102,ke wang,ke wang,A5101448464,A5125565188,100
7103,ke wang,ke wang,A5101448464,A5125469190,100
7104,graeme webb,graeme webb,A5007358407,A5038315401,100
7105,z m wang,z m wang,A5025431641,A5000634643,100
7106,yue wang,yue wang,A5101483142,A5100372052,100
7107,yue wang,yue wang,A5101483142,A5048572774,100
7108,austin t wang,austin t wang,A5029434712,A5124599923,100
7109,deirdre weymann,deirdre weymann,A5112366893,A5128840587,100
7110,g gary wang,g gary wang,A5034372135,A5125446121,100
7111,g gary wang,g gary wang,A5034372135,A5126537737,100
7112,yue wang,yue wang,A5100372052,A5048572774,100
7113,ke wang,ke wang,A5100628776,A5134442775,100
7114,ke wang,ke wang,A5100628776,A5125565188,100
7115,ke wang,ke wang,A5100628776,A5125469190,100
7116,hannah v watkins,hannah v watkins,A5080278299,A5130723345,100
7117,lucas y wu,lucas y wu,A5000594667,A5052301741,100
7118,ke wang,ke wang,A5134442775,A5125565188,100
7119,ke wang,ke wang,A5134442775,A5125469190,100
7120,xiaoying wang,xiaoying wang,A5075566936,A5031483277,100
7121,h wang,h wang,A5107877346,A5009973876,100
7122,ke wang,ke wang,A5125565188,A5125469190,100
7123,z-m wang,z-m wang,A5110651825,A5013655715,100
7124,meghan winters,meghan winters,A5129068528,A5121492872,100
7125,meghan winters,meghan winters,A5129068528,A5121514766,100
7126,meghan winters,meghan winters,A5129068528,A5123619140,100
7127,meghan winters,meghan winters,A5129068528,A5123870654,100
7128,meghan winters,meghan winters,A5129068528,A5126515811,100
7129,meghan winters,meghan winters,A5129068528,A5135630124,100
7130,yuyao wu,yuyao wu,A5022999059,A5030138926,100
7131,alex wiesman,alex wiesman,A5126931502,A5128900695,100
7132,g gary wang,g gary wang,A5125446121,A5126537737,100
7133,bhairavi warke,bhairavi warke,A5020850904,A5038785402,100
7134,meghan winters,meghan winters,A5121492872,A5121514766,100
7135,meghan winters,meghan winters,A5121492872,A5123619140,100
7136,meghan winters,meghan winters,A5121492872,A5123870654,100
7137,meghan winters,meghan winters,A5121492872,A5126515811,100
7138,meghan winters,meghan winters,A5121492872,A5135630124,100
7139,meghan winters,meghan winters,A5121514766,A5123619140,100
7140,meghan winters,meghan winters,A5121514766,A5123870654,100
7141,meghan winters,meghan winters,A5121514766,A5126515811,100
7142,meghan winters,meghan winters,A5121514766,A5135630124,100
7143,meghan winters,meghan winters,A5123619140,A5123870654,100
7144,meghan winters,meghan winters,A5123619140,A5126515811,100
7145,meghan winters,meghan winters,A5123619140,A5135630124,100
7146,meghan winters,meghan winters,A5123870654,A5126515811,100
7147,meghan winters,meghan winters,A5123870654,A5135630124,100
7148,meghan winters,meghan winters,A5126515811,A5135630124,100
7149,cheng xu,cheng xu,A5100430968,A5071936861,100
7150,kai xu,kai xu,A5000248352,A5101925526,100
7151,kai xu,kai xu,A5000248352,A5101925525,100
7152,jing xu,jing xu,A5017604391,A5022600420,100
7153,jing xu,jing xu,A5017604391,A5101585118,100
7154,jing xu,jing xu,A5017604391,A5101585117,100
7155,jing xu,jing xu,A5017604391,A5110523006,100
7156,hui xie,hui xie,A5035823220,A5100692141,100
7157,hui xie,hui xie,A5035823220,A5003100413,100
7158,hui xie,hui xie,A5035823220,A5072986611,100
7159,hui xie,hui xie,A5035823220,A5103166023,100
7160,hui xie,hui xie,A5035823220,A5113220296,100
7161,hui xie,hui xie,A5035823220,A5125733235,100
7162,hui xie,hui xie,A5035823220,A5114149146,100
7163,hui xie,hui xie,A5035823220,A5036181139,100
7164,hui xie,hui xie,A5035823220,A5125389344,100
7165,hui xie,hui xie,A5035823220,A5129239026,100
7166,hui xie,hui xie,A5100692141,A5003100413,100
7167,hui xie,hui xie,A5100692141,A5072986611,100
7168,hui xie,hui xie,A5100692141,A5103166023,100
7169,hui xie,hui xie,A5100692141,A5113220296,100
7170,hui xie,hui xie,A5100692141,A5125733235,100
7171,hui xie,hui xie,A5100692141,A5114149146,100
7172,hui xie,hui xie,A5100692141,A5036181139,100
7173,hui xie,hui xie,A5100692141,A5125389344,100
7174,hui xie,hui xie,A5100692141,A5129239026,100
7175,wenli xu,wenli xu,A5100294547,A5110366202,100
7176,wenli xu,wenli xu,A5100294547,A5018448128,100
7177,yi xiong,yi xiong,A5014672057,A5077616446,100
7178,yi xiong,yi xiong,A5014672057,A5112003138,100
7179,yi xiong,yi xiong,A5014672057,A5034623596,100
7180,yi xiong,yi xiong,A5077616446,A5112003138,100
7181,yi xiong,yi xiong,A5077616446,A5034623596,100
7182,chi xu,chi xu,A5100771854,A5101498012,100
7183,hong xie,hong xie,A5100405598,A5100405601,100
7184,fei xue,fei xue,A5029425805,A5101598783,100
7185,min xu,min xu,A5100980116,A5100659688,100
7186,hui xie,hui xie,A5003100413,A5072986611,100
7187,hui xie,hui xie,A5003100413,A5103166023,100
7188,hui xie,hui xie,A5003100413,A5113220296,100
7189,hui xie,hui xie,A5003100413,A5125733235,100
7190,hui xie,hui xie,A5003100413,A5114149146,100
7191,hui xie,hui xie,A5003100413,A5036181139,100
7192,hui xie,hui xie,A5003100413,A5125389344,100
7193,hui xie,hui xie,A5003100413,A5129239026,100
7194,hui xie,hui xie,A5072986611,A5103166023,100
7195,hui xie,hui xie,A5072986611,A5113220296,100
7196,hui xie,hui xie,A5072986611,A5125733235,100
7197,hui xie,hui xie,A5072986611,A5114149146,100
7198,hui xie,hui xie,A5072986611,A5036181139,100
7199,hui xie,hui xie,A5072986611,A5125389344,100
7200,hui xie,hui xie,A5072986611,A5129239026,100
7201,song xue,song xue,A5043928475,A5101912404,100
7202,jing xu,jing xu,A5022600420,A5101585118,100
7203,jing xu,jing xu,A5022600420,A5101585117,100
7204,jing xu,jing xu,A5022600420,A5110523006,100
7205,fang xu,fang xu,A5101827751,A5115600579,100
7206,fang xu,fang xu,A5101827751,A5122749128,100
7207,kai xu,kai xu,A5101925526,A5101925525,100
7208,yi xiong,yi xiong,A5112003138,A5034623596,100
7209,fang xu,fang xu,A5115600579,A5122749128,100
7210,jing xu,jing xu,A5101585118,A5101585117,100
7211,jing xu,jing xu,A5101585118,A5110523006,100
7212,jing xu,jing xu,A5101585117,A5110523006,100
7213,hui xie,hui xie,A5103166023,A5113220296,100
7214,hui xie,hui xie,A5103166023,A5125733235,100
7215,hui xie,hui xie,A5103166023,A5114149146,100
7216,hui xie,hui xie,A5103166023,A5036181139,100
7217,hui xie,hui xie,A5103166023,A5125389344,100
7218,hui xie,hui xie,A5103166023,A5129239026,100
7219,yabo xu,yabo xu,A5100294847,A5102127734,100
7220,hui xie,hui xie,A5113220296,A5125733235,100
7221,hui xie,hui xie,A5113220296,A5114149146,100
7222,hui xie,hui xie,A5113220296,A5036181139,100
7223,hui xie,hui xie,A5113220296,A5125389344,100
7224,hui xie,hui xie,A5113220296,A5129239026,100
7225,wenli xu,wenli xu,A5110366202,A5018448128,100
7226,hui xie,hui xie,A5125733235,A5114149146,100
7227,hui xie,hui xie,A5125733235,A5036181139,100
7228,hui xie,hui xie,A5125733235,A5125389344,100
7229,hui xie,hui xie,A5125733235,A5129239026,100
7230,hui xie,hui xie,A5114149146,A5036181139,100
7231,hui xie,hui xie,A5114149146,A5125389344,100
7232,hui xie,hui xie,A5114149146,A5129239026,100
7233,hui xie,hui xie,A5036181139,A5125389344,100
7234,hui xie,hui xie,A5036181139,A5129239026,100
7235,h xie,h xie,A5057652444,A5062109072,100
7236,h xie,h xie,A5057652444,A5083881932,100
7237,h xie,h xie,A5057652444,A5073379056,100
7238,h xie,h xie,A5062109072,A5083881932,100
7239,h xie,h xie,A5062109072,A5073379056,100
7240,h xie,h xie,A5083881932,A5073379056,100
7241,hui xie,hui xie,A5125389344,A5129239026,100
7242,jie yang,jie yang,A5115590906,A5050953909,100
7243,lan yang,lan yang,A5100661258,A5100661257,100
7244,ying yu,ying yu,A5110273945,A5109739423,100
7245,hua yang,hua yang,A5052179777,A5101984481,100
7246,hua yang,hua yang,A5052179777,A5078869065,100
7247,hua yang,hua yang,A5052179777,A5101755183,100
7248,hua yang,hua yang,A5052179777,A5076875770,100
7249,hua yang,hua yang,A5052179777,A5100932527,100
7250,ming yan,ming yan,A5089718306,A5101502057,100
7251,hua yang,hua yang,A5101984481,A5078869065,100
7252,hua yang,hua yang,A5101984481,A5101755183,100
7253,hua yang,hua yang,A5101984481,A5076875770,100
7254,hua yang,hua yang,A5101984481,A5100932527,100
7255,dongya yang,dongya yang,A5068449596,A5103421121,100
7256,hua‐zhong yu,hua‐zhong yu,A5028734301,A5126541139,100
7257,hua yang,hua yang,A5078869065,A5101755183,100
7258,hua yang,hua yang,A5078869065,A5076875770,100
7259,hua yang,hua yang,A5078869065,A5100932527,100
7260,yang yu,yang yu,A5100458530,A5102790541,100
7261,tao ye,tao ye,A5054683731,A5100419650,100
7262,yi yang,yi yang,A5100393489,A5028598698,100
7263,hua yang,hua yang,A5101755183,A5076875770,100
7264,hua yang,hua yang,A5101755183,A5100932527,100
7265,s yen,s yen,A5109888562,A5108085006,100
7266,hua yang,hua yang,A5076875770,A5100932527,100
7267,yichen yan,yichen yan,A5019810767,A5013869037,100
7268,stephen yu,stephen yu,A5102940414,A5113871281,100
7269,yue yuan,yue yuan,A5060267456,A5100611937,100
7270,h henny yeung,h henny yeung,A5073307042,A5128359156,100
7271,david yin,david yin,A5100922081,A5093389964,100
7272,runyu yang,runyu yang,A5101788931,A5128716628,100
7273,ruyu yan,ruyu yan,A5090764071,A5132875834,100
7274,amanda m yonkman,amanda m yonkman,A5092819060,A5019997773,100
7275,yifan yang,yifan yang,A5132658725,A5128982235,100
7276,ming yin,ming yin,A5101273683,A5099015167,100
7277,elif sezen yağmur-kilimci,elif sezen yağmur-kilimci,A5109017386,A5116101960,100
7278,vera yang,vera yang,A5037286751,A5064894884,100
7279,han zhang,han zhang,A5100399276,A5049775315,100
7280,yong zhang,yong zhang,A5100419770,A5039251328,100
7281,yong zhang,yong zhang,A5100419770,A5060725404,100
7282,yong zhang,yong zhang,A5100419770,A5100419820,100
7283,yong zhang,yong zhang,A5100419770,A5100343325,100
7284,yan zhang,yan zhang,A5100456168,A5114377992,100
7285,yan zhang,yan zhang,A5100456168,A5100456146,100
7286,yan zhang,yan zhang,A5100456168,A5100456248,100
7287,yan zhang,yan zhang,A5100456168,A5021927954,100
7288,xin zhang,xin zhang,A5110516399,A5100327582,100
7289,xin zhang,xin zhang,A5110516399,A5100333386,100
7290,xin zhang,xin zhang,A5110516399,A5100327385,100
7291,xin zhang,xin zhang,A5110516399,A5100327536,100
7292,xin zhang,xin zhang,A5110516399,A5010144610,100
7293,xin zhang,xin zhang,A5110516399,A5100327453,100
7294,xin zhang,xin zhang,A5110516399,A5100327597,100
7295,xin zhang,xin zhang,A5110516399,A5100327640,100
7296,xin zhang,xin zhang,A5110516399,A5101793326,100
7297,xin zhang,xin zhang,A5110516399,A5100327522,100
7298,xin zhang,xin zhang,A5110516399,A5100327392,100
7299,xin zhang,xin zhang,A5110516399,A5100638347,100
7300,xin zhang,xin zhang,A5110516399,A5100327532,100
7301,xin zhang,xin zhang,A5110516399,A5100327381,100
7302,xin zhang,xin zhang,A5110516399,A5100327349,100
7303,xin zhang,xin zhang,A5110516399,A5083531656,100
7304,xin zhang,xin zhang,A5110516399,A5100327377,100
7305,xin zhang,xin zhang,A5110516399,A5100327501,100
7306,xin zhang,xin zhang,A5110516399,A5100327566,100
7307,xin zhang,xin zhang,A5100327582,A5100333386,100
7308,xin zhang,xin zhang,A5100327582,A5100327385,100
7309,xin zhang,xin zhang,A5100327582,A5100327536,100
7310,xin zhang,xin zhang,A5100327582,A5010144610,100
7311,xin zhang,xin zhang,A5100327582,A5100327453,100
7312,xin zhang,xin zhang,A5100327582,A5100327597,100
7313,xin zhang,xin zhang,A5100327582,A5100327640,100
7314,xin zhang,xin zhang,A5100327582,A5101793326,100
7315,xin zhang,xin zhang,A5100327582,A5100327522,100
7316,xin zhang,xin zhang,A5100327582,A5100327392,100
7317,xin zhang,xin zhang,A5100327582,A5100638347,100
7318,xin zhang,xin zhang,A5100327582,A5100327532,100
7319,xin zhang,xin zhang,A5100327582,A5100327381,100
7320,xin zhang,xin zhang,A5100327582,A5100327349,100
7321,xin zhang,xin zhang,A5100327582,A5083531656,100
7322,xin zhang,xin zhang,A5100327582,A5100327377,100
7323,xin zhang,xin zhang,A5100327582,A5100327501,100
7324,xin zhang,xin zhang,A5100327582,A5100327566,100
7325,chi zhang,chi zhang,A5100458183,A5021072208,100
7326,chi zhang,chi zhang,A5100458183,A5111265785,100
7327,jian zhang,jian zhang,A5100409994,A5100409861,100
7328,jian zhang,jian zhang,A5100409994,A5025199994,100
7329,jian zhang,jian zhang,A5100409994,A5100705424,100
7330,jian zhang,jian zhang,A5100409994,A5100409963,100
7331,jian zhang,jian zhang,A5100409994,A5101569922,100
7332,jianping zhang,jianping zhang,A5100390077,A5100390069,100
7333,jianping zhang,jianping zhang,A5100390077,A5100390082,100
7334,fan zhang,fan zhang,A5100403535,A5100403456,100
7335,fan zhang,fan zhang,A5100403535,A5100403540,100
7336,fan zhang,fan zhang,A5100403535,A5040425541,100
7337,fan zhang,fan zhang,A5100403535,A5100403471,100
7338,fan zhang,fan zhang,A5100403535,A5100403446,100
7339,fan zhang,fan zhang,A5100403535,A5100403474,100
7340,fan zhang,fan zhang,A5100403535,A5102791222,100
7341,lin zhang,lin zhang,A5100351907,A5100351927,100
7342,lin zhang,lin zhang,A5100351907,A5128462979,100
7343,zhongyuan zhou,zhongyuan zhou,A5102894028,A5029932972,100
7344,jian zhang,jian zhang,A5100409861,A5025199994,100
7345,jian zhang,jian zhang,A5100409861,A5100705424,100
7346,jian zhang,jian zhang,A5100409861,A5100409963,100
7347,jian zhang,jian zhang,A5100409861,A5101569922,100
7348,yanyan zhang,yanyan zhang,A5100389108,A5100389093,100
7349,yanyan zhang,yanyan zhang,A5100389108,A5100783130,100
7350,ruonan zhang,ruonan zhang,A5100666490,A5100666487,100
7351,weimin zhu,weimin zhu,A5042267085,A5108453726,100
7352,xiaoli zhang,xiaoli zhang,A5100404549,A5100404559,100
7353,xiaoli zhang,xiaoli zhang,A5100404549,A5100404548,100
7354,yong zhang,yong zhang,A5039251328,A5060725404,100
7355,yong zhang,yong zhang,A5039251328,A5100419820,100
7356,yong zhang,yong zhang,A5039251328,A5100343325,100
7357,xin zhang,xin zhang,A5100333386,A5100327385,100
7358,xin zhang,xin zhang,A5100333386,A5100327536,100
7359,xin zhang,xin zhang,A5100333386,A5010144610,100
7360,xin zhang,xin zhang,A5100333386,A5100327453,100
7361,xin zhang,xin zhang,A5100333386,A5100327597,100
7362,xin zhang,xin zhang,A5100333386,A5100327640,100
7363,xin zhang,xin zhang,A5100333386,A5101793326,100
7364,xin zhang,xin zhang,A5100333386,A5100327522,100
7365,xin zhang,xin zhang,A5100333386,A5100327392,100
7366,xin zhang,xin zhang,A5100333386,A5100638347,100
7367,xin zhang,xin zhang,A5100333386,A5100327532,100
7368,xin zhang,xin zhang,A5100333386,A5100327381,100
7369,xin zhang,xin zhang,A5100333386,A5100327349,100
7370,xin zhang,xin zhang,A5100333386,A5083531656,100
7371,xin zhang,xin zhang,A5100333386,A5100327377,100
7372,xin zhang,xin zhang,A5100333386,A5100327501,100
7373,xin zhang,xin zhang,A5100333386,A5100327566,100
7374,nan zhang,nan zhang,A5100331317,A5037214616,100
7375,nan zhang,nan zhang,A5100331317,A5101651814,100
7376,nan zhang,nan zhang,A5100331317,A5100331253,100
7377,fan zhang,fan zhang,A5100403456,A5100403540,100
7378,fan zhang,fan zhang,A5100403456,A5040425541,100
7379,fan zhang,fan zhang,A5100403456,A5100403471,100
7380,fan zhang,fan zhang,A5100403456,A5100403446,100
7381,fan zhang,fan zhang,A5100403456,A5100403474,100
7382,fan zhang,fan zhang,A5100403456,A5102791222,100
7383,yiming zhang,yiming zhang,A5100395351,A5100395366,100
7384,yiming zhang,yiming zhang,A5100395351,A5100395372,100
7385,lei zhang,lei zhang,A5100686609,A5076127071,100
7386,lei zhang,lei zhang,A5100686609,A5080798381,100
7387,lei zhang,lei zhang,A5100686609,A5101917726,100
7388,lei zhang,lei zhang,A5100686609,A5100433855,100
7389,lei zhang,lei zhang,A5100686609,A5015046685,100
7390,lei zhang,lei zhang,A5100686609,A5100433953,100
7391,lei zhang,lei zhang,A5100686609,A5037321359,100
7392,lei zhang,lei zhang,A5100686609,A5100433816,100
7393,lei zhang,lei zhang,A5100686609,A5100686608,100
7394,lei zhang,lei zhang,A5100686609,A5100603173,100
7395,lei zhang,lei zhang,A5100686609,A5100746462,100
7396,lei zhang,lei zhang,A5100686609,A5100744844,100
7397,jian zheng,jian zheng,A5024485550,A5075102480,100
7398,jian zheng,jian zheng,A5024485550,A5101912665,100
7399,xin zhang,xin zhang,A5100327385,A5100327536,100
7400,xin zhang,xin zhang,A5100327385,A5010144610,100
7401,xin zhang,xin zhang,A5100327385,A5100327453,100
7402,xin zhang,xin zhang,A5100327385,A5100327597,100
7403,xin zhang,xin zhang,A5100327385,A5100327640,100
7404,xin zhang,xin zhang,A5100327385,A5101793326,100
7405,xin zhang,xin zhang,A5100327385,A5100327522,100
7406,xin zhang,xin zhang,A5100327385,A5100327392,100
7407,xin zhang,xin zhang,A5100327385,A5100638347,100
7408,xin zhang,xin zhang,A5100327385,A5100327532,100
7409,xin zhang,xin zhang,A5100327385,A5100327381,100
7410,xin zhang,xin zhang,A5100327385,A5100327349,100
7411,xin zhang,xin zhang,A5100327385,A5083531656,100
7412,xin zhang,xin zhang,A5100327385,A5100327377,100
7413,xin zhang,xin zhang,A5100327385,A5100327501,100
7414,xin zhang,xin zhang,A5100327385,A5100327566,100
7415,yong zhang,yong zhang,A5060725404,A5100419820,100
7416,yong zhang,yong zhang,A5060725404,A5100343325,100
7417,lin zhang,lin zhang,A5100351927,A5128462979,100
7418,yan zhang,yan zhang,A5114377992,A5100456146,100
7419,yan zhang,yan zhang,A5114377992,A5100456248,100
7420,yan zhang,yan zhang,A5114377992,A5021927954,100
7421,jianping zhang,jianping zhang,A5100390069,A5100390082,100
7422,xiao zhang,xiao zhang,A5100320842,A5090358577,100
7423,xiao zhang,xiao zhang,A5100320842,A5100696226,100
7424,xiao zhang,xiao zhang,A5100320842,A5026121963,100
7425,xiao zhang,xiao zhang,A5100320842,A5101576225,100
7426,lei zhang,lei zhang,A5076127071,A5080798381,100
7427,lei zhang,lei zhang,A5076127071,A5101917726,100
7428,lei zhang,lei zhang,A5076127071,A5100433855,100
7429,lei zhang,lei zhang,A5076127071,A5015046685,100
7430,lei zhang,lei zhang,A5076127071,A5100433953,100
7431,lei zhang,lei zhang,A5076127071,A5037321359,100
7432,lei zhang,lei zhang,A5076127071,A5100433816,100
7433,lei zhang,lei zhang,A5076127071,A5100686608,100
7434,lei zhang,lei zhang,A5076127071,A5100603173,100
7435,lei zhang,lei zhang,A5076127071,A5100746462,100
7436,lei zhang,lei zhang,A5076127071,A5100744844,100
7437,rui zhang,rui zhang,A5100422186,A5100422037,100
7438,rui zhang,rui zhang,A5100422186,A5130009256,100
7439,yuru zhang,yuru zhang,A5101471324,A5101471322,100
7440,xin zhang,xin zhang,A5100327536,A5010144610,100
7441,xin zhang,xin zhang,A5100327536,A5100327453,100
7442,xin zhang,xin zhang,A5100327536,A5100327597,100
7443,xin zhang,xin zhang,A5100327536,A5100327640,100
7444,xin zhang,xin zhang,A5100327536,A5101793326,100
7445,xin zhang,xin zhang,A5100327536,A5100327522,100
7446,xin zhang,xin zhang,A5100327536,A5100327392,100
7447,xin zhang,xin zhang,A5100327536,A5100638347,100
7448,xin zhang,xin zhang,A5100327536,A5100327532,100
7449,xin zhang,xin zhang,A5100327536,A5100327381,100
7450,xin zhang,xin zhang,A5100327536,A5100327349,100
7451,xin zhang,xin zhang,A5100327536,A5083531656,100
7452,xin zhang,xin zhang,A5100327536,A5100327377,100
7453,xin zhang,xin zhang,A5100327536,A5100327501,100
7454,xin zhang,xin zhang,A5100327536,A5100327566,100
7455,yuan zhao,yuan zhao,A5076476694,A5075689961,100
7456,bin zhou,bin zhou,A5083108695,A5101967424,100
7457,bin zhou,bin zhou,A5083108695,A5101967425,100
7458,haiyang zhang,haiyang zhang,A5100325587,A5063889804,100
7459,zhong zhang,zhong zhang,A5100350965,A5102012571,100
7460,hui zhang,hui zhang,A5079659417,A5108035744,100
7461,hui zhang,hui zhang,A5079659417,A5100626319,100
7462,hui zhang,hui zhang,A5079659417,A5032389222,100
7463,hui zhang,hui zhang,A5079659417,A5100323565,100
7464,hui zhang,hui zhang,A5079659417,A5100323406,100
7465,hui zhang,hui zhang,A5079659417,A5100323447,100
7466,lei zhang,lei zhang,A5080798381,A5101917726,100
7467,lei zhang,lei zhang,A5080798381,A5100433855,100
7468,lei zhang,lei zhang,A5080798381,A5015046685,100
7469,lei zhang,lei zhang,A5080798381,A5100433953,100
7470,lei zhang,lei zhang,A5080798381,A5037321359,100
7471,lei zhang,lei zhang,A5080798381,A5100433816,100
7472,lei zhang,lei zhang,A5080798381,A5100686608,100
7473,lei zhang,lei zhang,A5080798381,A5100603173,100
7474,lei zhang,lei zhang,A5080798381,A5100746462,100
7475,lei zhang,lei zhang,A5080798381,A5100744844,100
7476,cong zhang,cong zhang,A5100438374,A5100438397,100
7477,cong zhang,cong zhang,A5100438374,A5035057047,100
7478,cong zhang,cong zhang,A5100438374,A5100438366,100
7479,cong zhang,cong zhang,A5100438374,A5100438364,100
7480,cong zhang,cong zhang,A5100438374,A5101865604,100
7481,cong zhang,cong zhang,A5100438374,A5109402954,100
7482,hui zhang,hui zhang,A5108035744,A5100626319,100
7483,hui zhang,hui zhang,A5108035744,A5032389222,100
7484,hui zhang,hui zhang,A5108035744,A5100323565,100
7485,hui zhang,hui zhang,A5108035744,A5100323406,100
7486,hui zhang,hui zhang,A5108035744,A5100323447,100
7487,lei zhang,lei zhang,A5101917726,A5100433855,100
7488,lei zhang,lei zhang,A5101917726,A5015046685,100
7489,lei zhang,lei zhang,A5101917726,A5100433953,100
7490,lei zhang,lei zhang,A5101917726,A5037321359,100
7491,lei zhang,lei zhang,A5101917726,A5100433816,100
7492,lei zhang,lei zhang,A5101917726,A5100686608,100
7493,lei zhang,lei zhang,A5101917726,A5100603173,100
7494,lei zhang,lei zhang,A5101917726,A5100746462,100
7495,lei zhang,lei zhang,A5101917726,A5100744844,100
7496,cheng zhang,cheng zhang,A5107171363,A5100439636,100
7497,cheng zhang,cheng zhang,A5107171363,A5089935376,100
7498,cheng zhang,cheng zhang,A5107171363,A5100439644,100
7499,hui zhang,hui zhang,A5100626319,A5032389222,100
7500,hui zhang,hui zhang,A5100626319,A5100323565,100
7501,hui zhang,hui zhang,A5100626319,A5100323406,100
7502,hui zhang,hui zhang,A5100626319,A5100323447,100
7503,hang zhou,hang zhou,A5100707855,A5025286392,100
7504,hang zhou,hang zhou,A5100707855,A5101492133,100
7505,hang zhou,hang zhou,A5100707855,A5100706080,100
7506,xin zhang,xin zhang,A5010144610,A5100327453,100
7507,xin zhang,xin zhang,A5010144610,A5100327597,100
7508,xin zhang,xin zhang,A5010144610,A5100327640,100
7509,xin zhang,xin zhang,A5010144610,A5101793326,100
7510,xin zhang,xin zhang,A5010144610,A5100327522,100
7511,xin zhang,xin zhang,A5010144610,A5100327392,100
7512,xin zhang,xin zhang,A5010144610,A5100638347,100
7513,xin zhang,xin zhang,A5010144610,A5100327532,100
7514,xin zhang,xin zhang,A5010144610,A5100327381,100
7515,xin zhang,xin zhang,A5010144610,A5100327349,100
7516,xin zhang,xin zhang,A5010144610,A5083531656,100
7517,xin zhang,xin zhang,A5010144610,A5100327377,100
7518,xin zhang,xin zhang,A5010144610,A5100327501,100
7519,xin zhang,xin zhang,A5010144610,A5100327566,100
7520,yi zheng,yi zheng,A5045828051,A5014774312,100
7521,jian zhang,jian zhang,A5025199994,A5100705424,100
7522,jian zhang,jian zhang,A5025199994,A5100409963,100
7523,jian zhang,jian zhang,A5025199994,A5101569922,100
7524,zhe george zhang,zhe george zhang,A5055904501,A5125500949,100
7525,nan zhang,nan zhang,A5037214616,A5101651814,100
7526,nan zhang,nan zhang,A5037214616,A5100331253,100
7527,qingxin zhang,qingxin zhang,A5101639283,A5101639281,100
7528,yinan zhang,yinan zhang,A5100426662,A5100426661,100
7529,yinan zhang,yinan zhang,A5100426662,A5034227938,100
7530,lingling zhang,lingling zhang,A5100384142,A5100384145,100
7531,lei zhang,lei zhang,A5100433855,A5015046685,100
7532,lei zhang,lei zhang,A5100433855,A5100433953,100
7533,lei zhang,lei zhang,A5100433855,A5037321359,100
7534,lei zhang,lei zhang,A5100433855,A5100433816,100
7535,lei zhang,lei zhang,A5100433855,A5100686608,100
7536,lei zhang,lei zhang,A5100433855,A5100603173,100
7537,lei zhang,lei zhang,A5100433855,A5100746462,100
7538,lei zhang,lei zhang,A5100433855,A5100744844,100
7539,nan zhang,nan zhang,A5101651814,A5100331253,100
7540,xin zhang,xin zhang,A5100327453,A5100327597,100
7541,xin zhang,xin zhang,A5100327453,A5100327640,100
7542,xin zhang,xin zhang,A5100327453,A5101793326,100
7543,xin zhang,xin zhang,A5100327453,A5100327522,100
7544,xin zhang,xin zhang,A5100327453,A5100327392,100
7545,xin zhang,xin zhang,A5100327453,A5100638347,100
7546,xin zhang,xin zhang,A5100327453,A5100327532,100
7547,xin zhang,xin zhang,A5100327453,A5100327381,100
7548,xin zhang,xin zhang,A5100327453,A5100327349,100
7549,xin zhang,xin zhang,A5100327453,A5083531656,100
7550,xin zhang,xin zhang,A5100327453,A5100327377,100
7551,xin zhang,xin zhang,A5100327453,A5100327501,100
7552,xin zhang,xin zhang,A5100327453,A5100327566,100
7553,yao zheng,yao zheng,A5023473154,A5005579076,100
7554,ying zeng,ying zeng,A5085190039,A5044392969,100
7555,xiaoning zhang,xiaoning zhang,A5100423526,A5100423537,100
7556,xiaoning zhang,xiaoning zhang,A5100423526,A5100423520,100
7557,xin zhang,xin zhang,A5100327597,A5100327640,100
7558,xin zhang,xin zhang,A5100327597,A5101793326,100
7559,xin zhang,xin zhang,A5100327597,A5100327522,100
7560,xin zhang,xin zhang,A5100327597,A5100327392,100
7561,xin zhang,xin zhang,A5100327597,A5100638347,100
7562,xin zhang,xin zhang,A5100327597,A5100327532,100
7563,xin zhang,xin zhang,A5100327597,A5100327381,100
7564,xin zhang,xin zhang,A5100327597,A5100327349,100
7565,xin zhang,xin zhang,A5100327597,A5083531656,100
7566,xin zhang,xin zhang,A5100327597,A5100327377,100
7567,xin zhang,xin zhang,A5100327597,A5100327501,100
7568,xin zhang,xin zhang,A5100327597,A5100327566,100
7569,fan zhang,fan zhang,A5100403540,A5040425541,100
7570,fan zhang,fan zhang,A5100403540,A5100403471,100
7571,fan zhang,fan zhang,A5100403540,A5100403446,100
7572,fan zhang,fan zhang,A5100403540,A5100403474,100
7573,fan zhang,fan zhang,A5100403540,A5102791222,100
7574,xiaoning zhang,xiaoning zhang,A5100423537,A5100423520,100
7575,lei zhang,lei zhang,A5015046685,A5100433953,100
7576,lei zhang,lei zhang,A5015046685,A5037321359,100
7577,lei zhang,lei zhang,A5015046685,A5100433816,100
7578,lei zhang,lei zhang,A5015046685,A5100686608,100
7579,lei zhang,lei zhang,A5015046685,A5100603173,100
7580,lei zhang,lei zhang,A5015046685,A5100746462,100
7581,lei zhang,lei zhang,A5015046685,A5100744844,100
7582,hui zhang,hui zhang,A5032389222,A5100323565,100
7583,hui zhang,hui zhang,A5032389222,A5100323406,100
7584,hui zhang,hui zhang,A5032389222,A5100323447,100
7585,xiao zhang,xiao zhang,A5090358577,A5100696226,100
7586,xiao zhang,xiao zhang,A5090358577,A5026121963,100
7587,xiao zhang,xiao zhang,A5090358577,A5101576225,100
7588,xin zhang,xin zhang,A5100327640,A5101793326,100
7589,xin zhang,xin zhang,A5100327640,A5100327522,100
7590,xin zhang,xin zhang,A5100327640,A5100327392,100
7591,xin zhang,xin zhang,A5100327640,A5100638347,100
7592,xin zhang,xin zhang,A5100327640,A5100327532,100
7593,xin zhang,xin zhang,A5100327640,A5100327381,100
7594,xin zhang,xin zhang,A5100327640,A5100327349,100
7595,xin zhang,xin zhang,A5100327640,A5083531656,100
7596,xin zhang,xin zhang,A5100327640,A5100327377,100
7597,xin zhang,xin zhang,A5100327640,A5100327501,100
7598,xin zhang,xin zhang,A5100327640,A5100327566,100
7599,cong zhang,cong zhang,A5100438397,A5035057047,100
7600,cong zhang,cong zhang,A5100438397,A5100438366,100
7601,cong zhang,cong zhang,A5100438397,A5100438364,100
7602,cong zhang,cong zhang,A5100438397,A5101865604,100
7603,cong zhang,cong zhang,A5100438397,A5109402954,100
7604,mi zhou,mi zhou,A5002551510,A5034963554,100
7605,wen zhou,wen zhou,A5002796065,A5112896510,100
7606,wen zhou,wen zhou,A5002796065,A5114500386,100
7607,wen zhou,wen zhou,A5002796065,A5133103882,100
7608,peng zhang,peng zhang,A5100364188,A5100364110,100
7609,peng zhang,peng zhang,A5100364188,A5100364081,100
7610,peng zhang,peng zhang,A5100364188,A5101104586,100
7611,chenyi zhang,chenyi zhang,A5054109702,A5101768613,100
7612,chenyi zhang,chenyi zhang,A5054109702,A5114832502,100
7613,xin zhang,xin zhang,A5101793326,A5100327522,100
7614,xin zhang,xin zhang,A5101793326,A5100327392,100
7615,xin zhang,xin zhang,A5101793326,A5100638347,100
7616,xin zhang,xin zhang,A5101793326,A5100327532,100
7617,xin zhang,xin zhang,A5101793326,A5100327381,100
7618,xin zhang,xin zhang,A5101793326,A5100327349,100
7619,xin zhang,xin zhang,A5101793326,A5083531656,100
7620,xin zhang,xin zhang,A5101793326,A5100327377,100
7621,xin zhang,xin zhang,A5101793326,A5100327501,100
7622,xin zhang,xin zhang,A5101793326,A5100327566,100
7623,hui zhang,hui zhang,A5100323565,A5100323406,100
7624,hui zhang,hui zhang,A5100323565,A5100323447,100
7625,wen zhou,wen zhou,A5112896510,A5114500386,100
7626,wen zhou,wen zhou,A5112896510,A5133103882,100
7627,rui zhang,rui zhang,A5100422037,A5130009256,100
7628,chi zhang,chi zhang,A5021072208,A5111265785,100
7629,xiao zhang,xiao zhang,A5100696226,A5026121963,100
7630,xiao zhang,xiao zhang,A5100696226,A5101576225,100
7631,xin zhang,xin zhang,A5100327522,A5100327392,100
7632,xin zhang,xin zhang,A5100327522,A5100638347,100
7633,xin zhang,xin zhang,A5100327522,A5100327532,100
7634,xin zhang,xin zhang,A5100327522,A5100327381,100
7635,xin zhang,xin zhang,A5100327522,A5100327349,100
7636,xin zhang,xin zhang,A5100327522,A5083531656,100
7637,xin zhang,xin zhang,A5100327522,A5100327377,100
7638,xin zhang,xin zhang,A5100327522,A5100327501,100
7639,xin zhang,xin zhang,A5100327522,A5100327566,100
7640,hang zhou,hang zhou,A5025286392,A5101492133,100
7641,hang zhou,hang zhou,A5025286392,A5100706080,100
7642,chenyang zhu,chenyang zhu,A5042268563,A5114859293,100
7643,hui zhang,hui zhang,A5100323406,A5100323447,100
7644,xin zhang,xin zhang,A5100327392,A5100638347,100
7645,xin zhang,xin zhang,A5100327392,A5100327532,100
7646,xin zhang,xin zhang,A5100327392,A5100327381,100
7647,xin zhang,xin zhang,A5100327392,A5100327349,100
7648,xin zhang,xin zhang,A5100327392,A5083531656,100
7649,xin zhang,xin zhang,A5100327392,A5100327377,100
7650,xin zhang,xin zhang,A5100327392,A5100327501,100
7651,xin zhang,xin zhang,A5100327392,A5100327566,100
7652,xiaoli zhang,xiaoli zhang,A5100404559,A5100404548,100
7653,yong zhang,yong zhang,A5100419820,A5100343325,100
7654,yanyan zhang,yanyan zhang,A5100389093,A5100783130,100
7655,fan zhang,fan zhang,A5040425541,A5100403471,100
7656,fan zhang,fan zhang,A5040425541,A5100403446,100
7657,fan zhang,fan zhang,A5040425541,A5100403474,100
7658,fan zhang,fan zhang,A5040425541,A5102791222,100
7659,xin zhang,xin zhang,A5100638347,A5100327532,100
7660,xin zhang,xin zhang,A5100638347,A5100327381,100
7661,xin zhang,xin zhang,A5100638347,A5100327349,100
7662,xin zhang,xin zhang,A5100638347,A5083531656,100
7663,xin zhang,xin zhang,A5100638347,A5100327377,100
7664,xin zhang,xin zhang,A5100638347,A5100327501,100
7665,xin zhang,xin zhang,A5100638347,A5100327566,100
7666,jian zheng,jian zheng,A5075102480,A5101912665,100
7667,cheng zhang,cheng zhang,A5100439636,A5089935376,100
7668,cheng zhang,cheng zhang,A5100439636,A5100439644,100
7669,yan zhang,yan zhang,A5100456146,A5100456248,100
7670,yan zhang,yan zhang,A5100456146,A5021927954,100
7671,xin zhang,xin zhang,A5100327532,A5100327381,100
7672,xin zhang,xin zhang,A5100327532,A5100327349,100
7673,xin zhang,xin zhang,A5100327532,A5083531656,100
7674,xin zhang,xin zhang,A5100327532,A5100327377,100
7675,xin zhang,xin zhang,A5100327532,A5100327501,100
7676,xin zhang,xin zhang,A5100327532,A5100327566,100
7677,xiao zhang,xiao zhang,A5026121963,A5101576225,100
7678,meijie zhang,meijie zhang,A5043585238,A5101695998,100
7679,yan zhang,yan zhang,A5100456248,A5021927954,100
7680,tiehua zhang,tiehua zhang,A5101633338,A5101633339,100
7681,xin zhang,xin zhang,A5100327381,A5100327349,100
7682,xin zhang,xin zhang,A5100327381,A5083531656,100
7683,xin zhang,xin zhang,A5100327381,A5100327377,100
7684,xin zhang,xin zhang,A5100327381,A5100327501,100
7685,xin zhang,xin zhang,A5100327381,A5100327566,100
7686,fan zhang,fan zhang,A5100403471,A5100403446,100
7687,fan zhang,fan zhang,A5100403471,A5100403474,100
7688,fan zhang,fan zhang,A5100403471,A5102791222,100
7689,cong zhang,cong zhang,A5035057047,A5100438366,100
7690,cong zhang,cong zhang,A5035057047,A5100438364,100
7691,cong zhang,cong zhang,A5035057047,A5101865604,100
7692,cong zhang,cong zhang,A5035057047,A5109402954,100
7693,xin zhang,xin zhang,A5100327349,A5083531656,100
7694,xin zhang,xin zhang,A5100327349,A5100327377,100
7695,xin zhang,xin zhang,A5100327349,A5100327501,100
7696,xin zhang,xin zhang,A5100327349,A5100327566,100
7697,jiarui zhang,jiarui zhang,A5100363733,A5100363737,100
7698,fan zhang,fan zhang,A5100403446,A5100403474,100
7699,fan zhang,fan zhang,A5100403446,A5102791222,100
7700,mingming zhou,mingming zhou,A5007469196,A5102752219,100
7701,xin zhang,xin zhang,A5083531656,A5100327377,100
7702,xin zhang,xin zhang,A5083531656,A5100327501,100
7703,xin zhang,xin zhang,A5083531656,A5100327566,100
7704,lei zhang,lei zhang,A5100433953,A5037321359,100
7705,lei zhang,lei zhang,A5100433953,A5100433816,100
7706,lei zhang,lei zhang,A5100433953,A5100686608,100
7707,lei zhang,lei zhang,A5100433953,A5100603173,100
7708,lei zhang,lei zhang,A5100433953,A5100746462,100
7709,lei zhang,lei zhang,A5100433953,A5100744844,100
7710,dong zhang,dong zhang,A5100366117,A5100366134,100
7711,jian zhang,jian zhang,A5100705424,A5100409963,100
7712,jian zhang,jian zhang,A5100705424,A5101569922,100
7713,lei zhang,lei zhang,A5037321359,A5100433816,100
7714,lei zhang,lei zhang,A5037321359,A5100686608,100
7715,lei zhang,lei zhang,A5037321359,A5100603173,100
7716,lei zhang,lei zhang,A5037321359,A5100746462,100
7717,lei zhang,lei zhang,A5037321359,A5100744844,100
7718,cong zhang,cong zhang,A5100438366,A5100438364,100
7719,cong zhang,cong zhang,A5100438366,A5101865604,100
7720,cong zhang,cong zhang,A5100438366,A5109402954,100
7721,zhitian zhang,zhitian zhang,A5073491534,A5111217709,100
7722,xin zhang,xin zhang,A5100327377,A5100327501,100
7723,xin zhang,xin zhang,A5100327377,A5100327566,100
7724,miao zhang,miao zhang,A5100376451,A5092460727,100
7725,miao zhang,miao zhang,A5100376451,A5128668802,100
7726,l zhang,l zhang,A5003824887,A5054125031,100
7727,jian zhang,jian zhang,A5100409963,A5101569922,100
7728,yuting zhao,yuting zhao,A5100683926,A5100683923,100
7729,yanping zhu,yanping zhu,A5102789450,A5108270784,100
7730,pengpeng zhang,pengpeng zhang,A5115594829,A5121470057,100
7731,cheng zhang,cheng zhang,A5089935376,A5100439644,100
7732,xin zhang,xin zhang,A5100327501,A5100327566,100
7733,lei zhang,lei zhang,A5100433816,A5100686608,100
7734,lei zhang,lei zhang,A5100433816,A5100603173,100
7735,lei zhang,lei zhang,A5100433816,A5100746462,100
7736,lei zhang,lei zhang,A5100433816,A5100744844,100
7737,lei zhang,lei zhang,A5100686608,A5100603173,100
7738,lei zhang,lei zhang,A5100686608,A5100746462,100
7739,lei zhang,lei zhang,A5100686608,A5100744844,100
7740,hang zhou,hang zhou,A5101492133,A5100706080,100
7741,lei zhang,lei zhang,A5100603173,A5100746462,100
7742,lei zhang,lei zhang,A5100603173,A5100744844,100
7743,cong zhang,cong zhang,A5100438364,A5101865604,100
7744,cong zhang,cong zhang,A5100438364,A5109402954,100
7745,wen zhou,wen zhou,A5114500386,A5133103882,100
7746,chenyi zhang,chenyi zhang,A5101768613,A5114832502,100
7747,bin zhou,bin zhou,A5101967424,A5101967425,100
7748,yiming zhang,yiming zhang,A5100395366,A5100395372,100
7749,fan zhang,fan zhang,A5100403474,A5102791222,100
7750,yushu zhu,yushu zhu,A5017061047,A5121672564,100
7751,yinan zhang,yinan zhang,A5100426661,A5034227938,100
7752,peng zhang,peng zhang,A5100364110,A5100364081,100
7753,peng zhang,peng zhang,A5100364110,A5101104586,100
7754,george zhang,george zhang,A5100611353,A5100611350,100
7755,yuxuan zhang,yuxuan zhang,A5100319892,A5022899819,100
7756,peng zhang,peng zhang,A5100364081,A5101104586,100
7757,haoyuan zhao,haoyuan zhao,A5114832292,A5123965698,100
7758,haoyuan zhao,haoyuan zhao,A5114832292,A5135446072,100
7759,weiling zheng,weiling zheng,A5100534061,A5019491488,100
7760,lei zhang,lei zhang,A5100746462,A5100744844,100
7761,cong zhang,cong zhang,A5101865604,A5109402954,100
7762,carson o zellmann-parrotta,carson o zellmann-parrotta,A5022846536,A5124178435,100
7763,k zhao,k zhao,A5039171044,A5003392544,100
7764,miao zhang,miao zhang,A5092460727,A5128668802,100
7765,haoyuan zhao,haoyuan zhao,A5123965698,A5135446072,100
7766,ö o öncel,ö o öncel,A5105511905,A5107939245,100
7767,ö o öncel,ö o öncel,A5105511905,A5107398295,100
7768,ö o öncel,ö o öncel,A5105511905,A5107932423,100
7769,ö o öncel,ö o öncel,A5105511905,A5111090929,100
7770,ö o öncel,ö o öncel,A5105511905,A5110688717,100
7771,ö o öncel,ö o öncel,A5105511905,A5107924449,100
7772,ö o öncel,ö o öncel,A5107939245,A5107398295,100
7773,ö o öncel,ö o öncel,A5107939245,A5107932423,100
7774,ö o öncel,ö o öncel,A5107939245,A5111090929,100
7775,ö o öncel,ö o öncel,A5107939245,A5110688717,100
7776,ö o öncel,ö o öncel,A5107939245,A5107924449,100
7777,ö o öncel,ö o öncel,A5107398295,A5107932423,100
7778,ö o öncel,ö o öncel,A5107398295,A5111090929,100
7779,ö o öncel,ö o öncel,A5107398295,A5110688717,100
7780,ö o öncel,ö o öncel,A5107398295,A5107924449,100
7781,ö o öncel,ö o öncel,A5107932423,A5111090929,100
7782,ö o öncel,ö o öncel,A5107932423,A5110688717,100
7783,ö o öncel,ö o öncel,A5107932423,A5107924449,100
7784,h u özdemir,h u özdemir,A5079892838,A5059381508,100
7785,ö o öncel,ö o öncel,A5111090929,A5110688717,100
7786,ö o öncel,ö o öncel,A5111090929,A5107924449,100
7787,ö o öncel,ö o öncel,A5110688717,A5107924449,100
7788,s cenk şahinalp,s cenk şahinalp,A5102972238,A5042282214,100
7789,petr škoda,petr škoda,A5031369136,A5051837585,100
