,name1,name2,id1,id2,similarity_score
0,monika arora,monika arora,A5073647790,A5106181412,100
1,peter anderson,peter anderson,A5020382873,A5004271551,100
2,ben adcock,ben adcock,A5065352983,A5124726289,100
3,sean c anderson,sean c anderson,A5101957746,A5081686405,100
4,sean c anderson,sean c anderson,A5101957746,A5126441932,100
5,sean c anderson,sean c anderson,A5101957746,A5128867328,100
6,jonn axsen,jonn axsen,A5090491703,A5125017969,100
7,gail s anderson,gail s anderson,A5046194198,A5130902542,100
8,miguel alcaide,miguel alcaide,A5051247957,A5036882721,100
9,s bruce archibald,s bruce archibald,A5075000677,A5126123639,100
10,s bruce archibald,s bruce archibald,A5075000677,A5108658458,100
11,s bruce archibald,s bruce archibald,A5075000677,A5126074254,100
12,s bruce archibald,s bruce archibald,A5075000677,A5126229553,100
13,s bruce archibald,s bruce archibald,A5075000677,A5126099544,100
14,s bruce archibald,s bruce archibald,A5075000677,A5126116459,100
15,s bruce archibald,s bruce archibald,A5075000677,A5126176818,100
16,douglas w allen,douglas w allen,A5103340535,A5025923486,100
17,zafar adeel,zafar adeel,A5058814863,A5110858529,100
18,abid ali,abid ali,A5100617855,A5121341269,100
19,matthew amy,matthew amy,A5042673679,A5092679926,100
20,ahmed al-rawi,ahmed al-rawi,A5101544105,A5093769593,100
21,ahmed al-rawi,ahmed al-rawi,A5101544105,A5126268048,100
22,ahmed al-rawi,ahmed al-rawi,A5101544105,A5128792042,100
23,ahmed al-rawi,ahmed al-rawi,A5101544105,A5099588121,100
24,sam anderson,sam anderson,A5033020866,A5128983888,100
25,zayed ahmed,zayed ahmed,A5048910472,A5113062937,100
26,david alexander,david alexander,A5101707337,A5101964988,100
27,andreu arinyo-i-prats,andreu arinyo-i-prats,A5007472656,A5126050129,100
28,andreu arinyo-i-prats,andreu arinyo-i-prats,A5007472656,A5120531555,100
29,ronda arab,ronda arab,A5071668228,A5092700665,100
30,skye augustine,skye augustine,A5103751297,A5029341971,100
31,s an,s an,A5110558675,A5113413886,100
32,m bakhtiar azim,m bakhtiar azim,A5022557940,A5123113080,100
33,mehryar abbasi,mehryar abbasi,A5031764000,A5012315304,100
34,sean c anderson,sean c anderson,A5081686405,A5126441932,100
35,sean c anderson,sean c anderson,A5081686405,A5128867328,100
36,ahmed al-rawi,ahmed al-rawi,A5093769593,A5126268048,100
37,ahmed al-rawi,ahmed al-rawi,A5093769593,A5128792042,100
38,ahmed al-rawi,ahmed al-rawi,A5093769593,A5099588121,100
39,ashudeep,ashudeep,A5068001161,A5133131563,100
40,lara aknin,lara aknin,A5099266254,A5128418332,100
41,s bruce archibald,s bruce archibald,A5126123639,A5108658458,100
42,s bruce archibald,s bruce archibald,A5126123639,A5126074254,100
43,s bruce archibald,s bruce archibald,A5126123639,A5126229553,100
44,s bruce archibald,s bruce archibald,A5126123639,A5126099544,100
45,s bruce archibald,s bruce archibald,A5126123639,A5126116459,100
46,s bruce archibald,s bruce archibald,A5126123639,A5126176818,100
47,zara anwarzai,zara anwarzai,A5014500937,A5120382937,100
48,zara anwarzai,zara anwarzai,A5014500937,A5121668424,100
49,andreu arinyo-i-prats,andreu arinyo-i-prats,A5126050129,A5120531555,100
50,adjua akinwumi,adjua akinwumi,A5028775367,A5014560773,100
51,irshad abdulla,irshad abdulla,A5119884720,A5120000799,100
52,s bruce archibald,s bruce archibald,A5108658458,A5126074254,100
53,s bruce archibald,s bruce archibald,A5108658458,A5126229553,100
54,s bruce archibald,s bruce archibald,A5108658458,A5126099544,100
55,s bruce archibald,s bruce archibald,A5108658458,A5126116459,100
56,s bruce archibald,s bruce archibald,A5108658458,A5126176818,100
57,s bruce archibald,s bruce archibald,A5126074254,A5126229553,100
58,s bruce archibald,s bruce archibald,A5126074254,A5126099544,100
59,s bruce archibald,s bruce archibald,A5126074254,A5126116459,100
60,s bruce archibald,s bruce archibald,A5126074254,A5126176818,100
61,s bruce archibald,s bruce archibald,A5126229553,A5126099544,100
62,s bruce archibald,s bruce archibald,A5126229553,A5126116459,100
63,s bruce archibald,s bruce archibald,A5126229553,A5126176818,100
64,ahmed al-rawi,ahmed al-rawi,A5126268048,A5128792042,100
65,ahmed al-rawi,ahmed al-rawi,A5126268048,A5099588121,100
66,ahmed al-rawi,ahmed al-rawi,A5128792042,A5099588121,100
67,taleen ashekian,taleen ashekian,A5119412528,A5119413521,100
68,zara anwarzai,zara anwarzai,A5120382937,A5121668424,100
69,s bruce archibald,s bruce archibald,A5126099544,A5126116459,100
70,s bruce archibald,s bruce archibald,A5126099544,A5126176818,100
71,s bruce archibald,s bruce archibald,A5126116459,A5126176818,100
72,sean c anderson,sean c anderson,A5126441932,A5128867328,100
73,p h beauchemin,p h beauchemin,A5118899211,A5107883603,100
74,q buat,q buat,A5042762646,A5107888096,100
75,q buat,q buat,A5042762646,A5060200783,100
76,q buat,q buat,A5042762646,A5100901311,100
77,q buat,q buat,A5042762646,A5107311034,100
78,q buat,q buat,A5042762646,A5109398303,100
79,q buat,q buat,A5042762646,A5107233323,100
80,peter becker,peter becker,A5025847433,A5066848031,100
81,t buanes,t buanes,A5107846638,A5025863512,100
82,j c burzynski,j c burzynski,A5039744323,A5032934650,100
83,j c burzynski,j c burzynski,A5039744323,A5105843690,100
84,j c burzynski,j c burzynski,A5039744323,A5107904219,100
85,j c burzynski,j c burzynski,A5039744323,A5107459251,100
86,j c burzynski,j c burzynski,A5039744323,A5107901827,100
87,j c burzynski,j c burzynski,A5039744323,A5122742592,100
88,j c burzynski,j c burzynski,A5039744323,A5122993364,100
89,j c burzynski,j c burzynski,A5039744323,A5123055320,100
90,j c burzynski,j c burzynski,A5039744323,A5125998180,100
91,j c burzynski,j c burzynski,A5039744323,A5126952138,100
92,j c burzynski,j c burzynski,A5039744323,A5134788811,100
93,ann n burchell,ann n burchell,A5112679590,A5050430471,100
94,a buzatu,a buzatu,A5107873039,A5088370493,100
95,a buzatu,a buzatu,A5107873039,A5107831864,100
96,jeremy brown,jeremy brown,A5102838917,A5103263060,100
97,mirza faisal beg,mirza faisal beg,A5000972836,A5102760369,100
98,mirza faisal beg,mirza faisal beg,A5000972836,A5121034242,100
99,mirza faisal beg,mirza faisal beg,A5000972836,A5122044574,100
100,mirza faisal beg,mirza faisal beg,A5000972836,A5122426444,100
101,mirza faisal beg,mirza faisal beg,A5000972836,A5122441055,100
102,mirza faisal beg,mirza faisal beg,A5000972836,A5124881787,100
103,mirza faisal beg,mirza faisal beg,A5000972836,A5126533278,100
104,mirza faisal beg,mirza faisal beg,A5000972836,A5133974418,100
105,joão luiz bastos,joão luiz bastos,A5076619980,A5122616529,100
106,john r best,john r best,A5035542400,A5130836723,100
107,john r best,john r best,A5035542400,A5126538685,100
108,peter bradshaw,peter bradshaw,A5108387889,A5079359533,100
109,paul beaudry,paul beaudry,A5113495291,A5123530298,100
110,stephen l brown,stephen l brown,A5047699389,A5103503178,100
111,stephen l brown,stephen l brown,A5047699389,A5101606320,100
112,sarah brown,sarah brown,A5080535134,A5063836752,100
113,john bechhoefer,john bechhoefer,A5060042191,A5120673000,100
114,h bahrasemani,h bahrasemani,A5107882155,A5107883906,100
115,h bahrasemani,h bahrasemani,A5107882155,A5110576607,100
116,h bahrasemani,h bahrasemani,A5107882155,A5112345073,100
117,h bahrasemani,h bahrasemani,A5107882155,A5107895189,100
118,h bahrasemani,h bahrasemani,A5107882155,A5107440263,100
119,h bahrasemani,h bahrasemani,A5107882155,A5107907827,100
120,h bahrasemani,h bahrasemani,A5107882155,A5107381979,100
121,h bahrasemani,h bahrasemani,A5107882155,A5107423172,100
122,stephen l brown,stephen l brown,A5103503178,A5101606320,100
123,sean blenkinsop,sean blenkinsop,A5073253857,A5123875767,100
124,sean blenkinsop,sean blenkinsop,A5073253857,A5129755808,100
125,lyn bartram,lyn bartram,A5084098357,A5128469657,100
126,derek bingham,derek bingham,A5060689409,A5103595791,100
127,brian m bird,brian m bird,A5091625925,A5004990681,100
128,a buzatu,a buzatu,A5088370493,A5107831864,100
129,h bahrasemani,h bahrasemani,A5107883906,A5110576607,100
130,h bahrasemani,h bahrasemani,A5107883906,A5112345073,100
131,h bahrasemani,h bahrasemani,A5107883906,A5107895189,100
132,h bahrasemani,h bahrasemani,A5107883906,A5107440263,100
133,h bahrasemani,h bahrasemani,A5107883906,A5107907827,100
134,h bahrasemani,h bahrasemani,A5107883906,A5107381979,100
135,h bahrasemani,h bahrasemani,A5107883906,A5107423172,100
136,d m broun,d m broun,A5035348662,A5044710138,100
137,lynne bell,lynne bell,A5065274551,A5110890889,100
138,kaylee a byers,kaylee a byers,A5048116565,A5134755327,100
139,tanya m brown,tanya m brown,A5102916892,A5033540967,100
140,douglas brown,douglas brown,A5073280638,A5113992018,100
141,q buat,q buat,A5107888096,A5060200783,100
142,q buat,q buat,A5107888096,A5100901311,100
143,q buat,q buat,A5107888096,A5107311034,100
144,q buat,q buat,A5107888096,A5109398303,100
145,q buat,q buat,A5107888096,A5107233323,100
146,luke bornn,luke bornn,A5113600514,A5102840195,100
147,shivanand balram,shivanand balram,A5047564967,A5126245276,100
148,darren byler,darren byler,A5069730099,A5120811949,100
149,nils bruin,nils bruin,A5022124373,A5123855942,100
150,q buat,q buat,A5060200783,A5100901311,100
151,q buat,q buat,A5060200783,A5107311034,100
152,q buat,q buat,A5060200783,A5109398303,100
153,q buat,q buat,A5060200783,A5107233323,100
154,h bahrasemani,h bahrasemani,A5110576607,A5112345073,100
155,h bahrasemani,h bahrasemani,A5110576607,A5107895189,100
156,h bahrasemani,h bahrasemani,A5110576607,A5107440263,100
157,h bahrasemani,h bahrasemani,A5110576607,A5107907827,100
158,h bahrasemani,h bahrasemani,A5110576607,A5107381979,100
159,h bahrasemani,h bahrasemani,A5110576607,A5107423172,100
160,h bahrasemani,h bahrasemani,A5112345073,A5107895189,100
161,h bahrasemani,h bahrasemani,A5112345073,A5107440263,100
162,h bahrasemani,h bahrasemani,A5112345073,A5107907827,100
163,h bahrasemani,h bahrasemani,A5112345073,A5107381979,100
164,h bahrasemani,h bahrasemani,A5112345073,A5107423172,100
165,h bahrasemani,h bahrasemani,A5107895189,A5107440263,100
166,h bahrasemani,h bahrasemani,A5107895189,A5107907827,100
167,h bahrasemani,h bahrasemani,A5107895189,A5107381979,100
168,h bahrasemani,h bahrasemani,A5107895189,A5107423172,100
169,q buat,q buat,A5100901311,A5107311034,100
170,q buat,q buat,A5100901311,A5109398303,100
171,q buat,q buat,A5100901311,A5107233323,100
172,j c burzynski,j c burzynski,A5032934650,A5105843690,100
173,j c burzynski,j c burzynski,A5032934650,A5107904219,100
174,j c burzynski,j c burzynski,A5032934650,A5107459251,100
175,j c burzynski,j c burzynski,A5032934650,A5107901827,100
176,j c burzynski,j c burzynski,A5032934650,A5122742592,100
177,j c burzynski,j c burzynski,A5032934650,A5122993364,100
178,j c burzynski,j c burzynski,A5032934650,A5123055320,100
179,j c burzynski,j c burzynski,A5032934650,A5125998180,100
180,j c burzynski,j c burzynski,A5032934650,A5126952138,100
181,j c burzynski,j c burzynski,A5032934650,A5134788811,100
182,ziqian bai,ziqian bai,A5010645821,A5027631030,100
183,paul budra,paul budra,A5059190405,A5092700656,100
184,alexander beyer,alexander beyer,A5109744249,A5102673643,100
185,kathleen burke,kathleen burke,A5054997922,A5109744656,100
186,q buat,q buat,A5107311034,A5109398303,100
187,q buat,q buat,A5107311034,A5107233323,100
188,edana beauvais,edana beauvais,A5045349823,A5106609507,100
189,edana beauvais,edana beauvais,A5045349823,A5123586445,100
190,edana beauvais,edana beauvais,A5045349823,A5126022105,100
191,lin bao,lin bao,A5102021220,A5113571591,100
192,j c burzynski,j c burzynski,A5105843690,A5107904219,100
193,j c burzynski,j c burzynski,A5105843690,A5107459251,100
194,j c burzynski,j c burzynski,A5105843690,A5107901827,100
195,j c burzynski,j c burzynski,A5105843690,A5122742592,100
196,j c burzynski,j c burzynski,A5105843690,A5122993364,100
197,j c burzynski,j c burzynski,A5105843690,A5123055320,100
198,j c burzynski,j c burzynski,A5105843690,A5125998180,100
199,j c burzynski,j c burzynski,A5105843690,A5126952138,100
200,j c burzynski,j c burzynski,A5105843690,A5134788811,100
201,q buat,q buat,A5109398303,A5107233323,100
202,j c burzynski,j c burzynski,A5107904219,A5107459251,100
203,j c burzynski,j c burzynski,A5107904219,A5107901827,100
204,j c burzynski,j c burzynski,A5107904219,A5122742592,100
205,j c burzynski,j c burzynski,A5107904219,A5122993364,100
206,j c burzynski,j c burzynski,A5107904219,A5123055320,100
207,j c burzynski,j c burzynski,A5107904219,A5125998180,100
208,j c burzynski,j c burzynski,A5107904219,A5126952138,100
209,j c burzynski,j c burzynski,A5107904219,A5134788811,100
210,mohammadamin bahrami,mohammadamin bahrami,A5060073762,A5102197353,100
211,tanya behrisch,tanya behrisch,A5077382324,A5123177628,100
212,johan du buisson,johan du buisson,A5083844160,A5130245665,100
213,h bahrasemani,h bahrasemani,A5107440263,A5107907827,100
214,h bahrasemani,h bahrasemani,A5107440263,A5107381979,100
215,h bahrasemani,h bahrasemani,A5107440263,A5107423172,100
216,h bahrasemani,h bahrasemani,A5107907827,A5107381979,100
217,h bahrasemani,h bahrasemani,A5107907827,A5107423172,100
218,mirza faisal beg,mirza faisal beg,A5102760369,A5121034242,100
219,mirza faisal beg,mirza faisal beg,A5102760369,A5122044574,100
220,mirza faisal beg,mirza faisal beg,A5102760369,A5122426444,100
221,mirza faisal beg,mirza faisal beg,A5102760369,A5122441055,100
222,mirza faisal beg,mirza faisal beg,A5102760369,A5124881787,100
223,mirza faisal beg,mirza faisal beg,A5102760369,A5126533278,100
224,mirza faisal beg,mirza faisal beg,A5102760369,A5133974418,100
225,j c burzynski,j c burzynski,A5107459251,A5107901827,100
226,j c burzynski,j c burzynski,A5107459251,A5122742592,100
227,j c burzynski,j c burzynski,A5107459251,A5122993364,100
228,j c burzynski,j c burzynski,A5107459251,A5123055320,100
229,j c burzynski,j c burzynski,A5107459251,A5125998180,100
230,j c burzynski,j c burzynski,A5107459251,A5126952138,100
231,j c burzynski,j c burzynski,A5107459251,A5134788811,100
232,j c burzynski,j c burzynski,A5107901827,A5122742592,100
233,j c burzynski,j c burzynski,A5107901827,A5122993364,100
234,j c burzynski,j c burzynski,A5107901827,A5123055320,100
235,j c burzynski,j c burzynski,A5107901827,A5125998180,100
236,j c burzynski,j c burzynski,A5107901827,A5126952138,100
237,j c burzynski,j c burzynski,A5107901827,A5134788811,100
238,robin barrett,robin barrett,A5049951082,A5134060156,100
239,john r best,john r best,A5130836723,A5126538685,100
240,jonathan boron,jonathan boron,A5011460152,A5120149867,100
241,alireza beigi,alireza beigi,A5067195321,A5099847245,100
242,liam buirs,liam buirs,A5092167264,A5092009942,100
243,ma brockman,ma brockman,A5062945775,A5040066274,100
244,jean-christophe bélisle-pipon,jean-christophe bélisle-pipon,A5125489798,A5126664555,100
245,tim baumeister,tim baumeister,A5058323325,A5081296114,100
246,pierre etienne banville,pierre etienne banville,A5116619035,A5099643446,100
247,pierre etienne banville,pierre etienne banville,A5116619035,A5124326120,100
248,pierre etienne banville,pierre etienne banville,A5116619035,A5124442689,100
249,pierre etienne banville,pierre etienne banville,A5116619035,A5126842334,100
250,müge bakioğlu,müge bakioğlu,A5120327957,A5120327955,100
251,angela r brooks-wilson,angela r brooks-wilson,A5122482003,A5125314461,100
252,sarita baker,sarita baker,A5037354644,A5044427445,100
253,zl brumme,zl brumme,A5084001641,A5010693015,100
254,edana beauvais,edana beauvais,A5106609507,A5123586445,100
255,edana beauvais,edana beauvais,A5106609507,A5126022105,100
256,h bahrasemani,h bahrasemani,A5107381979,A5107423172,100
257,fiona sl brinkman,fiona sl brinkman,A5128200123,A5129978622,100
258,pierre etienne banville,pierre etienne banville,A5099643446,A5124326120,100
259,pierre etienne banville,pierre etienne banville,A5099643446,A5124442689,100
260,pierre etienne banville,pierre etienne banville,A5099643446,A5126842334,100
261,maya beninteso,maya beninteso,A5106017603,A5120861576,100
262,mirza faisal beg,mirza faisal beg,A5121034242,A5122044574,100
263,mirza faisal beg,mirza faisal beg,A5121034242,A5122426444,100
264,mirza faisal beg,mirza faisal beg,A5121034242,A5122441055,100
265,mirza faisal beg,mirza faisal beg,A5121034242,A5124881787,100
266,mirza faisal beg,mirza faisal beg,A5121034242,A5126533278,100
267,mirza faisal beg,mirza faisal beg,A5121034242,A5133974418,100
268,mirza faisal beg,mirza faisal beg,A5122044574,A5122426444,100
269,mirza faisal beg,mirza faisal beg,A5122044574,A5122441055,100
270,mirza faisal beg,mirza faisal beg,A5122044574,A5124881787,100
271,mirza faisal beg,mirza faisal beg,A5122044574,A5126533278,100
272,mirza faisal beg,mirza faisal beg,A5122044574,A5133974418,100
273,mirza faisal beg,mirza faisal beg,A5122426444,A5122441055,100
274,mirza faisal beg,mirza faisal beg,A5122426444,A5124881787,100
275,mirza faisal beg,mirza faisal beg,A5122426444,A5126533278,100
276,mirza faisal beg,mirza faisal beg,A5122426444,A5133974418,100
277,mirza faisal beg,mirza faisal beg,A5122441055,A5124881787,100
278,mirza faisal beg,mirza faisal beg,A5122441055,A5126533278,100
279,mirza faisal beg,mirza faisal beg,A5122441055,A5133974418,100
280,j c burzynski,j c burzynski,A5122742592,A5122993364,100
281,j c burzynski,j c burzynski,A5122742592,A5123055320,100
282,j c burzynski,j c burzynski,A5122742592,A5125998180,100
283,j c burzynski,j c burzynski,A5122742592,A5126952138,100
284,j c burzynski,j c burzynski,A5122742592,A5134788811,100
285,j c burzynski,j c burzynski,A5122993364,A5123055320,100
286,j c burzynski,j c burzynski,A5122993364,A5125998180,100
287,j c burzynski,j c burzynski,A5122993364,A5126952138,100
288,j c burzynski,j c burzynski,A5122993364,A5134788811,100
289,j c burzynski,j c burzynski,A5123055320,A5125998180,100
290,j c burzynski,j c burzynski,A5123055320,A5126952138,100
291,j c burzynski,j c burzynski,A5123055320,A5134788811,100
292,edana beauvais,edana beauvais,A5123586445,A5126022105,100
293,sean blenkinsop,sean blenkinsop,A5123875767,A5129755808,100
294,pierre etienne banville,pierre etienne banville,A5124326120,A5124442689,100
295,pierre etienne banville,pierre etienne banville,A5124326120,A5126842334,100
296,pierre etienne banville,pierre etienne banville,A5124442689,A5126842334,100
297,mirza faisal beg,mirza faisal beg,A5124881787,A5126533278,100
298,mirza faisal beg,mirza faisal beg,A5124881787,A5133974418,100
299,j c burzynski,j c burzynski,A5125998180,A5126952138,100
300,j c burzynski,j c burzynski,A5125998180,A5134788811,100
301,mirza faisal beg,mirza faisal beg,A5126533278,A5133974418,100
302,j c burzynski,j c burzynski,A5126952138,A5134788811,100
303,hao chen,hao chen,A5100353673,A5100353490,100
304,hao chen,hao chen,A5100353673,A5079335291,100
305,hao chen,hao chen,A5100353673,A5100353575,100
306,hao chen,hao chen,A5100353673,A5100353649,100
307,hao chen,hao chen,A5100353673,A5100353574,100
308,hao chen,hao chen,A5100353673,A5083301448,100
309,lei chen,lei chen,A5100333516,A5100333538,100
310,lei chen,lei chen,A5100333516,A5100333468,100
311,ling chen,ling chen,A5100411084,A5100411135,100
312,ling chen,ling chen,A5100411084,A5100411128,100
313,gang chen,gang chen,A5100389302,A5100389268,100
314,gang chen,gang chen,A5100389302,A5100389288,100
315,gang chen,gang chen,A5100389302,A5100389287,100
316,gang chen,gang chen,A5100389302,A5100389247,100
317,gang chen,gang chen,A5100389302,A5024350150,100
318,gang chen,gang chen,A5100389302,A5100389312,100
319,gang chen,gang chen,A5100389302,A5100389231,100
320,gang chen,gang chen,A5100389302,A5100389272,100
321,gang chen,gang chen,A5100389302,A5100389308,100
322,gang chen,gang chen,A5100389302,A5100389269,100
323,xi chen,xi chen,A5100329932,A5100329875,100
324,xi chen,xi chen,A5100329932,A5100329949,100
325,xi chen,xi chen,A5100329932,A5100690182,100
326,xi chen,xi chen,A5100329932,A5100329904,100
327,xi chen,xi chen,A5100329932,A5100329847,100
328,gang chen,gang chen,A5100389268,A5100389288,100
329,gang chen,gang chen,A5100389268,A5100389287,100
330,gang chen,gang chen,A5100389268,A5100389247,100
331,gang chen,gang chen,A5100389268,A5024350150,100
332,gang chen,gang chen,A5100389268,A5100389312,100
333,gang chen,gang chen,A5100389268,A5100389231,100
334,gang chen,gang chen,A5100389268,A5100389272,100
335,gang chen,gang chen,A5100389268,A5100389308,100
336,gang chen,gang chen,A5100389268,A5100389269,100
337,gang chen,gang chen,A5100389288,A5100389287,100
338,gang chen,gang chen,A5100389288,A5100389247,100
339,gang chen,gang chen,A5100389288,A5024350150,100
340,gang chen,gang chen,A5100389288,A5100389312,100
341,gang chen,gang chen,A5100389288,A5100389231,100
342,gang chen,gang chen,A5100389288,A5100389272,100
343,gang chen,gang chen,A5100389288,A5100389308,100
344,gang chen,gang chen,A5100389288,A5100389269,100
345,fei chen,fei chen,A5100405410,A5100405359,100
346,fei chen,fei chen,A5100405410,A5100405370,100
347,long chen,long chen,A5100336427,A5100336360,100
348,long chen,long chen,A5100336427,A5100336421,100
349,long chen,long chen,A5100336427,A5101454288,100
350,long chen,long chen,A5100336427,A5130290973,100
351,j chen,j chen,A5107886267,A5100609084,100
352,j chen,j chen,A5107886267,A5106470991,100
353,j chen,j chen,A5107886267,A5107907445,100
354,j chen,j chen,A5107886267,A5108293215,100
355,j chen,j chen,A5107886267,A5082104726,100
356,j chen,j chen,A5107886267,A5134761842,100
357,john j clague,john j clague,A5090873433,A5126215528,100
358,john j clague,john j clague,A5090873433,A5126270257,100
359,k m chan,k m chan,A5106296584,A5107145521,100
360,yi‐chun chen,yi‐chun chen,A5100688437,A5100459606,100
361,xi chen,xi chen,A5100329875,A5100329949,100
362,xi chen,xi chen,A5100329875,A5100690182,100
363,xi chen,xi chen,A5100329875,A5100329904,100
364,xi chen,xi chen,A5100329875,A5100329847,100
365,gang chen,gang chen,A5100389287,A5100389247,100
366,gang chen,gang chen,A5100389287,A5024350150,100
367,gang chen,gang chen,A5100389287,A5100389312,100
368,gang chen,gang chen,A5100389287,A5100389231,100
369,gang chen,gang chen,A5100389287,A5100389272,100
370,gang chen,gang chen,A5100389287,A5100389308,100
371,gang chen,gang chen,A5100389287,A5100389269,100
372,lei chen,lei chen,A5100333538,A5100333468,100
373,wen chen,wen chen,A5100344143,A5100344182,100
374,wen chen,wen chen,A5100344143,A5100344188,100
375,david clarke,david clarke,A5059649947,A5075820550,100
376,mo chen,mo chen,A5100387253,A5100387244,100
377,mo chen,mo chen,A5100387253,A5020559544,100
378,long chen,long chen,A5100336360,A5100336421,100
379,long chen,long chen,A5100336360,A5101454288,100
380,long chen,long chen,A5100336360,A5130290973,100
381,shuo chen,shuo chen,A5100366890,A5100366879,100
382,shuo chen,shuo chen,A5100366890,A5100366888,100
383,shuo chen,shuo chen,A5100366890,A5066639690,100
384,shuo chen,shuo chen,A5100366890,A5128150438,100
385,shuo chen,shuo chen,A5100366890,A5124944803,100
386,isabelle m côté,isabelle m côté,A5048073547,A5130724640,100
387,isabelle m côté,isabelle m côté,A5048073547,A5134660843,100
388,si chen,si chen,A5100366165,A5073464445,100
389,si chen,si chen,A5100366165,A5100366176,100
390,si chen,si chen,A5100366165,A5101640709,100
391,k chan,k chan,A5062304618,A5102947008,100
392,victor chen,victor chen,A5078297482,A5101934709,100
393,caroline colijn,caroline colijn,A5091754800,A5124363060,100
394,caroline colijn,caroline colijn,A5091754800,A5128346997,100
395,caroline colijn,caroline colijn,A5091754800,A5131188126,100
396,mo chen,mo chen,A5100387244,A5020559544,100
397,shuo chen,shuo chen,A5100366879,A5100366888,100
398,shuo chen,shuo chen,A5100366879,A5066639690,100
399,shuo chen,shuo chen,A5100366879,A5128150438,100
400,shuo chen,shuo chen,A5100366879,A5124944803,100
401,mark collard,mark collard,A5053375554,A5032526305,100
402,mark collard,mark collard,A5053375554,A5129342353,100
403,alexander l chapman,alexander l chapman,A5042419426,A5123889779,100
404,xi chen,xi chen,A5100329949,A5100690182,100
405,xi chen,xi chen,A5100329949,A5100329904,100
406,xi chen,xi chen,A5100329949,A5100329847,100
407,colin campbell,colin campbell,A5110199596,A5029814989,100
408,isabelle côté,isabelle côté,A5087962548,A5102000841,100
409,isabelle côté,isabelle côté,A5087962548,A5102000843,100
410,wen chen,wen chen,A5100344182,A5100344188,100
411,gang chen,gang chen,A5100389247,A5024350150,100
412,gang chen,gang chen,A5100389247,A5100389312,100
413,gang chen,gang chen,A5100389247,A5100389231,100
414,gang chen,gang chen,A5100389247,A5100389272,100
415,gang chen,gang chen,A5100389247,A5100389308,100
416,gang chen,gang chen,A5100389247,A5100389269,100
417,habib chaudhury,habib chaudhury,A5014665875,A5102456001,100
418,fei chen,fei chen,A5100405359,A5100405370,100
419,hao chen,hao chen,A5100353490,A5079335291,100
420,hao chen,hao chen,A5100353490,A5100353575,100
421,hao chen,hao chen,A5100353490,A5100353649,100
422,hao chen,hao chen,A5100353490,A5100353574,100
423,hao chen,hao chen,A5100353490,A5083301448,100
424,jiguo cao,jiguo cao,A5062483690,A5055614159,100
425,nansheng chen,nansheng chen,A5101610338,A5102879365,100
426,julien chopin,julien chopin,A5088922176,A5125916369,100
427,xi chen,xi chen,A5100690182,A5100329904,100
428,xi chen,xi chen,A5100690182,A5100329847,100
429,qimin chen,qimin chen,A5076517151,A5069419461,100
430,david n cox,david n cox,A5026875445,A5133680173,100
431,jing chen,jing chen,A5046422844,A5100394876,100
432,jing chen,jing chen,A5046422844,A5114685541,100
433,jing chen,jing chen,A5046422844,A5107749833,100
434,jing chen,jing chen,A5046422844,A5105229713,100
435,hao chen,hao chen,A5079335291,A5100353575,100
436,hao chen,hao chen,A5079335291,A5100353649,100
437,hao chen,hao chen,A5079335291,A5100353574,100
438,hao chen,hao chen,A5079335291,A5083301448,100
439,peter clarkson,peter clarkson,A5054103587,A5123320534,100
440,brian conway,brian conway,A5109381574,A5101537673,100
441,tian chen,tian chen,A5039200178,A5101769318,100
442,hao chen,hao chen,A5100353575,A5100353649,100
443,hao chen,hao chen,A5100353575,A5100353574,100
444,hao chen,hao chen,A5100353575,A5083301448,100
445,sibo chen,sibo chen,A5101582225,A5101582223,100
446,shuo chen,shuo chen,A5100366888,A5066639690,100
447,shuo chen,shuo chen,A5100366888,A5128150438,100
448,shuo chen,shuo chen,A5100366888,A5124944803,100
449,si chen,si chen,A5073464445,A5100366176,100
450,si chen,si chen,A5073464445,A5101640709,100
451,andrew j calvert,andrew j calvert,A5030736348,A5134578162,100
452,jing chen,jing chen,A5100394876,A5114685541,100
453,jing chen,jing chen,A5100394876,A5107749833,100
454,jing chen,jing chen,A5100394876,A5105229713,100
455,j chen,j chen,A5100609084,A5106470991,100
456,j chen,j chen,A5100609084,A5107907445,100
457,j chen,j chen,A5100609084,A5108293215,100
458,j chen,j chen,A5100609084,A5082104726,100
459,j chen,j chen,A5100609084,A5134761842,100
460,david copp,david copp,A5102883661,A5028289492,100
461,hugo fv cardoso,hugo fv cardoso,A5078265907,A5029628546,100
462,hugo fv cardoso,hugo fv cardoso,A5078265907,A5122255740,100
463,bowen chen,bowen chen,A5100675175,A5115565922,100
464,xing cheng,xing cheng,A5101846669,A5065524679,100
465,arun chockalingam,arun chockalingam,A5113518695,A5102868000,100
466,elizabeth cooper,elizabeth cooper,A5039390201,A5043746733,100
467,elizabeth cooper,elizabeth cooper,A5039390201,A5083834467,100
468,elizabeth cooper,elizabeth cooper,A5039390201,A5101697034,100
469,d s cross,d s cross,A5112788832,A5034690450,100
470,hao chen,hao chen,A5100353649,A5100353574,100
471,hao chen,hao chen,A5100353649,A5083301448,100
472,jiacheng chen,jiacheng chen,A5101529846,A5101529850,100
473,jiacheng chen,jiacheng chen,A5101529846,A5101529847,100
474,gang chen,gang chen,A5024350150,A5100389312,100
475,gang chen,gang chen,A5024350150,A5100389231,100
476,gang chen,gang chen,A5024350150,A5100389272,100
477,gang chen,gang chen,A5024350150,A5100389308,100
478,gang chen,gang chen,A5024350150,A5100389269,100
479,hao chen,hao chen,A5100353574,A5083301448,100
480,xiwen chen,xiwen chen,A5100657341,A5100657346,100
481,sarah chen,sarah chen,A5022333508,A5101550389,100
482,chunyu chen,chunyu chen,A5100347535,A5100347529,100
483,gang chen,gang chen,A5100389312,A5100389231,100
484,gang chen,gang chen,A5100389312,A5100389272,100
485,gang chen,gang chen,A5100389312,A5100389308,100
486,gang chen,gang chen,A5100389312,A5100389269,100
487,deborah a connolly,deborah a connolly,A5014109821,A5128183922,100
488,kieran cox,kieran cox,A5031419507,A5095023457,100
489,kieran cox,kieran cox,A5031419507,A5132546457,100
490,michael chen,michael chen,A5100705941,A5020790004,100
491,shawn chartrand,shawn chartrand,A5059770650,A5121602685,100
492,ying chen,ying chen,A5063849486,A5100383074,100
493,ying chen,ying chen,A5063849486,A5100383109,100
494,tom w claydon,tom w claydon,A5087088567,A5124091778,100
495,gang chen,gang chen,A5100389231,A5100389272,100
496,gang chen,gang chen,A5100389231,A5100389308,100
497,gang chen,gang chen,A5100389231,A5100389269,100
498,gang chen,gang chen,A5100389272,A5100389308,100
499,gang chen,gang chen,A5100389272,A5100389269,100
500,xinmei chen,xinmei chen,A5101687071,A5101687072,100
501,yuchi chen,yuchi chen,A5101824630,A5101824628,100
502,zhiqin chen,zhiqin chen,A5101856310,A5110851788,100
503,gang chen,gang chen,A5100389308,A5100389269,100
504,yizhou chen,yizhou chen,A5100600280,A5100600279,100
505,teresa cheung,teresa cheung,A5077739432,A5128221184,100
506,yixuan chen,yixuan chen,A5100725680,A5100725685,100
507,yixuan chen,yixuan chen,A5100725680,A5107194480,100
508,yixuan chen,yixuan chen,A5100725680,A5112913563,100
509,yixuan chen,yixuan chen,A5100725680,A5126431511,100
510,yixuan chen,yixuan chen,A5100725680,A5130658715,100
511,yixuan chen,yixuan chen,A5100725680,A5132691074,100
512,emily e cameron,emily e cameron,A5066336976,A5128041350,100
513,emily e cameron,emily e cameron,A5066336976,A5124711422,100
514,stephanie cooper,stephanie cooper,A5069552167,A5111618796,100
515,long chen,long chen,A5100336421,A5101454288,100
516,long chen,long chen,A5100336421,A5130290973,100
517,peter k cheung,peter k cheung,A5082384258,A5130933490,100
518,jiayi chen,jiayi chen,A5108137477,A5114685542,100
519,jiayi chen,jiayi chen,A5108137477,A5112970850,100
520,elizabeth cooper,elizabeth cooper,A5043746733,A5083834467,100
521,elizabeth cooper,elizabeth cooper,A5043746733,A5101697034,100
522,xi chen,xi chen,A5100329904,A5100329847,100
523,yixuan chen,yixuan chen,A5100725685,A5107194480,100
524,yixuan chen,yixuan chen,A5100725685,A5112913563,100
525,yixuan chen,yixuan chen,A5100725685,A5126431511,100
526,yixuan chen,yixuan chen,A5100725685,A5130658715,100
527,yixuan chen,yixuan chen,A5100725685,A5132691074,100
528,j chen,j chen,A5106470991,A5107907445,100
529,j chen,j chen,A5106470991,A5108293215,100
530,j chen,j chen,A5106470991,A5082104726,100
531,j chen,j chen,A5106470991,A5134761842,100
532,jiacheng chen,jiacheng chen,A5101529850,A5101529847,100
533,imin chen,imin chen,A5024124555,A5011346188,100
534,imin chen,imin chen,A5024124555,A5061389621,100
535,ying chen,ying chen,A5100383074,A5100383109,100
536,heather clarke,heather clarke,A5033617921,A5129022367,100
537,tom culham,tom culham,A5006637747,A5124748205,100
538,jiayi chen,jiayi chen,A5114685542,A5112970850,100
539,j chen,j chen,A5107907445,A5108293215,100
540,j chen,j chen,A5107907445,A5082104726,100
541,j chen,j chen,A5107907445,A5134761842,100
542,stephanie chu,stephanie chu,A5108662676,A5042941416,100
543,isabelle côté,isabelle côté,A5102000841,A5102000843,100
544,raphaël chétrite,raphaël chétrite,A5102746523,A5108430786,100
545,daniel chang,daniel chang,A5044668950,A5124924591,100
546,elizabeth cooper,elizabeth cooper,A5083834467,A5101697034,100
547,jing chen,jing chen,A5114685541,A5107749833,100
548,jing chen,jing chen,A5114685541,A5105229713,100
549,victor cheung,victor cheung,A5055399971,A5107609977,100
550,si chen,si chen,A5100366176,A5101640709,100
551,jorge calderón,jorge calderón,A5025170574,A5102493823,100
552,yeseul choi,yeseul choi,A5101951671,A5101301853,100
553,carlos castellanos,carlos castellanos,A5014339416,A5111454780,100
554,yixuan chen,yixuan chen,A5107194480,A5112913563,100
555,yixuan chen,yixuan chen,A5107194480,A5126431511,100
556,yixuan chen,yixuan chen,A5107194480,A5130658715,100
557,yixuan chen,yixuan chen,A5107194480,A5132691074,100
558,ling chen,ling chen,A5100411135,A5100411128,100
559,jing chen,jing chen,A5107749833,A5105229713,100
560,alexander clow,alexander clow,A5047783624,A5107080347,100
561,j chen,j chen,A5108293215,A5082104726,100
562,j chen,j chen,A5108293215,A5134761842,100
563,ricky chen,ricky chen,A5003748680,A5056785408,100
564,w chen,w chen,A5002960083,A5061695674,100
565,manuela cruz,manuela cruz,A5010354858,A5133363135,100
566,yuchun chen,yuchun chen,A5101769288,A5121448356,100
567,yuchun chen,yuchun chen,A5101769288,A5134120226,100
568,yixuan chen,yixuan chen,A5112913563,A5126431511,100
569,yixuan chen,yixuan chen,A5112913563,A5130658715,100
570,yixuan chen,yixuan chen,A5112913563,A5132691074,100
571,helen chong,helen chong,A5110538120,A5113915541,100
572,g chen,g chen,A5049367718,A5088002859,100
573,j chen,j chen,A5082104726,A5134761842,100
574,michelle chan,michelle chan,A5113170352,A5102792859,100
575,hugo fv cardoso,hugo fv cardoso,A5029628546,A5122255740,100
576,v rachel chimuka,v rachel chimuka,A5055696136,A5122816459,100
577,v rachel chimuka,v rachel chimuka,A5055696136,A5125602869,100
578,v rachel chimuka,v rachel chimuka,A5055696136,A5126087041,100
579,shuo chen,shuo chen,A5066639690,A5128150438,100
580,shuo chen,shuo chen,A5066639690,A5124944803,100
581,zhendong cao,zhendong cao,A5021633188,A5103803711,100
582,mark collard,mark collard,A5032526305,A5129342353,100
583,long chen,long chen,A5101454288,A5130290973,100
584,yuchun chen,yuchun chen,A5121448356,A5134120226,100
585,emily e cameron,emily e cameron,A5128041350,A5124711422,100
586,shuo chen,shuo chen,A5128150438,A5124944803,100
587,imin chen,imin chen,A5011346188,A5061389621,100
588,kieran cox,kieran cox,A5095023457,A5132546457,100
589,hugo cardoso,hugo cardoso,A5120668369,A5102492080,100
590,v rachel chimuka,v rachel chimuka,A5122816459,A5125602869,100
591,v rachel chimuka,v rachel chimuka,A5122816459,A5126087041,100
592,caroline colijn,caroline colijn,A5124363060,A5128346997,100
593,caroline colijn,caroline colijn,A5124363060,A5131188126,100
594,neha claire,neha claire,A5001300939,A5095705208,100
595,luana carcano,luana carcano,A5119411272,A5119417984,100
596,andrés m cisneros-montemayor,andrés m cisneros-montemayor,A5123238429,A5123866356,100
597,andrés  m cisneros-montemayor,andrés  m cisneros-montemayor,A5124135382,A5128784343,100
598,v rachel chimuka,v rachel chimuka,A5125602869,A5126087041,100
599,john j clague,john j clague,A5126215528,A5126270257,100
600,yixuan chen,yixuan chen,A5126431511,A5130658715,100
601,yixuan chen,yixuan chen,A5126431511,A5132691074,100
602,caroline colijn,caroline colijn,A5128346997,A5131188126,100
603,yixuan chen,yixuan chen,A5130658715,A5132691074,100
604,isabelle m côté,isabelle m côté,A5130724640,A5134660843,100
605,f a dias,f a dias,A5083920211,A5115595523,100
606,m danninger,m danninger,A5039614567,A5122993250,100
607,m danninger,m danninger,A5039614567,A5125998070,100
608,m danninger,m danninger,A5039614567,A5126584096,100
609,m danninger,m danninger,A5039614567,A5126952012,100
610,m danninger,m danninger,A5039614567,A5134756078,100
611,i dawson,i dawson,A5113236315,A5030889215,100
612,j dopke,j dopke,A5107830859,A5105509085,100
613,e dreyer,e dreyer,A5066345795,A5107939232,100
614,e dreyer,e dreyer,A5066345795,A5107894678,100
615,e dreyer,e dreyer,A5066345795,A5107905139,100
616,e dreyer,e dreyer,A5066345795,A5106454166,100
617,e dreyer,e dreyer,A5066345795,A5107948248,100
618,e dreyer,e dreyer,A5066345795,A5107884901,100
619,e dreyer,e dreyer,A5066345795,A5107902762,100
620,e dawe,e dawe,A5041202809,A5107845377,100
621,e dawe,e dawe,A5041202809,A5110628845,100
622,hugh davies,hugh davies,A5015076907,A5024002026,100
623,m f daneri,m f daneri,A5040937462,A5107879456,100
624,m f daneri,m f daneri,A5040937462,A5107900128,100
625,m f daneri,m f daneri,A5040937462,A5107892740,100
626,m f daneri,m f daneri,A5040937462,A5105644523,100
627,m f daneri,m f daneri,A5040937462,A5107923151,100
628,b davids,b davids,A5065529657,A5060546269,100
629,e drechsler,e drechsler,A5105505306,A5107922789,100
630,e drechsler,e drechsler,A5105505306,A5105784843,100
631,e drechsler,e drechsler,A5105505306,A5026796026,100
632,e drechsler,e drechsler,A5105505306,A5107940047,100
633,e drechsler,e drechsler,A5105505306,A5108038763,100
634,e drechsler,e drechsler,A5105505306,A5107883735,100
635,e drechsler,e drechsler,A5105505306,A5106465642,100
636,e drechsler,e drechsler,A5105505306,A5105706924,100
637,e drechsler,e drechsler,A5105505306,A5107904230,100
638,e drechsler,e drechsler,A5105505306,A5107900724,100
639,e drechsler,e drechsler,A5105505306,A5107916894,100
640,e drechsler,e drechsler,A5105505306,A5105536486,100
641,e drechsler,e drechsler,A5105505306,A5107893155,100
642,e drechsler,e drechsler,A5105505306,A5108835890,100
643,e drechsler,e drechsler,A5105505306,A5107368050,100
644,e drechsler,e drechsler,A5105505306,A5108122973,100
645,e drechsler,e drechsler,A5105505306,A5105718583,100
646,e drechsler,e drechsler,A5107922789,A5105784843,100
647,e drechsler,e drechsler,A5107922789,A5026796026,100
648,e drechsler,e drechsler,A5107922789,A5107940047,100
649,e drechsler,e drechsler,A5107922789,A5108038763,100
650,e drechsler,e drechsler,A5107922789,A5107883735,100
651,e drechsler,e drechsler,A5107922789,A5106465642,100
652,e drechsler,e drechsler,A5107922789,A5105706924,100
653,e drechsler,e drechsler,A5107922789,A5107904230,100
654,e drechsler,e drechsler,A5107922789,A5107900724,100
655,e drechsler,e drechsler,A5107922789,A5107916894,100
656,e drechsler,e drechsler,A5107922789,A5105536486,100
657,e drechsler,e drechsler,A5107922789,A5107893155,100
658,e drechsler,e drechsler,A5107922789,A5108835890,100
659,e drechsler,e drechsler,A5107922789,A5107368050,100
660,e drechsler,e drechsler,A5107922789,A5108122973,100
661,e drechsler,e drechsler,A5107922789,A5105718583,100
662,james p delgado,james p delgado,A5087861481,A5103869269,100
663,e dawe,e dawe,A5107845377,A5110628845,100
664,ryan cn d’arcy,ryan cn d’arcy,A5002868149,A5110835184,100
665,jun duan,jun duan,A5072983949,A5084688867,100
666,shahin e dashtgard,shahin e dashtgard,A5052933344,A5134600494,100
667,jianfu ding,jianfu ding,A5004661287,A5102734383,100
668,sam m doesburg,sam m doesburg,A5081393957,A5130119658,100
669,s r dunsiger,s r dunsiger,A5020731483,A5035385095,100
670,s r dunsiger,s r dunsiger,A5020731483,A5040783091,100
671,ming dong,ming dong,A5100650848,A5100642238,100
672,ming dong,ming dong,A5100650848,A5111485590,100
673,ming dong,ming dong,A5100642238,A5111485590,100
674,ying duan,ying duan,A5101185528,A5007973428,100
675,e drechsler,e drechsler,A5105784843,A5026796026,100
676,e drechsler,e drechsler,A5105784843,A5107940047,100
677,e drechsler,e drechsler,A5105784843,A5108038763,100
678,e drechsler,e drechsler,A5105784843,A5107883735,100
679,e drechsler,e drechsler,A5105784843,A5106465642,100
680,e drechsler,e drechsler,A5105784843,A5105706924,100
681,e drechsler,e drechsler,A5105784843,A5107904230,100
682,e drechsler,e drechsler,A5105784843,A5107900724,100
683,e drechsler,e drechsler,A5105784843,A5107916894,100
684,e drechsler,e drechsler,A5105784843,A5105536486,100
685,e drechsler,e drechsler,A5105784843,A5107893155,100
686,e drechsler,e drechsler,A5105784843,A5108835890,100
687,e drechsler,e drechsler,A5105784843,A5107368050,100
688,e drechsler,e drechsler,A5105784843,A5108122973,100
689,e drechsler,e drechsler,A5105784843,A5105718583,100
690,e dreyer,e dreyer,A5107939232,A5107894678,100
691,e dreyer,e dreyer,A5107939232,A5107905139,100
692,e dreyer,e dreyer,A5107939232,A5106454166,100
693,e dreyer,e dreyer,A5107939232,A5107948248,100
694,e dreyer,e dreyer,A5107939232,A5107884901,100
695,e dreyer,e dreyer,A5107939232,A5107902762,100
696,damion dooley,damion dooley,A5006394765,A5128855549,100
697,e drechsler,e drechsler,A5026796026,A5107940047,100
698,e drechsler,e drechsler,A5026796026,A5108038763,100
699,e drechsler,e drechsler,A5026796026,A5107883735,100
700,e drechsler,e drechsler,A5026796026,A5106465642,100
701,e drechsler,e drechsler,A5026796026,A5105706924,100
702,e drechsler,e drechsler,A5026796026,A5107904230,100
703,e drechsler,e drechsler,A5026796026,A5107900724,100
704,e drechsler,e drechsler,A5026796026,A5107916894,100
705,e drechsler,e drechsler,A5026796026,A5105536486,100
706,e drechsler,e drechsler,A5026796026,A5107893155,100
707,e drechsler,e drechsler,A5026796026,A5108835890,100
708,e drechsler,e drechsler,A5026796026,A5107368050,100
709,e drechsler,e drechsler,A5026796026,A5108122973,100
710,e drechsler,e drechsler,A5026796026,A5105718583,100
711,nick dexter,nick dexter,A5022616517,A5077931522,100
712,steven davis,steven davis,A5102301191,A5109460040,100
713,s r dunsiger,s r dunsiger,A5035385095,A5040783091,100
714,geoffrey t desmoulin,geoffrey t desmoulin,A5060560603,A5108228691,100
715,e dreyer,e dreyer,A5107894678,A5107905139,100
716,e dreyer,e dreyer,A5107894678,A5106454166,100
717,e dreyer,e dreyer,A5107894678,A5107948248,100
718,e dreyer,e dreyer,A5107894678,A5107884901,100
719,e dreyer,e dreyer,A5107894678,A5107902762,100
720,chinthaka dinesh,chinthaka dinesh,A5010633798,A5102772331,100
721,e drechsler,e drechsler,A5107940047,A5108038763,100
722,e drechsler,e drechsler,A5107940047,A5107883735,100
723,e drechsler,e drechsler,A5107940047,A5106465642,100
724,e drechsler,e drechsler,A5107940047,A5105706924,100
725,e drechsler,e drechsler,A5107940047,A5107904230,100
726,e drechsler,e drechsler,A5107940047,A5107900724,100
727,e drechsler,e drechsler,A5107940047,A5107916894,100
728,e drechsler,e drechsler,A5107940047,A5105536486,100
729,e drechsler,e drechsler,A5107940047,A5107893155,100
730,e drechsler,e drechsler,A5107940047,A5108835890,100
731,e drechsler,e drechsler,A5107940047,A5107368050,100
732,e drechsler,e drechsler,A5107940047,A5108122973,100
733,e drechsler,e drechsler,A5107940047,A5105718583,100
734,man dewapriya,man dewapriya,A5039747194,A5052550301,100
735,m f daneri,m f daneri,A5107879456,A5107900128,100
736,m f daneri,m f daneri,A5107879456,A5107892740,100
737,m f daneri,m f daneri,A5107879456,A5105644523,100
738,m f daneri,m f daneri,A5107879456,A5107923151,100
739,e drechsler,e drechsler,A5108038763,A5107883735,100
740,e drechsler,e drechsler,A5108038763,A5106465642,100
741,e drechsler,e drechsler,A5108038763,A5105706924,100
742,e drechsler,e drechsler,A5108038763,A5107904230,100
743,e drechsler,e drechsler,A5108038763,A5107900724,100
744,e drechsler,e drechsler,A5108038763,A5107916894,100
745,e drechsler,e drechsler,A5108038763,A5105536486,100
746,e drechsler,e drechsler,A5108038763,A5107893155,100
747,e drechsler,e drechsler,A5108038763,A5108835890,100
748,e drechsler,e drechsler,A5108038763,A5107368050,100
749,e drechsler,e drechsler,A5108038763,A5108122973,100
750,e drechsler,e drechsler,A5108038763,A5105718583,100
751,e drechsler,e drechsler,A5107883735,A5106465642,100
752,e drechsler,e drechsler,A5107883735,A5105706924,100
753,e drechsler,e drechsler,A5107883735,A5107904230,100
754,e drechsler,e drechsler,A5107883735,A5107900724,100
755,e drechsler,e drechsler,A5107883735,A5107916894,100
756,e drechsler,e drechsler,A5107883735,A5105536486,100
757,e drechsler,e drechsler,A5107883735,A5107893155,100
758,e drechsler,e drechsler,A5107883735,A5108835890,100
759,e drechsler,e drechsler,A5107883735,A5107368050,100
760,e drechsler,e drechsler,A5107883735,A5108122973,100
761,e drechsler,e drechsler,A5107883735,A5105718583,100
762,e drechsler,e drechsler,A5106465642,A5105706924,100
763,e drechsler,e drechsler,A5106465642,A5107904230,100
764,e drechsler,e drechsler,A5106465642,A5107900724,100
765,e drechsler,e drechsler,A5106465642,A5107916894,100
766,e drechsler,e drechsler,A5106465642,A5105536486,100
767,e drechsler,e drechsler,A5106465642,A5107893155,100
768,e drechsler,e drechsler,A5106465642,A5108835890,100
769,e drechsler,e drechsler,A5106465642,A5107368050,100
770,e drechsler,e drechsler,A5106465642,A5108122973,100
771,e drechsler,e drechsler,A5106465642,A5105718583,100
772,e dreyer,e dreyer,A5107905139,A5106454166,100
773,e dreyer,e dreyer,A5107905139,A5107948248,100
774,e dreyer,e dreyer,A5107905139,A5107884901,100
775,e dreyer,e dreyer,A5107905139,A5107902762,100
776,e dreyer,e dreyer,A5106454166,A5107948248,100
777,e dreyer,e dreyer,A5106454166,A5107884901,100
778,e dreyer,e dreyer,A5106454166,A5107902762,100
779,e dreyer,e dreyer,A5107948248,A5107884901,100
780,e dreyer,e dreyer,A5107948248,A5107902762,100
781,e dreyer,e dreyer,A5107884901,A5107902762,100
782,sandeep dhillon,sandeep dhillon,A5067538914,A5054426753,100
783,e drechsler,e drechsler,A5105706924,A5107904230,100
784,e drechsler,e drechsler,A5105706924,A5107900724,100
785,e drechsler,e drechsler,A5105706924,A5107916894,100
786,e drechsler,e drechsler,A5105706924,A5105536486,100
787,e drechsler,e drechsler,A5105706924,A5107893155,100
788,e drechsler,e drechsler,A5105706924,A5108835890,100
789,e drechsler,e drechsler,A5105706924,A5107368050,100
790,e drechsler,e drechsler,A5105706924,A5108122973,100
791,e drechsler,e drechsler,A5105706924,A5105718583,100
792,m f daneri,m f daneri,A5107900128,A5107892740,100
793,m f daneri,m f daneri,A5107900128,A5105644523,100
794,m f daneri,m f daneri,A5107900128,A5107923151,100
795,m f daneri,m f daneri,A5107892740,A5105644523,100
796,m f daneri,m f daneri,A5107892740,A5107923151,100
797,m f daneri,m f daneri,A5105644523,A5107923151,100
798,e drechsler,e drechsler,A5107904230,A5107900724,100
799,e drechsler,e drechsler,A5107904230,A5107916894,100
800,e drechsler,e drechsler,A5107904230,A5105536486,100
801,e drechsler,e drechsler,A5107904230,A5107893155,100
802,e drechsler,e drechsler,A5107904230,A5108835890,100
803,e drechsler,e drechsler,A5107904230,A5107368050,100
804,e drechsler,e drechsler,A5107904230,A5108122973,100
805,e drechsler,e drechsler,A5107904230,A5105718583,100
806,e drechsler,e drechsler,A5107900724,A5107916894,100
807,e drechsler,e drechsler,A5107900724,A5105536486,100
808,e drechsler,e drechsler,A5107900724,A5107893155,100
809,e drechsler,e drechsler,A5107900724,A5108835890,100
810,e drechsler,e drechsler,A5107900724,A5107368050,100
811,e drechsler,e drechsler,A5107900724,A5108122973,100
812,e drechsler,e drechsler,A5107900724,A5105718583,100
813,e drechsler,e drechsler,A5107916894,A5105536486,100
814,e drechsler,e drechsler,A5107916894,A5107893155,100
815,e drechsler,e drechsler,A5107916894,A5108835890,100
816,e drechsler,e drechsler,A5107916894,A5107368050,100
817,e drechsler,e drechsler,A5107916894,A5108122973,100
818,e drechsler,e drechsler,A5107916894,A5105718583,100
819,xizi deng,xizi deng,A5023240512,A5049175923,100
820,e drechsler,e drechsler,A5105536486,A5107893155,100
821,e drechsler,e drechsler,A5105536486,A5108835890,100
822,e drechsler,e drechsler,A5105536486,A5107368050,100
823,e drechsler,e drechsler,A5105536486,A5108122973,100
824,e drechsler,e drechsler,A5105536486,A5105718583,100
825,e drechsler,e drechsler,A5107893155,A5108835890,100
826,e drechsler,e drechsler,A5107893155,A5107368050,100
827,e drechsler,e drechsler,A5107893155,A5108122973,100
828,e drechsler,e drechsler,A5107893155,A5105718583,100
829,e drechsler,e drechsler,A5108835890,A5107368050,100
830,e drechsler,e drechsler,A5108835890,A5108122973,100
831,e drechsler,e drechsler,A5108835890,A5105718583,100
832,max donelan,max donelan,A5024297629,A5082745401,100
833,max donelan,max donelan,A5024297629,A5088139050,100
834,e drechsler,e drechsler,A5107368050,A5108122973,100
835,e drechsler,e drechsler,A5107368050,A5105718583,100
836,e drechsler,e drechsler,A5108122973,A5105718583,100
837,max donelan,max donelan,A5082745401,A5088139050,100
838,seyed hamid delbari,seyed hamid delbari,A5105033312,A5129079419,100
839,m danninger,m danninger,A5122993250,A5125998070,100
840,m danninger,m danninger,A5122993250,A5126584096,100
841,m danninger,m danninger,A5122993250,A5126952012,100
842,m danninger,m danninger,A5122993250,A5134756078,100
843,m danninger,m danninger,A5125998070,A5126584096,100
844,m danninger,m danninger,A5125998070,A5126952012,100
845,m danninger,m danninger,A5125998070,A5134756078,100
846,m danninger,m danninger,A5126584096,A5126952012,100
847,m danninger,m danninger,A5126584096,A5134756078,100
848,m danninger,m danninger,A5126952012,A5134756078,100
849,ola eiken,ola eiken,A5056550766,A5103061907,100
850,daniel esler,daniel esler,A5023211355,A5087425402,100
851,lloyd t elliott,lloyd t elliott,A5088544768,A5122445652,100
852,lloyd t elliott,lloyd t elliott,A5088544768,A5126479236,100
853,david eaves,david eaves,A5017626957,A5111601082,100
854,undarmaa enkhbat,undarmaa enkhbat,A5087141790,A5123513151,100
855,parham elmi,parham elmi,A5049217967,A5060215510,100
856,aftab erfan,aftab erfan,A5117789791,A5119409926,100
857,aftab erfan,aftab erfan,A5117789791,A5119410439,100
858,aftab erfan,aftab erfan,A5117789791,A5119410937,100
859,aftab erfan,aftab erfan,A5119409926,A5119410439,100
860,aftab erfan,aftab erfan,A5119409926,A5119410937,100
861,aftab erfan,aftab erfan,A5119410439,A5119410937,100
862,lloyd t elliott,lloyd t elliott,A5122445652,A5126479236,100
863,hua fu,hua fu,A5033898587,A5101906340,100
864,benedikt fischer,benedikt fischer,A5031049285,A5111690216,100
865,benedikt fischer,benedikt fischer,A5031049285,A5124269307,100
866,benedikt fischer,benedikt fischer,A5031049285,A5125367563,100
867,benedikt fischer,benedikt fischer,A5031049285,A5130182628,100
868,benedikt fischer,benedikt fischer,A5031049285,A5133054078,100
869,benedikt fischer,benedikt fischer,A5031049285,A5133254296,100
870,simon fraser,simon fraser,A5091132477,A5108209309,100
871,simon fraser,simon fraser,A5091132477,A5115598846,100
872,simon fraser,simon fraser,A5091132477,A5019164097,100
873,mei lan fang,mei lan fang,A5008149652,A5121849622,100
874,gwenn e flowers,gwenn e flowers,A5045013234,A5133709505,100
875,andreas fischer,andreas fischer,A5019597653,A5002158981,100
876,andreas fischer,andreas fischer,A5019597653,A5128262799,100
877,alireza fathi,alireza fathi,A5063473743,A5126384444,100
878,alice fleerackers,alice fleerackers,A5070557231,A5109670769,100
879,faranak farzan,faranak farzan,A5015821361,A5107544376,100
880,faranak farzan,faranak farzan,A5015821361,A5122431660,100
881,faranak farzan,faranak farzan,A5015821361,A5126786475,100
882,faranak farzan,faranak farzan,A5015821361,A5129651125,100
883,zhenman fang,zhenman fang,A5065889904,A5107843533,100
884,zhenman fang,zhenman fang,A5065889904,A5123350863,100
885,zhenman fang,zhenman fang,A5065889904,A5125250336,100
886,zhenman fang,zhenman fang,A5065889904,A5128122392,100
887,cai feng,cai feng,A5084039498,A5095742090,100
888,simon fraser,simon fraser,A5108209309,A5115598846,100
889,simon fraser,simon fraser,A5108209309,A5019164097,100
890,michael filimowicz,michael filimowicz,A5018620598,A5002564226,100
891,andreas fischer,andreas fischer,A5002158981,A5128262799,100
892,andrei v frolov,andrei v frolov,A5036300411,A5106487249,100
893,andrei v frolov,andrei v frolov,A5036300411,A5104521507,100
894,nicolas fillion,nicolas fillion,A5056781385,A5120708403,100
895,jennifer k ferris,jennifer k ferris,A5053482012,A5123624014,100
896,hao fang,hao fang,A5109283863,A5059451258,100
897,hao fang,hao fang,A5109283863,A5124025154,100
898,hao fang,hao fang,A5109283863,A5130292557,100
899,andrew fournier,andrew fournier,A5006128853,A5106715672,100
900,sarah faber,sarah faber,A5044675407,A5126595867,100
901,simon fraser,simon fraser,A5115598846,A5019164097,100
902,andrei v frolov,andrei v frolov,A5106487249,A5104521507,100
903,haisheng fu,haisheng fu,A5034827277,A5045288861,100
904,david freeman,david freeman,A5049478989,A5110867013,100
905,hao fang,hao fang,A5059451258,A5124025154,100
906,hao fang,hao fang,A5059451258,A5130292557,100
907,a fournier,a fournier,A5008661502,A5044782690,100
908,sheri fabian,sheri fabian,A5076158895,A5100494466,100
909,abigail h feresten,abigail h feresten,A5014586329,A5107606734,100
910,shelby fenton,shelby fenton,A5078290786,A5040008860,100
911,zhenman fang,zhenman fang,A5107843533,A5123350863,100
912,zhenman fang,zhenman fang,A5107843533,A5125250336,100
913,zhenman fang,zhenman fang,A5107843533,A5128122392,100
914,benedikt fischer,benedikt fischer,A5111690216,A5124269307,100
915,benedikt fischer,benedikt fischer,A5111690216,A5125367563,100
916,benedikt fischer,benedikt fischer,A5111690216,A5130182628,100
917,benedikt fischer,benedikt fischer,A5111690216,A5133054078,100
918,benedikt fischer,benedikt fischer,A5111690216,A5133254296,100
919,hao fang,hao fang,A5124025154,A5130292557,100
920,saeid farzaneh,saeid farzaneh,A5026508470,A5123577455,100
921,faranak farzan,faranak farzan,A5107544376,A5122431660,100
922,faranak farzan,faranak farzan,A5107544376,A5126786475,100
923,faranak farzan,faranak farzan,A5107544376,A5129651125,100
924,faranak farzan,faranak farzan,A5122431660,A5126786475,100
925,faranak farzan,faranak farzan,A5122431660,A5129651125,100
926,mia fitzpatrick,mia fitzpatrick,A5105063902,A5113104668,100
927,s jane fowler,s jane fowler,A5122380582,A5123517967,100
928,s jane fowler,s jane fowler,A5122380582,A5128108573,100
929,zhenman fang,zhenman fang,A5123350863,A5125250336,100
930,zhenman fang,zhenman fang,A5123350863,A5128122392,100
931,s jane fowler,s jane fowler,A5123517967,A5128108573,100
932,benedikt fischer,benedikt fischer,A5124269307,A5125367563,100
933,benedikt fischer,benedikt fischer,A5124269307,A5130182628,100
934,benedikt fischer,benedikt fischer,A5124269307,A5133054078,100
935,benedikt fischer,benedikt fischer,A5124269307,A5133254296,100
936,zhenman fang,zhenman fang,A5125250336,A5128122392,100
937,benedikt fischer,benedikt fischer,A5125367563,A5130182628,100
938,benedikt fischer,benedikt fischer,A5125367563,A5133054078,100
939,benedikt fischer,benedikt fischer,A5125367563,A5133254296,100
940,faranak farzan,faranak farzan,A5126786475,A5129651125,100
941,benedikt fischer,benedikt fischer,A5130182628,A5133054078,100
942,benedikt fischer,benedikt fischer,A5130182628,A5133254296,100
943,benedikt fischer,benedikt fischer,A5133054078,A5133254296,100
944,david green,david green,A5100340819,A5100340810,100
945,jun gao,jun gao,A5077811474,A5009966852,100
946,d gillberg,d gillberg,A5012581610,A5107856053,100
947,d gillberg,d gillberg,A5012581610,A5112407339,100
948,d gillberg,d gillberg,A5012581610,A5107902765,100
949,gerhard gries,gerhard gries,A5076154696,A5108969388,100
950,gerhard gries,gerhard gries,A5076154696,A5128967076,100
951,saurabh garg,saurabh garg,A5013136179,A5101487271,100
952,d gillberg,d gillberg,A5107856053,A5112407339,100
953,d gillberg,d gillberg,A5107856053,A5107902765,100
954,d grant,d grant,A5107864583,A5030527638,100
955,d grant,d grant,A5107864583,A5113585887,100
956,d grant,d grant,A5107864583,A5125514230,100
957,paul goldberg,paul goldberg,A5101718511,A5132619087,100
958,j godfrey,j godfrey,A5105875215,A5111486446,100
959,david goodman,david goodman,A5001893737,A5029937637,100
960,yuan gao,yuan gao,A5030405098,A5084869431,100
961,yuan gao,yuan gao,A5030405098,A5049762436,100
962,frank a p c gobas,frank a p c gobas,A5059504272,A5123556013,100
963,arvind gupta,arvind gupta,A5041186798,A5103363184,100
964,arvind gupta,arvind gupta,A5041186798,A5110494567,100
965,yuan gao,yuan gao,A5084869431,A5049762436,100
966,tao gu,tao gu,A5101463214,A5109435273,100
967,farid golnaraghi,farid golnaraghi,A5054537100,A5125614118,100
968,ankit gupta,ankit gupta,A5022734062,A5101753148,100
969,david j green,david j green,A5102960584,A5027361434,100
970,sakshi gautam,sakshi gautam,A5064557664,A5021451646,100
971,robert m gordon,robert m gordon,A5062385830,A5028216417,100
972,lovedeep gondara,lovedeep gondara,A5102732934,A5004441174,100
973,samir gandesha,samir gandesha,A5012943531,A5123961773,100
974,yuthika u girme,yuthika u girme,A5027025285,A5128342460,100
975,alissa greer,alissa greer,A5037509232,A5126751367,100
976,alissa greer,alissa greer,A5037509232,A5128237323,100
977,alissa greer,alissa greer,A5037509232,A5130614058,100
978,alissa greer,alissa greer,A5037509232,A5130649398,100
979,alissa greer,alissa greer,A5037509232,A5133572015,100
980,arvind gupta,arvind gupta,A5103363184,A5110494567,100
981,calvin ge,calvin ge,A5039045226,A5102951745,100
982,f h garcia,f h garcia,A5006750915,A5014302761,100
983,simon graham,simon graham,A5080473912,A5123895874,100
984,d gillberg,d gillberg,A5112407339,A5107902765,100
985,sean c godwin,sean c godwin,A5022708255,A5112971001,100
986,haiyan guo,haiyan guo,A5101437013,A5005881904,100
987,haiyan guo,haiyan guo,A5101437013,A5101437012,100
988,haiyan guo,haiyan guo,A5101437013,A5128363199,100
989,natalia gajdamaschko,natalia gajdamaschko,A5045930158,A5106520362,100
990,ilvy goossens,ilvy goossens,A5002706099,A5104543116,100
991,haiyan guo,haiyan guo,A5005881904,A5101437012,100
992,haiyan guo,haiyan guo,A5005881904,A5128363199,100
993,qianping gu,qianping gu,A5101079430,A5125366589,100
994,d j green,d j green,A5022328570,A5104181771,100
995,d grant,d grant,A5030527638,A5113585887,100
996,d grant,d grant,A5030527638,A5125514230,100
997,haiyan guo,haiyan guo,A5101437012,A5128363199,100
998,melanie gascoine,melanie gascoine,A5115978669,A5093479866,100
999,sean kt gaiesky,sean kt gaiesky,A5092946721,A5092945245,100
1000,sean kt gaiesky,sean kt gaiesky,A5092946721,A5092946635,100
1001,sean kt gaiesky,sean kt gaiesky,A5092946721,A5107606869,100
1002,ashmita grewal,ashmita grewal,A5106505604,A5031933562,100
1003,d grant,d grant,A5113585887,A5125514230,100
1004,daniela gottschlich,daniela gottschlich,A5115847198,A5100032507,100
1005,daniela gottschlich,daniela gottschlich,A5115847198,A5104422183,100
1006,daniela gottschlich,daniela gottschlich,A5115847198,A5121432200,100
1007,daniela gottschlich,daniela gottschlich,A5115847198,A5134890704,100
1008,hana georgoulis,hana georgoulis,A5092864314,A5092859248,100
1009,hana georgoulis,hana georgoulis,A5092864314,A5133831780,100
1010,sean kt gaiesky,sean kt gaiesky,A5092945245,A5092946635,100
1011,sean kt gaiesky,sean kt gaiesky,A5092945245,A5107606869,100
1012,bruno guindon,bruno guindon,A5047358972,A5115992858,100
1013,ivan s gill,ivan s gill,A5090703054,A5085495873,100
1014,hana georgoulis,hana georgoulis,A5092859248,A5133831780,100
1015,daniela gottschlich,daniela gottschlich,A5100032507,A5104422183,100
1016,daniela gottschlich,daniela gottschlich,A5100032507,A5121432200,100
1017,daniela gottschlich,daniela gottschlich,A5100032507,A5134890704,100
1018,gerhard gries,gerhard gries,A5108969388,A5128967076,100
1019,fh garcia,fh garcia,A5032436796,A5085198235,100
1020,sean kt gaiesky,sean kt gaiesky,A5092946635,A5107606869,100
1021,anya gould,anya gould,A5121363972,A5129090880,100
1022,daniela gottschlich,daniela gottschlich,A5104422183,A5121432200,100
1023,daniela gottschlich,daniela gottschlich,A5104422183,A5134890704,100
1024,daniela gottschlich,daniela gottschlich,A5121432200,A5134890704,100
1025,alissa greer,alissa greer,A5126751367,A5128237323,100
1026,alissa greer,alissa greer,A5126751367,A5130614058,100
1027,alissa greer,alissa greer,A5126751367,A5130649398,100
1028,alissa greer,alissa greer,A5126751367,A5133572015,100
1029,alissa greer,alissa greer,A5128237323,A5130614058,100
1030,alissa greer,alissa greer,A5128237323,A5130649398,100
1031,alissa greer,alissa greer,A5128237323,A5133572015,100
1032,alissa greer,alissa greer,A5130614058,A5130649398,100
1033,alissa greer,alissa greer,A5130614058,A5133572015,100
1034,alissa greer,alissa greer,A5130649398,A5133572015,100
1035,jiawei han,jiawei han,A5019539533,A5103750286,100
1036,jiawei han,jiawei han,A5019539533,A5101940375,100
1037,jiawei han,jiawei han,A5019539533,A5102828326,100
1038,jiawei han,jiawei han,A5019539533,A5101307723,100
1039,d a hangal,d a hangal,A5101570044,A5105721206,100
1040,robert s hogg,robert s hogg,A5034865907,A5102925279,100
1041,robert s hogg,robert s hogg,A5034865907,A5123041943,100
1042,robert s hogg,robert s hogg,A5034865907,A5124025048,100
1043,robert s hogg,robert s hogg,A5034865907,A5128901402,100
1044,robert s hogg,robert s hogg,A5034865907,A5133278939,100
1045,robert s hogg,robert s hogg,A5034865907,A5134336774,100
1046,robert s hogg,robert s hogg,A5034865907,A5134520265,100
1047,michael howlett,michael howlett,A5077475073,A5109484292,100
1048,michael howlett,michael howlett,A5077475073,A5093483568,100
1049,michael howlett,michael howlett,A5077475073,A5123816487,100
1050,michael howlett,michael howlett,A5077475073,A5126578743,100
1051,michael howlett,michael howlett,A5077475073,A5131377381,100
1052,jun huang,jun huang,A5059743923,A5052713328,100
1053,william g honer,william g honer,A5033183852,A5109962474,100
1054,y horii,y horii,A5105674006,A5107867574,100
1055,y horii,y horii,A5105674006,A5107900076,100
1056,y horii,y horii,A5105674006,A5107931555,100
1057,y horii,y horii,A5105674006,A5107941548,100
1058,y horii,y horii,A5105674006,A5107897371,100
1059,hui huang,hui huang,A5034304352,A5011633768,100
1060,robert a holt,robert a holt,A5065733774,A5121974155,100
1061,robert a holt,robert a holt,A5065733774,A5122362352,100
1062,robert a holt,robert a holt,A5065733774,A5122767113,100
1063,steven holdcroft,steven holdcroft,A5089046130,A5110966436,100
1064,steven holdcroft,steven holdcroft,A5089046130,A5126521712,100
1065,w n hardy,w n hardy,A5072371268,A5043869924,100
1066,g hackman,g hackman,A5009506847,A5129861292,100
1067,n hussain,n hussain,A5000188599,A5107850359,100
1068,n hussain,n hussain,A5000188599,A5107854522,100
1069,john hutchinson,john hutchinson,A5038030607,A5108794388,100
1070,kanna hayashi,kanna hayashi,A5029471416,A5126438414,100
1071,kanna hayashi,kanna hayashi,A5029471416,A5124050241,100
1072,kanna hayashi,kanna hayashi,A5029471416,A5125970617,100
1073,jiawei han,jiawei han,A5103750286,A5101940375,100
1074,jiawei han,jiawei han,A5103750286,A5102828326,100
1075,jiawei han,jiawei han,A5103750286,A5101307723,100
1076,y horii,y horii,A5107867574,A5107900076,100
1077,y horii,y horii,A5107867574,A5107931555,100
1078,y horii,y horii,A5107867574,A5107941548,100
1079,y horii,y horii,A5107867574,A5107897371,100
1080,h hanif,h hanif,A5105672849,A5105583095,100
1081,h hanif,h hanif,A5105672849,A5105576239,100
1082,h hanif,h hanif,A5105672849,A5123013101,100
1083,h hanif,h hanif,A5105672849,A5126011775,100
1084,h hanif,h hanif,A5105672849,A5126958700,100
1085,h hanif,h hanif,A5105672849,A5134754456,100
1086,lillian hung,lillian hung,A5007030329,A5080479646,100
1087,ishtiyaque haji,ishtiyaque haji,A5004752463,A5103235878,100
1088,a j horton,a j horton,A5107912210,A5004527065,100
1089,a j horton,a j horton,A5107912210,A5107879215,100
1090,a j horton,a j horton,A5107912210,A5105209545,100
1091,a j horton,a j horton,A5107912210,A5105773951,100
1092,david s hik,david s hik,A5090776586,A5121215523,100
1093,lindsay hedden,lindsay hedden,A5030396427,A5129732770,100
1094,lindsay hedden,lindsay hedden,A5030396427,A5123896639,100
1095,lindsay hedden,lindsay hedden,A5030396427,A5126665552,100
1096,brian hayden,brian hayden,A5102859075,A5024411445,100
1097,brian hayden,brian hayden,A5102859075,A5099593964,100
1098,yifan huang,yifan huang,A5060624342,A5057760496,100
1099,brian hayden,brian hayden,A5024411445,A5099593964,100
1100,a j horton,a j horton,A5004527065,A5107879215,100
1101,a j horton,a j horton,A5004527065,A5105209545,100
1102,a j horton,a j horton,A5004527065,A5105773951,100
1103,n hussain,n hussain,A5107850359,A5107854522,100
1104,roger hayter,roger hayter,A5010486268,A5107858901,100
1105,y horii,y horii,A5107900076,A5107931555,100
1106,y horii,y horii,A5107900076,A5107941548,100
1107,y horii,y horii,A5107900076,A5107897371,100
1108,anil hira,anil hira,A5006967128,A5106844260,100
1109,jiawei he,jiawei he,A5067361308,A5101859398,100
1110,b heinrich,b heinrich,A5062467718,A5113599614,100
1111,chao han,chao han,A5031824708,A5007269591,100
1112,meg holden,meg holden,A5067275272,A5093134119,100
1113,xu han,xu han,A5101556951,A5101574205,100
1114,xu han,xu han,A5101556951,A5101574206,100
1115,xu han,xu han,A5101556951,A5101574203,100
1116,m e hayden,m e hayden,A5107466242,A5077342641,100
1117,m e hayden,m e hayden,A5107466242,A5052673546,100
1118,m e hayden,m e hayden,A5107466242,A5041829418,100
1119,aaron hunter,aaron hunter,A5059954778,A5109043125,100
1120,w jesse hahm,w jesse hahm,A5087269603,A5055362758,100
1121,w jesse hahm,w jesse hahm,A5087269603,A5082978647,100
1122,w jesse hahm,w jesse hahm,A5087269603,A5126996238,100
1123,w jesse hahm,w jesse hahm,A5087269603,A5127875261,100
1124,w jesse hahm,w jesse hahm,A5087269603,A5129347071,100
1125,y horii,y horii,A5107931555,A5107941548,100
1126,y horii,y horii,A5107931555,A5107897371,100
1127,a j horton,a j horton,A5107879215,A5105209545,100
1128,a j horton,a j horton,A5107879215,A5105773951,100
1129,vahid hosseini,vahid hosseini,A5077347315,A5048131438,100
1130,vahid hosseini,vahid hosseini,A5077347315,A5128990184,100
1131,richard harrigan,richard harrigan,A5020846975,A5110336886,100
1132,bo hu,bo hu,A5102926064,A5013969902,100
1133,bo hu,bo hu,A5102926064,A5101493169,100
1134,jiawei huang,jiawei huang,A5100601282,A5100601288,100
1135,james horncastle,james horncastle,A5014519020,A5134284848,100
1136,bo hu,bo hu,A5013969902,A5101493169,100
1137,x joan hu,x joan hu,A5045961414,A5008798563,100
1138,x joan hu,x joan hu,A5045961414,A5127050014,100
1139,x joan hu,x joan hu,A5045961414,A5125095697,100
1140,x joan hu,x joan hu,A5045961414,A5130204810,100
1141,x joan hu,x joan hu,A5045961414,A5130990908,100
1142,vahid hosseini,vahid hosseini,A5048131438,A5128990184,100
1143,daniel higginbottom,daniel higginbottom,A5077198359,A5127928398,100
1144,jiawei han,jiawei han,A5101940375,A5102828326,100
1145,jiawei han,jiawei han,A5101940375,A5101307723,100
1146,hamza hanif,hamza hanif,A5001322539,A5105844688,100
1147,hamza hanif,hamza hanif,A5001322539,A5104507969,100
1148,hamza hanif,hamza hanif,A5001322539,A5133072910,100
1149,kevin ho,kevin ho,A5066543356,A5110072409,100
1150,kevin ho,kevin ho,A5066543356,A5108806618,100
1151,y horii,y horii,A5107941548,A5107897371,100
1152,simon horton,simon horton,A5037403260,A5105099469,100
1153,md rashedul hoque,md rashedul hoque,A5113834078,A5059325972,100
1154,xinying hu,xinying hu,A5102514528,A5050973645,100
1155,kevin ho,kevin ho,A5110072409,A5108806618,100
1156,joel heng hartse,joel heng hartse,A5067709073,A5100494499,100
1157,joel heng hartse,joel heng hartse,A5067709073,A5130685270,100
1158,tim hill,tim hill,A5076931029,A5113448529,100
1159,tim hill,tim hill,A5076931029,A5116228821,100
1160,tim hill,tim hill,A5076931029,A5124085857,100
1161,tim hill,tim hill,A5076931029,A5133669017,100
1162,tim hill,tim hill,A5076931029,A5133760320,100
1163,ahmed hamza,ahmed hamza,A5102009987,A5089253132,100
1164,xu han,xu han,A5101574205,A5101574206,100
1165,xu han,xu han,A5101574205,A5101574203,100
1166,xu han,xu han,A5101574206,A5101574203,100
1167,florian herla,florian herla,A5025576164,A5114530052,100
1168,florian herla,florian herla,A5025576164,A5121047841,100
1169,florian herla,florian herla,A5025576164,A5121157762,100
1170,jiawei han,jiawei han,A5102828326,A5101307723,100
1171,a j horton,a j horton,A5105209545,A5105773951,100
1172,amelia v hesketh,amelia v hesketh,A5052482231,A5124708781,100
1173,x joan hu,x joan hu,A5008798563,A5127050014,100
1174,x joan hu,x joan hu,A5008798563,A5125095697,100
1175,x joan hu,x joan hu,A5008798563,A5130204810,100
1176,x joan hu,x joan hu,A5008798563,A5130990908,100
1177,zoe wake hyde,zoe wake hyde,A5089657549,A5123920417,100
1178,james f hemphill,james f hemphill,A5071603825,A5133664856,100
1179,robert s hogg,robert s hogg,A5102925279,A5123041943,100
1180,robert s hogg,robert s hogg,A5102925279,A5124025048,100
1181,robert s hogg,robert s hogg,A5102925279,A5128901402,100
1182,robert s hogg,robert s hogg,A5102925279,A5133278939,100
1183,robert s hogg,robert s hogg,A5102925279,A5134336774,100
1184,robert s hogg,robert s hogg,A5102925279,A5134520265,100
1185,m e hayden,m e hayden,A5077342641,A5052673546,100
1186,m e hayden,m e hayden,A5077342641,A5041829418,100
1187,hamza hanif,hamza hanif,A5105844688,A5104507969,100
1188,hamza hanif,hamza hanif,A5105844688,A5133072910,100
1189,michael howlett,michael howlett,A5109484292,A5093483568,100
1190,michael howlett,michael howlett,A5109484292,A5123816487,100
1191,michael howlett,michael howlett,A5109484292,A5126578743,100
1192,michael howlett,michael howlett,A5109484292,A5131377381,100
1193,tim hill,tim hill,A5113448529,A5116228821,100
1194,tim hill,tim hill,A5113448529,A5124085857,100
1195,tim hill,tim hill,A5113448529,A5133669017,100
1196,tim hill,tim hill,A5113448529,A5133760320,100
1197,abdul haseeb,abdul haseeb,A5103859434,A5023229372,100
1198,abdul haseeb,abdul haseeb,A5103859434,A5078301106,100
1199,matthew horrigan,matthew horrigan,A5035229155,A5079409504,100
1200,h hanif,h hanif,A5105583095,A5105576239,100
1201,h hanif,h hanif,A5105583095,A5123013101,100
1202,h hanif,h hanif,A5105583095,A5126011775,100
1203,h hanif,h hanif,A5105583095,A5126958700,100
1204,h hanif,h hanif,A5105583095,A5134754456,100
1205,hanyang hu,hanyang hu,A5034239627,A5113009577,100
1206,joe humphries,joe humphries,A5058383635,A5051438602,100
1207,sepidehsadat hosseini,sepidehsadat hosseini,A5076810167,A5034303212,100
1208,hamza hanif,hamza hanif,A5104507969,A5133072910,100
1209,abdul haseeb,abdul haseeb,A5023229372,A5078301106,100
1210,m e hayden,m e hayden,A5052673546,A5041829418,100
1211,annie hung,annie hung,A5079754447,A5106985895,100
1212,chong he,chong he,A5101337307,A5059567999,100
1213,steven holdcroft,steven holdcroft,A5110966436,A5126521712,100
1214,kanna hayashi,kanna hayashi,A5126438414,A5124050241,100
1215,kanna hayashi,kanna hayashi,A5126438414,A5125970617,100
1216,h hanif,h hanif,A5105576239,A5123013101,100
1217,h hanif,h hanif,A5105576239,A5126011775,100
1218,h hanif,h hanif,A5105576239,A5126958700,100
1219,h hanif,h hanif,A5105576239,A5134754456,100
1220,florian herla,florian herla,A5114530052,A5121047841,100
1221,florian herla,florian herla,A5114530052,A5121157762,100
1222,tim hill,tim hill,A5116228821,A5124085857,100
1223,tim hill,tim hill,A5116228821,A5133669017,100
1224,tim hill,tim hill,A5116228821,A5133760320,100
1225,x joan hu,x joan hu,A5127050014,A5125095697,100
1226,x joan hu,x joan hu,A5127050014,A5130204810,100
1227,x joan hu,x joan hu,A5127050014,A5130990908,100
1228,rashid zamanshoar heris,rashid zamanshoar heris,A5078903620,A5123535697,100
1229,dian hong,dian hong,A5111195952,A5114180415,100
1230,dian hong,dian hong,A5111195952,A5128684930,100
1231,florian herla,florian herla,A5121047841,A5121157762,100
1232,robert a holt,robert a holt,A5121974155,A5122362352,100
1233,robert a holt,robert a holt,A5121974155,A5122767113,100
1234,tim hill,tim hill,A5124085857,A5133669017,100
1235,tim hill,tim hill,A5124085857,A5133760320,100
1236,lindsay hedden,lindsay hedden,A5129732770,A5123896639,100
1237,lindsay hedden,lindsay hedden,A5129732770,A5126665552,100
1238,w jesse hahm,w jesse hahm,A5055362758,A5082978647,100
1239,w jesse hahm,w jesse hahm,A5055362758,A5126996238,100
1240,w jesse hahm,w jesse hahm,A5055362758,A5127875261,100
1241,w jesse hahm,w jesse hahm,A5055362758,A5129347071,100
1242,w jesse hahm,w jesse hahm,A5082978647,A5126996238,100
1243,w jesse hahm,w jesse hahm,A5082978647,A5127875261,100
1244,w jesse hahm,w jesse hahm,A5082978647,A5129347071,100
1245,katarina hiebert,katarina hiebert,A5092564914,A5092564915,100
1246,michael howlett,michael howlett,A5093483568,A5123816487,100
1247,michael howlett,michael howlett,A5093483568,A5126578743,100
1248,michael howlett,michael howlett,A5093483568,A5131377381,100
1249,joel heng hartse,joel heng hartse,A5100494499,A5130685270,100
1250,dian hong,dian hong,A5114180415,A5128684930,100
1251,robert a holt,robert a holt,A5122362352,A5122767113,100
1252,h hanif,h hanif,A5123013101,A5126011775,100
1253,h hanif,h hanif,A5123013101,A5126958700,100
1254,h hanif,h hanif,A5123013101,A5134754456,100
1255,robert s hogg,robert s hogg,A5123041943,A5124025048,100
1256,robert s hogg,robert s hogg,A5123041943,A5128901402,100
1257,robert s hogg,robert s hogg,A5123041943,A5133278939,100
1258,robert s hogg,robert s hogg,A5123041943,A5134336774,100
1259,robert s hogg,robert s hogg,A5123041943,A5134520265,100
1260,michael howlett,michael howlett,A5123816487,A5126578743,100
1261,michael howlett,michael howlett,A5123816487,A5131377381,100
1262,lindsay hedden,lindsay hedden,A5123896639,A5126665552,100
1263,robert s hogg,robert s hogg,A5124025048,A5128901402,100
1264,robert s hogg,robert s hogg,A5124025048,A5133278939,100
1265,robert s hogg,robert s hogg,A5124025048,A5134336774,100
1266,robert s hogg,robert s hogg,A5124025048,A5134520265,100
1267,kanna hayashi,kanna hayashi,A5124050241,A5125970617,100
1268,x joan hu,x joan hu,A5125095697,A5130204810,100
1269,x joan hu,x joan hu,A5125095697,A5130990908,100
1270,h hanif,h hanif,A5126011775,A5126958700,100
1271,h hanif,h hanif,A5126011775,A5134754456,100
1272,michael howlett,michael howlett,A5126578743,A5131377381,100
1273,h hanif,h hanif,A5126958700,A5134754456,100
1274,w jesse hahm,w jesse hahm,A5126996238,A5127875261,100
1275,w jesse hahm,w jesse hahm,A5126996238,A5129347071,100
1276,w jesse hahm,w jesse hahm,A5127875261,A5129347071,100
1277,robert s hogg,robert s hogg,A5128901402,A5133278939,100
1278,robert s hogg,robert s hogg,A5128901402,A5134336774,100
1279,robert s hogg,robert s hogg,A5128901402,A5134520265,100
1280,x joan hu,x joan hu,A5130204810,A5130990908,100
1281,robert s hogg,robert s hogg,A5133278939,A5134336774,100
1282,robert s hogg,robert s hogg,A5133278939,A5134520265,100
1283,tim hill,tim hill,A5133669017,A5133760320,100
1284,robert s hogg,robert s hogg,A5134336774,A5134520265,100
1285,michael a irvine,michael a irvine,A5000729511,A5129935732,100
1286,grace iarocci,grace iarocci,A5055822002,A5126405940,100
1287,yasuyuki ishikawa,yasuyuki ishikawa,A5101812132,A5103470627,100
1288,roumiana ilieva,roumiana ilieva,A5074058563,A5107019523,100
1289,nathan ilten,nathan ilten,A5045420932,A5126642508,100
1290,alex ivanov,alex ivanov,A5009173326,A5102763139,100
1291,alex ivanov,alex ivanov,A5009173326,A5101163621,100
1292,anika islam,anika islam,A5103793630,A5069108528,100
1293,robyn ilten-gee,robyn ilten-gee,A5058395557,A5106330377,100
1294,md eliasinul islam,md eliasinul islam,A5001705687,A5128290570,100
1295,alex ivanov,alex ivanov,A5102763139,A5101163621,100
1296,paul jones,paul jones,A5000958944,A5114723306,100
1297,hao jiang,hao jiang,A5053349677,A5088853402,100
1298,hao jiang,hao jiang,A5053349677,A5100616426,100
1299,hao jiang,hao jiang,A5053349677,A5100616430,100
1300,dal yong jin,dal yong jin,A5041172302,A5128747370,100
1301,dal yong jin,dal yong jin,A5041172302,A5120042953,100
1302,dal yong jin,dal yong jin,A5041172302,A5121532767,100
1303,thomas jennewein,thomas jennewein,A5055373870,A5123677907,100
1304,r m jacobs,r m jacobs,A5107888787,A5086352497,100
1305,r m jacobs,r m jacobs,A5107888787,A5107945021,100
1306,r m jacobs,r m jacobs,A5107888787,A5107942984,100
1307,r m jacobs,r m jacobs,A5107888787,A5107877272,100
1308,r m jacobs,r m jacobs,A5107888787,A5107891024,100
1309,b p jaeger,b p jaeger,A5105788722,A5107902723,100
1310,b p jaeger,b p jaeger,A5105788722,A5107825074,100
1311,b p jaeger,b p jaeger,A5105788722,A5107938269,100
1312,b p jaeger,b p jaeger,A5105788722,A5107895727,100
1313,b p jaeger,b p jaeger,A5105788722,A5105650150,100
1314,b p jaeger,b p jaeger,A5105788722,A5107920615,100
1315,b p jaeger,b p jaeger,A5105788722,A5107921276,100
1316,b p jaeger,b p jaeger,A5105788722,A5105786253,100
1317,b p jaeger,b p jaeger,A5105788722,A5105705998,100
1318,b p jaeger,b p jaeger,A5105788722,A5107430844,100
1319,b p jaeger,b p jaeger,A5105788722,A5122782856,100
1320,richard h jones,richard h jones,A5027446018,A5101585368,100
1321,r m jacobs,r m jacobs,A5086352497,A5107945021,100
1322,r m jacobs,r m jacobs,A5086352497,A5107942984,100
1323,r m jacobs,r m jacobs,A5086352497,A5107877272,100
1324,r m jacobs,r m jacobs,A5086352497,A5107891024,100
1325,am johal,am johal,A5052596537,A5093865082,100
1326,am johal,am johal,A5052596537,A5093865058,100
1327,am johal,am johal,A5052596537,A5093865061,100
1328,am johal,am johal,A5052596537,A5093865069,100
1329,margaret jackson,margaret jackson,A5028877946,A5003025538,100
1330,wei ju,wei ju,A5018666299,A5102822750,100
1331,hao jiang,hao jiang,A5088853402,A5100616426,100
1332,hao jiang,hao jiang,A5088853402,A5100616430,100
1333,jonathan jedwab,jonathan jedwab,A5035429068,A5122550202,100
1334,alireza mosavi jarrahi,alireza mosavi jarrahi,A5103477832,A5112285929,100
1335,margaret a johnson,margaret a johnson,A5101452751,A5111706509,100
1336,margaret a johnson,margaret a johnson,A5101452751,A5103589982,100
1337,michael r johnson,michael r johnson,A5101943012,A5103590976,100
1338,tao jia,tao jia,A5101594743,A5101594742,100
1339,wenbo jiang,wenbo jiang,A5066542952,A5035570208,100
1340,benjamin paul jaeger,benjamin paul jaeger,A5114858430,A5105724394,100
1341,ruth joy,ruth joy,A5091910537,A5123290618,100
1342,j jayaraj,j jayaraj,A5101988345,A5009692252,100
1343,azadeh jafari,azadeh jafari,A5103259118,A5133104708,100
1344,hao jiang,hao jiang,A5100616426,A5100616430,100
1345,eric w jones,eric w jones,A5054110567,A5128071448,100
1346,b p jaeger,b p jaeger,A5107902723,A5107825074,100
1347,b p jaeger,b p jaeger,A5107902723,A5107938269,100
1348,b p jaeger,b p jaeger,A5107902723,A5107895727,100
1349,b p jaeger,b p jaeger,A5107902723,A5105650150,100
1350,b p jaeger,b p jaeger,A5107902723,A5107920615,100
1351,b p jaeger,b p jaeger,A5107902723,A5107921276,100
1352,b p jaeger,b p jaeger,A5107902723,A5105786253,100
1353,b p jaeger,b p jaeger,A5107902723,A5105705998,100
1354,b p jaeger,b p jaeger,A5107902723,A5107430844,100
1355,b p jaeger,b p jaeger,A5107902723,A5122782856,100
1356,margaret a johnson,margaret a johnson,A5111706509,A5103589982,100
1357,samantha jones,samantha jones,A5105193711,A5058571656,100
1358,gillian judson,gillian judson,A5033033173,A5121179633,100
1359,r m jacobs,r m jacobs,A5107945021,A5107942984,100
1360,r m jacobs,r m jacobs,A5107945021,A5107877272,100
1361,r m jacobs,r m jacobs,A5107945021,A5107891024,100
1362,b p jaeger,b p jaeger,A5107825074,A5107938269,100
1363,b p jaeger,b p jaeger,A5107825074,A5107895727,100
1364,b p jaeger,b p jaeger,A5107825074,A5105650150,100
1365,b p jaeger,b p jaeger,A5107825074,A5107920615,100
1366,b p jaeger,b p jaeger,A5107825074,A5107921276,100
1367,b p jaeger,b p jaeger,A5107825074,A5105786253,100
1368,b p jaeger,b p jaeger,A5107825074,A5105705998,100
1369,b p jaeger,b p jaeger,A5107825074,A5107430844,100
1370,b p jaeger,b p jaeger,A5107825074,A5122782856,100
1371,r m jacobs,r m jacobs,A5107942984,A5107877272,100
1372,r m jacobs,r m jacobs,A5107942984,A5107891024,100
1373,yuelong jiang,yuelong jiang,A5028758276,A5014761315,100
1374,b p jaeger,b p jaeger,A5107938269,A5107895727,100
1375,b p jaeger,b p jaeger,A5107938269,A5105650150,100
1376,b p jaeger,b p jaeger,A5107938269,A5107920615,100
1377,b p jaeger,b p jaeger,A5107938269,A5107921276,100
1378,b p jaeger,b p jaeger,A5107938269,A5105786253,100
1379,b p jaeger,b p jaeger,A5107938269,A5105705998,100
1380,b p jaeger,b p jaeger,A5107938269,A5107430844,100
1381,b p jaeger,b p jaeger,A5107938269,A5122782856,100
1382,am johal,am johal,A5093865082,A5093865058,100
1383,am johal,am johal,A5093865082,A5093865061,100
1384,am johal,am johal,A5093865082,A5093865069,100
1385,b p jaeger,b p jaeger,A5107895727,A5105650150,100
1386,b p jaeger,b p jaeger,A5107895727,A5107920615,100
1387,b p jaeger,b p jaeger,A5107895727,A5107921276,100
1388,b p jaeger,b p jaeger,A5107895727,A5105786253,100
1389,b p jaeger,b p jaeger,A5107895727,A5105705998,100
1390,b p jaeger,b p jaeger,A5107895727,A5107430844,100
1391,b p jaeger,b p jaeger,A5107895727,A5122782856,100
1392,dal yong jin,dal yong jin,A5128747370,A5120042953,100
1393,dal yong jin,dal yong jin,A5128747370,A5121532767,100
1394,b p jaeger,b p jaeger,A5105650150,A5107920615,100
1395,b p jaeger,b p jaeger,A5105650150,A5107921276,100
1396,b p jaeger,b p jaeger,A5105650150,A5105786253,100
1397,b p jaeger,b p jaeger,A5105650150,A5105705998,100
1398,b p jaeger,b p jaeger,A5105650150,A5107430844,100
1399,b p jaeger,b p jaeger,A5105650150,A5122782856,100
1400,r m jacobs,r m jacobs,A5107877272,A5107891024,100
1401,b p jaeger,b p jaeger,A5107920615,A5107921276,100
1402,b p jaeger,b p jaeger,A5107920615,A5105786253,100
1403,b p jaeger,b p jaeger,A5107920615,A5105705998,100
1404,b p jaeger,b p jaeger,A5107920615,A5107430844,100
1405,b p jaeger,b p jaeger,A5107920615,A5122782856,100
1406,b p jaeger,b p jaeger,A5107921276,A5105786253,100
1407,b p jaeger,b p jaeger,A5107921276,A5105705998,100
1408,b p jaeger,b p jaeger,A5107921276,A5107430844,100
1409,b p jaeger,b p jaeger,A5107921276,A5122782856,100
1410,misha jain,misha jain,A5023196234,A5108828590,100
1411,dal yong jin,dal yong jin,A5120042953,A5121532767,100
1412,shifan jia,shifan jia,A5125133638,A5115462057,100
1413,b p jaeger,b p jaeger,A5105786253,A5105705998,100
1414,b p jaeger,b p jaeger,A5105786253,A5107430844,100
1415,b p jaeger,b p jaeger,A5105786253,A5122782856,100
1416,am johal,am johal,A5093865058,A5093865061,100
1417,am johal,am johal,A5093865058,A5093865069,100
1418,am johal,am johal,A5093865061,A5093865069,100
1419,b p jaeger,b p jaeger,A5105705998,A5107430844,100
1420,b p jaeger,b p jaeger,A5105705998,A5122782856,100
1421,b p jaeger,b p jaeger,A5107430844,A5122782856,100
1422,thomas kerr,thomas kerr,A5073679067,A5101902690,100
1423,dong in kim,dong in kim,A5022649488,A5075988638,100
1424,j kirschner,j kirschner,A5020873980,A5047427332,100
1425,t kimura,t kimura,A5034046091,A5074360723,100
1426,jyothsna rani komaragiri,jyothsna rani komaragiri,A5120542957,A5107930434,100
1427,j kvita,j kvita,A5107858843,A5105782739,100
1428,j kvita,j kvita,A5107858843,A5107826614,100
1429,j kvita,j kvita,A5107858843,A5107824704,100
1430,j kvita,j kvita,A5107858843,A5107856214,100
1431,j kvita,j kvita,A5107858843,A5107890604,100
1432,j kvita,j kvita,A5107858843,A5107852647,100
1433,j kvita,j kvita,A5107858843,A5107850184,100
1434,j kvita,j kvita,A5107858843,A5107872982,100
1435,j kvita,j kvita,A5107858843,A5107924865,100
1436,j kvita,j kvita,A5105782739,A5107826614,100
1437,j kvita,j kvita,A5105782739,A5107824704,100
1438,j kvita,j kvita,A5105782739,A5107856214,100
1439,j kvita,j kvita,A5105782739,A5107890604,100
1440,j kvita,j kvita,A5105782739,A5107852647,100
1441,j kvita,j kvita,A5105782739,A5107850184,100
1442,j kvita,j kvita,A5105782739,A5107872982,100
1443,j kvita,j kvita,A5105782739,A5107924865,100
1444,j r komaragiri,j r komaragiri,A5107841155,A5102156873,100
1445,j r komaragiri,j r komaragiri,A5107841155,A5106430117,100
1446,j kvita,j kvita,A5107826614,A5107824704,100
1447,j kvita,j kvita,A5107826614,A5107856214,100
1448,j kvita,j kvita,A5107826614,A5107890604,100
1449,j kvita,j kvita,A5107826614,A5107852647,100
1450,j kvita,j kvita,A5107826614,A5107850184,100
1451,j kvita,j kvita,A5107826614,A5107872982,100
1452,j kvita,j kvita,A5107826614,A5107924865,100
1453,malcolm king,malcolm king,A5069682579,A5020559144,100
1454,ajit khosla,ajit khosla,A5083587796,A5108038375,100
1455,erik kjeang,erik kjeang,A5056229295,A5122025240,100
1456,erik kjeang,erik kjeang,A5056229295,A5126367787,100
1457,erik kjeang,erik kjeang,A5056229295,A5130666303,100
1458,erik kjeang,erik kjeang,A5056229295,A5132549987,100
1459,angela kaida,angela kaida,A5091089188,A5103418458,100
1460,angela kaida,angela kaida,A5091089188,A5128823959,100
1461,angela kaida,angela kaida,A5091089188,A5133225740,100
1462,minjung kim,minjung kim,A5100333889,A5100333878,100
1463,dongwoo kim,dongwoo kim,A5100357237,A5100357248,100
1464,dongwoo kim,dongwoo kim,A5100357237,A5100357241,100
1465,dongwoo kim,dongwoo kim,A5100357237,A5100357254,100
1466,george kirczenow,george kirczenow,A5005284722,A5131670327,100
1467,masayuki kobayashi,masayuki kobayashi,A5090812009,A5103278456,100
1468,tae‐ho kim,tae‐ho kim,A5100452164,A5100452178,100
1469,dongwoo kim,dongwoo kim,A5100357248,A5100357241,100
1470,dongwoo kim,dongwoo kim,A5100357248,A5100357254,100
1471,thomas kuehn,thomas kuehn,A5014440493,A5092234270,100
1472,elizabeth m king,elizabeth m king,A5015826134,A5022513797,100
1473,elizabeth m king,elizabeth m king,A5015826134,A5133208515,100
1474,j kvita,j kvita,A5107824704,A5107856214,100
1475,j kvita,j kvita,A5107824704,A5107890604,100
1476,j kvita,j kvita,A5107824704,A5107852647,100
1477,j kvita,j kvita,A5107824704,A5107850184,100
1478,j kvita,j kvita,A5107824704,A5107872982,100
1479,j kvita,j kvita,A5107824704,A5107924865,100
1480,peter kennedy,peter kennedy,A5111622942,A5102180363,100
1481,john knowles,john knowles,A5049064009,A5060335453,100
1482,wan-jong kim,wan-jong kim,A5090810953,A5042599624,100
1483,charles krieger,charles krieger,A5027114663,A5064602809,100
1484,akihiro kanamori,akihiro kanamori,A5112547333,A5050426319,100
1485,andrea krüsi,andrea krüsi,A5041145494,A5126374583,100
1486,andrea krüsi,andrea krüsi,A5041145494,A5092600189,100
1487,andrea krüsi,andrea krüsi,A5041145494,A5123904651,100
1488,valentine kabanets,valentine kabanets,A5066747130,A5029923333,100
1489,emanuel krebs,emanuel krebs,A5077949168,A5125690977,100
1490,emanuel krebs,emanuel krebs,A5077949168,A5129262070,100
1491,minju kim,minju kim,A5100462915,A5113155829,100
1492,dongwoo kim,dongwoo kim,A5100357241,A5100357254,100
1493,elizabeth m king,elizabeth m king,A5022513797,A5133208515,100
1494,paul kingsbury,paul kingsbury,A5086425999,A5081205357,100
1495,alexandra king,alexandra king,A5103005589,A5047600816,100
1496,suyoung kim,suyoung kim,A5101531875,A5081300303,100
1497,avinash kulkarni,avinash kulkarni,A5050750176,A5075948195,100
1498,j r komaragiri,j r komaragiri,A5102156873,A5106430117,100
1499,jeannie kerr,jeannie kerr,A5052014369,A5064879201,100
1500,jeannie kerr,jeannie kerr,A5052014369,A5119133403,100
1501,soyean kim,soyean kim,A5012716490,A5125442789,100
1502,j kvita,j kvita,A5107856214,A5107890604,100
1503,j kvita,j kvita,A5107856214,A5107852647,100
1504,j kvita,j kvita,A5107856214,A5107850184,100
1505,j kvita,j kvita,A5107856214,A5107872982,100
1506,j kvita,j kvita,A5107856214,A5107924865,100
1507,j kvita,j kvita,A5107890604,A5107852647,100
1508,j kvita,j kvita,A5107890604,A5107850184,100
1509,j kvita,j kvita,A5107890604,A5107872982,100
1510,j kvita,j kvita,A5107890604,A5107924865,100
1511,j kvita,j kvita,A5107852647,A5107850184,100
1512,j kvita,j kvita,A5107852647,A5107872982,100
1513,j kvita,j kvita,A5107852647,A5107924865,100
1514,nitish kumar,nitish kumar,A5039262439,A5130662900,100
1515,j kvita,j kvita,A5107850184,A5107872982,100
1516,j kvita,j kvita,A5107850184,A5107924865,100
1517,hitesh kumar,hitesh kumar,A5017584482,A5110959612,100
1518,hitesh kumar,hitesh kumar,A5017584482,A5120981531,100
1519,j kvita,j kvita,A5107872982,A5107924865,100
1520,hitesh kumar,hitesh kumar,A5110959612,A5120981531,100
1521,boah kim,boah kim,A5103237084,A5049995914,100
1522,boah kim,boah kim,A5103237084,A5121321088,100
1523,boah kim,boah kim,A5103237084,A5121866955,100
1524,anna kristen,anna kristen,A5026516177,A5092537600,100
1525,amirreza kazemi,amirreza kazemi,A5111096781,A5076298294,100
1526,amirreza kazemi,amirreza kazemi,A5111096781,A5102430852,100
1527,eric d kirby,eric d kirby,A5113155667,A5063380948,100
1528,lois klassen,lois klassen,A5054865230,A5041291080,100
1529,lois klassen,lois klassen,A5054865230,A5130611780,100
1530,boah kim,boah kim,A5049995914,A5121321088,100
1531,boah kim,boah kim,A5049995914,A5121866955,100
1532,jeannie kerr,jeannie kerr,A5064879201,A5119133403,100
1533,andrea krüsi,andrea krüsi,A5126374583,A5092600189,100
1534,andrea krüsi,andrea krüsi,A5126374583,A5123904651,100
1535,lois klassen,lois klassen,A5041291080,A5130611780,100
1536,amirreza kazemi,amirreza kazemi,A5076298294,A5102430852,100
1537,sadhbh kenny,sadhbh kenny,A5097633172,A5104579474,100
1538,angela kaida,angela kaida,A5103418458,A5128823959,100
1539,angela kaida,angela kaida,A5103418458,A5133225740,100
1540,yani kong,yani kong,A5052216983,A5076749232,100
1541,andrea krüsi,andrea krüsi,A5092600189,A5123904651,100
1542,angela kaidaon,angela kaidaon,A5095333481,A5095333491,100
1543,boah kim,boah kim,A5121321088,A5121866955,100
1544,erik kjeang,erik kjeang,A5122025240,A5126367787,100
1545,erik kjeang,erik kjeang,A5122025240,A5130666303,100
1546,erik kjeang,erik kjeang,A5122025240,A5132549987,100
1547,emanuel krebs,emanuel krebs,A5125690977,A5129262070,100
1548,erik kjeang,erik kjeang,A5126367787,A5130666303,100
1549,erik kjeang,erik kjeang,A5126367787,A5132549987,100
1550,angela kaida,angela kaida,A5128823959,A5133225740,100
1551,erik kjeang,erik kjeang,A5130666303,A5132549987,100
1552,l li,l li,A5052819678,A5113699038,100
1553,qing liu,qing liu,A5100345153,A5100345219,100
1554,qing liu,qing liu,A5100345153,A5087872098,100
1555,qing liu,qing liu,A5100345153,A5110372431,100
1556,qing liu,qing liu,A5100345153,A5025572394,100
1557,b liu,b liu,A5114378471,A5108053321,100
1558,b liu,b liu,A5114378471,A5107939617,100
1559,b liu,b liu,A5114378471,A5115597442,100
1560,b liu,b liu,A5114378471,A5107937433,100
1561,b liu,b liu,A5114378471,A5115590191,100
1562,b liu,b liu,A5114378471,A5107922117,100
1563,b liu,b liu,A5114378471,A5107939241,100
1564,b liu,b liu,A5114378471,A5107909883,100
1565,b liu,b liu,A5114378471,A5111033954,100
1566,b liu,b liu,A5114378471,A5026049700,100
1567,b liu,b liu,A5114378471,A5107931832,100
1568,b liu,b liu,A5114378471,A5115589431,100
1569,b liu,b liu,A5114378471,A5107881501,100
1570,b liu,b liu,A5114378471,A5107892535,100
1571,b liu,b liu,A5114378471,A5030786559,100
1572,b liu,b liu,A5114378471,A5042703603,100
1573,b liu,b liu,A5114378471,A5064931465,100
1574,b liu,b liu,A5114378471,A5108098421,100
1575,b liu,b liu,A5114378471,A5071222877,100
1576,b liu,b liu,A5114378471,A5105646657,100
1577,b liu,b liu,A5114378471,A5107878287,100
1578,b liu,b liu,A5114378471,A5024572929,100
1579,b liu,b liu,A5114378471,A5086217744,100
1580,b liu,b liu,A5114378471,A5107874880,100
1581,b liu,b liu,A5114378471,A5036090903,100
1582,b liu,b liu,A5114378471,A5107884233,100
1583,b liu,b liu,A5114378471,A5105572733,100
1584,b liu,b liu,A5114378471,A5120391139,100
1585,y liu,y liu,A5100376040,A5107889540,100
1586,y liu,y liu,A5100376040,A5120839655,100
1587,y liu,y liu,A5100376040,A5107848547,100
1588,wei liu,wei liu,A5100431792,A5100641142,100
1589,wei liu,wei liu,A5100431792,A5100431708,100
1590,wei liu,wei liu,A5100431792,A5102024686,100
1591,yang li,yang li,A5100421591,A5101397649,100
1592,yang li,yang li,A5100421591,A5100709800,100
1593,bin li,bin li,A5100365204,A5100365200,100
1594,bin li,bin li,A5100365204,A5100365238,100
1595,wei li,wei li,A5100317994,A5100318419,100
1596,wei li,wei li,A5100317994,A5101843238,100
1597,wei li,wei li,A5100317994,A5047526883,100
1598,wei li,wei li,A5100317994,A5100342619,100
1599,wei li,wei li,A5100317994,A5100317973,100
1600,xin li,xin li,A5100353780,A5100354062,100
1601,xin li,xin li,A5100353780,A5100353986,100
1602,cheng li,cheng li,A5100354297,A5128936988,100
1603,cheng li,cheng li,A5100354297,A5132553516,100
1604,cheng li,cheng li,A5100354297,A5132650999,100
1605,jiangchuan liu,jiangchuan liu,A5039311485,A5113173816,100
1606,jiangchuan liu,jiangchuan liu,A5039311485,A5122900147,100
1607,jiangchuan liu,jiangchuan liu,A5039311485,A5124043003,100
1608,jiangchuan liu,jiangchuan liu,A5039311485,A5126350068,100
1609,jiangchuan liu,jiangchuan liu,A5039311485,A5130275845,100
1610,yong liu,yong liu,A5115602420,A5109782717,100
1611,wenjie li,wenjie li,A5100408983,A5100408975,100
1612,wenjie li,wenjie li,A5100408983,A5100408977,100
1613,jian li,jian li,A5100402609,A5100402566,100
1614,jian li,jian li,A5100402609,A5100402571,100
1615,jian li,jian li,A5100402609,A5100402626,100
1616,ming li,ming li,A5100351409,A5100351507,100
1617,ming li,ming li,A5100351409,A5100351502,100
1618,ming li,ming li,A5100351409,A5100351426,100
1619,bruce p lanphear,bruce p lanphear,A5080164344,A5122874172,100
1620,bruce p lanphear,bruce p lanphear,A5080164344,A5124063975,100
1621,bruce p lanphear,bruce p lanphear,A5080164344,A5129651758,100
1622,bruce p lanphear,bruce p lanphear,A5080164344,A5129972779,100
1623,bruce p lanphear,bruce p lanphear,A5080164344,A5130771092,100
1624,bruce p lanphear,bruce p lanphear,A5080164344,A5130917088,100
1625,bruce p lanphear,bruce p lanphear,A5080164344,A5133514181,100
1626,jie liu,jie liu,A5100454108,A5100454167,100
1627,yi liu,yi liu,A5100330618,A5004990546,100
1628,yi liu,yi liu,A5100330618,A5058830515,100
1629,yi liu,yi liu,A5100330618,A5100330640,100
1630,wei liu,wei liu,A5100641142,A5100431708,100
1631,wei liu,wei liu,A5100641142,A5102024686,100
1632,c leggett,c leggett,A5054429603,A5107857424,100
1633,c leggett,c leggett,A5054429603,A5107870081,100
1634,c leggett,c leggett,A5054429603,A5107849352,100
1635,c leggett,c leggett,A5054429603,A5107938277,100
1636,c leggett,c leggett,A5054429603,A5107938492,100
1637,c leggett,c leggett,A5054429603,A5107939806,100
1638,c leggett,c leggett,A5054429603,A5107903120,100
1639,kun liu,kun liu,A5100398804,A5100398805,100
1640,kun liu,kun liu,A5100398804,A5100398753,100
1641,jiaxing li,jiaxing li,A5100636534,A5100636528,100
1642,jiaxing li,jiaxing li,A5100636534,A5100636526,100
1643,jiaxing li,jiaxing li,A5100636534,A5100636530,100
1644,jiaxing li,jiaxing li,A5100636534,A5064605550,100
1645,han liu,han liu,A5100349032,A5100349062,100
1646,han liu,han liu,A5100349032,A5100349058,100
1647,han liu,han liu,A5100349032,A5100632385,100
1648,han liu,han liu,A5100349032,A5100349024,100
1649,wenyuan li,wenyuan li,A5085165889,A5100360792,100
1650,wei lü,wei lü,A5005328001,A5005529387,100
1651,ke li,ke li,A5100343513,A5100343450,100
1652,ke li,ke li,A5100343513,A5100343528,100
1653,ke li,ke li,A5100343513,A5133717073,100
1654,jian li,jian li,A5100402566,A5100402571,100
1655,jian li,jian li,A5100402566,A5100402626,100
1656,ke li,ke li,A5100343450,A5100343528,100
1657,ke li,ke li,A5100343450,A5133717073,100
1658,bin li,bin li,A5100365200,A5100365238,100
1659,hongdong li,hongdong li,A5101819061,A5101819059,100
1660,jianfeng liu,jianfeng liu,A5100335772,A5100335778,100
1661,qingguo li,qingguo li,A5100611700,A5100611696,100
1662,wei li,wei li,A5100318419,A5101843238,100
1663,wei li,wei li,A5100318419,A5047526883,100
1664,wei li,wei li,A5100318419,A5100342619,100
1665,wei li,wei li,A5100318419,A5100317973,100
1666,haitao li,haitao li,A5100453276,A5100453295,100
1667,haitao li,haitao li,A5100453276,A5100453316,100
1668,kun liu,kun liu,A5100398805,A5100398753,100
1669,heng liu,heng liu,A5100392542,A5082690988,100
1670,c leggett,c leggett,A5107857424,A5107870081,100
1671,c leggett,c leggett,A5107857424,A5107849352,100
1672,c leggett,c leggett,A5107857424,A5107938277,100
1673,c leggett,c leggett,A5107857424,A5107938492,100
1674,c leggett,c leggett,A5107857424,A5107939806,100
1675,c leggett,c leggett,A5107857424,A5107903120,100
1676,yang li,yang li,A5101397649,A5100709800,100
1677,lei liu,lei liu,A5089831302,A5103811859,100
1678,cheng lu,cheng lu,A5024288211,A5112404880,100
1679,jing li,jing li,A5100336982,A5005528787,100
1680,jing li,jing li,A5100336982,A5100336830,100
1681,jing li,jing li,A5100336982,A5100775907,100
1682,jing li,jing li,A5100336982,A5101785015,100
1683,jing li,jing li,A5100336982,A5032719066,100
1684,jing li,jing li,A5100336982,A5056822650,100
1685,jing li,jing li,A5100336982,A5100336980,100
1686,jing li,jing li,A5100336982,A5101574293,100
1687,jing li,jing li,A5100336982,A5100775910,100
1688,jing li,jing li,A5100336982,A5101460677,100
1689,jing li,jing li,A5100336982,A5100775904,100
1690,jing li,jing li,A5100336982,A5101860317,100
1691,jing li,jing li,A5100336982,A5100337078,100
1692,jing li,jing li,A5100336982,A5100738417,100
1693,jing li,jing li,A5100336982,A5101860315,100
1694,jing li,jing li,A5100336982,A5100337096,100
1695,jing li,jing li,A5100336982,A5101486284,100
1696,jing li,jing li,A5100336982,A5100336769,100
1697,yi liu,yi liu,A5004990546,A5058830515,100
1698,yi liu,yi liu,A5004990546,A5100330640,100
1699,ming li,ming li,A5100351507,A5100351502,100
1700,ming li,ming li,A5100351507,A5100351426,100
1701,yi liu,yi liu,A5058830515,A5100330640,100
1702,jie liang,jie liang,A5108166775,A5101957696,100
1703,jie liang,jie liang,A5108166775,A5101490257,100
1704,jie liang,jie liang,A5108166775,A5101963312,100
1705,jie liang,jie liang,A5108166775,A5032270128,100
1706,jie liang,jie liang,A5108166775,A5081679807,100
1707,jie liang,jie liang,A5108166775,A5112007562,100
1708,kelley lee,kelley lee,A5019363540,A5069272539,100
1709,hui liu,hui liu,A5108048592,A5100387526,100
1710,hui liu,hui liu,A5108048592,A5100387533,100
1711,hui liu,hui liu,A5100387526,A5100387533,100
1712,jing li,jing li,A5005528787,A5100336830,100
1713,jing li,jing li,A5005528787,A5100775907,100
1714,jing li,jing li,A5005528787,A5101785015,100
1715,jing li,jing li,A5005528787,A5032719066,100
1716,jing li,jing li,A5005528787,A5056822650,100
1717,jing li,jing li,A5005528787,A5100336980,100
1718,jing li,jing li,A5005528787,A5101574293,100
1719,jing li,jing li,A5005528787,A5100775910,100
1720,jing li,jing li,A5005528787,A5101460677,100
1721,jing li,jing li,A5005528787,A5100775904,100
1722,jing li,jing li,A5005528787,A5101860317,100
1723,jing li,jing li,A5005528787,A5100337078,100
1724,jing li,jing li,A5005528787,A5100738417,100
1725,jing li,jing li,A5005528787,A5101860315,100
1726,jing li,jing li,A5005528787,A5100337096,100
1727,jing li,jing li,A5005528787,A5101486284,100
1728,jing li,jing li,A5005528787,A5100336769,100
1729,ming li,ming li,A5100351502,A5100351426,100
1730,jiping liu,jiping liu,A5109448683,A5110945090,100
1731,ki‐young lee,ki‐young lee,A5100752738,A5100719654,100
1732,ruixing liang,ruixing liang,A5089899809,A5110472479,100
1733,jing li,jing li,A5100336830,A5100775907,100
1734,jing li,jing li,A5100336830,A5101785015,100
1735,jing li,jing li,A5100336830,A5032719066,100
1736,jing li,jing li,A5100336830,A5056822650,100
1737,jing li,jing li,A5100336830,A5100336980,100
1738,jing li,jing li,A5100336830,A5101574293,100
1739,jing li,jing li,A5100336830,A5100775910,100
1740,jing li,jing li,A5100336830,A5101460677,100
1741,jing li,jing li,A5100336830,A5100775904,100
1742,jing li,jing li,A5100336830,A5101860317,100
1743,jing li,jing li,A5100336830,A5100337078,100
1744,jing li,jing li,A5100336830,A5100738417,100
1745,jing li,jing li,A5100336830,A5101860315,100
1746,jing li,jing li,A5100336830,A5100337096,100
1747,jing li,jing li,A5100336830,A5101486284,100
1748,jing li,jing li,A5100336830,A5100336769,100
1749,jie liang,jie liang,A5101957696,A5101490257,100
1750,jie liang,jie liang,A5101957696,A5101963312,100
1751,jie liang,jie liang,A5101957696,A5032270128,100
1752,jie liang,jie liang,A5101957696,A5081679807,100
1753,jie liang,jie liang,A5101957696,A5112007562,100
1754,jing li,jing li,A5100775907,A5101785015,100
1755,jing li,jing li,A5100775907,A5032719066,100
1756,jing li,jing li,A5100775907,A5056822650,100
1757,jing li,jing li,A5100775907,A5100336980,100
1758,jing li,jing li,A5100775907,A5101574293,100
1759,jing li,jing li,A5100775907,A5100775910,100
1760,jing li,jing li,A5100775907,A5101460677,100
1761,jing li,jing li,A5100775907,A5100775904,100
1762,jing li,jing li,A5100775907,A5101860317,100
1763,jing li,jing li,A5100775907,A5100337078,100
1764,jing li,jing li,A5100775907,A5100738417,100
1765,jing li,jing li,A5100775907,A5101860315,100
1766,jing li,jing li,A5100775907,A5100337096,100
1767,jing li,jing li,A5100775907,A5101486284,100
1768,jing li,jing li,A5100775907,A5100336769,100
1769,angel m y lin,angel m y lin,A5110895011,A5130653506,100
1770,wenjie li,wenjie li,A5100408975,A5100408977,100
1771,jiarui li,jiarui li,A5100414543,A5100414545,100
1772,jiarui li,jiarui li,A5100414543,A5031168962,100
1773,jiarui li,jiarui li,A5100414543,A5100414536,100
1774,su-jin lee,su-jin lee,A5100383379,A5100383382,100
1775,chao li,chao li,A5100323131,A5100323177,100
1776,chao li,chao li,A5100323131,A5100323170,100
1777,chao li,chao li,A5100323131,A5100323109,100
1778,chao li,chao li,A5100323131,A5100323214,100
1779,chao li,chao li,A5100323131,A5100323260,100
1780,chao li,chao li,A5100323131,A5101496263,100
1781,qing liu,qing liu,A5100345219,A5087872098,100
1782,qing liu,qing liu,A5100345219,A5110372431,100
1783,qing liu,qing liu,A5100345219,A5025572394,100
1784,chunmei li,chunmei li,A5100427232,A5100427221,100
1785,chunmei li,chunmei li,A5100427232,A5030374908,100
1786,chunmei li,chunmei li,A5100427232,A5100427248,100
1787,chunmei li,chunmei li,A5100427232,A5100427227,100
1788,nhu d le,nhu d le,A5108109013,A5101488211,100
1789,xifa long,xifa long,A5083854211,A5111494754,100
1790,jiangnan li,jiangnan li,A5101687908,A5059520007,100
1791,jianxiong li,jianxiong li,A5100759593,A5100759591,100
1792,jianxiong li,jianxiong li,A5100759593,A5041726199,100
1793,yan lu,yan lu,A5100756584,A5100641095,100
1794,yan lu,yan lu,A5100756584,A5100641099,100
1795,chunmei li,chunmei li,A5100427221,A5030374908,100
1796,chunmei li,chunmei li,A5100427221,A5100427248,100
1797,chunmei li,chunmei li,A5100427221,A5100427227,100
1798,steven lewis,steven lewis,A5104243031,A5044719058,100
1799,han liu,han liu,A5100349062,A5100349058,100
1800,han liu,han liu,A5100349062,A5100632385,100
1801,han liu,han liu,A5100349062,A5100349024,100
1802,jing li,jing li,A5101785015,A5032719066,100
1803,jing li,jing li,A5101785015,A5056822650,100
1804,jing li,jing li,A5101785015,A5100336980,100
1805,jing li,jing li,A5101785015,A5101574293,100
1806,jing li,jing li,A5101785015,A5100775910,100
1807,jing li,jing li,A5101785015,A5101460677,100
1808,jing li,jing li,A5101785015,A5100775904,100
1809,jing li,jing li,A5101785015,A5101860317,100
1810,jing li,jing li,A5101785015,A5100337078,100
1811,jing li,jing li,A5101785015,A5100738417,100
1812,jing li,jing li,A5101785015,A5101860315,100
1813,jing li,jing li,A5101785015,A5100337096,100
1814,jing li,jing li,A5101785015,A5101486284,100
1815,jing li,jing li,A5101785015,A5100336769,100
1816,zhen li,zhen li,A5062396931,A5107914677,100
1817,jonathan lee,jonathan lee,A5100348024,A5100348029,100
1818,jonathan lee,jonathan lee,A5100348024,A5047048285,100
1819,qing liu,qing liu,A5087872098,A5110372431,100
1820,qing liu,qing liu,A5087872098,A5025572394,100
1821,rong liu,rong liu,A5076740610,A5100346481,100
1822,rong liu,rong liu,A5076740610,A5100346469,100
1823,rong liu,rong liu,A5076740610,A5101892995,100
1824,mingxin li,mingxin li,A5100674540,A5100674539,100
1825,mingxin li,mingxin li,A5100674540,A5100674546,100
1826,mingxin li,mingxin li,A5100674540,A5063649832,100
1827,n lehmann,n lehmann,A5031981808,A5107889357,100
1828,jianxiong li,jianxiong li,A5100759591,A5041726199,100
1829,jonathan lee,jonathan lee,A5100348029,A5047048285,100
1830,han liu,han liu,A5100349058,A5100632385,100
1831,han liu,han liu,A5100349058,A5100349024,100
1832,wei li,wei li,A5101843238,A5047526883,100
1833,wei li,wei li,A5101843238,A5100342619,100
1834,wei li,wei li,A5101843238,A5100317973,100
1835,b liu,b liu,A5108053321,A5107939617,100
1836,b liu,b liu,A5108053321,A5115597442,100
1837,b liu,b liu,A5108053321,A5107937433,100
1838,b liu,b liu,A5108053321,A5115590191,100
1839,b liu,b liu,A5108053321,A5107922117,100
1840,b liu,b liu,A5108053321,A5107939241,100
1841,b liu,b liu,A5108053321,A5107909883,100
1842,b liu,b liu,A5108053321,A5111033954,100
1843,b liu,b liu,A5108053321,A5026049700,100
1844,b liu,b liu,A5108053321,A5107931832,100
1845,b liu,b liu,A5108053321,A5115589431,100
1846,b liu,b liu,A5108053321,A5107881501,100
1847,b liu,b liu,A5108053321,A5107892535,100
1848,b liu,b liu,A5108053321,A5030786559,100
1849,b liu,b liu,A5108053321,A5042703603,100
1850,b liu,b liu,A5108053321,A5064931465,100
1851,b liu,b liu,A5108053321,A5108098421,100
1852,b liu,b liu,A5108053321,A5071222877,100
1853,b liu,b liu,A5108053321,A5105646657,100
1854,b liu,b liu,A5108053321,A5107878287,100
1855,b liu,b liu,A5108053321,A5024572929,100
1856,b liu,b liu,A5108053321,A5086217744,100
1857,b liu,b liu,A5108053321,A5107874880,100
1858,b liu,b liu,A5108053321,A5036090903,100
1859,b liu,b liu,A5108053321,A5107884233,100
1860,b liu,b liu,A5108053321,A5105572733,100
1861,b liu,b liu,A5108053321,A5120391139,100
1862,tian li,tian li,A5100345568,A5100345588,100
1863,chunmei li,chunmei li,A5030374908,A5100427248,100
1864,chunmei li,chunmei li,A5030374908,A5100427227,100
1865,qi lin,qi lin,A5101438335,A5102608112,100
1866,qi lin,qi lin,A5101438335,A5006080491,100
1867,linyi li,linyi li,A5075538321,A5101915882,100
1868,k lehmann,k lehmann,A5105764596,A5107888241,100
1869,k lehmann,k lehmann,A5105764596,A5107941542,100
1870,k lehmann,k lehmann,A5105764596,A5107883495,100
1871,k lehmann,k lehmann,A5105764596,A5107890521,100
1872,k lehmann,k lehmann,A5105764596,A5107896492,100
1873,k lehmann,k lehmann,A5105764596,A5107904143,100
1874,k lehmann,k lehmann,A5105764596,A5107897377,100
1875,k lehmann,k lehmann,A5105764596,A5107913487,100
1876,k lehmann,k lehmann,A5105764596,A5107887830,100
1877,k lehmann,k lehmann,A5105764596,A5107889314,100
1878,k lehmann,k lehmann,A5105764596,A5107909880,100
1879,k lehmann,k lehmann,A5105764596,A5107910450,100
1880,k lehmann,k lehmann,A5105764596,A5107924395,100
1881,k lehmann,k lehmann,A5105764596,A5107886887,100
1882,k lehmann,k lehmann,A5105764596,A5107894986,100
1883,k lehmann,k lehmann,A5105764596,A5107916480,100
1884,k lehmann,k lehmann,A5105764596,A5105565215,100
1885,k lehmann,k lehmann,A5105764596,A5107931824,100
1886,k lehmann,k lehmann,A5105764596,A5107919641,100
1887,k lehmann,k lehmann,A5105764596,A5122822365,100
1888,jae-young lee,jae-young lee,A5100334527,A5100334525,100
1889,lixin liu,lixin liu,A5100399703,A5100399701,100
1890,jiarui li,jiarui li,A5100414545,A5031168962,100
1891,jiarui li,jiarui li,A5100414545,A5100414536,100
1892,c leggett,c leggett,A5107870081,A5107849352,100
1893,c leggett,c leggett,A5107870081,A5107938277,100
1894,c leggett,c leggett,A5107870081,A5107938492,100
1895,c leggett,c leggett,A5107870081,A5107939806,100
1896,c leggett,c leggett,A5107870081,A5107903120,100
1897,brian lewis,brian lewis,A5089983989,A5113537737,100
1898,bing lu,bing lu,A5055319860,A5100339966,100
1899,bing lu,bing lu,A5055319860,A5121461054,100
1900,chao li,chao li,A5100323177,A5100323170,100
1901,chao li,chao li,A5100323177,A5100323109,100
1902,chao li,chao li,A5100323177,A5100323214,100
1903,chao li,chao li,A5100323177,A5100323260,100
1904,chao li,chao li,A5100323177,A5101496263,100
1905,david lee,david lee,A5104040205,A5100423791,100
1906,david lee,david lee,A5104040205,A5100423792,100
1907,david lee,david lee,A5104040205,A5107637213,100
1908,david lee,david lee,A5100423791,A5100423792,100
1909,david lee,david lee,A5100423791,A5107637213,100
1910,yi lu,yi lu,A5080429583,A5071128348,100
1911,paul c h li,paul c h li,A5088254081,A5120994680,100
1912,wu li,wu li,A5100326384,A5105471076,100
1913,xin li,xin li,A5100354062,A5100353986,100
1914,b liu,b liu,A5107939617,A5115597442,100
1915,b liu,b liu,A5107939617,A5107937433,100
1916,b liu,b liu,A5107939617,A5115590191,100
1917,b liu,b liu,A5107939617,A5107922117,100
1918,b liu,b liu,A5107939617,A5107939241,100
1919,b liu,b liu,A5107939617,A5107909883,100
1920,b liu,b liu,A5107939617,A5111033954,100
1921,b liu,b liu,A5107939617,A5026049700,100
1922,b liu,b liu,A5107939617,A5107931832,100
1923,b liu,b liu,A5107939617,A5115589431,100
1924,b liu,b liu,A5107939617,A5107881501,100
1925,b liu,b liu,A5107939617,A5107892535,100
1926,b liu,b liu,A5107939617,A5030786559,100
1927,b liu,b liu,A5107939617,A5042703603,100
1928,b liu,b liu,A5107939617,A5064931465,100
1929,b liu,b liu,A5107939617,A5108098421,100
1930,b liu,b liu,A5107939617,A5071222877,100
1931,b liu,b liu,A5107939617,A5105646657,100
1932,b liu,b liu,A5107939617,A5107878287,100
1933,b liu,b liu,A5107939617,A5024572929,100
1934,b liu,b liu,A5107939617,A5086217744,100
1935,b liu,b liu,A5107939617,A5107874880,100
1936,b liu,b liu,A5107939617,A5036090903,100
1937,b liu,b liu,A5107939617,A5107884233,100
1938,b liu,b liu,A5107939617,A5105572733,100
1939,b liu,b liu,A5107939617,A5120391139,100
1940,chao li,chao li,A5100323170,A5100323109,100
1941,chao li,chao li,A5100323170,A5100323214,100
1942,chao li,chao li,A5100323170,A5100323260,100
1943,chao li,chao li,A5100323170,A5101496263,100
1944,hyunwoo lee,hyunwoo lee,A5100334308,A5100334320,100
1945,david lee,david lee,A5100423792,A5107637213,100
1946,chao li,chao li,A5100323109,A5100323214,100
1947,chao li,chao li,A5100323109,A5100323260,100
1948,chao li,chao li,A5100323109,A5101496263,100
1949,jian li,jian li,A5100402571,A5100402626,100
1950,yan lu,yan lu,A5100641095,A5100641099,100
1951,mingxin li,mingxin li,A5100674539,A5100674546,100
1952,mingxin li,mingxin li,A5100674539,A5063649832,100
1953,jing li,jing li,A5032719066,A5056822650,100
1954,jing li,jing li,A5032719066,A5100336980,100
1955,jing li,jing li,A5032719066,A5101574293,100
1956,jing li,jing li,A5032719066,A5100775910,100
1957,jing li,jing li,A5032719066,A5101460677,100
1958,jing li,jing li,A5032719066,A5100775904,100
1959,jing li,jing li,A5032719066,A5101860317,100
1960,jing li,jing li,A5032719066,A5100337078,100
1961,jing li,jing li,A5032719066,A5100738417,100
1962,jing li,jing li,A5032719066,A5101860315,100
1963,jing li,jing li,A5032719066,A5100337096,100
1964,jing li,jing li,A5032719066,A5101486284,100
1965,jing li,jing li,A5032719066,A5100336769,100
1966,wei liu,wei liu,A5100431708,A5102024686,100
1967,chunmei li,chunmei li,A5100427248,A5100427227,100
1968,z liu,z liu,A5107888999,A5025357057,100
1969,z liu,z liu,A5107888999,A5073598381,100
1970,chelsea j little,chelsea j little,A5063198063,A5125911757,100
1971,jing li,jing li,A5056822650,A5100336980,100
1972,jing li,jing li,A5056822650,A5101574293,100
1973,jing li,jing li,A5056822650,A5100775910,100
1974,jing li,jing li,A5056822650,A5101460677,100
1975,jing li,jing li,A5056822650,A5100775904,100
1976,jing li,jing li,A5056822650,A5101860317,100
1977,jing li,jing li,A5056822650,A5100337078,100
1978,jing li,jing li,A5056822650,A5100738417,100
1979,jing li,jing li,A5056822650,A5101860315,100
1980,jing li,jing li,A5056822650,A5100337096,100
1981,jing li,jing li,A5056822650,A5101486284,100
1982,jing li,jing li,A5056822650,A5100336769,100
1983,angelica lim,angelica lim,A5054803584,A5110644248,100
1984,jing li,jing li,A5100336980,A5101574293,100
1985,jing li,jing li,A5100336980,A5100775910,100
1986,jing li,jing li,A5100336980,A5101460677,100
1987,jing li,jing li,A5100336980,A5100775904,100
1988,jing li,jing li,A5100336980,A5101860317,100
1989,jing li,jing li,A5100336980,A5100337078,100
1990,jing li,jing li,A5100336980,A5100738417,100
1991,jing li,jing li,A5100336980,A5101860315,100
1992,jing li,jing li,A5100336980,A5100337096,100
1993,jing li,jing li,A5100336980,A5101486284,100
1994,jing li,jing li,A5100336980,A5100336769,100
1995,ang li,ang li,A5100413608,A5100413647,100
1996,b liu,b liu,A5115597442,A5107937433,100
1997,b liu,b liu,A5115597442,A5115590191,100
1998,b liu,b liu,A5115597442,A5107922117,100
1999,b liu,b liu,A5115597442,A5107939241,100
2000,b liu,b liu,A5115597442,A5107909883,100
2001,b liu,b liu,A5115597442,A5111033954,100
2002,b liu,b liu,A5115597442,A5026049700,100
2003,b liu,b liu,A5115597442,A5107931832,100
2004,b liu,b liu,A5115597442,A5115589431,100
2005,b liu,b liu,A5115597442,A5107881501,100
2006,b liu,b liu,A5115597442,A5107892535,100
2007,b liu,b liu,A5115597442,A5030786559,100
2008,b liu,b liu,A5115597442,A5042703603,100
2009,b liu,b liu,A5115597442,A5064931465,100
2010,b liu,b liu,A5115597442,A5108098421,100
2011,b liu,b liu,A5115597442,A5071222877,100
2012,b liu,b liu,A5115597442,A5105646657,100
2013,b liu,b liu,A5115597442,A5107878287,100
2014,b liu,b liu,A5115597442,A5024572929,100
2015,b liu,b liu,A5115597442,A5086217744,100
2016,b liu,b liu,A5115597442,A5107874880,100
2017,b liu,b liu,A5115597442,A5036090903,100
2018,b liu,b liu,A5115597442,A5107884233,100
2019,b liu,b liu,A5115597442,A5105572733,100
2020,b liu,b liu,A5115597442,A5120391139,100
2021,jing li,jing li,A5101574293,A5100775910,100
2022,jing li,jing li,A5101574293,A5101460677,100
2023,jing li,jing li,A5101574293,A5100775904,100
2024,jing li,jing li,A5101574293,A5101860317,100
2025,jing li,jing li,A5101574293,A5100337078,100
2026,jing li,jing li,A5101574293,A5100738417,100
2027,jing li,jing li,A5101574293,A5101860315,100
2028,jing li,jing li,A5101574293,A5100337096,100
2029,jing li,jing li,A5101574293,A5101486284,100
2030,jing li,jing li,A5101574293,A5100336769,100
2031,han liu,han liu,A5100632385,A5100349024,100
2032,qi lin,qi lin,A5102608112,A5006080491,100
2033,jessica li,jessica li,A5100625282,A5100625283,100
2034,jing li,jing li,A5100775910,A5101460677,100
2035,jing li,jing li,A5100775910,A5100775904,100
2036,jing li,jing li,A5100775910,A5101860317,100
2037,jing li,jing li,A5100775910,A5100337078,100
2038,jing li,jing li,A5100775910,A5100738417,100
2039,jing li,jing li,A5100775910,A5101860315,100
2040,jing li,jing li,A5100775910,A5100337096,100
2041,jing li,jing li,A5100775910,A5101486284,100
2042,jing li,jing li,A5100775910,A5100336769,100
2043,chao li,chao li,A5100323214,A5100323260,100
2044,chao li,chao li,A5100323214,A5101496263,100
2045,wei li,wei li,A5047526883,A5100342619,100
2046,wei li,wei li,A5047526883,A5100317973,100
2047,wei li,wei li,A5100342619,A5100317973,100
2048,jie liang,jie liang,A5101490257,A5101963312,100
2049,jie liang,jie liang,A5101490257,A5032270128,100
2050,jie liang,jie liang,A5101490257,A5081679807,100
2051,jie liang,jie liang,A5101490257,A5112007562,100
2052,genevieve lebaron,genevieve lebaron,A5074913066,A5109036208,100
2053,b liu,b liu,A5107937433,A5115590191,100
2054,b liu,b liu,A5107937433,A5107922117,100
2055,b liu,b liu,A5107937433,A5107939241,100
2056,b liu,b liu,A5107937433,A5107909883,100
2057,b liu,b liu,A5107937433,A5111033954,100
2058,b liu,b liu,A5107937433,A5026049700,100
2059,b liu,b liu,A5107937433,A5107931832,100
2060,b liu,b liu,A5107937433,A5115589431,100
2061,b liu,b liu,A5107937433,A5107881501,100
2062,b liu,b liu,A5107937433,A5107892535,100
2063,b liu,b liu,A5107937433,A5030786559,100
2064,b liu,b liu,A5107937433,A5042703603,100
2065,b liu,b liu,A5107937433,A5064931465,100
2066,b liu,b liu,A5107937433,A5108098421,100
2067,b liu,b liu,A5107937433,A5071222877,100
2068,b liu,b liu,A5107937433,A5105646657,100
2069,b liu,b liu,A5107937433,A5107878287,100
2070,b liu,b liu,A5107937433,A5024572929,100
2071,b liu,b liu,A5107937433,A5086217744,100
2072,b liu,b liu,A5107937433,A5107874880,100
2073,b liu,b liu,A5107937433,A5036090903,100
2074,b liu,b liu,A5107937433,A5107884233,100
2075,b liu,b liu,A5107937433,A5105572733,100
2076,b liu,b liu,A5107937433,A5120391139,100
2077,jiaxing li,jiaxing li,A5100636528,A5100636526,100
2078,jiaxing li,jiaxing li,A5100636528,A5100636530,100
2079,jiaxing li,jiaxing li,A5100636528,A5064605550,100
2080,y w liu,y w liu,A5115597550,A5118941218,100
2081,y w liu,y w liu,A5115597550,A5115591731,100
2082,y w liu,y w liu,A5115597550,A5107931835,100
2083,y w liu,y w liu,A5115597550,A5107947296,100
2084,y w liu,y w liu,A5115597550,A5105727788,100
2085,jing li,jing li,A5101460677,A5100775904,100
2086,jing li,jing li,A5101460677,A5101860317,100
2087,jing li,jing li,A5101460677,A5100337078,100
2088,jing li,jing li,A5101460677,A5100738417,100
2089,jing li,jing li,A5101460677,A5101860315,100
2090,jing li,jing li,A5101460677,A5100337096,100
2091,jing li,jing li,A5101460677,A5101486284,100
2092,jing li,jing li,A5101460677,A5100336769,100
2093,c leggett,c leggett,A5107849352,A5107938277,100
2094,c leggett,c leggett,A5107849352,A5107938492,100
2095,c leggett,c leggett,A5107849352,A5107939806,100
2096,c leggett,c leggett,A5107849352,A5107903120,100
2097,jing li,jing li,A5100775904,A5101860317,100
2098,jing li,jing li,A5100775904,A5100337078,100
2099,jing li,jing li,A5100775904,A5100738417,100
2100,jing li,jing li,A5100775904,A5101860315,100
2101,jing li,jing li,A5100775904,A5100337096,100
2102,jing li,jing li,A5100775904,A5101486284,100
2103,jing li,jing li,A5100775904,A5100336769,100
2104,jing li,jing li,A5101860317,A5100337078,100
2105,jing li,jing li,A5101860317,A5100738417,100
2106,jing li,jing li,A5101860317,A5101860315,100
2107,jing li,jing li,A5101860317,A5100337096,100
2108,jing li,jing li,A5101860317,A5101486284,100
2109,jing li,jing li,A5101860317,A5100336769,100
2110,john lyon,john lyon,A5110856761,A5036577006,100
2111,jiaxing li,jiaxing li,A5100636526,A5100636530,100
2112,jiaxing li,jiaxing li,A5100636526,A5064605550,100
2113,mingxin li,mingxin li,A5100674546,A5063649832,100
2114,rong liu,rong liu,A5100346481,A5100346469,100
2115,rong liu,rong liu,A5100346481,A5101892995,100
2116,qiushi lin,qiushi lin,A5101174812,A5101410782,100
2117,gaoyang liu,gaoyang liu,A5104666790,A5104217400,100
2118,alexandra lysova,alexandra lysova,A5088763872,A5133690004,100
2119,lisa lin,lisa lin,A5109597087,A5107403232,100
2120,yun li,yun li,A5058882471,A5100369218,100
2121,henry lin,henry lin,A5102791630,A5059500986,100
2122,chunhong liu,chunhong liu,A5100654046,A5124015181,100
2123,b liu,b liu,A5115590191,A5107922117,100
2124,b liu,b liu,A5115590191,A5107939241,100
2125,b liu,b liu,A5115590191,A5107909883,100
2126,b liu,b liu,A5115590191,A5111033954,100
2127,b liu,b liu,A5115590191,A5026049700,100
2128,b liu,b liu,A5115590191,A5107931832,100
2129,b liu,b liu,A5115590191,A5115589431,100
2130,b liu,b liu,A5115590191,A5107881501,100
2131,b liu,b liu,A5115590191,A5107892535,100
2132,b liu,b liu,A5115590191,A5030786559,100
2133,b liu,b liu,A5115590191,A5042703603,100
2134,b liu,b liu,A5115590191,A5064931465,100
2135,b liu,b liu,A5115590191,A5108098421,100
2136,b liu,b liu,A5115590191,A5071222877,100
2137,b liu,b liu,A5115590191,A5105646657,100
2138,b liu,b liu,A5115590191,A5107878287,100
2139,b liu,b liu,A5115590191,A5024572929,100
2140,b liu,b liu,A5115590191,A5086217744,100
2141,b liu,b liu,A5115590191,A5107874880,100
2142,b liu,b liu,A5115590191,A5036090903,100
2143,b liu,b liu,A5115590191,A5107884233,100
2144,b liu,b liu,A5115590191,A5105572733,100
2145,b liu,b liu,A5115590191,A5120391139,100
2146,lun li,lun li,A5100371849,A5108048083,100
2147,lun li,lun li,A5100371849,A5102211647,100
2148,jeonghun lee,jeonghun lee,A5100637496,A5002361694,100
2149,y w liu,y w liu,A5118941218,A5115591731,100
2150,y w liu,y w liu,A5118941218,A5107931835,100
2151,y w liu,y w liu,A5118941218,A5107947296,100
2152,y w liu,y w liu,A5118941218,A5105727788,100
2153,chao li,chao li,A5100323260,A5101496263,100
2154,bing lu,bing lu,A5100339966,A5121461054,100
2155,jing li,jing li,A5100337078,A5100738417,100
2156,jing li,jing li,A5100337078,A5101860315,100
2157,jing li,jing li,A5100337078,A5100337096,100
2158,jing li,jing li,A5100337078,A5101486284,100
2159,jing li,jing li,A5100337078,A5100336769,100
2160,jing li,jing li,A5100738417,A5101860315,100
2161,jing li,jing li,A5100738417,A5100337096,100
2162,jing li,jing li,A5100738417,A5101486284,100
2163,jing li,jing li,A5100738417,A5100336769,100
2164,carolyn lesjak,carolyn lesjak,A5085589946,A5118607246,100
2165,jie liang,jie liang,A5101963312,A5032270128,100
2166,jie liang,jie liang,A5101963312,A5081679807,100
2167,jie liang,jie liang,A5101963312,A5112007562,100
2168,bo liu,bo liu,A5114831643,A5107364478,100
2169,jie liang,jie liang,A5032270128,A5081679807,100
2170,jie liang,jie liang,A5032270128,A5112007562,100
2171,frédérik lesage,frédérik lesage,A5025864533,A5120862658,100
2172,q liu,q liu,A5107942726,A5108836501,100
2173,n r lee-hone,n r lee-hone,A5057727596,A5080855587,100
2174,y w liu,y w liu,A5115591731,A5107931835,100
2175,y w liu,y w liu,A5115591731,A5107947296,100
2176,y w liu,y w liu,A5115591731,A5105727788,100
2177,rong liu,rong liu,A5100346469,A5101892995,100
2178,dennis y liu,dennis y liu,A5030050971,A5127993423,100
2179,k lehmann,k lehmann,A5107888241,A5107941542,100
2180,k lehmann,k lehmann,A5107888241,A5107883495,100
2181,k lehmann,k lehmann,A5107888241,A5107890521,100
2182,k lehmann,k lehmann,A5107888241,A5107896492,100
2183,k lehmann,k lehmann,A5107888241,A5107904143,100
2184,k lehmann,k lehmann,A5107888241,A5107897377,100
2185,k lehmann,k lehmann,A5107888241,A5107913487,100
2186,k lehmann,k lehmann,A5107888241,A5107887830,100
2187,k lehmann,k lehmann,A5107888241,A5107889314,100
2188,k lehmann,k lehmann,A5107888241,A5107909880,100
2189,k lehmann,k lehmann,A5107888241,A5107910450,100
2190,k lehmann,k lehmann,A5107888241,A5107924395,100
2191,k lehmann,k lehmann,A5107888241,A5107886887,100
2192,k lehmann,k lehmann,A5107888241,A5107894986,100
2193,k lehmann,k lehmann,A5107888241,A5107916480,100
2194,k lehmann,k lehmann,A5107888241,A5105565215,100
2195,k lehmann,k lehmann,A5107888241,A5107931824,100
2196,k lehmann,k lehmann,A5107888241,A5107919641,100
2197,k lehmann,k lehmann,A5107888241,A5122822365,100
2198,jing li,jing li,A5101860315,A5100337096,100
2199,jing li,jing li,A5101860315,A5101486284,100
2200,jing li,jing li,A5101860315,A5100336769,100
2201,ching-chiu lin,ching-chiu lin,A5043098402,A5106985896,100
2202,amna liaqat,amna liaqat,A5054294078,A5103047848,100
2203,jing li,jing li,A5100337096,A5101486284,100
2204,jing li,jing li,A5100337096,A5100336769,100
2205,ke li,ke li,A5100343528,A5133717073,100
2206,haitao li,haitao li,A5100453295,A5100453316,100
2207,yasong li,yasong li,A5101533578,A5101533579,100
2208,y liu,y liu,A5107889540,A5120839655,100
2209,y liu,y liu,A5107889540,A5107848547,100
2210,k lehmann,k lehmann,A5107941542,A5107883495,100
2211,k lehmann,k lehmann,A5107941542,A5107890521,100
2212,k lehmann,k lehmann,A5107941542,A5107896492,100
2213,k lehmann,k lehmann,A5107941542,A5107904143,100
2214,k lehmann,k lehmann,A5107941542,A5107897377,100
2215,k lehmann,k lehmann,A5107941542,A5107913487,100
2216,k lehmann,k lehmann,A5107941542,A5107887830,100
2217,k lehmann,k lehmann,A5107941542,A5107889314,100
2218,k lehmann,k lehmann,A5107941542,A5107909880,100
2219,k lehmann,k lehmann,A5107941542,A5107910450,100
2220,k lehmann,k lehmann,A5107941542,A5107924395,100
2221,k lehmann,k lehmann,A5107941542,A5107886887,100
2222,k lehmann,k lehmann,A5107941542,A5107894986,100
2223,k lehmann,k lehmann,A5107941542,A5107916480,100
2224,k lehmann,k lehmann,A5107941542,A5105565215,100
2225,k lehmann,k lehmann,A5107941542,A5107931824,100
2226,k lehmann,k lehmann,A5107941542,A5107919641,100
2227,k lehmann,k lehmann,A5107941542,A5122822365,100
2228,jiarui li,jiarui li,A5031168962,A5100414536,100
2229,b liu,b liu,A5107922117,A5107939241,100
2230,b liu,b liu,A5107922117,A5107909883,100
2231,b liu,b liu,A5107922117,A5111033954,100
2232,b liu,b liu,A5107922117,A5026049700,100
2233,b liu,b liu,A5107922117,A5107931832,100
2234,b liu,b liu,A5107922117,A5115589431,100
2235,b liu,b liu,A5107922117,A5107881501,100
2236,b liu,b liu,A5107922117,A5107892535,100
2237,b liu,b liu,A5107922117,A5030786559,100
2238,b liu,b liu,A5107922117,A5042703603,100
2239,b liu,b liu,A5107922117,A5064931465,100
2240,b liu,b liu,A5107922117,A5108098421,100
2241,b liu,b liu,A5107922117,A5071222877,100
2242,b liu,b liu,A5107922117,A5105646657,100
2243,b liu,b liu,A5107922117,A5107878287,100
2244,b liu,b liu,A5107922117,A5024572929,100
2245,b liu,b liu,A5107922117,A5086217744,100
2246,b liu,b liu,A5107922117,A5107874880,100
2247,b liu,b liu,A5107922117,A5036090903,100
2248,b liu,b liu,A5107922117,A5107884233,100
2249,b liu,b liu,A5107922117,A5105572733,100
2250,b liu,b liu,A5107922117,A5120391139,100
2251,jie liang,jie liang,A5081679807,A5112007562,100
2252,jiaxing li,jiaxing li,A5100636530,A5064605550,100
2253,k lehmann,k lehmann,A5107883495,A5107890521,100
2254,k lehmann,k lehmann,A5107883495,A5107896492,100
2255,k lehmann,k lehmann,A5107883495,A5107904143,100
2256,k lehmann,k lehmann,A5107883495,A5107897377,100
2257,k lehmann,k lehmann,A5107883495,A5107913487,100
2258,k lehmann,k lehmann,A5107883495,A5107887830,100
2259,k lehmann,k lehmann,A5107883495,A5107889314,100
2260,k lehmann,k lehmann,A5107883495,A5107909880,100
2261,k lehmann,k lehmann,A5107883495,A5107910450,100
2262,k lehmann,k lehmann,A5107883495,A5107924395,100
2263,k lehmann,k lehmann,A5107883495,A5107886887,100
2264,k lehmann,k lehmann,A5107883495,A5107894986,100
2265,k lehmann,k lehmann,A5107883495,A5107916480,100
2266,k lehmann,k lehmann,A5107883495,A5105565215,100
2267,k lehmann,k lehmann,A5107883495,A5107931824,100
2268,k lehmann,k lehmann,A5107883495,A5107919641,100
2269,k lehmann,k lehmann,A5107883495,A5122822365,100
2270,k lehmann,k lehmann,A5107890521,A5107896492,100
2271,k lehmann,k lehmann,A5107890521,A5107904143,100
2272,k lehmann,k lehmann,A5107890521,A5107897377,100
2273,k lehmann,k lehmann,A5107890521,A5107913487,100
2274,k lehmann,k lehmann,A5107890521,A5107887830,100
2275,k lehmann,k lehmann,A5107890521,A5107889314,100
2276,k lehmann,k lehmann,A5107890521,A5107909880,100
2277,k lehmann,k lehmann,A5107890521,A5107910450,100
2278,k lehmann,k lehmann,A5107890521,A5107924395,100
2279,k lehmann,k lehmann,A5107890521,A5107886887,100
2280,k lehmann,k lehmann,A5107890521,A5107894986,100
2281,k lehmann,k lehmann,A5107890521,A5107916480,100
2282,k lehmann,k lehmann,A5107890521,A5105565215,100
2283,k lehmann,k lehmann,A5107890521,A5107931824,100
2284,k lehmann,k lehmann,A5107890521,A5107919641,100
2285,k lehmann,k lehmann,A5107890521,A5122822365,100
2286,jing li,jing li,A5101486284,A5100336769,100
2287,b liu,b liu,A5107939241,A5107909883,100
2288,b liu,b liu,A5107939241,A5111033954,100
2289,b liu,b liu,A5107939241,A5026049700,100
2290,b liu,b liu,A5107939241,A5107931832,100
2291,b liu,b liu,A5107939241,A5115589431,100
2292,b liu,b liu,A5107939241,A5107881501,100
2293,b liu,b liu,A5107939241,A5107892535,100
2294,b liu,b liu,A5107939241,A5030786559,100
2295,b liu,b liu,A5107939241,A5042703603,100
2296,b liu,b liu,A5107939241,A5064931465,100
2297,b liu,b liu,A5107939241,A5108098421,100
2298,b liu,b liu,A5107939241,A5071222877,100
2299,b liu,b liu,A5107939241,A5105646657,100
2300,b liu,b liu,A5107939241,A5107878287,100
2301,b liu,b liu,A5107939241,A5024572929,100
2302,b liu,b liu,A5107939241,A5086217744,100
2303,b liu,b liu,A5107939241,A5107874880,100
2304,b liu,b liu,A5107939241,A5036090903,100
2305,b liu,b liu,A5107939241,A5107884233,100
2306,b liu,b liu,A5107939241,A5105572733,100
2307,b liu,b liu,A5107939241,A5120391139,100
2308,j liu,j liu,A5036703200,A5032227942,100
2309,tong li,tong li,A5100359029,A5100359000,100
2310,tong li,tong li,A5100359029,A5091013343,100
2311,g r lee,g r lee,A5107874073,A5107916986,100
2312,lun li,lun li,A5108048083,A5102211647,100
2313,janghyeon lee,janghyeon lee,A5066874418,A5078858243,100
2314,janghyeon lee,janghyeon lee,A5066874418,A5014510073,100
2315,tong li,tong li,A5100359000,A5091013343,100
2316,joey lam,joey lam,A5104084978,A5024874181,100
2317,b liu,b liu,A5107909883,A5111033954,100
2318,b liu,b liu,A5107909883,A5026049700,100
2319,b liu,b liu,A5107909883,A5107931832,100
2320,b liu,b liu,A5107909883,A5115589431,100
2321,b liu,b liu,A5107909883,A5107881501,100
2322,b liu,b liu,A5107909883,A5107892535,100
2323,b liu,b liu,A5107909883,A5030786559,100
2324,b liu,b liu,A5107909883,A5042703603,100
2325,b liu,b liu,A5107909883,A5064931465,100
2326,b liu,b liu,A5107909883,A5108098421,100
2327,b liu,b liu,A5107909883,A5071222877,100
2328,b liu,b liu,A5107909883,A5105646657,100
2329,b liu,b liu,A5107909883,A5107878287,100
2330,b liu,b liu,A5107909883,A5024572929,100
2331,b liu,b liu,A5107909883,A5086217744,100
2332,b liu,b liu,A5107909883,A5107874880,100
2333,b liu,b liu,A5107909883,A5036090903,100
2334,b liu,b liu,A5107909883,A5107884233,100
2335,b liu,b liu,A5107909883,A5105572733,100
2336,b liu,b liu,A5107909883,A5120391139,100
2337,b x liu,b x liu,A5107921511,A5105724899,100
2338,b x liu,b x liu,A5107921511,A5107367614,100
2339,b x liu,b x liu,A5107921511,A5106916399,100
2340,b x liu,b x liu,A5107921511,A5114290805,100
2341,b x liu,b x liu,A5107921511,A5105558012,100
2342,b x liu,b x liu,A5107921511,A5105582411,100
2343,b x liu,b x liu,A5107921511,A5122757906,100
2344,c leggett,c leggett,A5107938277,A5107938492,100
2345,c leggett,c leggett,A5107938277,A5107939806,100
2346,c leggett,c leggett,A5107938277,A5107903120,100
2347,y liu,y liu,A5120839655,A5107848547,100
2348,k lehmann,k lehmann,A5107896492,A5107904143,100
2349,k lehmann,k lehmann,A5107896492,A5107897377,100
2350,k lehmann,k lehmann,A5107896492,A5107913487,100
2351,k lehmann,k lehmann,A5107896492,A5107887830,100
2352,k lehmann,k lehmann,A5107896492,A5107889314,100
2353,k lehmann,k lehmann,A5107896492,A5107909880,100
2354,k lehmann,k lehmann,A5107896492,A5107910450,100
2355,k lehmann,k lehmann,A5107896492,A5107924395,100
2356,k lehmann,k lehmann,A5107896492,A5107886887,100
2357,k lehmann,k lehmann,A5107896492,A5107894986,100
2358,k lehmann,k lehmann,A5107896492,A5107916480,100
2359,k lehmann,k lehmann,A5107896492,A5105565215,100
2360,k lehmann,k lehmann,A5107896492,A5107931824,100
2361,k lehmann,k lehmann,A5107896492,A5107919641,100
2362,k lehmann,k lehmann,A5107896492,A5122822365,100
2363,b liu,b liu,A5111033954,A5026049700,100
2364,b liu,b liu,A5111033954,A5107931832,100
2365,b liu,b liu,A5111033954,A5115589431,100
2366,b liu,b liu,A5111033954,A5107881501,100
2367,b liu,b liu,A5111033954,A5107892535,100
2368,b liu,b liu,A5111033954,A5030786559,100
2369,b liu,b liu,A5111033954,A5042703603,100
2370,b liu,b liu,A5111033954,A5064931465,100
2371,b liu,b liu,A5111033954,A5108098421,100
2372,b liu,b liu,A5111033954,A5071222877,100
2373,b liu,b liu,A5111033954,A5105646657,100
2374,b liu,b liu,A5111033954,A5107878287,100
2375,b liu,b liu,A5111033954,A5024572929,100
2376,b liu,b liu,A5111033954,A5086217744,100
2377,b liu,b liu,A5111033954,A5107874880,100
2378,b liu,b liu,A5111033954,A5036090903,100
2379,b liu,b liu,A5111033954,A5107884233,100
2380,b liu,b liu,A5111033954,A5105572733,100
2381,b liu,b liu,A5111033954,A5120391139,100
2382,b liu,b liu,A5026049700,A5107931832,100
2383,b liu,b liu,A5026049700,A5115589431,100
2384,b liu,b liu,A5026049700,A5107881501,100
2385,b liu,b liu,A5026049700,A5107892535,100
2386,b liu,b liu,A5026049700,A5030786559,100
2387,b liu,b liu,A5026049700,A5042703603,100
2388,b liu,b liu,A5026049700,A5064931465,100
2389,b liu,b liu,A5026049700,A5108098421,100
2390,b liu,b liu,A5026049700,A5071222877,100
2391,b liu,b liu,A5026049700,A5105646657,100
2392,b liu,b liu,A5026049700,A5107878287,100
2393,b liu,b liu,A5026049700,A5024572929,100
2394,b liu,b liu,A5026049700,A5086217744,100
2395,b liu,b liu,A5026049700,A5107874880,100
2396,b liu,b liu,A5026049700,A5036090903,100
2397,b liu,b liu,A5026049700,A5107884233,100
2398,b liu,b liu,A5026049700,A5105572733,100
2399,b liu,b liu,A5026049700,A5120391139,100
2400,lanna eb lucchetti,lanna eb lucchetti,A5058734755,A5123987385,100
2401,k lehmann,k lehmann,A5107904143,A5107897377,100
2402,k lehmann,k lehmann,A5107904143,A5107913487,100
2403,k lehmann,k lehmann,A5107904143,A5107887830,100
2404,k lehmann,k lehmann,A5107904143,A5107889314,100
2405,k lehmann,k lehmann,A5107904143,A5107909880,100
2406,k lehmann,k lehmann,A5107904143,A5107910450,100
2407,k lehmann,k lehmann,A5107904143,A5107924395,100
2408,k lehmann,k lehmann,A5107904143,A5107886887,100
2409,k lehmann,k lehmann,A5107904143,A5107894986,100
2410,k lehmann,k lehmann,A5107904143,A5107916480,100
2411,k lehmann,k lehmann,A5107904143,A5105565215,100
2412,k lehmann,k lehmann,A5107904143,A5107931824,100
2413,k lehmann,k lehmann,A5107904143,A5107919641,100
2414,k lehmann,k lehmann,A5107904143,A5122822365,100
2415,c leggett,c leggett,A5107938492,A5107939806,100
2416,c leggett,c leggett,A5107938492,A5107903120,100
2417,qing liu,qing liu,A5110372431,A5025572394,100
2418,b liu,b liu,A5107931832,A5115589431,100
2419,b liu,b liu,A5107931832,A5107881501,100
2420,b liu,b liu,A5107931832,A5107892535,100
2421,b liu,b liu,A5107931832,A5030786559,100
2422,b liu,b liu,A5107931832,A5042703603,100
2423,b liu,b liu,A5107931832,A5064931465,100
2424,b liu,b liu,A5107931832,A5108098421,100
2425,b liu,b liu,A5107931832,A5071222877,100
2426,b liu,b liu,A5107931832,A5105646657,100
2427,b liu,b liu,A5107931832,A5107878287,100
2428,b liu,b liu,A5107931832,A5024572929,100
2429,b liu,b liu,A5107931832,A5086217744,100
2430,b liu,b liu,A5107931832,A5107874880,100
2431,b liu,b liu,A5107931832,A5036090903,100
2432,b liu,b liu,A5107931832,A5107884233,100
2433,b liu,b liu,A5107931832,A5105572733,100
2434,b liu,b liu,A5107931832,A5120391139,100
2435,b liu,b liu,A5115589431,A5107881501,100
2436,b liu,b liu,A5115589431,A5107892535,100
2437,b liu,b liu,A5115589431,A5030786559,100
2438,b liu,b liu,A5115589431,A5042703603,100
2439,b liu,b liu,A5115589431,A5064931465,100
2440,b liu,b liu,A5115589431,A5108098421,100
2441,b liu,b liu,A5115589431,A5071222877,100
2442,b liu,b liu,A5115589431,A5105646657,100
2443,b liu,b liu,A5115589431,A5107878287,100
2444,b liu,b liu,A5115589431,A5024572929,100
2445,b liu,b liu,A5115589431,A5086217744,100
2446,b liu,b liu,A5115589431,A5107874880,100
2447,b liu,b liu,A5115589431,A5036090903,100
2448,b liu,b liu,A5115589431,A5107884233,100
2449,b liu,b liu,A5115589431,A5105572733,100
2450,b liu,b liu,A5115589431,A5120391139,100
2451,janghyeon lee,janghyeon lee,A5078858243,A5014510073,100
2452,b liu,b liu,A5107881501,A5107892535,100
2453,b liu,b liu,A5107881501,A5030786559,100
2454,b liu,b liu,A5107881501,A5042703603,100
2455,b liu,b liu,A5107881501,A5064931465,100
2456,b liu,b liu,A5107881501,A5108098421,100
2457,b liu,b liu,A5107881501,A5071222877,100
2458,b liu,b liu,A5107881501,A5105646657,100
2459,b liu,b liu,A5107881501,A5107878287,100
2460,b liu,b liu,A5107881501,A5024572929,100
2461,b liu,b liu,A5107881501,A5086217744,100
2462,b liu,b liu,A5107881501,A5107874880,100
2463,b liu,b liu,A5107881501,A5036090903,100
2464,b liu,b liu,A5107881501,A5107884233,100
2465,b liu,b liu,A5107881501,A5105572733,100
2466,b liu,b liu,A5107881501,A5120391139,100
2467,b liu,b liu,A5107892535,A5030786559,100
2468,b liu,b liu,A5107892535,A5042703603,100
2469,b liu,b liu,A5107892535,A5064931465,100
2470,b liu,b liu,A5107892535,A5108098421,100
2471,b liu,b liu,A5107892535,A5071222877,100
2472,b liu,b liu,A5107892535,A5105646657,100
2473,b liu,b liu,A5107892535,A5107878287,100
2474,b liu,b liu,A5107892535,A5024572929,100
2475,b liu,b liu,A5107892535,A5086217744,100
2476,b liu,b liu,A5107892535,A5107874880,100
2477,b liu,b liu,A5107892535,A5036090903,100
2478,b liu,b liu,A5107892535,A5107884233,100
2479,b liu,b liu,A5107892535,A5105572733,100
2480,b liu,b liu,A5107892535,A5120391139,100
2481,k lehmann,k lehmann,A5107897377,A5107913487,100
2482,k lehmann,k lehmann,A5107897377,A5107887830,100
2483,k lehmann,k lehmann,A5107897377,A5107889314,100
2484,k lehmann,k lehmann,A5107897377,A5107909880,100
2485,k lehmann,k lehmann,A5107897377,A5107910450,100
2486,k lehmann,k lehmann,A5107897377,A5107924395,100
2487,k lehmann,k lehmann,A5107897377,A5107886887,100
2488,k lehmann,k lehmann,A5107897377,A5107894986,100
2489,k lehmann,k lehmann,A5107897377,A5107916480,100
2490,k lehmann,k lehmann,A5107897377,A5105565215,100
2491,k lehmann,k lehmann,A5107897377,A5107931824,100
2492,k lehmann,k lehmann,A5107897377,A5107919641,100
2493,k lehmann,k lehmann,A5107897377,A5122822365,100
2494,k lehmann,k lehmann,A5107913487,A5107887830,100
2495,k lehmann,k lehmann,A5107913487,A5107889314,100
2496,k lehmann,k lehmann,A5107913487,A5107909880,100
2497,k lehmann,k lehmann,A5107913487,A5107910450,100
2498,k lehmann,k lehmann,A5107913487,A5107924395,100
2499,k lehmann,k lehmann,A5107913487,A5107886887,100
2500,k lehmann,k lehmann,A5107913487,A5107894986,100
2501,k lehmann,k lehmann,A5107913487,A5107916480,100
2502,k lehmann,k lehmann,A5107913487,A5105565215,100
2503,k lehmann,k lehmann,A5107913487,A5107931824,100
2504,k lehmann,k lehmann,A5107913487,A5107919641,100
2505,k lehmann,k lehmann,A5107913487,A5122822365,100
2506,y w liu,y w liu,A5107931835,A5107947296,100
2507,y w liu,y w liu,A5107931835,A5105727788,100
2508,kelsey lee,kelsey lee,A5047999240,A5112929745,100
2509,k lehmann,k lehmann,A5107887830,A5107889314,100
2510,k lehmann,k lehmann,A5107887830,A5107909880,100
2511,k lehmann,k lehmann,A5107887830,A5107910450,100
2512,k lehmann,k lehmann,A5107887830,A5107924395,100
2513,k lehmann,k lehmann,A5107887830,A5107886887,100
2514,k lehmann,k lehmann,A5107887830,A5107894986,100
2515,k lehmann,k lehmann,A5107887830,A5107916480,100
2516,k lehmann,k lehmann,A5107887830,A5105565215,100
2517,k lehmann,k lehmann,A5107887830,A5107931824,100
2518,k lehmann,k lehmann,A5107887830,A5107919641,100
2519,k lehmann,k lehmann,A5107887830,A5122822365,100
2520,c leggett,c leggett,A5107939806,A5107903120,100
2521,y w liu,y w liu,A5107947296,A5105727788,100
2522,tatiana losev,tatiana losev,A5026171056,A5095334926,100
2523,b liu,b liu,A5030786559,A5042703603,100
2524,b liu,b liu,A5030786559,A5064931465,100
2525,b liu,b liu,A5030786559,A5108098421,100
2526,b liu,b liu,A5030786559,A5071222877,100
2527,b liu,b liu,A5030786559,A5105646657,100
2528,b liu,b liu,A5030786559,A5107878287,100
2529,b liu,b liu,A5030786559,A5024572929,100
2530,b liu,b liu,A5030786559,A5086217744,100
2531,b liu,b liu,A5030786559,A5107874880,100
2532,b liu,b liu,A5030786559,A5036090903,100
2533,b liu,b liu,A5030786559,A5107884233,100
2534,b liu,b liu,A5030786559,A5105572733,100
2535,b liu,b liu,A5030786559,A5120391139,100
2536,b liu,b liu,A5042703603,A5064931465,100
2537,b liu,b liu,A5042703603,A5108098421,100
2538,b liu,b liu,A5042703603,A5071222877,100
2539,b liu,b liu,A5042703603,A5105646657,100
2540,b liu,b liu,A5042703603,A5107878287,100
2541,b liu,b liu,A5042703603,A5024572929,100
2542,b liu,b liu,A5042703603,A5086217744,100
2543,b liu,b liu,A5042703603,A5107874880,100
2544,b liu,b liu,A5042703603,A5036090903,100
2545,b liu,b liu,A5042703603,A5107884233,100
2546,b liu,b liu,A5042703603,A5105572733,100
2547,b liu,b liu,A5042703603,A5120391139,100
2548,b liu,b liu,A5064931465,A5108098421,100
2549,b liu,b liu,A5064931465,A5071222877,100
2550,b liu,b liu,A5064931465,A5105646657,100
2551,b liu,b liu,A5064931465,A5107878287,100
2552,b liu,b liu,A5064931465,A5024572929,100
2553,b liu,b liu,A5064931465,A5086217744,100
2554,b liu,b liu,A5064931465,A5107874880,100
2555,b liu,b liu,A5064931465,A5036090903,100
2556,b liu,b liu,A5064931465,A5107884233,100
2557,b liu,b liu,A5064931465,A5105572733,100
2558,b liu,b liu,A5064931465,A5120391139,100
2559,k lee,k lee,A5085693636,A5021784001,100
2560,b x liu,b x liu,A5105724899,A5107367614,100
2561,b x liu,b x liu,A5105724899,A5106916399,100
2562,b x liu,b x liu,A5105724899,A5114290805,100
2563,b x liu,b x liu,A5105724899,A5105558012,100
2564,b x liu,b x liu,A5105724899,A5105582411,100
2565,b x liu,b x liu,A5105724899,A5122757906,100
2566,k lehmann,k lehmann,A5107889314,A5107909880,100
2567,k lehmann,k lehmann,A5107889314,A5107910450,100
2568,k lehmann,k lehmann,A5107889314,A5107924395,100
2569,k lehmann,k lehmann,A5107889314,A5107886887,100
2570,k lehmann,k lehmann,A5107889314,A5107894986,100
2571,k lehmann,k lehmann,A5107889314,A5107916480,100
2572,k lehmann,k lehmann,A5107889314,A5105565215,100
2573,k lehmann,k lehmann,A5107889314,A5107931824,100
2574,k lehmann,k lehmann,A5107889314,A5107919641,100
2575,k lehmann,k lehmann,A5107889314,A5122822365,100
2576,b liu,b liu,A5108098421,A5071222877,100
2577,b liu,b liu,A5108098421,A5105646657,100
2578,b liu,b liu,A5108098421,A5107878287,100
2579,b liu,b liu,A5108098421,A5024572929,100
2580,b liu,b liu,A5108098421,A5086217744,100
2581,b liu,b liu,A5108098421,A5107874880,100
2582,b liu,b liu,A5108098421,A5036090903,100
2583,b liu,b liu,A5108098421,A5107884233,100
2584,b liu,b liu,A5108098421,A5105572733,100
2585,b liu,b liu,A5108098421,A5120391139,100
2586,z liu,z liu,A5025357057,A5073598381,100
2587,b liu,b liu,A5071222877,A5105646657,100
2588,b liu,b liu,A5071222877,A5107878287,100
2589,b liu,b liu,A5071222877,A5024572929,100
2590,b liu,b liu,A5071222877,A5086217744,100
2591,b liu,b liu,A5071222877,A5107874880,100
2592,b liu,b liu,A5071222877,A5036090903,100
2593,b liu,b liu,A5071222877,A5107884233,100
2594,b liu,b liu,A5071222877,A5105572733,100
2595,b liu,b liu,A5071222877,A5120391139,100
2596,olivia c lowe,olivia c lowe,A5093888240,A5093888234,100
2597,b x liu,b x liu,A5107367614,A5106916399,100
2598,b x liu,b x liu,A5107367614,A5114290805,100
2599,b x liu,b x liu,A5107367614,A5105558012,100
2600,b x liu,b x liu,A5107367614,A5105582411,100
2601,b x liu,b x liu,A5107367614,A5122757906,100
2602,k lehmann,k lehmann,A5107909880,A5107910450,100
2603,k lehmann,k lehmann,A5107909880,A5107924395,100
2604,k lehmann,k lehmann,A5107909880,A5107886887,100
2605,k lehmann,k lehmann,A5107909880,A5107894986,100
2606,k lehmann,k lehmann,A5107909880,A5107916480,100
2607,k lehmann,k lehmann,A5107909880,A5105565215,100
2608,k lehmann,k lehmann,A5107909880,A5107931824,100
2609,k lehmann,k lehmann,A5107909880,A5107919641,100
2610,k lehmann,k lehmann,A5107909880,A5122822365,100
2611,juliana lisik,juliana lisik,A5080368835,A5095858776,100
2612,b liu,b liu,A5105646657,A5107878287,100
2613,b liu,b liu,A5105646657,A5024572929,100
2614,b liu,b liu,A5105646657,A5086217744,100
2615,b liu,b liu,A5105646657,A5107874880,100
2616,b liu,b liu,A5105646657,A5036090903,100
2617,b liu,b liu,A5105646657,A5107884233,100
2618,b liu,b liu,A5105646657,A5105572733,100
2619,b liu,b liu,A5105646657,A5120391139,100
2620,k lehmann,k lehmann,A5107910450,A5107924395,100
2621,k lehmann,k lehmann,A5107910450,A5107886887,100
2622,k lehmann,k lehmann,A5107910450,A5107894986,100
2623,k lehmann,k lehmann,A5107910450,A5107916480,100
2624,k lehmann,k lehmann,A5107910450,A5105565215,100
2625,k lehmann,k lehmann,A5107910450,A5107931824,100
2626,k lehmann,k lehmann,A5107910450,A5107919641,100
2627,k lehmann,k lehmann,A5107910450,A5122822365,100
2628,k lehmann,k lehmann,A5107924395,A5107886887,100
2629,k lehmann,k lehmann,A5107924395,A5107894986,100
2630,k lehmann,k lehmann,A5107924395,A5107916480,100
2631,k lehmann,k lehmann,A5107924395,A5105565215,100
2632,k lehmann,k lehmann,A5107924395,A5107931824,100
2633,k lehmann,k lehmann,A5107924395,A5107919641,100
2634,k lehmann,k lehmann,A5107924395,A5122822365,100
2635,b liu,b liu,A5107878287,A5024572929,100
2636,b liu,b liu,A5107878287,A5086217744,100
2637,b liu,b liu,A5107878287,A5107874880,100
2638,b liu,b liu,A5107878287,A5036090903,100
2639,b liu,b liu,A5107878287,A5107884233,100
2640,b liu,b liu,A5107878287,A5105572733,100
2641,b liu,b liu,A5107878287,A5120391139,100
2642,k lehmann,k lehmann,A5107886887,A5107894986,100
2643,k lehmann,k lehmann,A5107886887,A5107916480,100
2644,k lehmann,k lehmann,A5107886887,A5105565215,100
2645,k lehmann,k lehmann,A5107886887,A5107931824,100
2646,k lehmann,k lehmann,A5107886887,A5107919641,100
2647,k lehmann,k lehmann,A5107886887,A5122822365,100
2648,k lehmann,k lehmann,A5107894986,A5107916480,100
2649,k lehmann,k lehmann,A5107894986,A5105565215,100
2650,k lehmann,k lehmann,A5107894986,A5107931824,100
2651,k lehmann,k lehmann,A5107894986,A5107919641,100
2652,k lehmann,k lehmann,A5107894986,A5122822365,100
2653,k lehmann,k lehmann,A5107916480,A5105565215,100
2654,k lehmann,k lehmann,A5107916480,A5107931824,100
2655,k lehmann,k lehmann,A5107916480,A5107919641,100
2656,k lehmann,k lehmann,A5107916480,A5122822365,100
2657,grace leech,grace leech,A5093635294,A5121348710,100
2658,k lehmann,k lehmann,A5105565215,A5107931824,100
2659,k lehmann,k lehmann,A5105565215,A5107919641,100
2660,k lehmann,k lehmann,A5105565215,A5122822365,100
2661,b liu,b liu,A5024572929,A5086217744,100
2662,b liu,b liu,A5024572929,A5107874880,100
2663,b liu,b liu,A5024572929,A5036090903,100
2664,b liu,b liu,A5024572929,A5107884233,100
2665,b liu,b liu,A5024572929,A5105572733,100
2666,b liu,b liu,A5024572929,A5120391139,100
2667,q r liu,q r liu,A5035973966,A5130330887,100
2668,b liu,b liu,A5086217744,A5107874880,100
2669,b liu,b liu,A5086217744,A5036090903,100
2670,b liu,b liu,A5086217744,A5107884233,100
2671,b liu,b liu,A5086217744,A5105572733,100
2672,b liu,b liu,A5086217744,A5120391139,100
2673,b x liu,b x liu,A5106916399,A5114290805,100
2674,b x liu,b x liu,A5106916399,A5105558012,100
2675,b x liu,b x liu,A5106916399,A5105582411,100
2676,b x liu,b x liu,A5106916399,A5122757906,100
2677,b liu,b liu,A5107874880,A5036090903,100
2678,b liu,b liu,A5107874880,A5107884233,100
2679,b liu,b liu,A5107874880,A5105572733,100
2680,b liu,b liu,A5107874880,A5120391139,100
2681,b x liu,b x liu,A5114290805,A5105558012,100
2682,b x liu,b x liu,A5114290805,A5105582411,100
2683,b x liu,b x liu,A5114290805,A5122757906,100
2684,cheng li,cheng li,A5128936988,A5132553516,100
2685,cheng li,cheng li,A5128936988,A5132650999,100
2686,b liu,b liu,A5036090903,A5107884233,100
2687,b liu,b liu,A5036090903,A5105572733,100
2688,b liu,b liu,A5036090903,A5120391139,100
2689,a lee,a lee,A5079846513,A5018443790,100
2690,vanessa lueck,vanessa lueck,A5083406480,A5116334732,100
2691,b liu,b liu,A5107884233,A5105572733,100
2692,b liu,b liu,A5107884233,A5120391139,100
2693,k lehmann,k lehmann,A5107931824,A5107919641,100
2694,k lehmann,k lehmann,A5107931824,A5122822365,100
2695,jiangchuan liu,jiangchuan liu,A5113173816,A5122900147,100
2696,jiangchuan liu,jiangchuan liu,A5113173816,A5124043003,100
2697,jiangchuan liu,jiangchuan liu,A5113173816,A5126350068,100
2698,jiangchuan liu,jiangchuan liu,A5113173816,A5130275845,100
2699,oscar lautsch,oscar lautsch,A5115902570,A5027804995,100
2700,b x liu,b x liu,A5105558012,A5105582411,100
2701,b x liu,b x liu,A5105558012,A5122757906,100
2702,b liu,b liu,A5105572733,A5120391139,100
2703,b x liu,b x liu,A5105582411,A5122757906,100
2704,k lehmann,k lehmann,A5107919641,A5122822365,100
2705,bruce p lanphear,bruce p lanphear,A5122874172,A5124063975,100
2706,bruce p lanphear,bruce p lanphear,A5122874172,A5129651758,100
2707,bruce p lanphear,bruce p lanphear,A5122874172,A5129972779,100
2708,bruce p lanphear,bruce p lanphear,A5122874172,A5130771092,100
2709,bruce p lanphear,bruce p lanphear,A5122874172,A5130917088,100
2710,bruce p lanphear,bruce p lanphear,A5122874172,A5133514181,100
2711,jiangchuan liu,jiangchuan liu,A5122900147,A5124043003,100
2712,jiangchuan liu,jiangchuan liu,A5122900147,A5126350068,100
2713,jiangchuan liu,jiangchuan liu,A5122900147,A5130275845,100
2714,jiangchuan liu,jiangchuan liu,A5124043003,A5126350068,100
2715,jiangchuan liu,jiangchuan liu,A5124043003,A5130275845,100
2716,bruce p lanphear,bruce p lanphear,A5124063975,A5129651758,100
2717,bruce p lanphear,bruce p lanphear,A5124063975,A5129972779,100
2718,bruce p lanphear,bruce p lanphear,A5124063975,A5130771092,100
2719,bruce p lanphear,bruce p lanphear,A5124063975,A5130917088,100
2720,bruce p lanphear,bruce p lanphear,A5124063975,A5133514181,100
2721,jiangchuan liu,jiangchuan liu,A5126350068,A5130275845,100
2722,bruce p lanphear,bruce p lanphear,A5129651758,A5129972779,100
2723,bruce p lanphear,bruce p lanphear,A5129651758,A5130771092,100
2724,bruce p lanphear,bruce p lanphear,A5129651758,A5130917088,100
2725,bruce p lanphear,bruce p lanphear,A5129651758,A5133514181,100
2726,bruce p lanphear,bruce p lanphear,A5129972779,A5130771092,100
2727,bruce p lanphear,bruce p lanphear,A5129972779,A5130917088,100
2728,bruce p lanphear,bruce p lanphear,A5129972779,A5133514181,100
2729,bruce p lanphear,bruce p lanphear,A5130771092,A5130917088,100
2730,bruce p lanphear,bruce p lanphear,A5130771092,A5133514181,100
2731,bruce p lanphear,bruce p lanphear,A5130917088,A5133514181,100
2732,cheng li,cheng li,A5132553516,A5132650999,100
2733,j llorente merino,j llorente merino,A5077377484,A5122763074,100
2734,david murphy,david murphy,A5044560051,A5047997753,100
2735,david murphy,david murphy,A5044560051,A5101702608,100
2736,david murphy,david murphy,A5044560051,A5102319559,100
2737,gb john mancini,gb john mancini,A5024418476,A5044856885,100
2738,david moore,david moore,A5089083884,A5020860412,100
2739,e monnier,e monnier,A5051904792,A5107848154,100
2740,e monnier,e monnier,A5051904792,A5107824306,100
2741,e monnier,e monnier,A5051904792,A5105248302,100
2742,e monnier,e monnier,A5051904792,A5105696590,100
2743,e monnier,e monnier,A5051904792,A5107895743,100
2744,e monnier,e monnier,A5051904792,A5106454144,100
2745,e monnier,e monnier,A5051904792,A5105208486,100
2746,e monnier,e monnier,A5051904792,A5112630776,100
2747,e monnier,e monnier,A5051904792,A5107913491,100
2748,e monnier,e monnier,A5051904792,A5107918554,100
2749,e monnier,e monnier,A5051904792,A5107905027,100
2750,e monnier,e monnier,A5051904792,A5107378465,100
2751,anthony r mcintosh,anthony r mcintosh,A5050825978,A5126475069,100
2752,anthony r mcintosh,anthony r mcintosh,A5050825978,A5124351096,100
2753,anthony r mcintosh,anthony r mcintosh,A5050825978,A5125682967,100
2754,anthony r mcintosh,anthony r mcintosh,A5050825978,A5126659091,100
2755,s morgenstern,s morgenstern,A5063547554,A5107878710,100
2756,s morgenstern,s morgenstern,A5063547554,A5013828472,100
2757,s morgenstern,s morgenstern,A5063547554,A5107937529,100
2758,s morgenstern,s morgenstern,A5063547554,A5107886351,100
2759,s morgenstern,s morgenstern,A5063547554,A5108113679,100
2760,s morgenstern,s morgenstern,A5063547554,A5107890754,100
2761,s morgenstern,s morgenstern,A5063547554,A5107924433,100
2762,richard a moore,richard a moore,A5103016993,A5112904758,100
2763,e monnier,e monnier,A5107848154,A5107824306,100
2764,e monnier,e monnier,A5107848154,A5105248302,100
2765,e monnier,e monnier,A5107848154,A5105696590,100
2766,e monnier,e monnier,A5107848154,A5107895743,100
2767,e monnier,e monnier,A5107848154,A5106454144,100
2768,e monnier,e monnier,A5107848154,A5105208486,100
2769,e monnier,e monnier,A5107848154,A5112630776,100
2770,e monnier,e monnier,A5107848154,A5107913491,100
2771,e monnier,e monnier,A5107848154,A5107918554,100
2772,e monnier,e monnier,A5107848154,A5107905027,100
2773,e monnier,e monnier,A5107848154,A5107378465,100
2774,jack martin,jack martin,A5061285579,A5114137922,100
2775,m morgenstern,m morgenstern,A5077818063,A5107881131,100
2776,m morgenstern,m morgenstern,A5077818063,A5113712294,100
2777,m morgenstern,m morgenstern,A5077818063,A5107880036,100
2778,m morgenstern,m morgenstern,A5077818063,A5105412224,100
2779,mohammad mahdavian,mohammad mahdavian,A5033694856,A5035729928,100
2780,kimberlyn mcgrail,kimberlyn mcgrail,A5072134463,A5111659529,100
2781,kimberlyn mcgrail,kimberlyn mcgrail,A5072134463,A5133167754,100
2782,stephen mitchell,stephen mitchell,A5018047333,A5101520816,100
2783,robert j mcmahon,robert j mcmahon,A5004540382,A5126300954,100
2784,hang ma,hang ma,A5068751110,A5024389928,100
2785,hang ma,hang ma,A5068751110,A5101484356,100
2786,hang ma,hang ma,A5068751110,A5132636033,100
2787,hang ma,hang ma,A5068751110,A5119019987,100
2788,hang ma,hang ma,A5068751110,A5129941238,100
2789,c miller,c miller,A5071120956,A5126605872,100
2790,arne ø mooers,arne ø mooers,A5039749912,A5079835512,100
2791,arne ø mooers,arne ø mooers,A5039749912,A5134296689,100
2792,a montalbano,a montalbano,A5107924639,A5105505322,100
2793,a montalbano,a montalbano,A5107924639,A5107941059,100
2794,a montalbano,a montalbano,A5107924639,A5107892589,100
2795,a montalbano,a montalbano,A5107924639,A5107902268,100
2796,a montalbano,a montalbano,A5107924639,A5037209875,100
2797,a montalbano,a montalbano,A5107924639,A5107878095,100
2798,a montalbano,a montalbano,A5107924639,A5107888321,100
2799,a montalbano,a montalbano,A5107924639,A5105625354,100
2800,a montalbano,a montalbano,A5107924639,A5107924432,100
2801,a montalbano,a montalbano,A5107924639,A5105565245,100
2802,a montalbano,a montalbano,A5107924639,A5107880210,100
2803,a montalbano,a montalbano,A5107924639,A5107865895,100
2804,a montalbano,a montalbano,A5107924639,A5107918743,100
2805,a montalbano,a montalbano,A5107924639,A5108112229,100
2806,a montalbano,a montalbano,A5107924639,A5107850321,100
2807,a montalbano,a montalbano,A5107924639,A5107894224,100
2808,a montalbano,a montalbano,A5107924639,A5107887913,100
2809,a montalbano,a montalbano,A5107924639,A5107926874,100
2810,a montalbano,a montalbano,A5107924639,A5105699223,100
2811,a montalbano,a montalbano,A5107924639,A5107892670,100
2812,a montalbano,a montalbano,A5107924639,A5107922261,100
2813,a montalbano,a montalbano,A5107924639,A5105572802,100
2814,a montalbano,a montalbano,A5107924639,A5107447982,100
2815,a montalbano,a montalbano,A5107924639,A5107914183,100
2816,a montalbano,a montalbano,A5107924639,A5107926272,100
2817,a montalbano,a montalbano,A5107924639,A5108136694,100
2818,m morgenstern,m morgenstern,A5107881131,A5113712294,100
2819,m morgenstern,m morgenstern,A5107881131,A5107880036,100
2820,m morgenstern,m morgenstern,A5107881131,A5105412224,100
2821,heather morrison,heather morrison,A5103935880,A5111567167,100
2822,pierre maréchal,pierre maréchal,A5051261858,A5103028791,100
2823,s morgenstern,s morgenstern,A5107878710,A5013828472,100
2824,s morgenstern,s morgenstern,A5107878710,A5107937529,100
2825,s morgenstern,s morgenstern,A5107878710,A5107886351,100
2826,s morgenstern,s morgenstern,A5107878710,A5108113679,100
2827,s morgenstern,s morgenstern,A5107878710,A5107890754,100
2828,s morgenstern,s morgenstern,A5107878710,A5107924433,100
2829,d mori,d mori,A5107874119,A5044331480,100
2830,d mori,d mori,A5107874119,A5107871786,100
2831,d mori,d mori,A5107874119,A5107890525,100
2832,d mori,d mori,A5107874119,A5107885676,100
2833,d mori,d mori,A5107874119,A5105639822,100
2834,d mori,d mori,A5107874119,A5107900224,100
2835,d mori,d mori,A5107874119,A5107924902,100
2836,d mori,d mori,A5107874119,A5107930751,100
2837,d mori,d mori,A5107874119,A5107909699,100
2838,d mori,d mori,A5107874119,A5107894807,100
2839,d mori,d mori,A5107874119,A5107889212,100
2840,d mori,d mori,A5107874119,A5105541342,100
2841,d mori,d mori,A5107874119,A5107911218,100
2842,d mori,d mori,A5107874119,A5107904919,100
2843,d mori,d mori,A5107874119,A5105543961,100
2844,d mori,d mori,A5107874119,A5105558116,100
2845,da ma,da ma,A5044586253,A5020434567,100
2846,e monnier,e monnier,A5107824306,A5105248302,100
2847,e monnier,e monnier,A5107824306,A5105696590,100
2848,e monnier,e monnier,A5107824306,A5107895743,100
2849,e monnier,e monnier,A5107824306,A5106454144,100
2850,e monnier,e monnier,A5107824306,A5105208486,100
2851,e monnier,e monnier,A5107824306,A5112630776,100
2852,e monnier,e monnier,A5107824306,A5107913491,100
2853,e monnier,e monnier,A5107824306,A5107918554,100
2854,e monnier,e monnier,A5107824306,A5107905027,100
2855,e monnier,e monnier,A5107824306,A5107378465,100
2856,barbara mitchell,barbara mitchell,A5054951117,A5121873424,100
2857,barbara mitchell,barbara mitchell,A5054951117,A5133530834,100
2858,d mori,d mori,A5044331480,A5107871786,100
2859,d mori,d mori,A5044331480,A5107890525,100
2860,d mori,d mori,A5044331480,A5107885676,100
2861,d mori,d mori,A5044331480,A5105639822,100
2862,d mori,d mori,A5044331480,A5107900224,100
2863,d mori,d mori,A5044331480,A5107924902,100
2864,d mori,d mori,A5044331480,A5107930751,100
2865,d mori,d mori,A5044331480,A5107909699,100
2866,d mori,d mori,A5044331480,A5107894807,100
2867,d mori,d mori,A5044331480,A5107889212,100
2868,d mori,d mori,A5044331480,A5105541342,100
2869,d mori,d mori,A5044331480,A5107911218,100
2870,d mori,d mori,A5044331480,A5107904919,100
2871,d mori,d mori,A5044331480,A5105543961,100
2872,d mori,d mori,A5044331480,A5105558116,100
2873,atiya mahmood,atiya mahmood,A5027802940,A5128354244,100
2874,a montalbano,a montalbano,A5105505322,A5107941059,100
2875,a montalbano,a montalbano,A5105505322,A5107892589,100
2876,a montalbano,a montalbano,A5105505322,A5107902268,100
2877,a montalbano,a montalbano,A5105505322,A5037209875,100
2878,a montalbano,a montalbano,A5105505322,A5107878095,100
2879,a montalbano,a montalbano,A5105505322,A5107888321,100
2880,a montalbano,a montalbano,A5105505322,A5105625354,100
2881,a montalbano,a montalbano,A5105505322,A5107924432,100
2882,a montalbano,a montalbano,A5105505322,A5105565245,100
2883,a montalbano,a montalbano,A5105505322,A5107880210,100
2884,a montalbano,a montalbano,A5105505322,A5107865895,100
2885,a montalbano,a montalbano,A5105505322,A5107918743,100
2886,a montalbano,a montalbano,A5105505322,A5108112229,100
2887,a montalbano,a montalbano,A5105505322,A5107850321,100
2888,a montalbano,a montalbano,A5105505322,A5107894224,100
2889,a montalbano,a montalbano,A5105505322,A5107887913,100
2890,a montalbano,a montalbano,A5105505322,A5107926874,100
2891,a montalbano,a montalbano,A5105505322,A5105699223,100
2892,a montalbano,a montalbano,A5105505322,A5107892670,100
2893,a montalbano,a montalbano,A5105505322,A5107922261,100
2894,a montalbano,a montalbano,A5105505322,A5105572802,100
2895,a montalbano,a montalbano,A5105505322,A5107447982,100
2896,a montalbano,a montalbano,A5105505322,A5107914183,100
2897,a montalbano,a montalbano,A5105505322,A5107926272,100
2898,a montalbano,a montalbano,A5105505322,A5108136694,100
2899,sylvain moreno,sylvain moreno,A5087105269,A5126841457,100
2900,david murphy,david murphy,A5047997753,A5101702608,100
2901,david murphy,david murphy,A5047997753,A5102319559,100
2902,d mori,d mori,A5107871786,A5107890525,100
2903,d mori,d mori,A5107871786,A5107885676,100
2904,d mori,d mori,A5107871786,A5105639822,100
2905,d mori,d mori,A5107871786,A5107900224,100
2906,d mori,d mori,A5107871786,A5107924902,100
2907,d mori,d mori,A5107871786,A5107930751,100
2908,d mori,d mori,A5107871786,A5107909699,100
2909,d mori,d mori,A5107871786,A5107894807,100
2910,d mori,d mori,A5107871786,A5107889212,100
2911,d mori,d mori,A5107871786,A5105541342,100
2912,d mori,d mori,A5107871786,A5107911218,100
2913,d mori,d mori,A5107871786,A5107904919,100
2914,d mori,d mori,A5107871786,A5105543961,100
2915,d mori,d mori,A5107871786,A5105558116,100
2916,e monnier,e monnier,A5105248302,A5105696590,100
2917,e monnier,e monnier,A5105248302,A5107895743,100
2918,e monnier,e monnier,A5105248302,A5106454144,100
2919,e monnier,e monnier,A5105248302,A5105208486,100
2920,e monnier,e monnier,A5105248302,A5112630776,100
2921,e monnier,e monnier,A5105248302,A5107913491,100
2922,e monnier,e monnier,A5105248302,A5107918554,100
2923,e monnier,e monnier,A5105248302,A5107905027,100
2924,e monnier,e monnier,A5105248302,A5107378465,100
2925,evan mccuish,evan mccuish,A5078853898,A5134104107,100
2926,eundeok mun,eundeok mun,A5074987873,A5124095810,100
2927,rui ma,rui ma,A5018197314,A5108926400,100
2928,e monnier,e monnier,A5105696590,A5107895743,100
2929,e monnier,e monnier,A5105696590,A5106454144,100
2930,e monnier,e monnier,A5105696590,A5105208486,100
2931,e monnier,e monnier,A5105696590,A5112630776,100
2932,e monnier,e monnier,A5105696590,A5107913491,100
2933,e monnier,e monnier,A5105696590,A5107918554,100
2934,e monnier,e monnier,A5105696590,A5107905027,100
2935,e monnier,e monnier,A5105696590,A5107378465,100
2936,li ma,li ma,A5103106214,A5100647267,100
2937,hang ma,hang ma,A5024389928,A5101484356,100
2938,hang ma,hang ma,A5024389928,A5132636033,100
2939,hang ma,hang ma,A5024389928,A5119019987,100
2940,hang ma,hang ma,A5024389928,A5129941238,100
2941,m morgenstern,m morgenstern,A5113712294,A5107880036,100
2942,m morgenstern,m morgenstern,A5113712294,A5105412224,100
2943,elizabeth marshall,elizabeth marshall,A5024506703,A5075619787,100
2944,jessica mcdonald,jessica mcdonald,A5029773109,A5109181901,100
2945,alison moore,alison moore,A5109246427,A5119271663,100
2946,david murphy,david murphy,A5101702608,A5102319559,100
2947,christine massey,christine massey,A5078638564,A5109572327,100
2948,megan mackenzie,megan mackenzie,A5017725837,A5075458228,100
2949,s morgenstern,s morgenstern,A5013828472,A5107937529,100
2950,s morgenstern,s morgenstern,A5013828472,A5107886351,100
2951,s morgenstern,s morgenstern,A5013828472,A5108113679,100
2952,s morgenstern,s morgenstern,A5013828472,A5107890754,100
2953,s morgenstern,s morgenstern,A5013828472,A5107924433,100
2954,e d mun,e d mun,A5111961310,A5125050430,100
2955,a montalbano,a montalbano,A5107941059,A5107892589,100
2956,a montalbano,a montalbano,A5107941059,A5107902268,100
2957,a montalbano,a montalbano,A5107941059,A5037209875,100
2958,a montalbano,a montalbano,A5107941059,A5107878095,100
2959,a montalbano,a montalbano,A5107941059,A5107888321,100
2960,a montalbano,a montalbano,A5107941059,A5105625354,100
2961,a montalbano,a montalbano,A5107941059,A5107924432,100
2962,a montalbano,a montalbano,A5107941059,A5105565245,100
2963,a montalbano,a montalbano,A5107941059,A5107880210,100
2964,a montalbano,a montalbano,A5107941059,A5107865895,100
2965,a montalbano,a montalbano,A5107941059,A5107918743,100
2966,a montalbano,a montalbano,A5107941059,A5108112229,100
2967,a montalbano,a montalbano,A5107941059,A5107850321,100
2968,a montalbano,a montalbano,A5107941059,A5107894224,100
2969,a montalbano,a montalbano,A5107941059,A5107887913,100
2970,a montalbano,a montalbano,A5107941059,A5107926874,100
2971,a montalbano,a montalbano,A5107941059,A5105699223,100
2972,a montalbano,a montalbano,A5107941059,A5107892670,100
2973,a montalbano,a montalbano,A5107941059,A5107922261,100
2974,a montalbano,a montalbano,A5107941059,A5105572802,100
2975,a montalbano,a montalbano,A5107941059,A5107447982,100
2976,a montalbano,a montalbano,A5107941059,A5107914183,100
2977,a montalbano,a montalbano,A5107941059,A5107926272,100
2978,a montalbano,a montalbano,A5107941059,A5108136694,100
2979,d mori,d mori,A5107890525,A5107885676,100
2980,d mori,d mori,A5107890525,A5105639822,100
2981,d mori,d mori,A5107890525,A5107900224,100
2982,d mori,d mori,A5107890525,A5107924902,100
2983,d mori,d mori,A5107890525,A5107930751,100
2984,d mori,d mori,A5107890525,A5107909699,100
2985,d mori,d mori,A5107890525,A5107894807,100
2986,d mori,d mori,A5107890525,A5107889212,100
2987,d mori,d mori,A5107890525,A5105541342,100
2988,d mori,d mori,A5107890525,A5107911218,100
2989,d mori,d mori,A5107890525,A5107904919,100
2990,d mori,d mori,A5107890525,A5105543961,100
2991,d mori,d mori,A5107890525,A5105558116,100
2992,a montalbano,a montalbano,A5107892589,A5107902268,100
2993,a montalbano,a montalbano,A5107892589,A5037209875,100
2994,a montalbano,a montalbano,A5107892589,A5107878095,100
2995,a montalbano,a montalbano,A5107892589,A5107888321,100
2996,a montalbano,a montalbano,A5107892589,A5105625354,100
2997,a montalbano,a montalbano,A5107892589,A5107924432,100
2998,a montalbano,a montalbano,A5107892589,A5105565245,100
2999,a montalbano,a montalbano,A5107892589,A5107880210,100
3000,a montalbano,a montalbano,A5107892589,A5107865895,100
3001,a montalbano,a montalbano,A5107892589,A5107918743,100
3002,a montalbano,a montalbano,A5107892589,A5108112229,100
3003,a montalbano,a montalbano,A5107892589,A5107850321,100
3004,a montalbano,a montalbano,A5107892589,A5107894224,100
3005,a montalbano,a montalbano,A5107892589,A5107887913,100
3006,a montalbano,a montalbano,A5107892589,A5107926874,100
3007,a montalbano,a montalbano,A5107892589,A5105699223,100
3008,a montalbano,a montalbano,A5107892589,A5107892670,100
3009,a montalbano,a montalbano,A5107892589,A5107922261,100
3010,a montalbano,a montalbano,A5107892589,A5105572802,100
3011,a montalbano,a montalbano,A5107892589,A5107447982,100
3012,a montalbano,a montalbano,A5107892589,A5107914183,100
3013,a montalbano,a montalbano,A5107892589,A5107926272,100
3014,a montalbano,a montalbano,A5107892589,A5108136694,100
3015,ailene macpherson,ailene macpherson,A5025766873,A5126745355,100
3016,cristiano b moura,cristiano b moura,A5017863483,A5116402810,100
3017,cristiano b moura,cristiano b moura,A5017863483,A5117804755,100
3018,gopolang mohlabeng,gopolang mohlabeng,A5035711951,A5128104688,100
3019,d mori,d mori,A5107885676,A5105639822,100
3020,d mori,d mori,A5107885676,A5107900224,100
3021,d mori,d mori,A5107885676,A5107924902,100
3022,d mori,d mori,A5107885676,A5107930751,100
3023,d mori,d mori,A5107885676,A5107909699,100
3024,d mori,d mori,A5107885676,A5107894807,100
3025,d mori,d mori,A5107885676,A5107889212,100
3026,d mori,d mori,A5107885676,A5105541342,100
3027,d mori,d mori,A5107885676,A5107911218,100
3028,d mori,d mori,A5107885676,A5107904919,100
3029,d mori,d mori,A5107885676,A5105543961,100
3030,d mori,d mori,A5107885676,A5105558116,100
3031,s morgenstern,s morgenstern,A5107937529,A5107886351,100
3032,s morgenstern,s morgenstern,A5107937529,A5108113679,100
3033,s morgenstern,s morgenstern,A5107937529,A5107890754,100
3034,s morgenstern,s morgenstern,A5107937529,A5107924433,100
3035,steve marshall,steve marshall,A5057078851,A5108723742,100
3036,lilach marom,lilach marom,A5005321588,A5029985194,100
3037,lilach marom,lilach marom,A5005321588,A5131032010,100
3038,john a macdonald,john a macdonald,A5103468821,A5086471797,100
3039,e monnier,e monnier,A5107895743,A5106454144,100
3040,e monnier,e monnier,A5107895743,A5105208486,100
3041,e monnier,e monnier,A5107895743,A5112630776,100
3042,e monnier,e monnier,A5107895743,A5107913491,100
3043,e monnier,e monnier,A5107895743,A5107918554,100
3044,e monnier,e monnier,A5107895743,A5107905027,100
3045,e monnier,e monnier,A5107895743,A5107378465,100
3046,a montalbano,a montalbano,A5107902268,A5037209875,100
3047,a montalbano,a montalbano,A5107902268,A5107878095,100
3048,a montalbano,a montalbano,A5107902268,A5107888321,100
3049,a montalbano,a montalbano,A5107902268,A5105625354,100
3050,a montalbano,a montalbano,A5107902268,A5107924432,100
3051,a montalbano,a montalbano,A5107902268,A5105565245,100
3052,a montalbano,a montalbano,A5107902268,A5107880210,100
3053,a montalbano,a montalbano,A5107902268,A5107865895,100
3054,a montalbano,a montalbano,A5107902268,A5107918743,100
3055,a montalbano,a montalbano,A5107902268,A5108112229,100
3056,a montalbano,a montalbano,A5107902268,A5107850321,100
3057,a montalbano,a montalbano,A5107902268,A5107894224,100
3058,a montalbano,a montalbano,A5107902268,A5107887913,100
3059,a montalbano,a montalbano,A5107902268,A5107926874,100
3060,a montalbano,a montalbano,A5107902268,A5105699223,100
3061,a montalbano,a montalbano,A5107902268,A5107892670,100
3062,a montalbano,a montalbano,A5107902268,A5107922261,100
3063,a montalbano,a montalbano,A5107902268,A5105572802,100
3064,a montalbano,a montalbano,A5107902268,A5107447982,100
3065,a montalbano,a montalbano,A5107902268,A5107914183,100
3066,a montalbano,a montalbano,A5107902268,A5107926272,100
3067,a montalbano,a montalbano,A5107902268,A5108136694,100
3068,a montalbano,a montalbano,A5037209875,A5107878095,100
3069,a montalbano,a montalbano,A5037209875,A5107888321,100
3070,a montalbano,a montalbano,A5037209875,A5105625354,100
3071,a montalbano,a montalbano,A5037209875,A5107924432,100
3072,a montalbano,a montalbano,A5037209875,A5105565245,100
3073,a montalbano,a montalbano,A5037209875,A5107880210,100
3074,a montalbano,a montalbano,A5037209875,A5107865895,100
3075,a montalbano,a montalbano,A5037209875,A5107918743,100
3076,a montalbano,a montalbano,A5037209875,A5108112229,100
3077,a montalbano,a montalbano,A5037209875,A5107850321,100
3078,a montalbano,a montalbano,A5037209875,A5107894224,100
3079,a montalbano,a montalbano,A5037209875,A5107887913,100
3080,a montalbano,a montalbano,A5037209875,A5107926874,100
3081,a montalbano,a montalbano,A5037209875,A5105699223,100
3082,a montalbano,a montalbano,A5037209875,A5107892670,100
3083,a montalbano,a montalbano,A5037209875,A5107922261,100
3084,a montalbano,a montalbano,A5037209875,A5105572802,100
3085,a montalbano,a montalbano,A5037209875,A5107447982,100
3086,a montalbano,a montalbano,A5037209875,A5107914183,100
3087,a montalbano,a montalbano,A5037209875,A5107926272,100
3088,a montalbano,a montalbano,A5037209875,A5108136694,100
3089,m morgenstern,m morgenstern,A5107880036,A5105412224,100
3090,megh marathe,megh marathe,A5023043627,A5114106725,100
3091,d mori,d mori,A5105639822,A5107900224,100
3092,d mori,d mori,A5105639822,A5107924902,100
3093,d mori,d mori,A5105639822,A5107930751,100
3094,d mori,d mori,A5105639822,A5107909699,100
3095,d mori,d mori,A5105639822,A5107894807,100
3096,d mori,d mori,A5105639822,A5107889212,100
3097,d mori,d mori,A5105639822,A5105541342,100
3098,d mori,d mori,A5105639822,A5107911218,100
3099,d mori,d mori,A5105639822,A5107904919,100
3100,d mori,d mori,A5105639822,A5105543961,100
3101,d mori,d mori,A5105639822,A5105558116,100
3102,d mori,d mori,A5107900224,A5107924902,100
3103,d mori,d mori,A5107900224,A5107930751,100
3104,d mori,d mori,A5107900224,A5107909699,100
3105,d mori,d mori,A5107900224,A5107894807,100
3106,d mori,d mori,A5107900224,A5107889212,100
3107,d mori,d mori,A5107900224,A5105541342,100
3108,d mori,d mori,A5107900224,A5107911218,100
3109,d mori,d mori,A5107900224,A5107904919,100
3110,d mori,d mori,A5107900224,A5105543961,100
3111,d mori,d mori,A5107900224,A5105558116,100
3112,vicki l marlatt,vicki l marlatt,A5107501493,A5109355143,100
3113,vicki l marlatt,vicki l marlatt,A5107501493,A5104852963,100
3114,vicki l marlatt,vicki l marlatt,A5107501493,A5125610648,100
3115,vicki l marlatt,vicki l marlatt,A5107501493,A5133192975,100
3116,d mori,d mori,A5107924902,A5107930751,100
3117,d mori,d mori,A5107924902,A5107909699,100
3118,d mori,d mori,A5107924902,A5107894807,100
3119,d mori,d mori,A5107924902,A5107889212,100
3120,d mori,d mori,A5107924902,A5105541342,100
3121,d mori,d mori,A5107924902,A5107911218,100
3122,d mori,d mori,A5107924902,A5107904919,100
3123,d mori,d mori,A5107924902,A5105543961,100
3124,d mori,d mori,A5107924902,A5105558116,100
3125,karen munro,karen munro,A5072005557,A5103159899,100
3126,d mori,d mori,A5107930751,A5107909699,100
3127,d mori,d mori,A5107930751,A5107894807,100
3128,d mori,d mori,A5107930751,A5107889212,100
3129,d mori,d mori,A5107930751,A5105541342,100
3130,d mori,d mori,A5107930751,A5107911218,100
3131,d mori,d mori,A5107930751,A5107904919,100
3132,d mori,d mori,A5107930751,A5105543961,100
3133,d mori,d mori,A5107930751,A5105558116,100
3134,vicki l marlatt,vicki l marlatt,A5109355143,A5104852963,100
3135,vicki l marlatt,vicki l marlatt,A5109355143,A5125610648,100
3136,vicki l marlatt,vicki l marlatt,A5109355143,A5133192975,100
3137,a montalbano,a montalbano,A5107878095,A5107888321,100
3138,a montalbano,a montalbano,A5107878095,A5105625354,100
3139,a montalbano,a montalbano,A5107878095,A5107924432,100
3140,a montalbano,a montalbano,A5107878095,A5105565245,100
3141,a montalbano,a montalbano,A5107878095,A5107880210,100
3142,a montalbano,a montalbano,A5107878095,A5107865895,100
3143,a montalbano,a montalbano,A5107878095,A5107918743,100
3144,a montalbano,a montalbano,A5107878095,A5108112229,100
3145,a montalbano,a montalbano,A5107878095,A5107850321,100
3146,a montalbano,a montalbano,A5107878095,A5107894224,100
3147,a montalbano,a montalbano,A5107878095,A5107887913,100
3148,a montalbano,a montalbano,A5107878095,A5107926874,100
3149,a montalbano,a montalbano,A5107878095,A5105699223,100
3150,a montalbano,a montalbano,A5107878095,A5107892670,100
3151,a montalbano,a montalbano,A5107878095,A5107922261,100
3152,a montalbano,a montalbano,A5107878095,A5105572802,100
3153,a montalbano,a montalbano,A5107878095,A5107447982,100
3154,a montalbano,a montalbano,A5107878095,A5107914183,100
3155,a montalbano,a montalbano,A5107878095,A5107926272,100
3156,a montalbano,a montalbano,A5107878095,A5108136694,100
3157,s morgenstern,s morgenstern,A5107886351,A5108113679,100
3158,s morgenstern,s morgenstern,A5107886351,A5107890754,100
3159,s morgenstern,s morgenstern,A5107886351,A5107924433,100
3160,e monnier,e monnier,A5106454144,A5105208486,100
3161,e monnier,e monnier,A5106454144,A5112630776,100
3162,e monnier,e monnier,A5106454144,A5107913491,100
3163,e monnier,e monnier,A5106454144,A5107918554,100
3164,e monnier,e monnier,A5106454144,A5107905027,100
3165,e monnier,e monnier,A5106454144,A5107378465,100
3166,a montalbano,a montalbano,A5107888321,A5105625354,100
3167,a montalbano,a montalbano,A5107888321,A5107924432,100
3168,a montalbano,a montalbano,A5107888321,A5105565245,100
3169,a montalbano,a montalbano,A5107888321,A5107880210,100
3170,a montalbano,a montalbano,A5107888321,A5107865895,100
3171,a montalbano,a montalbano,A5107888321,A5107918743,100
3172,a montalbano,a montalbano,A5107888321,A5108112229,100
3173,a montalbano,a montalbano,A5107888321,A5107850321,100
3174,a montalbano,a montalbano,A5107888321,A5107894224,100
3175,a montalbano,a montalbano,A5107888321,A5107887913,100
3176,a montalbano,a montalbano,A5107888321,A5107926874,100
3177,a montalbano,a montalbano,A5107888321,A5105699223,100
3178,a montalbano,a montalbano,A5107888321,A5107892670,100
3179,a montalbano,a montalbano,A5107888321,A5107922261,100
3180,a montalbano,a montalbano,A5107888321,A5105572802,100
3181,a montalbano,a montalbano,A5107888321,A5107447982,100
3182,a montalbano,a montalbano,A5107888321,A5107914183,100
3183,a montalbano,a montalbano,A5107888321,A5107926272,100
3184,a montalbano,a montalbano,A5107888321,A5108136694,100
3185,d mori,d mori,A5107909699,A5107894807,100
3186,d mori,d mori,A5107909699,A5107889212,100
3187,d mori,d mori,A5107909699,A5105541342,100
3188,d mori,d mori,A5107909699,A5107911218,100
3189,d mori,d mori,A5107909699,A5107904919,100
3190,d mori,d mori,A5107909699,A5105543961,100
3191,d mori,d mori,A5107909699,A5105558116,100
3192,alexander moiseev,alexander moiseev,A5103429954,A5104635706,100
3193,e monnier,e monnier,A5105208486,A5112630776,100
3194,e monnier,e monnier,A5105208486,A5107913491,100
3195,e monnier,e monnier,A5105208486,A5107918554,100
3196,e monnier,e monnier,A5105208486,A5107905027,100
3197,e monnier,e monnier,A5105208486,A5107378465,100
3198,a montalbano,a montalbano,A5105625354,A5107924432,100
3199,a montalbano,a montalbano,A5105625354,A5105565245,100
3200,a montalbano,a montalbano,A5105625354,A5107880210,100
3201,a montalbano,a montalbano,A5105625354,A5107865895,100
3202,a montalbano,a montalbano,A5105625354,A5107918743,100
3203,a montalbano,a montalbano,A5105625354,A5108112229,100
3204,a montalbano,a montalbano,A5105625354,A5107850321,100
3205,a montalbano,a montalbano,A5105625354,A5107894224,100
3206,a montalbano,a montalbano,A5105625354,A5107887913,100
3207,a montalbano,a montalbano,A5105625354,A5107926874,100
3208,a montalbano,a montalbano,A5105625354,A5105699223,100
3209,a montalbano,a montalbano,A5105625354,A5107892670,100
3210,a montalbano,a montalbano,A5105625354,A5107922261,100
3211,a montalbano,a montalbano,A5105625354,A5105572802,100
3212,a montalbano,a montalbano,A5105625354,A5107447982,100
3213,a montalbano,a montalbano,A5105625354,A5107914183,100
3214,a montalbano,a montalbano,A5105625354,A5107926272,100
3215,a montalbano,a montalbano,A5105625354,A5108136694,100
3216,a montalbano,a montalbano,A5107924432,A5105565245,100
3217,a montalbano,a montalbano,A5107924432,A5107880210,100
3218,a montalbano,a montalbano,A5107924432,A5107865895,100
3219,a montalbano,a montalbano,A5107924432,A5107918743,100
3220,a montalbano,a montalbano,A5107924432,A5108112229,100
3221,a montalbano,a montalbano,A5107924432,A5107850321,100
3222,a montalbano,a montalbano,A5107924432,A5107894224,100
3223,a montalbano,a montalbano,A5107924432,A5107887913,100
3224,a montalbano,a montalbano,A5107924432,A5107926874,100
3225,a montalbano,a montalbano,A5107924432,A5105699223,100
3226,a montalbano,a montalbano,A5107924432,A5107892670,100
3227,a montalbano,a montalbano,A5107924432,A5107922261,100
3228,a montalbano,a montalbano,A5107924432,A5105572802,100
3229,a montalbano,a montalbano,A5107924432,A5107447982,100
3230,a montalbano,a montalbano,A5107924432,A5107914183,100
3231,a montalbano,a montalbano,A5107924432,A5107926272,100
3232,a montalbano,a montalbano,A5107924432,A5108136694,100
3233,sarah moreheart,sarah moreheart,A5072579726,A5126423605,100
3234,sarah moreheart,sarah moreheart,A5072579726,A5124008290,100
3235,zarah monfaredi,zarah monfaredi,A5082693605,A5116290710,100
3236,zarah monfaredi,zarah monfaredi,A5082693605,A5129080298,100
3237,d mori,d mori,A5107894807,A5107889212,100
3238,d mori,d mori,A5107894807,A5105541342,100
3239,d mori,d mori,A5107894807,A5107911218,100
3240,d mori,d mori,A5107894807,A5107904919,100
3241,d mori,d mori,A5107894807,A5105543961,100
3242,d mori,d mori,A5107894807,A5105558116,100
3243,m momtahen,m momtahen,A5113723884,A5121033475,100
3244,hadi moeinnia,hadi moeinnia,A5045077630,A5107455661,100
3245,hadi moeinnia,hadi moeinnia,A5045077630,A5126660742,100
3246,a montalbano,a montalbano,A5105565245,A5107880210,100
3247,a montalbano,a montalbano,A5105565245,A5107865895,100
3248,a montalbano,a montalbano,A5105565245,A5107918743,100
3249,a montalbano,a montalbano,A5105565245,A5108112229,100
3250,a montalbano,a montalbano,A5105565245,A5107850321,100
3251,a montalbano,a montalbano,A5105565245,A5107894224,100
3252,a montalbano,a montalbano,A5105565245,A5107887913,100
3253,a montalbano,a montalbano,A5105565245,A5107926874,100
3254,a montalbano,a montalbano,A5105565245,A5105699223,100
3255,a montalbano,a montalbano,A5105565245,A5107892670,100
3256,a montalbano,a montalbano,A5105565245,A5107922261,100
3257,a montalbano,a montalbano,A5105565245,A5105572802,100
3258,a montalbano,a montalbano,A5105565245,A5107447982,100
3259,a montalbano,a montalbano,A5105565245,A5107914183,100
3260,a montalbano,a montalbano,A5105565245,A5107926272,100
3261,a montalbano,a montalbano,A5105565245,A5108136694,100
3262,e monnier,e monnier,A5112630776,A5107913491,100
3263,e monnier,e monnier,A5112630776,A5107918554,100
3264,e monnier,e monnier,A5112630776,A5107905027,100
3265,e monnier,e monnier,A5112630776,A5107378465,100
3266,arne ø mooers,arne ø mooers,A5079835512,A5134296689,100
3267,d mori,d mori,A5107889212,A5105541342,100
3268,d mori,d mori,A5107889212,A5107911218,100
3269,d mori,d mori,A5107889212,A5107904919,100
3270,d mori,d mori,A5107889212,A5105543961,100
3271,d mori,d mori,A5107889212,A5105558116,100
3272,e monnier,e monnier,A5107913491,A5107918554,100
3273,e monnier,e monnier,A5107913491,A5107905027,100
3274,e monnier,e monnier,A5107913491,A5107378465,100
3275,e monnier,e monnier,A5107918554,A5107905027,100
3276,e monnier,e monnier,A5107918554,A5107378465,100
3277,s morgenstern,s morgenstern,A5108113679,A5107890754,100
3278,s morgenstern,s morgenstern,A5108113679,A5107924433,100
3279,d mori,d mori,A5105541342,A5107911218,100
3280,d mori,d mori,A5105541342,A5107904919,100
3281,d mori,d mori,A5105541342,A5105543961,100
3282,d mori,d mori,A5105541342,A5105558116,100
3283,e monnier,e monnier,A5107905027,A5107378465,100
3284,d mori,d mori,A5107911218,A5107904919,100
3285,d mori,d mori,A5107911218,A5105543961,100
3286,d mori,d mori,A5107911218,A5105558116,100
3287,yuzhen mao,yuzhen mao,A5110161050,A5015267334,100
3288,brea mccauley,brea mccauley,A5088750285,A5084315504,100
3289,a montalbano,a montalbano,A5107880210,A5107865895,100
3290,a montalbano,a montalbano,A5107880210,A5107918743,100
3291,a montalbano,a montalbano,A5107880210,A5108112229,100
3292,a montalbano,a montalbano,A5107880210,A5107850321,100
3293,a montalbano,a montalbano,A5107880210,A5107894224,100
3294,a montalbano,a montalbano,A5107880210,A5107887913,100
3295,a montalbano,a montalbano,A5107880210,A5107926874,100
3296,a montalbano,a montalbano,A5107880210,A5105699223,100
3297,a montalbano,a montalbano,A5107880210,A5107892670,100
3298,a montalbano,a montalbano,A5107880210,A5107922261,100
3299,a montalbano,a montalbano,A5107880210,A5105572802,100
3300,a montalbano,a montalbano,A5107880210,A5107447982,100
3301,a montalbano,a montalbano,A5107880210,A5107914183,100
3302,a montalbano,a montalbano,A5107880210,A5107926272,100
3303,a montalbano,a montalbano,A5107880210,A5108136694,100
3304,lilach marom,lilach marom,A5029985194,A5131032010,100
3305,a montalbano,a montalbano,A5107865895,A5107918743,100
3306,a montalbano,a montalbano,A5107865895,A5108112229,100
3307,a montalbano,a montalbano,A5107865895,A5107850321,100
3308,a montalbano,a montalbano,A5107865895,A5107894224,100
3309,a montalbano,a montalbano,A5107865895,A5107887913,100
3310,a montalbano,a montalbano,A5107865895,A5107926874,100
3311,a montalbano,a montalbano,A5107865895,A5105699223,100
3312,a montalbano,a montalbano,A5107865895,A5107892670,100
3313,a montalbano,a montalbano,A5107865895,A5107922261,100
3314,a montalbano,a montalbano,A5107865895,A5105572802,100
3315,a montalbano,a montalbano,A5107865895,A5107447982,100
3316,a montalbano,a montalbano,A5107865895,A5107914183,100
3317,a montalbano,a montalbano,A5107865895,A5107926272,100
3318,a montalbano,a montalbano,A5107865895,A5108136694,100
3319,s morgenstern,s morgenstern,A5107890754,A5107924433,100
3320,a montalbano,a montalbano,A5107918743,A5108112229,100
3321,a montalbano,a montalbano,A5107918743,A5107850321,100
3322,a montalbano,a montalbano,A5107918743,A5107894224,100
3323,a montalbano,a montalbano,A5107918743,A5107887913,100
3324,a montalbano,a montalbano,A5107918743,A5107926874,100
3325,a montalbano,a montalbano,A5107918743,A5105699223,100
3326,a montalbano,a montalbano,A5107918743,A5107892670,100
3327,a montalbano,a montalbano,A5107918743,A5107922261,100
3328,a montalbano,a montalbano,A5107918743,A5105572802,100
3329,a montalbano,a montalbano,A5107918743,A5107447982,100
3330,a montalbano,a montalbano,A5107918743,A5107914183,100
3331,a montalbano,a montalbano,A5107918743,A5107926272,100
3332,a montalbano,a montalbano,A5107918743,A5108136694,100
3333,a montalbano,a montalbano,A5108112229,A5107850321,100
3334,a montalbano,a montalbano,A5108112229,A5107894224,100
3335,a montalbano,a montalbano,A5108112229,A5107887913,100
3336,a montalbano,a montalbano,A5108112229,A5107926874,100
3337,a montalbano,a montalbano,A5108112229,A5105699223,100
3338,a montalbano,a montalbano,A5108112229,A5107892670,100
3339,a montalbano,a montalbano,A5108112229,A5107922261,100
3340,a montalbano,a montalbano,A5108112229,A5105572802,100
3341,a montalbano,a montalbano,A5108112229,A5107447982,100
3342,a montalbano,a montalbano,A5108112229,A5107914183,100
3343,a montalbano,a montalbano,A5108112229,A5107926272,100
3344,a montalbano,a montalbano,A5108112229,A5108136694,100
3345,julia meyers,julia meyers,A5034904626,A5125519001,100
3346,moksh matta,moksh matta,A5058988603,A5009622921,100
3347,moksh matta,moksh matta,A5058988603,A5107125143,100
3348,hang ma,hang ma,A5101484356,A5132636033,100
3349,hang ma,hang ma,A5101484356,A5119019987,100
3350,hang ma,hang ma,A5101484356,A5129941238,100
3351,mpumelelo matse,mpumelelo matse,A5103216472,A5080996848,100
3352,kimberlyn mcgrail,kimberlyn mcgrail,A5111659529,A5133167754,100
3353,a montalbano,a montalbano,A5107850321,A5107894224,100
3354,a montalbano,a montalbano,A5107850321,A5107887913,100
3355,a montalbano,a montalbano,A5107850321,A5107926874,100
3356,a montalbano,a montalbano,A5107850321,A5105699223,100
3357,a montalbano,a montalbano,A5107850321,A5107892670,100
3358,a montalbano,a montalbano,A5107850321,A5107922261,100
3359,a montalbano,a montalbano,A5107850321,A5105572802,100
3360,a montalbano,a montalbano,A5107850321,A5107447982,100
3361,a montalbano,a montalbano,A5107850321,A5107914183,100
3362,a montalbano,a montalbano,A5107850321,A5107926272,100
3363,a montalbano,a montalbano,A5107850321,A5108136694,100
3364,a montalbano,a montalbano,A5107894224,A5107887913,100
3365,a montalbano,a montalbano,A5107894224,A5107926874,100
3366,a montalbano,a montalbano,A5107894224,A5105699223,100
3367,a montalbano,a montalbano,A5107894224,A5107892670,100
3368,a montalbano,a montalbano,A5107894224,A5107922261,100
3369,a montalbano,a montalbano,A5107894224,A5105572802,100
3370,a montalbano,a montalbano,A5107894224,A5107447982,100
3371,a montalbano,a montalbano,A5107894224,A5107914183,100
3372,a montalbano,a montalbano,A5107894224,A5107926272,100
3373,a montalbano,a montalbano,A5107894224,A5108136694,100
3374,d mori,d mori,A5107904919,A5105543961,100
3375,d mori,d mori,A5107904919,A5105558116,100
3376,a montalbano,a montalbano,A5107887913,A5107926874,100
3377,a montalbano,a montalbano,A5107887913,A5105699223,100
3378,a montalbano,a montalbano,A5107887913,A5107892670,100
3379,a montalbano,a montalbano,A5107887913,A5107922261,100
3380,a montalbano,a montalbano,A5107887913,A5105572802,100
3381,a montalbano,a montalbano,A5107887913,A5107447982,100
3382,a montalbano,a montalbano,A5107887913,A5107914183,100
3383,a montalbano,a montalbano,A5107887913,A5107926272,100
3384,a montalbano,a montalbano,A5107887913,A5108136694,100
3385,jennifer mcnichol,jennifer mcnichol,A5004999654,A5116329588,100
3386,jennifer mcnichol,jennifer mcnichol,A5004999654,A5091656619,100
3387,moksh matta,moksh matta,A5009622921,A5107125143,100
3388,a montalbano,a montalbano,A5107926874,A5105699223,100
3389,a montalbano,a montalbano,A5107926874,A5107892670,100
3390,a montalbano,a montalbano,A5107926874,A5107922261,100
3391,a montalbano,a montalbano,A5107926874,A5105572802,100
3392,a montalbano,a montalbano,A5107926874,A5107447982,100
3393,a montalbano,a montalbano,A5107926874,A5107914183,100
3394,a montalbano,a montalbano,A5107926874,A5107926272,100
3395,a montalbano,a montalbano,A5107926874,A5108136694,100
3396,zarah monfaredi,zarah monfaredi,A5116290710,A5129080298,100
3397,jennifer mcnichol,jennifer mcnichol,A5116329588,A5091656619,100
3398,sarah moreheart,sarah moreheart,A5126423605,A5124008290,100
3399,anthony mcintosh,anthony mcintosh,A5126887112,A5126613033,100
3400,anthony mcintosh,anthony mcintosh,A5126887112,A5127144583,100
3401,anthony mcintosh,anthony mcintosh,A5126887112,A5128295159,100
3402,anthony mcintosh,anthony mcintosh,A5126887112,A5128840040,100
3403,megan mattes,megan mattes,A5015536732,A5106771795,100
3404,maryam momtahen,maryam momtahen,A5092009233,A5108845523,100
3405,taylor morphett,taylor morphett,A5019307443,A5115799914,100
3406,tanya macgillivray,tanya macgillivray,A5086901548,A5116343330,100
3407,tanya macgillivray,tanya macgillivray,A5086901548,A5126386572,100
3408,marisa l mylett,marisa l mylett,A5092222185,A5128319381,100
3409,d mori,d mori,A5105543961,A5105558116,100
3410,a montalbano,a montalbano,A5105699223,A5107892670,100
3411,a montalbano,a montalbano,A5105699223,A5107922261,100
3412,a montalbano,a montalbano,A5105699223,A5105572802,100
3413,a montalbano,a montalbano,A5105699223,A5107447982,100
3414,a montalbano,a montalbano,A5105699223,A5107914183,100
3415,a montalbano,a montalbano,A5105699223,A5107926272,100
3416,a montalbano,a montalbano,A5105699223,A5108136694,100
3417,a montalbano,a montalbano,A5107892670,A5107922261,100
3418,a montalbano,a montalbano,A5107892670,A5105572802,100
3419,a montalbano,a montalbano,A5107892670,A5107447982,100
3420,a montalbano,a montalbano,A5107892670,A5107914183,100
3421,a montalbano,a montalbano,A5107892670,A5107926272,100
3422,a montalbano,a montalbano,A5107892670,A5108136694,100
3423,a montalbano,a montalbano,A5107922261,A5105572802,100
3424,a montalbano,a montalbano,A5107922261,A5107447982,100
3425,a montalbano,a montalbano,A5107922261,A5107914183,100
3426,a montalbano,a montalbano,A5107922261,A5107926272,100
3427,a montalbano,a montalbano,A5107922261,A5108136694,100
3428,barbara mitchell,barbara mitchell,A5121873424,A5133530834,100
3429,anthony r mcintosh,anthony r mcintosh,A5126475069,A5124351096,100
3430,anthony r mcintosh,anthony r mcintosh,A5126475069,A5125682967,100
3431,anthony r mcintosh,anthony r mcintosh,A5126475069,A5126659091,100
3432,anthony mcintosh,anthony mcintosh,A5126613033,A5127144583,100
3433,anthony mcintosh,anthony mcintosh,A5126613033,A5128295159,100
3434,anthony mcintosh,anthony mcintosh,A5126613033,A5128840040,100
3435,anthony mcintosh,anthony mcintosh,A5127144583,A5128295159,100
3436,anthony mcintosh,anthony mcintosh,A5127144583,A5128840040,100
3437,anthony mcintosh,anthony mcintosh,A5128295159,A5128840040,100
3438,hang ma,hang ma,A5132636033,A5119019987,100
3439,hang ma,hang ma,A5132636033,A5129941238,100
3440,vicki l marlatt,vicki l marlatt,A5104852963,A5125610648,100
3441,vicki l marlatt,vicki l marlatt,A5104852963,A5133192975,100
3442,a montalbano,a montalbano,A5105572802,A5107447982,100
3443,a montalbano,a montalbano,A5105572802,A5107914183,100
3444,a montalbano,a montalbano,A5105572802,A5107926272,100
3445,a montalbano,a montalbano,A5105572802,A5108136694,100
3446,a montalbano,a montalbano,A5107447982,A5107914183,100
3447,a montalbano,a montalbano,A5107447982,A5107926272,100
3448,a montalbano,a montalbano,A5107447982,A5108136694,100
3449,hadi moeinnia,hadi moeinnia,A5107455661,A5126660742,100
3450,a montalbano,a montalbano,A5107914183,A5107926272,100
3451,a montalbano,a montalbano,A5107914183,A5108136694,100
3452,a montalbano,a montalbano,A5107926272,A5108136694,100
3453,tanya macgillivray,tanya macgillivray,A5116343330,A5126386572,100
3454,cristiano b moura,cristiano b moura,A5116402810,A5117804755,100
3455,hang ma,hang ma,A5119019987,A5129941238,100
3456,anthony r mcintosh,anthony r mcintosh,A5124351096,A5125682967,100
3457,anthony r mcintosh,anthony r mcintosh,A5124351096,A5126659091,100
3458,vicki l marlatt,vicki l marlatt,A5125610648,A5133192975,100
3459,anthony r mcintosh,anthony r mcintosh,A5125682967,A5126659091,100
3460,j van nieuwkoop,j van nieuwkoop,A5109369720,A5107824707,100
3461,bohdan nosyk,bohdan nosyk,A5065274638,A5125945288,100
3462,bohdan nosyk,bohdan nosyk,A5065274638,A5132874031,100
3463,bohdan nosyk,bohdan nosyk,A5065274638,A5133655240,100
3464,bohdan nosyk,bohdan nosyk,A5065274638,A5133876278,100
3465,taco niet,taco niet,A5057582053,A5100495691,100
3466,sean m naman,sean m naman,A5052209678,A5127783701,100
3467,nadine nakamura,nadine nakamura,A5030518189,A5113608019,100
3468,robert neubauer,robert neubauer,A5071424532,A5077222061,100
3469,maziyar nazemi,maziyar nazemi,A5080206380,A5106582466,100
3470,mohammad narimani,mohammad narimani,A5016307441,A5123535621,100
3471,mike nason,mike nason,A5044548229,A5029007290,100
3472,mike nason,mike nason,A5044548229,A5124036180,100
3473,sahand najafpour,sahand najafpour,A5063293678,A5080704096,100
3474,mohammadjavad nouri,mohammadjavad nouri,A5074627917,A5012108073,100
3475,rochelle nocos,rochelle nocos,A5072734864,A5108926989,100
3476,farzad nadiri,farzad nadiri,A5116540484,A5033553628,100
3477,farzad nadiri,farzad nadiri,A5116540484,A5123224158,100
3478,farzad nadiri,farzad nadiri,A5116540484,A5130389842,100
3479,jingzhou na,jingzhou na,A5011630150,A5034622147,100
3480,mike nason,mike nason,A5029007290,A5124036180,100
3481,farzad nadiri,farzad nadiri,A5033553628,A5123224158,100
3482,farzad nadiri,farzad nadiri,A5033553628,A5130389842,100
3483,augustus negraeff,augustus negraeff,A5121308084,A5128948403,100
3484,omar nemir,omar nemir,A5107455662,A5120191926,100
3485,farzad nadiri,farzad nadiri,A5123224158,A5130389842,100
3486,bohdan nosyk,bohdan nosyk,A5125945288,A5132874031,100
3487,bohdan nosyk,bohdan nosyk,A5125945288,A5133655240,100
3488,bohdan nosyk,bohdan nosyk,A5125945288,A5133876278,100
3489,bohdan nosyk,bohdan nosyk,A5132874031,A5133655240,100
3490,bohdan nosyk,bohdan nosyk,A5132874031,A5133876278,100
3491,bohdan nosyk,bohdan nosyk,A5133655240,A5133876278,100
3492,d c o’neil,d c o’neil,A5105299887,A5103713192,100
3493,d c o’neil,d c o’neil,A5105299887,A5107870936,100
3494,d c o’neil,d c o’neil,A5105299887,A5107848785,100
3495,d c o’neil,d c o’neil,A5105299887,A5107879522,100
3496,d c o’neil,d c o’neil,A5105299887,A5107901341,100
3497,d c o’neil,d c o’neil,A5105299887,A5107880326,100
3498,d c o’neil,d c o’neil,A5105299887,A5107879996,100
3499,d c o’neil,d c o’neil,A5105299887,A5105260634,100
3500,d c o’neil,d c o’neil,A5105299887,A5105233945,100
3501,d c o’neil,d c o’neil,A5105299887,A5107849674,100
3502,d c o’neil,d c o’neil,A5105299887,A5107895477,100
3503,d c o’neil,d c o’neil,A5105299887,A5107829324,100
3504,d c o’neil,d c o’neil,A5105299887,A5107852029,100
3505,d c o’neil,d c o’neil,A5105299887,A5107855339,100
3506,d c o’neil,d c o’neil,A5105299887,A5107119196,100
3507,d c o’neil,d c o’neil,A5105299887,A5107918750,100
3508,d c o’neil,d c o’neil,A5105299887,A5107745889,100
3509,d c o’neil,d c o’neil,A5105299887,A5107910797,100
3510,d c o’neil,d c o’neil,A5105299887,A5107924921,100
3511,d c o’neil,d c o’neil,A5105299887,A5107825659,100
3512,d c o’neil,d c o’neil,A5105299887,A5107829480,100
3513,d c o’neil,d c o’neil,A5105299887,A5107745846,100
3514,d c o’neil,d c o’neil,A5105299887,A5107896797,100
3515,d c o’neil,d c o’neil,A5105299887,A5108076753,100
3516,d c o’neil,d c o’neil,A5105299887,A5105634186,100
3517,d c o’neil,d c o’neil,A5105299887,A5105641748,100
3518,d c o’neil,d c o’neil,A5105299887,A5107196339,100
3519,d c o’neil,d c o’neil,A5105299887,A5107894810,100
3520,d c o’neil,d c o’neil,A5105299887,A5107911228,100
3521,d c o’neil,d c o’neil,A5105299887,A5122783229,100
3522,d c o’neil,d c o’neil,A5103713192,A5107870936,100
3523,d c o’neil,d c o’neil,A5103713192,A5107848785,100
3524,d c o’neil,d c o’neil,A5103713192,A5107879522,100
3525,d c o’neil,d c o’neil,A5103713192,A5107901341,100
3526,d c o’neil,d c o’neil,A5103713192,A5107880326,100
3527,d c o’neil,d c o’neil,A5103713192,A5107879996,100
3528,d c o’neil,d c o’neil,A5103713192,A5105260634,100
3529,d c o’neil,d c o’neil,A5103713192,A5105233945,100
3530,d c o’neil,d c o’neil,A5103713192,A5107849674,100
3531,d c o’neil,d c o’neil,A5103713192,A5107895477,100
3532,d c o’neil,d c o’neil,A5103713192,A5107829324,100
3533,d c o’neil,d c o’neil,A5103713192,A5107852029,100
3534,d c o’neil,d c o’neil,A5103713192,A5107855339,100
3535,d c o’neil,d c o’neil,A5103713192,A5107119196,100
3536,d c o’neil,d c o’neil,A5103713192,A5107918750,100
3537,d c o’neil,d c o’neil,A5103713192,A5107745889,100
3538,d c o’neil,d c o’neil,A5103713192,A5107910797,100
3539,d c o’neil,d c o’neil,A5103713192,A5107924921,100
3540,d c o’neil,d c o’neil,A5103713192,A5107825659,100
3541,d c o’neil,d c o’neil,A5103713192,A5107829480,100
3542,d c o’neil,d c o’neil,A5103713192,A5107745846,100
3543,d c o’neil,d c o’neil,A5103713192,A5107896797,100
3544,d c o’neil,d c o’neil,A5103713192,A5108076753,100
3545,d c o’neil,d c o’neil,A5103713192,A5105634186,100
3546,d c o’neil,d c o’neil,A5103713192,A5105641748,100
3547,d c o’neil,d c o’neil,A5103713192,A5107196339,100
3548,d c o’neil,d c o’neil,A5103713192,A5107894810,100
3549,d c o’neil,d c o’neil,A5103713192,A5107911228,100
3550,d c o’neil,d c o’neil,A5103713192,A5122783229,100
3551,j f ogilvie,j f ogilvie,A5023738667,A5024626708,100
3552,j f ogilvie,j f ogilvie,A5023738667,A5051792332,100
3553,d c o’neil,d c o’neil,A5107870936,A5107848785,100
3554,d c o’neil,d c o’neil,A5107870936,A5107879522,100
3555,d c o’neil,d c o’neil,A5107870936,A5107901341,100
3556,d c o’neil,d c o’neil,A5107870936,A5107880326,100
3557,d c o’neil,d c o’neil,A5107870936,A5107879996,100
3558,d c o’neil,d c o’neil,A5107870936,A5105260634,100
3559,d c o’neil,d c o’neil,A5107870936,A5105233945,100
3560,d c o’neil,d c o’neil,A5107870936,A5107849674,100
3561,d c o’neil,d c o’neil,A5107870936,A5107895477,100
3562,d c o’neil,d c o’neil,A5107870936,A5107829324,100
3563,d c o’neil,d c o’neil,A5107870936,A5107852029,100
3564,d c o’neil,d c o’neil,A5107870936,A5107855339,100
3565,d c o’neil,d c o’neil,A5107870936,A5107119196,100
3566,d c o’neil,d c o’neil,A5107870936,A5107918750,100
3567,d c o’neil,d c o’neil,A5107870936,A5107745889,100
3568,d c o’neil,d c o’neil,A5107870936,A5107910797,100
3569,d c o’neil,d c o’neil,A5107870936,A5107924921,100
3570,d c o’neil,d c o’neil,A5107870936,A5107825659,100
3571,d c o’neil,d c o’neil,A5107870936,A5107829480,100
3572,d c o’neil,d c o’neil,A5107870936,A5107745846,100
3573,d c o’neil,d c o’neil,A5107870936,A5107896797,100
3574,d c o’neil,d c o’neil,A5107870936,A5108076753,100
3575,d c o’neil,d c o’neil,A5107870936,A5105634186,100
3576,d c o’neil,d c o’neil,A5107870936,A5105641748,100
3577,d c o’neil,d c o’neil,A5107870936,A5107196339,100
3578,d c o’neil,d c o’neil,A5107870936,A5107894810,100
3579,d c o’neil,d c o’neil,A5107870936,A5107911228,100
3580,d c o’neil,d c o’neil,A5107870936,A5122783229,100
3581,k o’connor,k o’connor,A5052731325,A5107907718,100
3582,d c o’neil,d c o’neil,A5107848785,A5107879522,100
3583,d c o’neil,d c o’neil,A5107848785,A5107901341,100
3584,d c o’neil,d c o’neil,A5107848785,A5107880326,100
3585,d c o’neil,d c o’neil,A5107848785,A5107879996,100
3586,d c o’neil,d c o’neil,A5107848785,A5105260634,100
3587,d c o’neil,d c o’neil,A5107848785,A5105233945,100
3588,d c o’neil,d c o’neil,A5107848785,A5107849674,100
3589,d c o’neil,d c o’neil,A5107848785,A5107895477,100
3590,d c o’neil,d c o’neil,A5107848785,A5107829324,100
3591,d c o’neil,d c o’neil,A5107848785,A5107852029,100
3592,d c o’neil,d c o’neil,A5107848785,A5107855339,100
3593,d c o’neil,d c o’neil,A5107848785,A5107119196,100
3594,d c o’neil,d c o’neil,A5107848785,A5107918750,100
3595,d c o’neil,d c o’neil,A5107848785,A5107745889,100
3596,d c o’neil,d c o’neil,A5107848785,A5107910797,100
3597,d c o’neil,d c o’neil,A5107848785,A5107924921,100
3598,d c o’neil,d c o’neil,A5107848785,A5107825659,100
3599,d c o’neil,d c o’neil,A5107848785,A5107829480,100
3600,d c o’neil,d c o’neil,A5107848785,A5107745846,100
3601,d c o’neil,d c o’neil,A5107848785,A5107896797,100
3602,d c o’neil,d c o’neil,A5107848785,A5108076753,100
3603,d c o’neil,d c o’neil,A5107848785,A5105634186,100
3604,d c o’neil,d c o’neil,A5107848785,A5105641748,100
3605,d c o’neil,d c o’neil,A5107848785,A5107196339,100
3606,d c o’neil,d c o’neil,A5107848785,A5107894810,100
3607,d c o’neil,d c o’neil,A5107848785,A5107911228,100
3608,d c o’neil,d c o’neil,A5107848785,A5122783229,100
3609,john o’neil,john o’neil,A5081310851,A5125705386,100
3610,d c o’neil,d c o’neil,A5107879522,A5107901341,100
3611,d c o’neil,d c o’neil,A5107879522,A5107880326,100
3612,d c o’neil,d c o’neil,A5107879522,A5107879996,100
3613,d c o’neil,d c o’neil,A5107879522,A5105260634,100
3614,d c o’neil,d c o’neil,A5107879522,A5105233945,100
3615,d c o’neil,d c o’neil,A5107879522,A5107849674,100
3616,d c o’neil,d c o’neil,A5107879522,A5107895477,100
3617,d c o’neil,d c o’neil,A5107879522,A5107829324,100
3618,d c o’neil,d c o’neil,A5107879522,A5107852029,100
3619,d c o’neil,d c o’neil,A5107879522,A5107855339,100
3620,d c o’neil,d c o’neil,A5107879522,A5107119196,100
3621,d c o’neil,d c o’neil,A5107879522,A5107918750,100
3622,d c o’neil,d c o’neil,A5107879522,A5107745889,100
3623,d c o’neil,d c o’neil,A5107879522,A5107910797,100
3624,d c o’neil,d c o’neil,A5107879522,A5107924921,100
3625,d c o’neil,d c o’neil,A5107879522,A5107825659,100
3626,d c o’neil,d c o’neil,A5107879522,A5107829480,100
3627,d c o’neil,d c o’neil,A5107879522,A5107745846,100
3628,d c o’neil,d c o’neil,A5107879522,A5107896797,100
3629,d c o’neil,d c o’neil,A5107879522,A5108076753,100
3630,d c o’neil,d c o’neil,A5107879522,A5105634186,100
3631,d c o’neil,d c o’neil,A5107879522,A5105641748,100
3632,d c o’neil,d c o’neil,A5107879522,A5107196339,100
3633,d c o’neil,d c o’neil,A5107879522,A5107894810,100
3634,d c o’neil,d c o’neil,A5107879522,A5107911228,100
3635,d c o’neil,d c o’neil,A5107879522,A5122783229,100
3636,d c o’neil,d c o’neil,A5107901341,A5107880326,100
3637,d c o’neil,d c o’neil,A5107901341,A5107879996,100
3638,d c o’neil,d c o’neil,A5107901341,A5105260634,100
3639,d c o’neil,d c o’neil,A5107901341,A5105233945,100
3640,d c o’neil,d c o’neil,A5107901341,A5107849674,100
3641,d c o’neil,d c o’neil,A5107901341,A5107895477,100
3642,d c o’neil,d c o’neil,A5107901341,A5107829324,100
3643,d c o’neil,d c o’neil,A5107901341,A5107852029,100
3644,d c o’neil,d c o’neil,A5107901341,A5107855339,100
3645,d c o’neil,d c o’neil,A5107901341,A5107119196,100
3646,d c o’neil,d c o’neil,A5107901341,A5107918750,100
3647,d c o’neil,d c o’neil,A5107901341,A5107745889,100
3648,d c o’neil,d c o’neil,A5107901341,A5107910797,100
3649,d c o’neil,d c o’neil,A5107901341,A5107924921,100
3650,d c o’neil,d c o’neil,A5107901341,A5107825659,100
3651,d c o’neil,d c o’neil,A5107901341,A5107829480,100
3652,d c o’neil,d c o’neil,A5107901341,A5107745846,100
3653,d c o’neil,d c o’neil,A5107901341,A5107896797,100
3654,d c o’neil,d c o’neil,A5107901341,A5108076753,100
3655,d c o’neil,d c o’neil,A5107901341,A5105634186,100
3656,d c o’neil,d c o’neil,A5107901341,A5105641748,100
3657,d c o’neil,d c o’neil,A5107901341,A5107196339,100
3658,d c o’neil,d c o’neil,A5107901341,A5107894810,100
3659,d c o’neil,d c o’neil,A5107901341,A5107911228,100
3660,d c o’neil,d c o’neil,A5107901341,A5122783229,100
3661,v o’shea,v o’shea,A5105528591,A5107896862,100
3662,katherine a o’donnell,katherine a o’donnell,A5103123102,A5103744218,100
3663,dc oneil,dc oneil,A5045650275,A5107851672,100
3664,dc oneil,dc oneil,A5045650275,A5109394000,100
3665,dc oneil,dc oneil,A5045650275,A5107910498,100
3666,d c o’neil,d c o’neil,A5107880326,A5107879996,100
3667,d c o’neil,d c o’neil,A5107880326,A5105260634,100
3668,d c o’neil,d c o’neil,A5107880326,A5105233945,100
3669,d c o’neil,d c o’neil,A5107880326,A5107849674,100
3670,d c o’neil,d c o’neil,A5107880326,A5107895477,100
3671,d c o’neil,d c o’neil,A5107880326,A5107829324,100
3672,d c o’neil,d c o’neil,A5107880326,A5107852029,100
3673,d c o’neil,d c o’neil,A5107880326,A5107855339,100
3674,d c o’neil,d c o’neil,A5107880326,A5107119196,100
3675,d c o’neil,d c o’neil,A5107880326,A5107918750,100
3676,d c o’neil,d c o’neil,A5107880326,A5107745889,100
3677,d c o’neil,d c o’neil,A5107880326,A5107910797,100
3678,d c o’neil,d c o’neil,A5107880326,A5107924921,100
3679,d c o’neil,d c o’neil,A5107880326,A5107825659,100
3680,d c o’neil,d c o’neil,A5107880326,A5107829480,100
3681,d c o’neil,d c o’neil,A5107880326,A5107745846,100
3682,d c o’neil,d c o’neil,A5107880326,A5107896797,100
3683,d c o’neil,d c o’neil,A5107880326,A5108076753,100
3684,d c o’neil,d c o’neil,A5107880326,A5105634186,100
3685,d c o’neil,d c o’neil,A5107880326,A5105641748,100
3686,d c o’neil,d c o’neil,A5107880326,A5107196339,100
3687,d c o’neil,d c o’neil,A5107880326,A5107894810,100
3688,d c o’neil,d c o’neil,A5107880326,A5107911228,100
3689,d c o’neil,d c o’neil,A5107880326,A5122783229,100
3690,dc oneil,dc oneil,A5107851672,A5109394000,100
3691,dc oneil,dc oneil,A5107851672,A5107910498,100
3692,d c o’neil,d c o’neil,A5107879996,A5105260634,100
3693,d c o’neil,d c o’neil,A5107879996,A5105233945,100
3694,d c o’neil,d c o’neil,A5107879996,A5107849674,100
3695,d c o’neil,d c o’neil,A5107879996,A5107895477,100
3696,d c o’neil,d c o’neil,A5107879996,A5107829324,100
3697,d c o’neil,d c o’neil,A5107879996,A5107852029,100
3698,d c o’neil,d c o’neil,A5107879996,A5107855339,100
3699,d c o’neil,d c o’neil,A5107879996,A5107119196,100
3700,d c o’neil,d c o’neil,A5107879996,A5107918750,100
3701,d c o’neil,d c o’neil,A5107879996,A5107745889,100
3702,d c o’neil,d c o’neil,A5107879996,A5107910797,100
3703,d c o’neil,d c o’neil,A5107879996,A5107924921,100
3704,d c o’neil,d c o’neil,A5107879996,A5107825659,100
3705,d c o’neil,d c o’neil,A5107879996,A5107829480,100
3706,d c o’neil,d c o’neil,A5107879996,A5107745846,100
3707,d c o’neil,d c o’neil,A5107879996,A5107896797,100
3708,d c o’neil,d c o’neil,A5107879996,A5108076753,100
3709,d c o’neil,d c o’neil,A5107879996,A5105634186,100
3710,d c o’neil,d c o’neil,A5107879996,A5105641748,100
3711,d c o’neil,d c o’neil,A5107879996,A5107196339,100
3712,d c o’neil,d c o’neil,A5107879996,A5107894810,100
3713,d c o’neil,d c o’neil,A5107879996,A5107911228,100
3714,d c o’neil,d c o’neil,A5107879996,A5122783229,100
3715,d c o’neil,d c o’neil,A5105260634,A5105233945,100
3716,d c o’neil,d c o’neil,A5105260634,A5107849674,100
3717,d c o’neil,d c o’neil,A5105260634,A5107895477,100
3718,d c o’neil,d c o’neil,A5105260634,A5107829324,100
3719,d c o’neil,d c o’neil,A5105260634,A5107852029,100
3720,d c o’neil,d c o’neil,A5105260634,A5107855339,100
3721,d c o’neil,d c o’neil,A5105260634,A5107119196,100
3722,d c o’neil,d c o’neil,A5105260634,A5107918750,100
3723,d c o’neil,d c o’neil,A5105260634,A5107745889,100
3724,d c o’neil,d c o’neil,A5105260634,A5107910797,100
3725,d c o’neil,d c o’neil,A5105260634,A5107924921,100
3726,d c o’neil,d c o’neil,A5105260634,A5107825659,100
3727,d c o’neil,d c o’neil,A5105260634,A5107829480,100
3728,d c o’neil,d c o’neil,A5105260634,A5107745846,100
3729,d c o’neil,d c o’neil,A5105260634,A5107896797,100
3730,d c o’neil,d c o’neil,A5105260634,A5108076753,100
3731,d c o’neil,d c o’neil,A5105260634,A5105634186,100
3732,d c o’neil,d c o’neil,A5105260634,A5105641748,100
3733,d c o’neil,d c o’neil,A5105260634,A5107196339,100
3734,d c o’neil,d c o’neil,A5105260634,A5107894810,100
3735,d c o’neil,d c o’neil,A5105260634,A5107911228,100
3736,d c o’neil,d c o’neil,A5105260634,A5122783229,100
3737,d c o’neil,d c o’neil,A5105233945,A5107849674,100
3738,d c o’neil,d c o’neil,A5105233945,A5107895477,100
3739,d c o’neil,d c o’neil,A5105233945,A5107829324,100
3740,d c o’neil,d c o’neil,A5105233945,A5107852029,100
3741,d c o’neil,d c o’neil,A5105233945,A5107855339,100
3742,d c o’neil,d c o’neil,A5105233945,A5107119196,100
3743,d c o’neil,d c o’neil,A5105233945,A5107918750,100
3744,d c o’neil,d c o’neil,A5105233945,A5107745889,100
3745,d c o’neil,d c o’neil,A5105233945,A5107910797,100
3746,d c o’neil,d c o’neil,A5105233945,A5107924921,100
3747,d c o’neil,d c o’neil,A5105233945,A5107825659,100
3748,d c o’neil,d c o’neil,A5105233945,A5107829480,100
3749,d c o’neil,d c o’neil,A5105233945,A5107745846,100
3750,d c o’neil,d c o’neil,A5105233945,A5107896797,100
3751,d c o’neil,d c o’neil,A5105233945,A5108076753,100
3752,d c o’neil,d c o’neil,A5105233945,A5105634186,100
3753,d c o’neil,d c o’neil,A5105233945,A5105641748,100
3754,d c o’neil,d c o’neil,A5105233945,A5107196339,100
3755,d c o’neil,d c o’neil,A5105233945,A5107894810,100
3756,d c o’neil,d c o’neil,A5105233945,A5107911228,100
3757,d c o’neil,d c o’neil,A5105233945,A5122783229,100
3758,d c o’neil,d c o’neil,A5107849674,A5107895477,100
3759,d c o’neil,d c o’neil,A5107849674,A5107829324,100
3760,d c o’neil,d c o’neil,A5107849674,A5107852029,100
3761,d c o’neil,d c o’neil,A5107849674,A5107855339,100
3762,d c o’neil,d c o’neil,A5107849674,A5107119196,100
3763,d c o’neil,d c o’neil,A5107849674,A5107918750,100
3764,d c o’neil,d c o’neil,A5107849674,A5107745889,100
3765,d c o’neil,d c o’neil,A5107849674,A5107910797,100
3766,d c o’neil,d c o’neil,A5107849674,A5107924921,100
3767,d c o’neil,d c o’neil,A5107849674,A5107825659,100
3768,d c o’neil,d c o’neil,A5107849674,A5107829480,100
3769,d c o’neil,d c o’neil,A5107849674,A5107745846,100
3770,d c o’neil,d c o’neil,A5107849674,A5107896797,100
3771,d c o’neil,d c o’neil,A5107849674,A5108076753,100
3772,d c o’neil,d c o’neil,A5107849674,A5105634186,100
3773,d c o’neil,d c o’neil,A5107849674,A5105641748,100
3774,d c o’neil,d c o’neil,A5107849674,A5107196339,100
3775,d c o’neil,d c o’neil,A5107849674,A5107894810,100
3776,d c o’neil,d c o’neil,A5107849674,A5107911228,100
3777,d c o’neil,d c o’neil,A5107849674,A5122783229,100
3778,dc oneil,dc oneil,A5109394000,A5107910498,100
3779,d c o’neil,d c o’neil,A5107895477,A5107829324,100
3780,d c o’neil,d c o’neil,A5107895477,A5107852029,100
3781,d c o’neil,d c o’neil,A5107895477,A5107855339,100
3782,d c o’neil,d c o’neil,A5107895477,A5107119196,100
3783,d c o’neil,d c o’neil,A5107895477,A5107918750,100
3784,d c o’neil,d c o’neil,A5107895477,A5107745889,100
3785,d c o’neil,d c o’neil,A5107895477,A5107910797,100
3786,d c o’neil,d c o’neil,A5107895477,A5107924921,100
3787,d c o’neil,d c o’neil,A5107895477,A5107825659,100
3788,d c o’neil,d c o’neil,A5107895477,A5107829480,100
3789,d c o’neil,d c o’neil,A5107895477,A5107745846,100
3790,d c o’neil,d c o’neil,A5107895477,A5107896797,100
3791,d c o’neil,d c o’neil,A5107895477,A5108076753,100
3792,d c o’neil,d c o’neil,A5107895477,A5105634186,100
3793,d c o’neil,d c o’neil,A5107895477,A5105641748,100
3794,d c o’neil,d c o’neil,A5107895477,A5107196339,100
3795,d c o’neil,d c o’neil,A5107895477,A5107894810,100
3796,d c o’neil,d c o’neil,A5107895477,A5107911228,100
3797,d c o’neil,d c o’neil,A5107895477,A5122783229,100
3798,d c o’neil,d c o’neil,A5107829324,A5107852029,100
3799,d c o’neil,d c o’neil,A5107829324,A5107855339,100
3800,d c o’neil,d c o’neil,A5107829324,A5107119196,100
3801,d c o’neil,d c o’neil,A5107829324,A5107918750,100
3802,d c o’neil,d c o’neil,A5107829324,A5107745889,100
3803,d c o’neil,d c o’neil,A5107829324,A5107910797,100
3804,d c o’neil,d c o’neil,A5107829324,A5107924921,100
3805,d c o’neil,d c o’neil,A5107829324,A5107825659,100
3806,d c o’neil,d c o’neil,A5107829324,A5107829480,100
3807,d c o’neil,d c o’neil,A5107829324,A5107745846,100
3808,d c o’neil,d c o’neil,A5107829324,A5107896797,100
3809,d c o’neil,d c o’neil,A5107829324,A5108076753,100
3810,d c o’neil,d c o’neil,A5107829324,A5105634186,100
3811,d c o’neil,d c o’neil,A5107829324,A5105641748,100
3812,d c o’neil,d c o’neil,A5107829324,A5107196339,100
3813,d c o’neil,d c o’neil,A5107829324,A5107894810,100
3814,d c o’neil,d c o’neil,A5107829324,A5107911228,100
3815,d c o’neil,d c o’neil,A5107829324,A5122783229,100
3816,d c o’neil,d c o’neil,A5107852029,A5107855339,100
3817,d c o’neil,d c o’neil,A5107852029,A5107119196,100
3818,d c o’neil,d c o’neil,A5107852029,A5107918750,100
3819,d c o’neil,d c o’neil,A5107852029,A5107745889,100
3820,d c o’neil,d c o’neil,A5107852029,A5107910797,100
3821,d c o’neil,d c o’neil,A5107852029,A5107924921,100
3822,d c o’neil,d c o’neil,A5107852029,A5107825659,100
3823,d c o’neil,d c o’neil,A5107852029,A5107829480,100
3824,d c o’neil,d c o’neil,A5107852029,A5107745846,100
3825,d c o’neil,d c o’neil,A5107852029,A5107896797,100
3826,d c o’neil,d c o’neil,A5107852029,A5108076753,100
3827,d c o’neil,d c o’neil,A5107852029,A5105634186,100
3828,d c o’neil,d c o’neil,A5107852029,A5105641748,100
3829,d c o’neil,d c o’neil,A5107852029,A5107196339,100
3830,d c o’neil,d c o’neil,A5107852029,A5107894810,100
3831,d c o’neil,d c o’neil,A5107852029,A5107911228,100
3832,d c o’neil,d c o’neil,A5107852029,A5122783229,100
3833,d c o’neil,d c o’neil,A5107855339,A5107119196,100
3834,d c o’neil,d c o’neil,A5107855339,A5107918750,100
3835,d c o’neil,d c o’neil,A5107855339,A5107745889,100
3836,d c o’neil,d c o’neil,A5107855339,A5107910797,100
3837,d c o’neil,d c o’neil,A5107855339,A5107924921,100
3838,d c o’neil,d c o’neil,A5107855339,A5107825659,100
3839,d c o’neil,d c o’neil,A5107855339,A5107829480,100
3840,d c o’neil,d c o’neil,A5107855339,A5107745846,100
3841,d c o’neil,d c o’neil,A5107855339,A5107896797,100
3842,d c o’neil,d c o’neil,A5107855339,A5108076753,100
3843,d c o’neil,d c o’neil,A5107855339,A5105634186,100
3844,d c o’neil,d c o’neil,A5107855339,A5105641748,100
3845,d c o’neil,d c o’neil,A5107855339,A5107196339,100
3846,d c o’neil,d c o’neil,A5107855339,A5107894810,100
3847,d c o’neil,d c o’neil,A5107855339,A5107911228,100
3848,d c o’neil,d c o’neil,A5107855339,A5122783229,100
3849,d c o’neil,d c o’neil,A5107119196,A5107918750,100
3850,d c o’neil,d c o’neil,A5107119196,A5107745889,100
3851,d c o’neil,d c o’neil,A5107119196,A5107910797,100
3852,d c o’neil,d c o’neil,A5107119196,A5107924921,100
3853,d c o’neil,d c o’neil,A5107119196,A5107825659,100
3854,d c o’neil,d c o’neil,A5107119196,A5107829480,100
3855,d c o’neil,d c o’neil,A5107119196,A5107745846,100
3856,d c o’neil,d c o’neil,A5107119196,A5107896797,100
3857,d c o’neil,d c o’neil,A5107119196,A5108076753,100
3858,d c o’neil,d c o’neil,A5107119196,A5105634186,100
3859,d c o’neil,d c o’neil,A5107119196,A5105641748,100
3860,d c o’neil,d c o’neil,A5107119196,A5107196339,100
3861,d c o’neil,d c o’neil,A5107119196,A5107894810,100
3862,d c o’neil,d c o’neil,A5107119196,A5107911228,100
3863,d c o’neil,d c o’neil,A5107119196,A5122783229,100
3864,d c o’neil,d c o’neil,A5107918750,A5107745889,100
3865,d c o’neil,d c o’neil,A5107918750,A5107910797,100
3866,d c o’neil,d c o’neil,A5107918750,A5107924921,100
3867,d c o’neil,d c o’neil,A5107918750,A5107825659,100
3868,d c o’neil,d c o’neil,A5107918750,A5107829480,100
3869,d c o’neil,d c o’neil,A5107918750,A5107745846,100
3870,d c o’neil,d c o’neil,A5107918750,A5107896797,100
3871,d c o’neil,d c o’neil,A5107918750,A5108076753,100
3872,d c o’neil,d c o’neil,A5107918750,A5105634186,100
3873,d c o’neil,d c o’neil,A5107918750,A5105641748,100
3874,d c o’neil,d c o’neil,A5107918750,A5107196339,100
3875,d c o’neil,d c o’neil,A5107918750,A5107894810,100
3876,d c o’neil,d c o’neil,A5107918750,A5107911228,100
3877,d c o’neil,d c o’neil,A5107918750,A5122783229,100
3878,d c o’neil,d c o’neil,A5107745889,A5107910797,100
3879,d c o’neil,d c o’neil,A5107745889,A5107924921,100
3880,d c o’neil,d c o’neil,A5107745889,A5107825659,100
3881,d c o’neil,d c o’neil,A5107745889,A5107829480,100
3882,d c o’neil,d c o’neil,A5107745889,A5107745846,100
3883,d c o’neil,d c o’neil,A5107745889,A5107896797,100
3884,d c o’neil,d c o’neil,A5107745889,A5108076753,100
3885,d c o’neil,d c o’neil,A5107745889,A5105634186,100
3886,d c o’neil,d c o’neil,A5107745889,A5105641748,100
3887,d c o’neil,d c o’neil,A5107745889,A5107196339,100
3888,d c o’neil,d c o’neil,A5107745889,A5107894810,100
3889,d c o’neil,d c o’neil,A5107745889,A5107911228,100
3890,d c o’neil,d c o’neil,A5107745889,A5122783229,100
3891,d c o’neil,d c o’neil,A5107910797,A5107924921,100
3892,d c o’neil,d c o’neil,A5107910797,A5107825659,100
3893,d c o’neil,d c o’neil,A5107910797,A5107829480,100
3894,d c o’neil,d c o’neil,A5107910797,A5107745846,100
3895,d c o’neil,d c o’neil,A5107910797,A5107896797,100
3896,d c o’neil,d c o’neil,A5107910797,A5108076753,100
3897,d c o’neil,d c o’neil,A5107910797,A5105634186,100
3898,d c o’neil,d c o’neil,A5107910797,A5105641748,100
3899,d c o’neil,d c o’neil,A5107910797,A5107196339,100
3900,d c o’neil,d c o’neil,A5107910797,A5107894810,100
3901,d c o’neil,d c o’neil,A5107910797,A5107911228,100
3902,d c o’neil,d c o’neil,A5107910797,A5122783229,100
3903,j f ogilvie,j f ogilvie,A5024626708,A5051792332,100
3904,denise oleksijczuk,denise oleksijczuk,A5034368663,A5069200251,100
3905,d c o’neil,d c o’neil,A5107924921,A5107825659,100
3906,d c o’neil,d c o’neil,A5107924921,A5107829480,100
3907,d c o’neil,d c o’neil,A5107924921,A5107745846,100
3908,d c o’neil,d c o’neil,A5107924921,A5107896797,100
3909,d c o’neil,d c o’neil,A5107924921,A5108076753,100
3910,d c o’neil,d c o’neil,A5107924921,A5105634186,100
3911,d c o’neil,d c o’neil,A5107924921,A5105641748,100
3912,d c o’neil,d c o’neil,A5107924921,A5107196339,100
3913,d c o’neil,d c o’neil,A5107924921,A5107894810,100
3914,d c o’neil,d c o’neil,A5107924921,A5107911228,100
3915,d c o’neil,d c o’neil,A5107924921,A5122783229,100
3916,numaira obaid,numaira obaid,A5092102003,A5092063569,100
3917,numaira obaid,numaira obaid,A5092102003,A5130253254,100
3918,numaira obaid,numaira obaid,A5092102003,A5125099104,100
3919,numaira obaid,numaira obaid,A5092063569,A5130253254,100
3920,numaira obaid,numaira obaid,A5092063569,A5125099104,100
3921,d c o’neil,d c o’neil,A5107825659,A5107829480,100
3922,d c o’neil,d c o’neil,A5107825659,A5107745846,100
3923,d c o’neil,d c o’neil,A5107825659,A5107896797,100
3924,d c o’neil,d c o’neil,A5107825659,A5108076753,100
3925,d c o’neil,d c o’neil,A5107825659,A5105634186,100
3926,d c o’neil,d c o’neil,A5107825659,A5105641748,100
3927,d c o’neil,d c o’neil,A5107825659,A5107196339,100
3928,d c o’neil,d c o’neil,A5107825659,A5107894810,100
3929,d c o’neil,d c o’neil,A5107825659,A5107911228,100
3930,d c o’neil,d c o’neil,A5107825659,A5122783229,100
3931,d c o’neil,d c o’neil,A5107829480,A5107745846,100
3932,d c o’neil,d c o’neil,A5107829480,A5107896797,100
3933,d c o’neil,d c o’neil,A5107829480,A5108076753,100
3934,d c o’neil,d c o’neil,A5107829480,A5105634186,100
3935,d c o’neil,d c o’neil,A5107829480,A5105641748,100
3936,d c o’neil,d c o’neil,A5107829480,A5107196339,100
3937,d c o’neil,d c o’neil,A5107829480,A5107894810,100
3938,d c o’neil,d c o’neil,A5107829480,A5107911228,100
3939,d c o’neil,d c o’neil,A5107829480,A5122783229,100
3940,micheal obakhavbaye,micheal obakhavbaye,A5093430415,A5107616604,100
3941,micheal obakhavbaye,micheal obakhavbaye,A5093430415,A5116184656,100
3942,d c o’neil,d c o’neil,A5107745846,A5107896797,100
3943,d c o’neil,d c o’neil,A5107745846,A5108076753,100
3944,d c o’neil,d c o’neil,A5107745846,A5105634186,100
3945,d c o’neil,d c o’neil,A5107745846,A5105641748,100
3946,d c o’neil,d c o’neil,A5107745846,A5107196339,100
3947,d c o’neil,d c o’neil,A5107745846,A5107894810,100
3948,d c o’neil,d c o’neil,A5107745846,A5107911228,100
3949,d c o’neil,d c o’neil,A5107745846,A5122783229,100
3950,d c o’neil,d c o’neil,A5107896797,A5108076753,100
3951,d c o’neil,d c o’neil,A5107896797,A5105634186,100
3952,d c o’neil,d c o’neil,A5107896797,A5105641748,100
3953,d c o’neil,d c o’neil,A5107896797,A5107196339,100
3954,d c o’neil,d c o’neil,A5107896797,A5107894810,100
3955,d c o’neil,d c o’neil,A5107896797,A5107911228,100
3956,d c o’neil,d c o’neil,A5107896797,A5122783229,100
3957,d c o’neil,d c o’neil,A5108076753,A5105634186,100
3958,d c o’neil,d c o’neil,A5108076753,A5105641748,100
3959,d c o’neil,d c o’neil,A5108076753,A5107196339,100
3960,d c o’neil,d c o’neil,A5108076753,A5107894810,100
3961,d c o’neil,d c o’neil,A5108076753,A5107911228,100
3962,d c o’neil,d c o’neil,A5108076753,A5122783229,100
3963,numaira obaid,numaira obaid,A5130253254,A5125099104,100
3964,d c o’neil,d c o’neil,A5105634186,A5105641748,100
3965,d c o’neil,d c o’neil,A5105634186,A5107196339,100
3966,d c o’neil,d c o’neil,A5105634186,A5107894810,100
3967,d c o’neil,d c o’neil,A5105634186,A5107911228,100
3968,d c o’neil,d c o’neil,A5105634186,A5122783229,100
3969,d c o’neil,d c o’neil,A5105641748,A5107196339,100
3970,d c o’neil,d c o’neil,A5105641748,A5107894810,100
3971,d c o’neil,d c o’neil,A5105641748,A5107911228,100
3972,d c o’neil,d c o’neil,A5105641748,A5122783229,100
3973,d c o’neil,d c o’neil,A5107196339,A5107894810,100
3974,d c o’neil,d c o’neil,A5107196339,A5107911228,100
3975,d c o’neil,d c o’neil,A5107196339,A5122783229,100
3976,micheal obakhavbaye,micheal obakhavbaye,A5107616604,A5116184656,100
3977,d c o’neil,d c o’neil,A5107894810,A5107911228,100
3978,d c o’neil,d c o’neil,A5107894810,A5122783229,100
3979,d c o’neil,d c o’neil,A5107911228,A5122783229,100
3980,g polesello,g polesello,A5105510444,A5107860245,100
3981,g polesello,g polesello,A5105510444,A5113655300,100
3982,g polesello,g polesello,A5105510444,A5025725148,100
3983,g polesello,g polesello,A5105510444,A5107831967,100
3984,g polesello,g polesello,A5105510444,A5107893844,100
3985,g polesello,g polesello,A5105510444,A5107909902,100
3986,g polesello,g polesello,A5105510444,A5107884430,100
3987,g polesello,g polesello,A5105510444,A5105842945,100
3988,g polesello,g polesello,A5105510444,A5107865902,100
3989,g polesello,g polesello,A5105510444,A5107897145,100
3990,g polesello,g polesello,A5105510444,A5105625704,100
3991,g polesello,g polesello,A5105510444,A5105708501,100
3992,g polesello,g polesello,A5105510444,A5107382445,100
3993,david a patterson,david a patterson,A5077202069,A5101927146,100
3994,david a patterson,david a patterson,A5077202069,A5106945064,100
3995,david a patterson,david a patterson,A5077202069,A5134610710,100
3996,leyland pitt,leyland pitt,A5001700317,A5110541560,100
3997,leyland pitt,leyland pitt,A5001700317,A5121012123,100
3998,a poley,a poley,A5105504768,A5107858165,100
3999,a poley,a poley,A5105504768,A5113849228,100
4000,a poley,a poley,A5105504768,A5107881315,100
4001,a poley,a poley,A5105504768,A5107878315,100
4002,a poley,a poley,A5105504768,A5107894245,100
4003,a poley,a poley,A5105504768,A5107897146,100
4004,a poley,a poley,A5105504768,A5107887329,100
4005,a poley,a poley,A5105504768,A5107915340,100
4006,a poley,a poley,A5105504768,A5107873840,100
4007,a poley,a poley,A5105504768,A5107919725,100
4008,a poley,a poley,A5105504768,A5107929794,100
4009,a poley,a poley,A5105504768,A5107930762,100
4010,a poley,a poley,A5105504768,A5105558228,100
4011,a poley,a poley,A5105504768,A5105843522,100
4012,a poley,a poley,A5105504768,A5107924940,100
4013,a poley,a poley,A5105504768,A5105728060,100
4014,a poley,a poley,A5105504768,A5107915760,100
4015,a poley,a poley,A5105504768,A5122759094,100
4016,a poley,a poley,A5105504768,A5123068460,100
4017,a poley,a poley,A5105504768,A5125999688,100
4018,a poley,a poley,A5105504768,A5126953913,100
4019,a poley,a poley,A5105504768,A5134797429,100
4020,r parthasarathy,r parthasarathy,A5090734819,A5027949125,100
4021,r parthasarathy,r parthasarathy,A5090734819,A5103000183,100
4022,i pokharel,i pokharel,A5105627761,A5005661000,100
4023,i pokharel,i pokharel,A5105627761,A5107883080,100
4024,i pokharel,i pokharel,A5105627761,A5107890285,100
4025,i pokharel,i pokharel,A5105627761,A5107367773,100
4026,i pokharel,i pokharel,A5105627761,A5105650211,100
4027,s polacek,s polacek,A5027766678,A5105579807,100
4028,s polacek,s polacek,A5027766678,A5105728059,100
4029,s polacek,s polacek,A5027766678,A5105843521,100
4030,s polacek,s polacek,A5027766678,A5105721640,100
4031,a poley,a poley,A5107858165,A5113849228,100
4032,a poley,a poley,A5107858165,A5107881315,100
4033,a poley,a poley,A5107858165,A5107878315,100
4034,a poley,a poley,A5107858165,A5107894245,100
4035,a poley,a poley,A5107858165,A5107897146,100
4036,a poley,a poley,A5107858165,A5107887329,100
4037,a poley,a poley,A5107858165,A5107915340,100
4038,a poley,a poley,A5107858165,A5107873840,100
4039,a poley,a poley,A5107858165,A5107919725,100
4040,a poley,a poley,A5107858165,A5107929794,100
4041,a poley,a poley,A5107858165,A5107930762,100
4042,a poley,a poley,A5107858165,A5105558228,100
4043,a poley,a poley,A5107858165,A5105843522,100
4044,a poley,a poley,A5107858165,A5107924940,100
4045,a poley,a poley,A5107858165,A5105728060,100
4046,a poley,a poley,A5107858165,A5107915760,100
4047,a poley,a poley,A5107858165,A5122759094,100
4048,a poley,a poley,A5107858165,A5123068460,100
4049,a poley,a poley,A5107858165,A5125999688,100
4050,a poley,a poley,A5107858165,A5126953913,100
4051,a poley,a poley,A5107858165,A5134797429,100
4052,david a patterson,david a patterson,A5101927146,A5106945064,100
4053,david a patterson,david a patterson,A5101927146,A5134610710,100
4054,g polesello,g polesello,A5107860245,A5113655300,100
4055,g polesello,g polesello,A5107860245,A5025725148,100
4056,g polesello,g polesello,A5107860245,A5107831967,100
4057,g polesello,g polesello,A5107860245,A5107893844,100
4058,g polesello,g polesello,A5107860245,A5107909902,100
4059,g polesello,g polesello,A5107860245,A5107884430,100
4060,g polesello,g polesello,A5107860245,A5105842945,100
4061,g polesello,g polesello,A5107860245,A5107865902,100
4062,g polesello,g polesello,A5107860245,A5107897145,100
4063,g polesello,g polesello,A5107860245,A5105625704,100
4064,g polesello,g polesello,A5107860245,A5105708501,100
4065,g polesello,g polesello,A5107860245,A5107382445,100
4066,andrew park,andrew park,A5100657865,A5100657864,100
4067,andrew park,andrew park,A5100657865,A5100657861,100
4068,andrew park,andrew park,A5100657865,A5100657860,100
4069,edward park,edward park,A5056582727,A5111270872,100
4070,a poley,a poley,A5113849228,A5107881315,100
4071,a poley,a poley,A5113849228,A5107878315,100
4072,a poley,a poley,A5113849228,A5107894245,100
4073,a poley,a poley,A5113849228,A5107897146,100
4074,a poley,a poley,A5113849228,A5107887329,100
4075,a poley,a poley,A5113849228,A5107915340,100
4076,a poley,a poley,A5113849228,A5107873840,100
4077,a poley,a poley,A5113849228,A5107919725,100
4078,a poley,a poley,A5113849228,A5107929794,100
4079,a poley,a poley,A5113849228,A5107930762,100
4080,a poley,a poley,A5113849228,A5105558228,100
4081,a poley,a poley,A5113849228,A5105843522,100
4082,a poley,a poley,A5113849228,A5107924940,100
4083,a poley,a poley,A5113849228,A5105728060,100
4084,a poley,a poley,A5113849228,A5107915760,100
4085,a poley,a poley,A5113849228,A5122759094,100
4086,a poley,a poley,A5113849228,A5123068460,100
4087,a poley,a poley,A5113849228,A5125999688,100
4088,a poley,a poley,A5113849228,A5126953913,100
4089,a poley,a poley,A5113849228,A5134797429,100
4090,david price,david price,A5102969601,A5129688663,100
4091,margaret power,margaret power,A5074541644,A5111742964,100
4092,r parthasarathy,r parthasarathy,A5027949125,A5103000183,100
4093,edward j park,edward j park,A5027049699,A5133284964,100
4094,christophe pérignon,christophe pérignon,A5111672040,A5110741158,100
4095,g polesello,g polesello,A5113655300,A5025725148,100
4096,g polesello,g polesello,A5113655300,A5107831967,100
4097,g polesello,g polesello,A5113655300,A5107893844,100
4098,g polesello,g polesello,A5113655300,A5107909902,100
4099,g polesello,g polesello,A5113655300,A5107884430,100
4100,g polesello,g polesello,A5113655300,A5105842945,100
4101,g polesello,g polesello,A5113655300,A5107865902,100
4102,g polesello,g polesello,A5113655300,A5107897145,100
4103,g polesello,g polesello,A5113655300,A5105625704,100
4104,g polesello,g polesello,A5113655300,A5105708501,100
4105,g polesello,g polesello,A5113655300,A5107382445,100
4106,theresa pauly,theresa pauly,A5007953169,A5122808427,100
4107,h a pacey,h a pacey,A5107940189,A5047724043,100
4108,h a pacey,h a pacey,A5107940189,A5107916543,100
4109,h a pacey,h a pacey,A5107940189,A5107921420,100
4110,kwangjin park,kwangjin park,A5102810474,A5020801355,100
4111,david pimm,david pimm,A5038132132,A5126721569,100
4112,g polesello,g polesello,A5025725148,A5107831967,100
4113,g polesello,g polesello,A5025725148,A5107893844,100
4114,g polesello,g polesello,A5025725148,A5107909902,100
4115,g polesello,g polesello,A5025725148,A5107884430,100
4116,g polesello,g polesello,A5025725148,A5105842945,100
4117,g polesello,g polesello,A5025725148,A5107865902,100
4118,g polesello,g polesello,A5025725148,A5107897145,100
4119,g polesello,g polesello,A5025725148,A5105625704,100
4120,g polesello,g polesello,A5025725148,A5105708501,100
4121,g polesello,g polesello,A5025725148,A5107382445,100
4122,ralph pantophlet,ralph pantophlet,A5053451157,A5128178031,100
4123,michelle patterson,michelle patterson,A5103152348,A5070810521,100
4124,a poley,a poley,A5107881315,A5107878315,100
4125,a poley,a poley,A5107881315,A5107894245,100
4126,a poley,a poley,A5107881315,A5107897146,100
4127,a poley,a poley,A5107881315,A5107887329,100
4128,a poley,a poley,A5107881315,A5107915340,100
4129,a poley,a poley,A5107881315,A5107873840,100
4130,a poley,a poley,A5107881315,A5107919725,100
4131,a poley,a poley,A5107881315,A5107929794,100
4132,a poley,a poley,A5107881315,A5107930762,100
4133,a poley,a poley,A5107881315,A5105558228,100
4134,a poley,a poley,A5107881315,A5105843522,100
4135,a poley,a poley,A5107881315,A5107924940,100
4136,a poley,a poley,A5107881315,A5105728060,100
4137,a poley,a poley,A5107881315,A5107915760,100
4138,a poley,a poley,A5107881315,A5122759094,100
4139,a poley,a poley,A5107881315,A5123068460,100
4140,a poley,a poley,A5107881315,A5125999688,100
4141,a poley,a poley,A5107881315,A5126953913,100
4142,a poley,a poley,A5107881315,A5134797429,100
4143,jihyun park,jihyun park,A5100338417,A5082963879,100
4144,john pickering,john pickering,A5027405082,A5123565854,100
4145,john pickering,john pickering,A5027405082,A5134029359,100
4146,andrew park,andrew park,A5100657864,A5100657861,100
4147,andrew park,andrew park,A5100657864,A5100657860,100
4148,xue bin peng,xue bin peng,A5070606710,A5103151044,100
4149,xue bin peng,xue bin peng,A5070606710,A5015133041,100
4150,xue bin peng,xue bin peng,A5070606710,A5127803733,100
4151,luba petersen,luba petersen,A5084027432,A5079049446,100
4152,chandrabhan patel,chandrabhan patel,A5038907352,A5122719709,100
4153,chandrabhan patel,chandrabhan patel,A5038907352,A5127934212,100
4154,andrew park,andrew park,A5100657861,A5100657860,100
4155,karel proesmans,karel proesmans,A5037017144,A5109479422,100
4156,g polesello,g polesello,A5107831967,A5107893844,100
4157,g polesello,g polesello,A5107831967,A5107909902,100
4158,g polesello,g polesello,A5107831967,A5107884430,100
4159,g polesello,g polesello,A5107831967,A5105842945,100
4160,g polesello,g polesello,A5107831967,A5107865902,100
4161,g polesello,g polesello,A5107831967,A5107897145,100
4162,g polesello,g polesello,A5107831967,A5105625704,100
4163,g polesello,g polesello,A5107831967,A5105708501,100
4164,g polesello,g polesello,A5107831967,A5107382445,100
4165,i pokharel,i pokharel,A5005661000,A5107883080,100
4166,i pokharel,i pokharel,A5005661000,A5107890285,100
4167,i pokharel,i pokharel,A5005661000,A5107367773,100
4168,i pokharel,i pokharel,A5005661000,A5105650211,100
4169,xue bin peng,xue bin peng,A5103151044,A5015133041,100
4170,xue bin peng,xue bin peng,A5103151044,A5127803733,100
4171,b w pointon,b w pointon,A5102917990,A5107908925,100
4172,michael h h price,michael h h price,A5081796168,A5123118462,100
4173,stewart prest,stewart prest,A5088156087,A5119422470,100
4174,stewart prest,stewart prest,A5088156087,A5119422474,100
4175,stewart prest,stewart prest,A5088156087,A5119423001,100
4176,h a pacey,h a pacey,A5047724043,A5107916543,100
4177,h a pacey,h a pacey,A5047724043,A5107921420,100
4178,g polesello,g polesello,A5107893844,A5107909902,100
4179,g polesello,g polesello,A5107893844,A5107884430,100
4180,g polesello,g polesello,A5107893844,A5105842945,100
4181,g polesello,g polesello,A5107893844,A5107865902,100
4182,g polesello,g polesello,A5107893844,A5107897145,100
4183,g polesello,g polesello,A5107893844,A5105625704,100
4184,g polesello,g polesello,A5107893844,A5105708501,100
4185,g polesello,g polesello,A5107893844,A5107382445,100
4186,xue bin peng,xue bin peng,A5015133041,A5127803733,100
4187,a poley,a poley,A5107878315,A5107894245,100
4188,a poley,a poley,A5107878315,A5107897146,100
4189,a poley,a poley,A5107878315,A5107887329,100
4190,a poley,a poley,A5107878315,A5107915340,100
4191,a poley,a poley,A5107878315,A5107873840,100
4192,a poley,a poley,A5107878315,A5107919725,100
4193,a poley,a poley,A5107878315,A5107929794,100
4194,a poley,a poley,A5107878315,A5107930762,100
4195,a poley,a poley,A5107878315,A5105558228,100
4196,a poley,a poley,A5107878315,A5105843522,100
4197,a poley,a poley,A5107878315,A5107924940,100
4198,a poley,a poley,A5107878315,A5105728060,100
4199,a poley,a poley,A5107878315,A5107915760,100
4200,a poley,a poley,A5107878315,A5122759094,100
4201,a poley,a poley,A5107878315,A5123068460,100
4202,a poley,a poley,A5107878315,A5125999688,100
4203,a poley,a poley,A5107878315,A5126953913,100
4204,a poley,a poley,A5107878315,A5134797429,100
4205,h a pacey,h a pacey,A5107916543,A5107921420,100
4206,g polesello,g polesello,A5107909902,A5107884430,100
4207,g polesello,g polesello,A5107909902,A5105842945,100
4208,g polesello,g polesello,A5107909902,A5107865902,100
4209,g polesello,g polesello,A5107909902,A5107897145,100
4210,g polesello,g polesello,A5107909902,A5105625704,100
4211,g polesello,g polesello,A5107909902,A5105708501,100
4212,g polesello,g polesello,A5107909902,A5107382445,100
4213,g polesello,g polesello,A5107884430,A5105842945,100
4214,g polesello,g polesello,A5107884430,A5107865902,100
4215,g polesello,g polesello,A5107884430,A5107897145,100
4216,g polesello,g polesello,A5107884430,A5105625704,100
4217,g polesello,g polesello,A5107884430,A5105708501,100
4218,g polesello,g polesello,A5107884430,A5107382445,100
4219,a poley,a poley,A5107894245,A5107897146,100
4220,a poley,a poley,A5107894245,A5107887329,100
4221,a poley,a poley,A5107894245,A5107915340,100
4222,a poley,a poley,A5107894245,A5107873840,100
4223,a poley,a poley,A5107894245,A5107919725,100
4224,a poley,a poley,A5107894245,A5107929794,100
4225,a poley,a poley,A5107894245,A5107930762,100
4226,a poley,a poley,A5107894245,A5105558228,100
4227,a poley,a poley,A5107894245,A5105843522,100
4228,a poley,a poley,A5107894245,A5107924940,100
4229,a poley,a poley,A5107894245,A5105728060,100
4230,a poley,a poley,A5107894245,A5107915760,100
4231,a poley,a poley,A5107894245,A5122759094,100
4232,a poley,a poley,A5107894245,A5123068460,100
4233,a poley,a poley,A5107894245,A5125999688,100
4234,a poley,a poley,A5107894245,A5126953913,100
4235,a poley,a poley,A5107894245,A5134797429,100
4236,a poley,a poley,A5107897146,A5107887329,100
4237,a poley,a poley,A5107897146,A5107915340,100
4238,a poley,a poley,A5107897146,A5107873840,100
4239,a poley,a poley,A5107897146,A5107919725,100
4240,a poley,a poley,A5107897146,A5107929794,100
4241,a poley,a poley,A5107897146,A5107930762,100
4242,a poley,a poley,A5107897146,A5105558228,100
4243,a poley,a poley,A5107897146,A5105843522,100
4244,a poley,a poley,A5107897146,A5107924940,100
4245,a poley,a poley,A5107897146,A5105728060,100
4246,a poley,a poley,A5107897146,A5107915760,100
4247,a poley,a poley,A5107897146,A5122759094,100
4248,a poley,a poley,A5107897146,A5123068460,100
4249,a poley,a poley,A5107897146,A5125999688,100
4250,a poley,a poley,A5107897146,A5126953913,100
4251,a poley,a poley,A5107897146,A5134797429,100
4252,catherine parent,catherine parent,A5073802401,A5018234994,100
4253,s polacek,s polacek,A5105579807,A5105728059,100
4254,s polacek,s polacek,A5105579807,A5105843521,100
4255,s polacek,s polacek,A5105579807,A5105721640,100
4256,a poley,a poley,A5107887329,A5107915340,100
4257,a poley,a poley,A5107887329,A5107873840,100
4258,a poley,a poley,A5107887329,A5107919725,100
4259,a poley,a poley,A5107887329,A5107929794,100
4260,a poley,a poley,A5107887329,A5107930762,100
4261,a poley,a poley,A5107887329,A5105558228,100
4262,a poley,a poley,A5107887329,A5105843522,100
4263,a poley,a poley,A5107887329,A5107924940,100
4264,a poley,a poley,A5107887329,A5105728060,100
4265,a poley,a poley,A5107887329,A5107915760,100
4266,a poley,a poley,A5107887329,A5122759094,100
4267,a poley,a poley,A5107887329,A5123068460,100
4268,a poley,a poley,A5107887329,A5125999688,100
4269,a poley,a poley,A5107887329,A5126953913,100
4270,a poley,a poley,A5107887329,A5134797429,100
4271,g polesello,g polesello,A5105842945,A5107865902,100
4272,g polesello,g polesello,A5105842945,A5107897145,100
4273,g polesello,g polesello,A5105842945,A5105625704,100
4274,g polesello,g polesello,A5105842945,A5105708501,100
4275,g polesello,g polesello,A5105842945,A5107382445,100
4276,a poley,a poley,A5107915340,A5107873840,100
4277,a poley,a poley,A5107915340,A5107919725,100
4278,a poley,a poley,A5107915340,A5107929794,100
4279,a poley,a poley,A5107915340,A5107930762,100
4280,a poley,a poley,A5107915340,A5105558228,100
4281,a poley,a poley,A5107915340,A5105843522,100
4282,a poley,a poley,A5107915340,A5107924940,100
4283,a poley,a poley,A5107915340,A5105728060,100
4284,a poley,a poley,A5107915340,A5107915760,100
4285,a poley,a poley,A5107915340,A5122759094,100
4286,a poley,a poley,A5107915340,A5123068460,100
4287,a poley,a poley,A5107915340,A5125999688,100
4288,a poley,a poley,A5107915340,A5126953913,100
4289,a poley,a poley,A5107915340,A5134797429,100
4290,david a patterson,david a patterson,A5106945064,A5134610710,100
4291,i pokharel,i pokharel,A5107883080,A5107890285,100
4292,i pokharel,i pokharel,A5107883080,A5107367773,100
4293,i pokharel,i pokharel,A5107883080,A5105650211,100
4294,yu-yen pan,yu-yen pan,A5080606714,A5112676925,100
4295,g polesello,g polesello,A5107865902,A5107897145,100
4296,g polesello,g polesello,A5107865902,A5105625704,100
4297,g polesello,g polesello,A5107865902,A5105708501,100
4298,g polesello,g polesello,A5107865902,A5107382445,100
4299,i pokharel,i pokharel,A5107890285,A5107367773,100
4300,i pokharel,i pokharel,A5107890285,A5105650211,100
4301,a poley,a poley,A5107873840,A5107919725,100
4302,a poley,a poley,A5107873840,A5107929794,100
4303,a poley,a poley,A5107873840,A5107930762,100
4304,a poley,a poley,A5107873840,A5105558228,100
4305,a poley,a poley,A5107873840,A5105843522,100
4306,a poley,a poley,A5107873840,A5107924940,100
4307,a poley,a poley,A5107873840,A5105728060,100
4308,a poley,a poley,A5107873840,A5107915760,100
4309,a poley,a poley,A5107873840,A5122759094,100
4310,a poley,a poley,A5107873840,A5123068460,100
4311,a poley,a poley,A5107873840,A5125999688,100
4312,a poley,a poley,A5107873840,A5126953913,100
4313,a poley,a poley,A5107873840,A5134797429,100
4314,g polesello,g polesello,A5107897145,A5105625704,100
4315,g polesello,g polesello,A5107897145,A5105708501,100
4316,g polesello,g polesello,A5107897145,A5107382445,100
4317,makaela prentice,makaela prentice,A5109611455,A5112929892,100
4318,makaela prentice,makaela prentice,A5109611455,A5092090985,100
4319,makaela prentice,makaela prentice,A5109611455,A5092090987,100
4320,makaela prentice,makaela prentice,A5109611455,A5092091005,100
4321,makaela prentice,makaela prentice,A5109611455,A5092091013,100
4322,makaela prentice,makaela prentice,A5109611455,A5092091032,100
4323,makaela prentice,makaela prentice,A5109611455,A5092091051,100
4324,makaela prentice,makaela prentice,A5109611455,A5109611458,100
4325,a poley,a poley,A5107919725,A5107929794,100
4326,a poley,a poley,A5107919725,A5107930762,100
4327,a poley,a poley,A5107919725,A5105558228,100
4328,a poley,a poley,A5107919725,A5105843522,100
4329,a poley,a poley,A5107919725,A5107924940,100
4330,a poley,a poley,A5107919725,A5105728060,100
4331,a poley,a poley,A5107919725,A5107915760,100
4332,a poley,a poley,A5107919725,A5122759094,100
4333,a poley,a poley,A5107919725,A5123068460,100
4334,a poley,a poley,A5107919725,A5125999688,100
4335,a poley,a poley,A5107919725,A5126953913,100
4336,a poley,a poley,A5107919725,A5134797429,100
4337,a poley,a poley,A5107929794,A5107930762,100
4338,a poley,a poley,A5107929794,A5105558228,100
4339,a poley,a poley,A5107929794,A5105843522,100
4340,a poley,a poley,A5107929794,A5107924940,100
4341,a poley,a poley,A5107929794,A5105728060,100
4342,a poley,a poley,A5107929794,A5107915760,100
4343,a poley,a poley,A5107929794,A5122759094,100
4344,a poley,a poley,A5107929794,A5123068460,100
4345,a poley,a poley,A5107929794,A5125999688,100
4346,a poley,a poley,A5107929794,A5126953913,100
4347,a poley,a poley,A5107929794,A5134797429,100
4348,a poley,a poley,A5107930762,A5105558228,100
4349,a poley,a poley,A5107930762,A5105843522,100
4350,a poley,a poley,A5107930762,A5107924940,100
4351,a poley,a poley,A5107930762,A5105728060,100
4352,a poley,a poley,A5107930762,A5107915760,100
4353,a poley,a poley,A5107930762,A5122759094,100
4354,a poley,a poley,A5107930762,A5123068460,100
4355,a poley,a poley,A5107930762,A5125999688,100
4356,a poley,a poley,A5107930762,A5126953913,100
4357,a poley,a poley,A5107930762,A5134797429,100
4358,e j park,e j park,A5055391556,A5024615038,100
4359,s polacek,s polacek,A5105728059,A5105843521,100
4360,s polacek,s polacek,A5105728059,A5105721640,100
4361,i pokharel,i pokharel,A5107367773,A5105650211,100
4362,a poley,a poley,A5105558228,A5105843522,100
4363,a poley,a poley,A5105558228,A5107924940,100
4364,a poley,a poley,A5105558228,A5105728060,100
4365,a poley,a poley,A5105558228,A5107915760,100
4366,a poley,a poley,A5105558228,A5122759094,100
4367,a poley,a poley,A5105558228,A5123068460,100
4368,a poley,a poley,A5105558228,A5125999688,100
4369,a poley,a poley,A5105558228,A5126953913,100
4370,a poley,a poley,A5105558228,A5134797429,100
4371,leyland pitt,leyland pitt,A5110541560,A5121012123,100
4372,james pierzchalski,james pierzchalski,A5006020181,A5117614220,100
4373,k ken peng,k ken peng,A5075814310,A5127137592,100
4374,k ken peng,k ken peng,A5075814310,A5130952275,100
4375,g polesello,g polesello,A5105625704,A5105708501,100
4376,g polesello,g polesello,A5105625704,A5107382445,100
4377,g polesello,g polesello,A5105708501,A5107382445,100
4378,s polacek,s polacek,A5105843521,A5105721640,100
4379,a poley,a poley,A5105843522,A5107924940,100
4380,a poley,a poley,A5105843522,A5105728060,100
4381,a poley,a poley,A5105843522,A5107915760,100
4382,a poley,a poley,A5105843522,A5122759094,100
4383,a poley,a poley,A5105843522,A5123068460,100
4384,a poley,a poley,A5105843522,A5125999688,100
4385,a poley,a poley,A5105843522,A5126953913,100
4386,a poley,a poley,A5105843522,A5134797429,100
4387,a poley,a poley,A5107924940,A5105728060,100
4388,a poley,a poley,A5107924940,A5107915760,100
4389,a poley,a poley,A5107924940,A5122759094,100
4390,a poley,a poley,A5107924940,A5123068460,100
4391,a poley,a poley,A5107924940,A5125999688,100
4392,a poley,a poley,A5107924940,A5126953913,100
4393,a poley,a poley,A5107924940,A5134797429,100
4394,makaela prentice,makaela prentice,A5112929892,A5092090985,100
4395,makaela prentice,makaela prentice,A5112929892,A5092090987,100
4396,makaela prentice,makaela prentice,A5112929892,A5092091005,100
4397,makaela prentice,makaela prentice,A5112929892,A5092091013,100
4398,makaela prentice,makaela prentice,A5112929892,A5092091032,100
4399,makaela prentice,makaela prentice,A5112929892,A5092091051,100
4400,makaela prentice,makaela prentice,A5112929892,A5109611458,100
4401,k ken peng,k ken peng,A5127137592,A5130952275,100
4402,makaela prentice,makaela prentice,A5092090985,A5092090987,100
4403,makaela prentice,makaela prentice,A5092090985,A5092091005,100
4404,makaela prentice,makaela prentice,A5092090985,A5092091013,100
4405,makaela prentice,makaela prentice,A5092090985,A5092091032,100
4406,makaela prentice,makaela prentice,A5092090985,A5092091051,100
4407,makaela prentice,makaela prentice,A5092090985,A5109611458,100
4408,makaela prentice,makaela prentice,A5092090987,A5092091005,100
4409,makaela prentice,makaela prentice,A5092090987,A5092091013,100
4410,makaela prentice,makaela prentice,A5092090987,A5092091032,100
4411,makaela prentice,makaela prentice,A5092090987,A5092091051,100
4412,makaela prentice,makaela prentice,A5092090987,A5109611458,100
4413,makaela prentice,makaela prentice,A5092091005,A5092091013,100
4414,makaela prentice,makaela prentice,A5092091005,A5092091032,100
4415,makaela prentice,makaela prentice,A5092091005,A5092091051,100
4416,makaela prentice,makaela prentice,A5092091005,A5109611458,100
4417,makaela prentice,makaela prentice,A5092091013,A5092091032,100
4418,makaela prentice,makaela prentice,A5092091013,A5092091051,100
4419,makaela prentice,makaela prentice,A5092091013,A5109611458,100
4420,makaela prentice,makaela prentice,A5092091032,A5092091051,100
4421,makaela prentice,makaela prentice,A5092091032,A5109611458,100
4422,makaela prentice,makaela prentice,A5092091051,A5109611458,100
4423,a poley,a poley,A5105728060,A5107915760,100
4424,a poley,a poley,A5105728060,A5122759094,100
4425,a poley,a poley,A5105728060,A5123068460,100
4426,a poley,a poley,A5105728060,A5125999688,100
4427,a poley,a poley,A5105728060,A5126953913,100
4428,a poley,a poley,A5105728060,A5134797429,100
4429,a poley,a poley,A5107915760,A5122759094,100
4430,a poley,a poley,A5107915760,A5123068460,100
4431,a poley,a poley,A5107915760,A5125999688,100
4432,a poley,a poley,A5107915760,A5126953913,100
4433,a poley,a poley,A5107915760,A5134797429,100
4434,stewart prest,stewart prest,A5119422470,A5119422474,100
4435,stewart prest,stewart prest,A5119422470,A5119423001,100
4436,stewart prest,stewart prest,A5119422474,A5119423001,100
4437,chandrabhan patel,chandrabhan patel,A5122719709,A5127934212,100
4438,a poley,a poley,A5122759094,A5123068460,100
4439,a poley,a poley,A5122759094,A5125999688,100
4440,a poley,a poley,A5122759094,A5126953913,100
4441,a poley,a poley,A5122759094,A5134797429,100
4442,a poley,a poley,A5123068460,A5125999688,100
4443,a poley,a poley,A5123068460,A5126953913,100
4444,a poley,a poley,A5123068460,A5134797429,100
4445,john pickering,john pickering,A5123565854,A5134029359,100
4446,a poley,a poley,A5125999688,A5126953913,100
4447,a poley,a poley,A5125999688,A5134797429,100
4448,a poley,a poley,A5126953913,A5134797429,100
4449,ji qi,ji qi,A5100612749,A5023563612,100
4450,loren h rieseberg,loren h rieseberg,A5087116981,A5132958881,100
4451,michael p richards,michael p richards,A5005684483,A5129337838,100
4452,michael p ryan,michael p ryan,A5041777869,A5102968994,100
4453,rhonda j rosychuk,rhonda j rosychuk,A5017393617,A5133475392,100
4454,ab rad,ab rad,A5087944994,A5029547827,100
4455,p roy,p roy,A5107828720,A5107829645,100
4456,p roy,p roy,A5107828720,A5107848192,100
4457,p roy,p roy,A5107828720,A5111471327,100
4458,p roy,p roy,A5107828720,A5108070681,100
4459,p roy,p roy,A5107828720,A5106488101,100
4460,p roy,p roy,A5107828720,A5105621032,100
4461,michael richards,michael richards,A5019215400,A5128371491,100
4462,r ramaseshan,r ramaseshan,A5041359764,A5121088292,100
4463,brendan rooney,brendan rooney,A5063232741,A5082003410,100
4464,robert d russell,robert d russell,A5043312249,A5101694090,100
4465,marc rhainds,marc rhainds,A5027013706,A5102875577,100
4466,michael ryan,michael ryan,A5032566343,A5134729942,100
4467,p roy,p roy,A5107829645,A5107848192,100
4468,p roy,p roy,A5107829645,A5111471327,100
4469,p roy,p roy,A5107829645,A5108070681,100
4470,p roy,p roy,A5107829645,A5106488101,100
4471,p roy,p roy,A5107829645,A5105621032,100
4472,p roy,p roy,A5107848192,A5111471327,100
4473,p roy,p roy,A5107848192,A5108070681,100
4474,p roy,p roy,A5107848192,A5106488101,100
4475,p roy,p roy,A5107848192,A5105621032,100
4476,gillian russell,gillian russell,A5028374921,A5036820825,100
4477,gillian russell,gillian russell,A5028374921,A5085342782,100
4478,gillian russell,gillian russell,A5028374921,A5109045939,100
4479,gillian russell,gillian russell,A5028374921,A5126503814,100
4480,gillian russell,gillian russell,A5028374921,A5126978721,100
4481,mariana resener,mariana resener,A5070070048,A5124887813,100
4482,mariana resener,mariana resener,A5070070048,A5121610963,100
4483,mariana resener,mariana resener,A5070070048,A5125048345,100
4484,l monsonis romero,l monsonis romero,A5107937604,A5107396924,100
4485,katherine reilly,katherine reilly,A5054536503,A5111286552,100
4486,katherine reilly,katherine reilly,A5054536503,A5124082934,100
4487,gillian russell,gillian russell,A5036820825,A5085342782,100
4488,gillian russell,gillian russell,A5036820825,A5109045939,100
4489,gillian russell,gillian russell,A5036820825,A5126503814,100
4490,gillian russell,gillian russell,A5036820825,A5126978721,100
4491,steve reynolds,steve reynolds,A5109852452,A5110971818,100
4492,p roy,p roy,A5111471327,A5108070681,100
4493,p roy,p roy,A5111471327,A5106488101,100
4494,p roy,p roy,A5111471327,A5105621032,100
4495,gillian russell,gillian russell,A5085342782,A5109045939,100
4496,gillian russell,gillian russell,A5085342782,A5126503814,100
4497,gillian russell,gillian russell,A5085342782,A5126978721,100
4498,gillian russell,gillian russell,A5109045939,A5126503814,100
4499,gillian russell,gillian russell,A5109045939,A5126978721,100
4500,p roy,p roy,A5108070681,A5106488101,100
4501,p roy,p roy,A5108070681,A5105621032,100
4502,sarah j robinson,sarah j robinson,A5034966587,A5134766718,100
4503,p roy,p roy,A5106488101,A5105621032,100
4504,emitis roshan,emitis roshan,A5040475878,A5094165307,100
4505,natacha roudeix,natacha roudeix,A5001352948,A5070161121,100
4506,olga radivojevic,olga radivojevic,A5047476126,A5013767010,100
4507,aina roenningen,aina roenningen,A5106583572,A5116395365,100
4508,aina roenningen,aina roenningen,A5106583572,A5125679020,100
4509,katherine reilly,katherine reilly,A5111286552,A5124082934,100
4510,subash rajasekar,subash rajasekar,A5112399971,A5018924028,100
4511,mariana resener,mariana resener,A5124887813,A5121610963,100
4512,mariana resener,mariana resener,A5124887813,A5125048345,100
4513,stephen n robinovich,stephen n robinovich,A5007182790,A5113958110,100
4514,aina roenningen,aina roenningen,A5116395365,A5125679020,100
4515,mariana resener,mariana resener,A5121610963,A5125048345,100
4516,gillian russell,gillian russell,A5126503814,A5126978721,100
4517,richard smith,richard smith,A5023982706,A5064019967,100
4518,richard smith,richard smith,A5023982706,A5082487312,100
4519,richard smith,richard smith,A5023982706,A5103127637,100
4520,richard smith,richard smith,A5023982706,A5104048293,100
4521,richard smith,richard smith,A5023982706,A5101169590,100
4522,thomas j smith,thomas j smith,A5054848999,A5101773552,100
4523,thomas j smith,thomas j smith,A5054848999,A5081728024,100
4524,n b sinev,n b sinev,A5106308035,A5107900260,100
4525,n b sinev,n b sinev,A5106308035,A5107855302,100
4526,p steinberg,p steinberg,A5008641071,A5107854023,100
4527,p steinberg,p steinberg,A5008641071,A5110186505,100
4528,p steinberg,p steinberg,A5008641071,A5076600411,100
4529,p steinberg,p steinberg,A5008641071,A5111803808,100
4530,p steinberg,p steinberg,A5008641071,A5105633298,100
4531,p steinberg,p steinberg,A5008641071,A5107884553,100
4532,p steinberg,p steinberg,A5008641071,A5110211797,100
4533,p steinberg,p steinberg,A5008641071,A5107878062,100
4534,p steinberg,p steinberg,A5008641071,A5107853593,100
4535,p steinberg,p steinberg,A5008641071,A5107875653,100
4536,p steinberg,p steinberg,A5008641071,A5105643290,100
4537,p steinberg,p steinberg,A5008641071,A5107889591,100
4538,p steinberg,p steinberg,A5008641071,A5107904186,100
4539,p steinberg,p steinberg,A5008641071,A5107884733,100
4540,p steinberg,p steinberg,A5008641071,A5112008362,100
4541,p steinberg,p steinberg,A5008641071,A5107907942,100
4542,hong shen,hong shen,A5070128994,A5101878399,100
4543,p sinervo,p sinervo,A5027135635,A5110523092,100
4544,p sinervo,p sinervo,A5027135635,A5107825369,100
4545,p sinervo,p sinervo,A5027135635,A5073283010,100
4546,p sinervo,p sinervo,A5027135635,A5107884158,100
4547,p sinervo,p sinervo,A5027135635,A5106459212,100
4548,p sinervo,p sinervo,A5027135635,A5107908954,100
4549,p sinervo,p sinervo,A5027135635,A5107877924,100
4550,p sinervo,p sinervo,A5027135635,A5107855909,100
4551,p sinervo,p sinervo,A5027135635,A5105203741,100
4552,p sinervo,p sinervo,A5027135635,A5107827466,100
4553,p b shatalov,p b shatalov,A5061878175,A5107854547,100
4554,b stelzer,b stelzer,A5007584535,A5107857196,100
4555,b stelzer,b stelzer,A5007584535,A5107839211,100
4556,b stelzer,b stelzer,A5007584535,A5108229949,100
4557,b stelzer,b stelzer,A5007584535,A5106470390,100
4558,b stelzer,b stelzer,A5007584535,A5107832037,100
4559,b stelzer,b stelzer,A5007584535,A5107852937,100
4560,b stelzer,b stelzer,A5007584535,A5107885325,100
4561,b stelzer,b stelzer,A5007584535,A5109220342,100
4562,b stelzer,b stelzer,A5007584535,A5105630097,100
4563,b stelzer,b stelzer,A5007584535,A5107852526,100
4564,b stelzer,b stelzer,A5007584535,A5107926920,100
4565,b stelzer,b stelzer,A5007584535,A5107875113,100
4566,b stelzer,b stelzer,A5007584535,A5105936614,100
4567,b stelzer,b stelzer,A5007584535,A5107911566,100
4568,b stelzer,b stelzer,A5007584535,A5105285075,100
4569,b stelzer,b stelzer,A5007584535,A5107894826,100
4570,b stelzer,b stelzer,A5007584535,A5107903224,100
4571,b stelzer,b stelzer,A5007584535,A5107843826,100
4572,b stelzer,b stelzer,A5007584535,A5107907943,100
4573,b stelzer,b stelzer,A5007584535,A5107921576,100
4574,b stelzer,b stelzer,A5007584535,A5107749653,100
4575,b stelzer,b stelzer,A5007584535,A5107910839,100
4576,b stelzer,b stelzer,A5007584535,A5107912593,100
4577,b stelzer,b stelzer,A5007584535,A5107914867,100
4578,b stelzer,b stelzer,A5007584535,A5105627570,100
4579,b stelzer,b stelzer,A5007584535,A5105178043,100
4580,b stelzer,b stelzer,A5007584535,A5105684434,100
4581,b stelzer,b stelzer,A5007584535,A5105871878,100
4582,b stelzer,b stelzer,A5007584535,A5107913522,100
4583,b stelzer,b stelzer,A5007584535,A5107923111,100
4584,b stelzer,b stelzer,A5007584535,A5105576682,100
4585,b stelzer,b stelzer,A5007584535,A5105630759,100
4586,b stelzer,b stelzer,A5007584535,A5105639927,100
4587,b stelzer,b stelzer,A5007584535,A5107367903,100
4588,b stelzer,b stelzer,A5007584535,A5134793618,100
4589,o stelzer-chilton,o stelzer-chilton,A5083160169,A5107857878,100
4590,o stelzer-chilton,o stelzer-chilton,A5083160169,A5107864111,100
4591,o stelzer-chilton,o stelzer-chilton,A5083160169,A5107853334,100
4592,o stelzer-chilton,o stelzer-chilton,A5083160169,A5107867466,100
4593,o stelzer-chilton,o stelzer-chilton,A5083160169,A5113089671,100
4594,o stelzer-chilton,o stelzer-chilton,A5083160169,A5107939699,100
4595,o stelzer-chilton,o stelzer-chilton,A5083160169,A5107848754,100
4596,s singh,s singh,A5010848242,A5108064129,100
4597,s singh,s singh,A5010848242,A5107943841,100
4598,s singh,s singh,A5010848242,A5107904038,100
4599,s singh,s singh,A5010848242,A5107916586,100
4600,s singh,s singh,A5010848242,A5107900979,100
4601,s singh,s singh,A5010848242,A5107921566,100
4602,s singh,s singh,A5010848242,A5105558346,100
4603,s singh,s singh,A5010848242,A5107955005,100
4604,s singh,s singh,A5010848242,A5105842275,100
4605,o stelzer-chilton,o stelzer-chilton,A5107857878,A5107864111,100
4606,o stelzer-chilton,o stelzer-chilton,A5107857878,A5107853334,100
4607,o stelzer-chilton,o stelzer-chilton,A5107857878,A5107867466,100
4608,o stelzer-chilton,o stelzer-chilton,A5107857878,A5113089671,100
4609,o stelzer-chilton,o stelzer-chilton,A5107857878,A5107939699,100
4610,o stelzer-chilton,o stelzer-chilton,A5107857878,A5107848754,100
4611,p sinervo,p sinervo,A5110523092,A5107825369,100
4612,p sinervo,p sinervo,A5110523092,A5073283010,100
4613,p sinervo,p sinervo,A5110523092,A5107884158,100
4614,p sinervo,p sinervo,A5110523092,A5106459212,100
4615,p sinervo,p sinervo,A5110523092,A5107908954,100
4616,p sinervo,p sinervo,A5110523092,A5107877924,100
4617,p sinervo,p sinervo,A5110523092,A5107855909,100
4618,p sinervo,p sinervo,A5110523092,A5105203741,100
4619,p sinervo,p sinervo,A5110523092,A5107827466,100
4620,a shcherbakova,a shcherbakova,A5107951562,A5108722170,100
4621,junwei sun,junwei sun,A5029822464,A5065762172,100
4622,s m shaw,s m shaw,A5105784719,A5108848062,100
4623,s m shaw,s m shaw,A5105784719,A5108140923,100
4624,s m shaw,s m shaw,A5105784719,A5107591510,100
4625,s m shaw,s m shaw,A5105784719,A5107875763,100
4626,paul schaffer,paul schaffer,A5040691647,A5122604809,100
4627,paul schaffer,paul schaffer,A5040691647,A5112875763,100
4628,n b sinev,n b sinev,A5107900260,A5107855302,100
4629,john j spinelli,john j spinelli,A5106887681,A5107870371,100
4630,john j spinelli,john j spinelli,A5106887681,A5106853372,100
4631,andrew sixsmith,andrew sixsmith,A5062744892,A5116298683,100
4632,g stavropoulos,g stavropoulos,A5105369947,A5107902681,100
4633,g stavropoulos,g stavropoulos,A5105369947,A5107926919,100
4634,michael j smith,michael j smith,A5101453839,A5008326144,100
4635,michael j smith,michael j smith,A5101453839,A5067514872,100
4636,ronald swanstrom,ronald swanstrom,A5007433649,A5109137694,100
4637,chris shaw,chris shaw,A5062974038,A5040961656,100
4638,thomas j smith,thomas j smith,A5101773552,A5081728024,100
4639,p steinberg,p steinberg,A5107854023,A5110186505,100
4640,p steinberg,p steinberg,A5107854023,A5076600411,100
4641,p steinberg,p steinberg,A5107854023,A5111803808,100
4642,p steinberg,p steinberg,A5107854023,A5105633298,100
4643,p steinberg,p steinberg,A5107854023,A5107884553,100
4644,p steinberg,p steinberg,A5107854023,A5110211797,100
4645,p steinberg,p steinberg,A5107854023,A5107878062,100
4646,p steinberg,p steinberg,A5107854023,A5107853593,100
4647,p steinberg,p steinberg,A5107854023,A5107875653,100
4648,p steinberg,p steinberg,A5107854023,A5105643290,100
4649,p steinberg,p steinberg,A5107854023,A5107889591,100
4650,p steinberg,p steinberg,A5107854023,A5107904186,100
4651,p steinberg,p steinberg,A5107854023,A5107884733,100
4652,p steinberg,p steinberg,A5107854023,A5112008362,100
4653,p steinberg,p steinberg,A5107854023,A5107907942,100
4654,richard smith,richard smith,A5064019967,A5082487312,100
4655,richard smith,richard smith,A5064019967,A5103127637,100
4656,richard smith,richard smith,A5064019967,A5104048293,100
4657,richard smith,richard smith,A5064019967,A5101169590,100
4658,b stelzer,b stelzer,A5107857196,A5107839211,100
4659,b stelzer,b stelzer,A5107857196,A5108229949,100
4660,b stelzer,b stelzer,A5107857196,A5106470390,100
4661,b stelzer,b stelzer,A5107857196,A5107832037,100
4662,b stelzer,b stelzer,A5107857196,A5107852937,100
4663,b stelzer,b stelzer,A5107857196,A5107885325,100
4664,b stelzer,b stelzer,A5107857196,A5109220342,100
4665,b stelzer,b stelzer,A5107857196,A5105630097,100
4666,b stelzer,b stelzer,A5107857196,A5107852526,100
4667,b stelzer,b stelzer,A5107857196,A5107926920,100
4668,b stelzer,b stelzer,A5107857196,A5107875113,100
4669,b stelzer,b stelzer,A5107857196,A5105936614,100
4670,b stelzer,b stelzer,A5107857196,A5107911566,100
4671,b stelzer,b stelzer,A5107857196,A5105285075,100
4672,b stelzer,b stelzer,A5107857196,A5107894826,100
4673,b stelzer,b stelzer,A5107857196,A5107903224,100
4674,b stelzer,b stelzer,A5107857196,A5107843826,100
4675,b stelzer,b stelzer,A5107857196,A5107907943,100
4676,b stelzer,b stelzer,A5107857196,A5107921576,100
4677,b stelzer,b stelzer,A5107857196,A5107749653,100
4678,b stelzer,b stelzer,A5107857196,A5107910839,100
4679,b stelzer,b stelzer,A5107857196,A5107912593,100
4680,b stelzer,b stelzer,A5107857196,A5107914867,100
4681,b stelzer,b stelzer,A5107857196,A5105627570,100
4682,b stelzer,b stelzer,A5107857196,A5105178043,100
4683,b stelzer,b stelzer,A5107857196,A5105684434,100
4684,b stelzer,b stelzer,A5107857196,A5105871878,100
4685,b stelzer,b stelzer,A5107857196,A5107913522,100
4686,b stelzer,b stelzer,A5107857196,A5107923111,100
4687,b stelzer,b stelzer,A5107857196,A5105576682,100
4688,b stelzer,b stelzer,A5107857196,A5105630759,100
4689,b stelzer,b stelzer,A5107857196,A5105639927,100
4690,b stelzer,b stelzer,A5107857196,A5107367903,100
4691,b stelzer,b stelzer,A5107857196,A5134793618,100
4692,p sharma,p sharma,A5044046438,A5107941266,100
4693,michael j smith,michael j smith,A5008326144,A5067514872,100
4694,richard smith,richard smith,A5082487312,A5103127637,100
4695,richard smith,richard smith,A5082487312,A5104048293,100
4696,richard smith,richard smith,A5082487312,A5101169590,100
4697,o stelzer-chilton,o stelzer-chilton,A5107864111,A5107853334,100
4698,o stelzer-chilton,o stelzer-chilton,A5107864111,A5107867466,100
4699,o stelzer-chilton,o stelzer-chilton,A5107864111,A5113089671,100
4700,o stelzer-chilton,o stelzer-chilton,A5107864111,A5107939699,100
4701,o stelzer-chilton,o stelzer-chilton,A5107864111,A5107848754,100
4702,tim storr,tim storr,A5029358178,A5121364752,100
4703,eduardo s schwartz,eduardo s schwartz,A5002503825,A5126698048,100
4704,b stelzer,b stelzer,A5107839211,A5108229949,100
4705,b stelzer,b stelzer,A5107839211,A5106470390,100
4706,b stelzer,b stelzer,A5107839211,A5107832037,100
4707,b stelzer,b stelzer,A5107839211,A5107852937,100
4708,b stelzer,b stelzer,A5107839211,A5107885325,100
4709,b stelzer,b stelzer,A5107839211,A5109220342,100
4710,b stelzer,b stelzer,A5107839211,A5105630097,100
4711,b stelzer,b stelzer,A5107839211,A5107852526,100
4712,b stelzer,b stelzer,A5107839211,A5107926920,100
4713,b stelzer,b stelzer,A5107839211,A5107875113,100
4714,b stelzer,b stelzer,A5107839211,A5105936614,100
4715,b stelzer,b stelzer,A5107839211,A5107911566,100
4716,b stelzer,b stelzer,A5107839211,A5105285075,100
4717,b stelzer,b stelzer,A5107839211,A5107894826,100
4718,b stelzer,b stelzer,A5107839211,A5107903224,100
4719,b stelzer,b stelzer,A5107839211,A5107843826,100
4720,b stelzer,b stelzer,A5107839211,A5107907943,100
4721,b stelzer,b stelzer,A5107839211,A5107921576,100
4722,b stelzer,b stelzer,A5107839211,A5107749653,100
4723,b stelzer,b stelzer,A5107839211,A5107910839,100
4724,b stelzer,b stelzer,A5107839211,A5107912593,100
4725,b stelzer,b stelzer,A5107839211,A5107914867,100
4726,b stelzer,b stelzer,A5107839211,A5105627570,100
4727,b stelzer,b stelzer,A5107839211,A5105178043,100
4728,b stelzer,b stelzer,A5107839211,A5105684434,100
4729,b stelzer,b stelzer,A5107839211,A5105871878,100
4730,b stelzer,b stelzer,A5107839211,A5107913522,100
4731,b stelzer,b stelzer,A5107839211,A5107923111,100
4732,b stelzer,b stelzer,A5107839211,A5105576682,100
4733,b stelzer,b stelzer,A5107839211,A5105630759,100
4734,b stelzer,b stelzer,A5107839211,A5105639927,100
4735,b stelzer,b stelzer,A5107839211,A5107367903,100
4736,b stelzer,b stelzer,A5107839211,A5134793618,100
4737,p sinervo,p sinervo,A5107825369,A5073283010,100
4738,p sinervo,p sinervo,A5107825369,A5107884158,100
4739,p sinervo,p sinervo,A5107825369,A5106459212,100
4740,p sinervo,p sinervo,A5107825369,A5107908954,100
4741,p sinervo,p sinervo,A5107825369,A5107877924,100
4742,p sinervo,p sinervo,A5107825369,A5107855909,100
4743,p sinervo,p sinervo,A5107825369,A5105203741,100
4744,p sinervo,p sinervo,A5107825369,A5107827466,100
4745,michael silverman,michael silverman,A5067954882,A5126420592,100
4746,michael short,michael short,A5011285650,A5101474200,100
4747,xiaowei song,xiaowei song,A5036261443,A5123042783,100
4748,nadine schuurman,nadine schuurman,A5071764220,A5105175726,100
4749,jeremy snyder,jeremy snyder,A5034219029,A5129111677,100
4750,jeremy snyder,jeremy snyder,A5034219029,A5125997548,100
4751,nathalie sinclair,nathalie sinclair,A5067158484,A5111814811,100
4752,nathalie sinclair,nathalie sinclair,A5067158484,A5129885180,100
4753,erica smith,erica smith,A5029429899,A5103590183,100
4754,zhao song,zhao song,A5103280080,A5091070408,100
4755,zhao song,zhao song,A5103280080,A5008391481,100
4756,j steentoft,j steentoft,A5042662117,A5107937679,100
4757,j steentoft,j steentoft,A5042662117,A5107941269,100
4758,j steentoft,j steentoft,A5042662117,A5105728333,100
4759,meng sun,meng sun,A5085248515,A5101982063,100
4760,p steinberg,p steinberg,A5110186505,A5076600411,100
4761,p steinberg,p steinberg,A5110186505,A5111803808,100
4762,p steinberg,p steinberg,A5110186505,A5105633298,100
4763,p steinberg,p steinberg,A5110186505,A5107884553,100
4764,p steinberg,p steinberg,A5110186505,A5110211797,100
4765,p steinberg,p steinberg,A5110186505,A5107878062,100
4766,p steinberg,p steinberg,A5110186505,A5107853593,100
4767,p steinberg,p steinberg,A5110186505,A5107875653,100
4768,p steinberg,p steinberg,A5110186505,A5105643290,100
4769,p steinberg,p steinberg,A5110186505,A5107889591,100
4770,p steinberg,p steinberg,A5110186505,A5107904186,100
4771,p steinberg,p steinberg,A5110186505,A5107884733,100
4772,p steinberg,p steinberg,A5110186505,A5112008362,100
4773,p steinberg,p steinberg,A5110186505,A5107907942,100
4774,neha sharma,neha sharma,A5004979220,A5101585562,100
4775,d j sheppard,d j sheppard,A5105726988,A5105871868,100
4776,d j sheppard,d j sheppard,A5105726988,A5105728257,100
4777,d j sheppard,d j sheppard,A5105726988,A5107946472,100
4778,d j sheppard,d j sheppard,A5105726988,A5123024589,100
4779,d j sheppard,d j sheppard,A5105726988,A5123120813,100
4780,d j sheppard,d j sheppard,A5105726988,A5126023674,100
4781,d j sheppard,d j sheppard,A5105726988,A5126963199,100
4782,d j sheppard,d j sheppard,A5105726988,A5134772362,100
4783,m schott,m schott,A5107849472,A5107945793,100
4784,h j stelzer,h j stelzer,A5106660131,A5107851966,100
4785,william scott,william scott,A5055098956,A5109980552,100
4786,v sinetckii,v sinetckii,A5083962822,A5107940741,100
4787,v sinetckii,v sinetckii,A5083962822,A5107924734,100
4788,v sinetckii,v sinetckii,A5083962822,A5107921080,100
4789,zheng shi,zheng shi,A5112111121,A5105217256,100
4790,mary lynn stewart,mary lynn stewart,A5111462610,A5099341999,100
4791,samira siahrostami,samira siahrostami,A5003552620,A5133732756,100
4792,samira siahrostami,samira siahrostami,A5003552620,A5121916155,100
4793,samira siahrostami,samira siahrostami,A5003552620,A5123893847,100
4794,samira siahrostami,samira siahrostami,A5003552620,A5130633252,100
4795,yu shi,yu shi,A5100328455,A5070954234,100
4796,b stelzer,b stelzer,A5108229949,A5106470390,100
4797,b stelzer,b stelzer,A5108229949,A5107832037,100
4798,b stelzer,b stelzer,A5108229949,A5107852937,100
4799,b stelzer,b stelzer,A5108229949,A5107885325,100
4800,b stelzer,b stelzer,A5108229949,A5109220342,100
4801,b stelzer,b stelzer,A5108229949,A5105630097,100
4802,b stelzer,b stelzer,A5108229949,A5107852526,100
4803,b stelzer,b stelzer,A5108229949,A5107926920,100
4804,b stelzer,b stelzer,A5108229949,A5107875113,100
4805,b stelzer,b stelzer,A5108229949,A5105936614,100
4806,b stelzer,b stelzer,A5108229949,A5107911566,100
4807,b stelzer,b stelzer,A5108229949,A5105285075,100
4808,b stelzer,b stelzer,A5108229949,A5107894826,100
4809,b stelzer,b stelzer,A5108229949,A5107903224,100
4810,b stelzer,b stelzer,A5108229949,A5107843826,100
4811,b stelzer,b stelzer,A5108229949,A5107907943,100
4812,b stelzer,b stelzer,A5108229949,A5107921576,100
4813,b stelzer,b stelzer,A5108229949,A5107749653,100
4814,b stelzer,b stelzer,A5108229949,A5107910839,100
4815,b stelzer,b stelzer,A5108229949,A5107912593,100
4816,b stelzer,b stelzer,A5108229949,A5107914867,100
4817,b stelzer,b stelzer,A5108229949,A5105627570,100
4818,b stelzer,b stelzer,A5108229949,A5105178043,100
4819,b stelzer,b stelzer,A5108229949,A5105684434,100
4820,b stelzer,b stelzer,A5108229949,A5105871878,100
4821,b stelzer,b stelzer,A5108229949,A5107913522,100
4822,b stelzer,b stelzer,A5108229949,A5107923111,100
4823,b stelzer,b stelzer,A5108229949,A5105576682,100
4824,b stelzer,b stelzer,A5108229949,A5105630759,100
4825,b stelzer,b stelzer,A5108229949,A5105639927,100
4826,b stelzer,b stelzer,A5108229949,A5107367903,100
4827,b stelzer,b stelzer,A5108229949,A5134793618,100
4828,nicolas schmitt,nicolas schmitt,A5054587625,A5108830015,100
4829,j e sonier,j e sonier,A5087975826,A5053445753,100
4830,ashok shah,ashok shah,A5034380822,A5108204509,100
4831,yi sun,yi sun,A5078794661,A5103201637,100
4832,travis salway,travis salway,A5023568906,A5091021879,100
4833,travis salway,travis salway,A5023568906,A5130338141,100
4834,anoop sarkar,anoop sarkar,A5081354508,A5106203251,100
4835,julia smith,julia smith,A5031214385,A5091893691,100
4836,julia smith,julia smith,A5031214385,A5103820823,100
4837,julia smith,julia smith,A5031214385,A5047970127,100
4838,julia smith,julia smith,A5031214385,A5125255042,100
4839,julia smith,julia smith,A5031214385,A5129988355,100
4840,richard smith,richard smith,A5103127637,A5104048293,100
4841,richard smith,richard smith,A5103127637,A5101169590,100
4842,julia smith,julia smith,A5091893691,A5103820823,100
4843,julia smith,julia smith,A5091893691,A5047970127,100
4844,julia smith,julia smith,A5091893691,A5125255042,100
4845,julia smith,julia smith,A5091893691,A5129988355,100
4846,b stelzer,b stelzer,A5106470390,A5107832037,100
4847,b stelzer,b stelzer,A5106470390,A5107852937,100
4848,b stelzer,b stelzer,A5106470390,A5107885325,100
4849,b stelzer,b stelzer,A5106470390,A5109220342,100
4850,b stelzer,b stelzer,A5106470390,A5105630097,100
4851,b stelzer,b stelzer,A5106470390,A5107852526,100
4852,b stelzer,b stelzer,A5106470390,A5107926920,100
4853,b stelzer,b stelzer,A5106470390,A5107875113,100
4854,b stelzer,b stelzer,A5106470390,A5105936614,100
4855,b stelzer,b stelzer,A5106470390,A5107911566,100
4856,b stelzer,b stelzer,A5106470390,A5105285075,100
4857,b stelzer,b stelzer,A5106470390,A5107894826,100
4858,b stelzer,b stelzer,A5106470390,A5107903224,100
4859,b stelzer,b stelzer,A5106470390,A5107843826,100
4860,b stelzer,b stelzer,A5106470390,A5107907943,100
4861,b stelzer,b stelzer,A5106470390,A5107921576,100
4862,b stelzer,b stelzer,A5106470390,A5107749653,100
4863,b stelzer,b stelzer,A5106470390,A5107910839,100
4864,b stelzer,b stelzer,A5106470390,A5107912593,100
4865,b stelzer,b stelzer,A5106470390,A5107914867,100
4866,b stelzer,b stelzer,A5106470390,A5105627570,100
4867,b stelzer,b stelzer,A5106470390,A5105178043,100
4868,b stelzer,b stelzer,A5106470390,A5105684434,100
4869,b stelzer,b stelzer,A5106470390,A5105871878,100
4870,b stelzer,b stelzer,A5106470390,A5107913522,100
4871,b stelzer,b stelzer,A5106470390,A5107923111,100
4872,b stelzer,b stelzer,A5106470390,A5105576682,100
4873,b stelzer,b stelzer,A5106470390,A5105630759,100
4874,b stelzer,b stelzer,A5106470390,A5105639927,100
4875,b stelzer,b stelzer,A5106470390,A5107367903,100
4876,b stelzer,b stelzer,A5106470390,A5134793618,100
4877,o stelzer-chilton,o stelzer-chilton,A5107853334,A5107867466,100
4878,o stelzer-chilton,o stelzer-chilton,A5107853334,A5113089671,100
4879,o stelzer-chilton,o stelzer-chilton,A5107853334,A5107939699,100
4880,o stelzer-chilton,o stelzer-chilton,A5107853334,A5107848754,100
4881,o stelzer-chilton,o stelzer-chilton,A5107867466,A5113089671,100
4882,o stelzer-chilton,o stelzer-chilton,A5107867466,A5107939699,100
4883,o stelzer-chilton,o stelzer-chilton,A5107867466,A5107848754,100
4884,dipankar sen,dipankar sen,A5080345112,A5111738193,100
4885,anne k salomon,anne k salomon,A5038244437,A5112924906,100
4886,b stelzer,b stelzer,A5107832037,A5107852937,100
4887,b stelzer,b stelzer,A5107832037,A5107885325,100
4888,b stelzer,b stelzer,A5107832037,A5109220342,100
4889,b stelzer,b stelzer,A5107832037,A5105630097,100
4890,b stelzer,b stelzer,A5107832037,A5107852526,100
4891,b stelzer,b stelzer,A5107832037,A5107926920,100
4892,b stelzer,b stelzer,A5107832037,A5107875113,100
4893,b stelzer,b stelzer,A5107832037,A5105936614,100
4894,b stelzer,b stelzer,A5107832037,A5107911566,100
4895,b stelzer,b stelzer,A5107832037,A5105285075,100
4896,b stelzer,b stelzer,A5107832037,A5107894826,100
4897,b stelzer,b stelzer,A5107832037,A5107903224,100
4898,b stelzer,b stelzer,A5107832037,A5107843826,100
4899,b stelzer,b stelzer,A5107832037,A5107907943,100
4900,b stelzer,b stelzer,A5107832037,A5107921576,100
4901,b stelzer,b stelzer,A5107832037,A5107749653,100
4902,b stelzer,b stelzer,A5107832037,A5107910839,100
4903,b stelzer,b stelzer,A5107832037,A5107912593,100
4904,b stelzer,b stelzer,A5107832037,A5107914867,100
4905,b stelzer,b stelzer,A5107832037,A5105627570,100
4906,b stelzer,b stelzer,A5107832037,A5105178043,100
4907,b stelzer,b stelzer,A5107832037,A5105684434,100
4908,b stelzer,b stelzer,A5107832037,A5105871878,100
4909,b stelzer,b stelzer,A5107832037,A5107913522,100
4910,b stelzer,b stelzer,A5107832037,A5107923111,100
4911,b stelzer,b stelzer,A5107832037,A5105576682,100
4912,b stelzer,b stelzer,A5107832037,A5105630759,100
4913,b stelzer,b stelzer,A5107832037,A5105639927,100
4914,b stelzer,b stelzer,A5107832037,A5107367903,100
4915,b stelzer,b stelzer,A5107832037,A5134793618,100
4916,o stelzer-chilton,o stelzer-chilton,A5113089671,A5107939699,100
4917,o stelzer-chilton,o stelzer-chilton,A5113089671,A5107848754,100
4918,stephanie simmons,stephanie simmons,A5109341171,A5041989506,100
4919,jialin song,jialin song,A5071124814,A5003382415,100
4920,zhao song,zhao song,A5091070408,A5008391481,100
4921,john j spinelli,john j spinelli,A5107870371,A5106853372,100
4922,daniel r smith,daniel r smith,A5070701089,A5103160602,100
4923,daniel r smith,daniel r smith,A5070701089,A5033204967,100
4924,sarah spencer,sarah spencer,A5036026482,A5016055451,100
4925,sarah spencer,sarah spencer,A5036026482,A5113285717,100
4926,sarah spencer,sarah spencer,A5036026482,A5129690745,100
4927,sarah spencer,sarah spencer,A5036026482,A5124015847,100
4928,sarah spencer,sarah spencer,A5036026482,A5128900009,100
4929,william a scott,william a scott,A5001064251,A5122000483,100
4930,p sinervo,p sinervo,A5073283010,A5107884158,100
4931,p sinervo,p sinervo,A5073283010,A5106459212,100
4932,p sinervo,p sinervo,A5073283010,A5107908954,100
4933,p sinervo,p sinervo,A5073283010,A5107877924,100
4934,p sinervo,p sinervo,A5073283010,A5107855909,100
4935,p sinervo,p sinervo,A5073283010,A5105203741,100
4936,p sinervo,p sinervo,A5073283010,A5107827466,100
4937,p steinberg,p steinberg,A5076600411,A5111803808,100
4938,p steinberg,p steinberg,A5076600411,A5105633298,100
4939,p steinberg,p steinberg,A5076600411,A5107884553,100
4940,p steinberg,p steinberg,A5076600411,A5110211797,100
4941,p steinberg,p steinberg,A5076600411,A5107878062,100
4942,p steinberg,p steinberg,A5076600411,A5107853593,100
4943,p steinberg,p steinberg,A5076600411,A5107875653,100
4944,p steinberg,p steinberg,A5076600411,A5105643290,100
4945,p steinberg,p steinberg,A5076600411,A5107889591,100
4946,p steinberg,p steinberg,A5076600411,A5107904186,100
4947,p steinberg,p steinberg,A5076600411,A5107884733,100
4948,p steinberg,p steinberg,A5076600411,A5112008362,100
4949,p steinberg,p steinberg,A5076600411,A5107907942,100
4950,maryam saberi,maryam saberi,A5085617326,A5033450343,100
4951,daniel r smith,daniel r smith,A5103160602,A5033204967,100
4952,john m stockie,john m stockie,A5010820555,A5114564447,100
4953,p spagnoletti,p spagnoletti,A5071229096,A5047958970,100
4954,p steinberg,p steinberg,A5111803808,A5105633298,100
4955,p steinberg,p steinberg,A5111803808,A5107884553,100
4956,p steinberg,p steinberg,A5111803808,A5110211797,100
4957,p steinberg,p steinberg,A5111803808,A5107878062,100
4958,p steinberg,p steinberg,A5111803808,A5107853593,100
4959,p steinberg,p steinberg,A5111803808,A5107875653,100
4960,p steinberg,p steinberg,A5111803808,A5105643290,100
4961,p steinberg,p steinberg,A5111803808,A5107889591,100
4962,p steinberg,p steinberg,A5111803808,A5107904186,100
4963,p steinberg,p steinberg,A5111803808,A5107884733,100
4964,p steinberg,p steinberg,A5111803808,A5112008362,100
4965,p steinberg,p steinberg,A5111803808,A5107907942,100
4966,kate salters,kate salters,A5080431297,A5086737870,100
4967,markus schnorbus,markus schnorbus,A5017651505,A5134383149,100
4968,sarah spencer,sarah spencer,A5016055451,A5113285717,100
4969,sarah spencer,sarah spencer,A5016055451,A5129690745,100
4970,sarah spencer,sarah spencer,A5016055451,A5124015847,100
4971,sarah spencer,sarah spencer,A5016055451,A5128900009,100
4972,richard smith,richard smith,A5104048293,A5101169590,100
4973,p sinervo,p sinervo,A5107884158,A5106459212,100
4974,p sinervo,p sinervo,A5107884158,A5107908954,100
4975,p sinervo,p sinervo,A5107884158,A5107877924,100
4976,p sinervo,p sinervo,A5107884158,A5107855909,100
4977,p sinervo,p sinervo,A5107884158,A5105203741,100
4978,p sinervo,p sinervo,A5107884158,A5107827466,100
4979,weiran sun,weiran sun,A5076368773,A5121302725,100
4980,jiyoung shin,jiyoung shin,A5109363537,A5023662075,100
4981,haolun shi,haolun shi,A5066373758,A5050818931,100
4982,haolun shi,haolun shi,A5066373758,A5111122392,100
4983,p steinberg,p steinberg,A5105633298,A5107884553,100
4984,p steinberg,p steinberg,A5105633298,A5110211797,100
4985,p steinberg,p steinberg,A5105633298,A5107878062,100
4986,p steinberg,p steinberg,A5105633298,A5107853593,100
4987,p steinberg,p steinberg,A5105633298,A5107875653,100
4988,p steinberg,p steinberg,A5105633298,A5105643290,100
4989,p steinberg,p steinberg,A5105633298,A5107889591,100
4990,p steinberg,p steinberg,A5105633298,A5107904186,100
4991,p steinberg,p steinberg,A5105633298,A5107884733,100
4992,p steinberg,p steinberg,A5105633298,A5112008362,100
4993,p steinberg,p steinberg,A5105633298,A5107907942,100
4994,travis salway,travis salway,A5091021879,A5130338141,100
4995,aniqa shahid,aniqa shahid,A5057060792,A5130278618,100
4996,aniqa shahid,aniqa shahid,A5057060792,A5130977481,100
4997,bingyun sun,bingyun sun,A5030344959,A5109259416,100
4998,bingyun sun,bingyun sun,A5030344959,A5124949965,100
4999,d stead,d stead,A5110425840,A5074257141,100
5000,xiaochuan sun,xiaochuan sun,A5101583418,A5083899106,100
5001,yifan shi,yifan shi,A5030421835,A5101605727,100
5002,v sinetckii,v sinetckii,A5107940741,A5107924734,100
5003,v sinetckii,v sinetckii,A5107940741,A5107921080,100
5004,jason stearns,jason stearns,A5001695653,A5012466903,100
5005,anmol sharma,anmol sharma,A5101129233,A5015908386,100
5006,p sinervo,p sinervo,A5106459212,A5107908954,100
5007,p sinervo,p sinervo,A5106459212,A5107877924,100
5008,p sinervo,p sinervo,A5106459212,A5107855909,100
5009,p sinervo,p sinervo,A5106459212,A5105203741,100
5010,p sinervo,p sinervo,A5106459212,A5107827466,100
5011,jennifer scott,jennifer scott,A5103005052,A5103337246,100
5012,p steinberg,p steinberg,A5107884553,A5110211797,100
5013,p steinberg,p steinberg,A5107884553,A5107878062,100
5014,p steinberg,p steinberg,A5107884553,A5107853593,100
5015,p steinberg,p steinberg,A5107884553,A5107875653,100
5016,p steinberg,p steinberg,A5107884553,A5105643290,100
5017,p steinberg,p steinberg,A5107884553,A5107889591,100
5018,p steinberg,p steinberg,A5107884553,A5107904186,100
5019,p steinberg,p steinberg,A5107884553,A5107884733,100
5020,p steinberg,p steinberg,A5107884553,A5112008362,100
5021,p steinberg,p steinberg,A5107884553,A5107907942,100
5022,o stelzer-chilton,o stelzer-chilton,A5107939699,A5107848754,100
5023,p steinberg,p steinberg,A5110211797,A5107878062,100
5024,p steinberg,p steinberg,A5110211797,A5107853593,100
5025,p steinberg,p steinberg,A5110211797,A5107875653,100
5026,p steinberg,p steinberg,A5110211797,A5105643290,100
5027,p steinberg,p steinberg,A5110211797,A5107889591,100
5028,p steinberg,p steinberg,A5110211797,A5107904186,100
5029,p steinberg,p steinberg,A5110211797,A5107884733,100
5030,p steinberg,p steinberg,A5110211797,A5112008362,100
5031,p steinberg,p steinberg,A5110211797,A5107907942,100
5032,p sinervo,p sinervo,A5107908954,A5107877924,100
5033,p sinervo,p sinervo,A5107908954,A5107855909,100
5034,p sinervo,p sinervo,A5107908954,A5105203741,100
5035,p sinervo,p sinervo,A5107908954,A5107827466,100
5036,b stelzer,b stelzer,A5107852937,A5107885325,100
5037,b stelzer,b stelzer,A5107852937,A5109220342,100
5038,b stelzer,b stelzer,A5107852937,A5105630097,100
5039,b stelzer,b stelzer,A5107852937,A5107852526,100
5040,b stelzer,b stelzer,A5107852937,A5107926920,100
5041,b stelzer,b stelzer,A5107852937,A5107875113,100
5042,b stelzer,b stelzer,A5107852937,A5105936614,100
5043,b stelzer,b stelzer,A5107852937,A5107911566,100
5044,b stelzer,b stelzer,A5107852937,A5105285075,100
5045,b stelzer,b stelzer,A5107852937,A5107894826,100
5046,b stelzer,b stelzer,A5107852937,A5107903224,100
5047,b stelzer,b stelzer,A5107852937,A5107843826,100
5048,b stelzer,b stelzer,A5107852937,A5107907943,100
5049,b stelzer,b stelzer,A5107852937,A5107921576,100
5050,b stelzer,b stelzer,A5107852937,A5107749653,100
5051,b stelzer,b stelzer,A5107852937,A5107910839,100
5052,b stelzer,b stelzer,A5107852937,A5107912593,100
5053,b stelzer,b stelzer,A5107852937,A5107914867,100
5054,b stelzer,b stelzer,A5107852937,A5105627570,100
5055,b stelzer,b stelzer,A5107852937,A5105178043,100
5056,b stelzer,b stelzer,A5107852937,A5105684434,100
5057,b stelzer,b stelzer,A5107852937,A5105871878,100
5058,b stelzer,b stelzer,A5107852937,A5107913522,100
5059,b stelzer,b stelzer,A5107852937,A5107923111,100
5060,b stelzer,b stelzer,A5107852937,A5105576682,100
5061,b stelzer,b stelzer,A5107852937,A5105630759,100
5062,b stelzer,b stelzer,A5107852937,A5105639927,100
5063,b stelzer,b stelzer,A5107852937,A5107367903,100
5064,b stelzer,b stelzer,A5107852937,A5134793618,100
5065,p steinberg,p steinberg,A5107878062,A5107853593,100
5066,p steinberg,p steinberg,A5107878062,A5107875653,100
5067,p steinberg,p steinberg,A5107878062,A5105643290,100
5068,p steinberg,p steinberg,A5107878062,A5107889591,100
5069,p steinberg,p steinberg,A5107878062,A5107904186,100
5070,p steinberg,p steinberg,A5107878062,A5107884733,100
5071,p steinberg,p steinberg,A5107878062,A5112008362,100
5072,p steinberg,p steinberg,A5107878062,A5107907942,100
5073,nathalie sinclair,nathalie sinclair,A5111814811,A5129885180,100
5074,vaibhav saria,vaibhav saria,A5010995436,A5117311464,100
5075,b stelzer,b stelzer,A5107885325,A5109220342,100
5076,b stelzer,b stelzer,A5107885325,A5105630097,100
5077,b stelzer,b stelzer,A5107885325,A5107852526,100
5078,b stelzer,b stelzer,A5107885325,A5107926920,100
5079,b stelzer,b stelzer,A5107885325,A5107875113,100
5080,b stelzer,b stelzer,A5107885325,A5105936614,100
5081,b stelzer,b stelzer,A5107885325,A5107911566,100
5082,b stelzer,b stelzer,A5107885325,A5105285075,100
5083,b stelzer,b stelzer,A5107885325,A5107894826,100
5084,b stelzer,b stelzer,A5107885325,A5107903224,100
5085,b stelzer,b stelzer,A5107885325,A5107843826,100
5086,b stelzer,b stelzer,A5107885325,A5107907943,100
5087,b stelzer,b stelzer,A5107885325,A5107921576,100
5088,b stelzer,b stelzer,A5107885325,A5107749653,100
5089,b stelzer,b stelzer,A5107885325,A5107910839,100
5090,b stelzer,b stelzer,A5107885325,A5107912593,100
5091,b stelzer,b stelzer,A5107885325,A5107914867,100
5092,b stelzer,b stelzer,A5107885325,A5105627570,100
5093,b stelzer,b stelzer,A5107885325,A5105178043,100
5094,b stelzer,b stelzer,A5107885325,A5105684434,100
5095,b stelzer,b stelzer,A5107885325,A5105871878,100
5096,b stelzer,b stelzer,A5107885325,A5107913522,100
5097,b stelzer,b stelzer,A5107885325,A5107923111,100
5098,b stelzer,b stelzer,A5107885325,A5105576682,100
5099,b stelzer,b stelzer,A5107885325,A5105630759,100
5100,b stelzer,b stelzer,A5107885325,A5105639927,100
5101,b stelzer,b stelzer,A5107885325,A5107367903,100
5102,b stelzer,b stelzer,A5107885325,A5134793618,100
5103,leah shipton,leah shipton,A5052716722,A5094149020,100
5104,leah shipton,leah shipton,A5052716722,A5121947494,100
5105,s singh,s singh,A5108064129,A5107943841,100
5106,s singh,s singh,A5108064129,A5107904038,100
5107,s singh,s singh,A5108064129,A5107916586,100
5108,s singh,s singh,A5108064129,A5107900979,100
5109,s singh,s singh,A5108064129,A5107921566,100
5110,s singh,s singh,A5108064129,A5105558346,100
5111,s singh,s singh,A5108064129,A5107955005,100
5112,s singh,s singh,A5108064129,A5105842275,100
5113,g stavropoulos,g stavropoulos,A5107902681,A5107926919,100
5114,sundeep singh,sundeep singh,A5108133397,A5106446792,100
5115,ehsan sadeghi,ehsan sadeghi,A5061479859,A5101685651,100
5116,p steinberg,p steinberg,A5107853593,A5107875653,100
5117,p steinberg,p steinberg,A5107853593,A5105643290,100
5118,p steinberg,p steinberg,A5107853593,A5107889591,100
5119,p steinberg,p steinberg,A5107853593,A5107904186,100
5120,p steinberg,p steinberg,A5107853593,A5107884733,100
5121,p steinberg,p steinberg,A5107853593,A5112008362,100
5122,p steinberg,p steinberg,A5107853593,A5107907942,100
5123,jeffrey a van santen,jeffrey a van santen,A5071037562,A5106945613,100
5124,p sinervo,p sinervo,A5107877924,A5107855909,100
5125,p sinervo,p sinervo,A5107877924,A5105203741,100
5126,p sinervo,p sinervo,A5107877924,A5107827466,100
5127,david sun,david sun,A5112389755,A5040538968,100
5128,s singh,s singh,A5107943841,A5107904038,100
5129,s singh,s singh,A5107943841,A5107916586,100
5130,s singh,s singh,A5107943841,A5107900979,100
5131,s singh,s singh,A5107943841,A5107921566,100
5132,s singh,s singh,A5107943841,A5105558346,100
5133,s singh,s singh,A5107943841,A5107955005,100
5134,s singh,s singh,A5107943841,A5105842275,100
5135,nilesh saraf,nilesh saraf,A5109031966,A5103100176,100
5136,b stelzer,b stelzer,A5109220342,A5105630097,100
5137,b stelzer,b stelzer,A5109220342,A5107852526,100
5138,b stelzer,b stelzer,A5109220342,A5107926920,100
5139,b stelzer,b stelzer,A5109220342,A5107875113,100
5140,b stelzer,b stelzer,A5109220342,A5105936614,100
5141,b stelzer,b stelzer,A5109220342,A5107911566,100
5142,b stelzer,b stelzer,A5109220342,A5105285075,100
5143,b stelzer,b stelzer,A5109220342,A5107894826,100
5144,b stelzer,b stelzer,A5109220342,A5107903224,100
5145,b stelzer,b stelzer,A5109220342,A5107843826,100
5146,b stelzer,b stelzer,A5109220342,A5107907943,100
5147,b stelzer,b stelzer,A5109220342,A5107921576,100
5148,b stelzer,b stelzer,A5109220342,A5107749653,100
5149,b stelzer,b stelzer,A5109220342,A5107910839,100
5150,b stelzer,b stelzer,A5109220342,A5107912593,100
5151,b stelzer,b stelzer,A5109220342,A5107914867,100
5152,b stelzer,b stelzer,A5109220342,A5105627570,100
5153,b stelzer,b stelzer,A5109220342,A5105178043,100
5154,b stelzer,b stelzer,A5109220342,A5105684434,100
5155,b stelzer,b stelzer,A5109220342,A5105871878,100
5156,b stelzer,b stelzer,A5109220342,A5107913522,100
5157,b stelzer,b stelzer,A5109220342,A5107923111,100
5158,b stelzer,b stelzer,A5109220342,A5105576682,100
5159,b stelzer,b stelzer,A5109220342,A5105630759,100
5160,b stelzer,b stelzer,A5109220342,A5105639927,100
5161,b stelzer,b stelzer,A5109220342,A5107367903,100
5162,b stelzer,b stelzer,A5109220342,A5134793618,100
5163,b stelzer,b stelzer,A5105630097,A5107852526,100
5164,b stelzer,b stelzer,A5105630097,A5107926920,100
5165,b stelzer,b stelzer,A5105630097,A5107875113,100
5166,b stelzer,b stelzer,A5105630097,A5105936614,100
5167,b stelzer,b stelzer,A5105630097,A5107911566,100
5168,b stelzer,b stelzer,A5105630097,A5105285075,100
5169,b stelzer,b stelzer,A5105630097,A5107894826,100
5170,b stelzer,b stelzer,A5105630097,A5107903224,100
5171,b stelzer,b stelzer,A5105630097,A5107843826,100
5172,b stelzer,b stelzer,A5105630097,A5107907943,100
5173,b stelzer,b stelzer,A5105630097,A5107921576,100
5174,b stelzer,b stelzer,A5105630097,A5107749653,100
5175,b stelzer,b stelzer,A5105630097,A5107910839,100
5176,b stelzer,b stelzer,A5105630097,A5107912593,100
5177,b stelzer,b stelzer,A5105630097,A5107914867,100
5178,b stelzer,b stelzer,A5105630097,A5105627570,100
5179,b stelzer,b stelzer,A5105630097,A5105178043,100
5180,b stelzer,b stelzer,A5105630097,A5105684434,100
5181,b stelzer,b stelzer,A5105630097,A5105871878,100
5182,b stelzer,b stelzer,A5105630097,A5107913522,100
5183,b stelzer,b stelzer,A5105630097,A5107923111,100
5184,b stelzer,b stelzer,A5105630097,A5105576682,100
5185,b stelzer,b stelzer,A5105630097,A5105630759,100
5186,b stelzer,b stelzer,A5105630097,A5105639927,100
5187,b stelzer,b stelzer,A5105630097,A5107367903,100
5188,b stelzer,b stelzer,A5105630097,A5134793618,100
5189,b stelzer,b stelzer,A5107852526,A5107926920,100
5190,b stelzer,b stelzer,A5107852526,A5107875113,100
5191,b stelzer,b stelzer,A5107852526,A5105936614,100
5192,b stelzer,b stelzer,A5107852526,A5107911566,100
5193,b stelzer,b stelzer,A5107852526,A5105285075,100
5194,b stelzer,b stelzer,A5107852526,A5107894826,100
5195,b stelzer,b stelzer,A5107852526,A5107903224,100
5196,b stelzer,b stelzer,A5107852526,A5107843826,100
5197,b stelzer,b stelzer,A5107852526,A5107907943,100
5198,b stelzer,b stelzer,A5107852526,A5107921576,100
5199,b stelzer,b stelzer,A5107852526,A5107749653,100
5200,b stelzer,b stelzer,A5107852526,A5107910839,100
5201,b stelzer,b stelzer,A5107852526,A5107912593,100
5202,b stelzer,b stelzer,A5107852526,A5107914867,100
5203,b stelzer,b stelzer,A5107852526,A5105627570,100
5204,b stelzer,b stelzer,A5107852526,A5105178043,100
5205,b stelzer,b stelzer,A5107852526,A5105684434,100
5206,b stelzer,b stelzer,A5107852526,A5105871878,100
5207,b stelzer,b stelzer,A5107852526,A5107913522,100
5208,b stelzer,b stelzer,A5107852526,A5107923111,100
5209,b stelzer,b stelzer,A5107852526,A5105576682,100
5210,b stelzer,b stelzer,A5107852526,A5105630759,100
5211,b stelzer,b stelzer,A5107852526,A5105639927,100
5212,b stelzer,b stelzer,A5107852526,A5107367903,100
5213,b stelzer,b stelzer,A5107852526,A5134793618,100
5214,yuhao sun,yuhao sun,A5100660850,A5100660844,100
5215,p steinberg,p steinberg,A5107875653,A5105643290,100
5216,p steinberg,p steinberg,A5107875653,A5107889591,100
5217,p steinberg,p steinberg,A5107875653,A5107904186,100
5218,p steinberg,p steinberg,A5107875653,A5107884733,100
5219,p steinberg,p steinberg,A5107875653,A5112008362,100
5220,p steinberg,p steinberg,A5107875653,A5107907942,100
5221,p steinberg,p steinberg,A5105643290,A5107889591,100
5222,p steinberg,p steinberg,A5105643290,A5107904186,100
5223,p steinberg,p steinberg,A5105643290,A5107884733,100
5224,p steinberg,p steinberg,A5105643290,A5112008362,100
5225,p steinberg,p steinberg,A5105643290,A5107907942,100
5226,p sinervo,p sinervo,A5107855909,A5105203741,100
5227,p sinervo,p sinervo,A5107855909,A5107827466,100
5228,s m shaw,s m shaw,A5108848062,A5108140923,100
5229,s m shaw,s m shaw,A5108848062,A5107591510,100
5230,s m shaw,s m shaw,A5108848062,A5107875763,100
5231,b stelzer,b stelzer,A5107926920,A5107875113,100
5232,b stelzer,b stelzer,A5107926920,A5105936614,100
5233,b stelzer,b stelzer,A5107926920,A5107911566,100
5234,b stelzer,b stelzer,A5107926920,A5105285075,100
5235,b stelzer,b stelzer,A5107926920,A5107894826,100
5236,b stelzer,b stelzer,A5107926920,A5107903224,100
5237,b stelzer,b stelzer,A5107926920,A5107843826,100
5238,b stelzer,b stelzer,A5107926920,A5107907943,100
5239,b stelzer,b stelzer,A5107926920,A5107921576,100
5240,b stelzer,b stelzer,A5107926920,A5107749653,100
5241,b stelzer,b stelzer,A5107926920,A5107910839,100
5242,b stelzer,b stelzer,A5107926920,A5107912593,100
5243,b stelzer,b stelzer,A5107926920,A5107914867,100
5244,b stelzer,b stelzer,A5107926920,A5105627570,100
5245,b stelzer,b stelzer,A5107926920,A5105178043,100
5246,b stelzer,b stelzer,A5107926920,A5105684434,100
5247,b stelzer,b stelzer,A5107926920,A5105871878,100
5248,b stelzer,b stelzer,A5107926920,A5107913522,100
5249,b stelzer,b stelzer,A5107926920,A5107923111,100
5250,b stelzer,b stelzer,A5107926920,A5105576682,100
5251,b stelzer,b stelzer,A5107926920,A5105630759,100
5252,b stelzer,b stelzer,A5107926920,A5105639927,100
5253,b stelzer,b stelzer,A5107926920,A5107367903,100
5254,b stelzer,b stelzer,A5107926920,A5134793618,100
5255,s m shaw,s m shaw,A5108140923,A5107591510,100
5256,s m shaw,s m shaw,A5108140923,A5107875763,100
5257,amir shabani,amir shabani,A5038279279,A5123382204,100
5258,p sinervo,p sinervo,A5105203741,A5107827466,100
5259,hossein sharifi-noghabi,hossein sharifi-noghabi,A5032352229,A5007272574,100
5260,ashwin samudre,ashwin samudre,A5081306915,A5114395731,100
5261,julia smith,julia smith,A5103820823,A5047970127,100
5262,julia smith,julia smith,A5103820823,A5125255042,100
5263,julia smith,julia smith,A5103820823,A5129988355,100
5264,jon smith,jon smith,A5112429696,A5036375387,100
5265,sarah spencer,sarah spencer,A5113285717,A5129690745,100
5266,sarah spencer,sarah spencer,A5113285717,A5124015847,100
5267,sarah spencer,sarah spencer,A5113285717,A5128900009,100
5268,b stelzer,b stelzer,A5107875113,A5105936614,100
5269,b stelzer,b stelzer,A5107875113,A5107911566,100
5270,b stelzer,b stelzer,A5107875113,A5105285075,100
5271,b stelzer,b stelzer,A5107875113,A5107894826,100
5272,b stelzer,b stelzer,A5107875113,A5107903224,100
5273,b stelzer,b stelzer,A5107875113,A5107843826,100
5274,b stelzer,b stelzer,A5107875113,A5107907943,100
5275,b stelzer,b stelzer,A5107875113,A5107921576,100
5276,b stelzer,b stelzer,A5107875113,A5107749653,100
5277,b stelzer,b stelzer,A5107875113,A5107910839,100
5278,b stelzer,b stelzer,A5107875113,A5107912593,100
5279,b stelzer,b stelzer,A5107875113,A5107914867,100
5280,b stelzer,b stelzer,A5107875113,A5105627570,100
5281,b stelzer,b stelzer,A5107875113,A5105178043,100
5282,b stelzer,b stelzer,A5107875113,A5105684434,100
5283,b stelzer,b stelzer,A5107875113,A5105871878,100
5284,b stelzer,b stelzer,A5107875113,A5107913522,100
5285,b stelzer,b stelzer,A5107875113,A5107923111,100
5286,b stelzer,b stelzer,A5107875113,A5105576682,100
5287,b stelzer,b stelzer,A5107875113,A5105630759,100
5288,b stelzer,b stelzer,A5107875113,A5105639927,100
5289,b stelzer,b stelzer,A5107875113,A5107367903,100
5290,b stelzer,b stelzer,A5107875113,A5134793618,100
5291,b stelzer,b stelzer,A5105936614,A5107911566,100
5292,b stelzer,b stelzer,A5105936614,A5105285075,100
5293,b stelzer,b stelzer,A5105936614,A5107894826,100
5294,b stelzer,b stelzer,A5105936614,A5107903224,100
5295,b stelzer,b stelzer,A5105936614,A5107843826,100
5296,b stelzer,b stelzer,A5105936614,A5107907943,100
5297,b stelzer,b stelzer,A5105936614,A5107921576,100
5298,b stelzer,b stelzer,A5105936614,A5107749653,100
5299,b stelzer,b stelzer,A5105936614,A5107910839,100
5300,b stelzer,b stelzer,A5105936614,A5107912593,100
5301,b stelzer,b stelzer,A5105936614,A5107914867,100
5302,b stelzer,b stelzer,A5105936614,A5105627570,100
5303,b stelzer,b stelzer,A5105936614,A5105178043,100
5304,b stelzer,b stelzer,A5105936614,A5105684434,100
5305,b stelzer,b stelzer,A5105936614,A5105871878,100
5306,b stelzer,b stelzer,A5105936614,A5107913522,100
5307,b stelzer,b stelzer,A5105936614,A5107923111,100
5308,b stelzer,b stelzer,A5105936614,A5105576682,100
5309,b stelzer,b stelzer,A5105936614,A5105630759,100
5310,b stelzer,b stelzer,A5105936614,A5105639927,100
5311,b stelzer,b stelzer,A5105936614,A5107367903,100
5312,b stelzer,b stelzer,A5105936614,A5134793618,100
5313,p steinberg,p steinberg,A5107889591,A5107904186,100
5314,p steinberg,p steinberg,A5107889591,A5107884733,100
5315,p steinberg,p steinberg,A5107889591,A5112008362,100
5316,p steinberg,p steinberg,A5107889591,A5107907942,100
5317,p steinberg,p steinberg,A5107904186,A5107884733,100
5318,p steinberg,p steinberg,A5107904186,A5112008362,100
5319,p steinberg,p steinberg,A5107904186,A5107907942,100
5320,b stelzer,b stelzer,A5107911566,A5105285075,100
5321,b stelzer,b stelzer,A5107911566,A5107894826,100
5322,b stelzer,b stelzer,A5107911566,A5107903224,100
5323,b stelzer,b stelzer,A5107911566,A5107843826,100
5324,b stelzer,b stelzer,A5107911566,A5107907943,100
5325,b stelzer,b stelzer,A5107911566,A5107921576,100
5326,b stelzer,b stelzer,A5107911566,A5107749653,100
5327,b stelzer,b stelzer,A5107911566,A5107910839,100
5328,b stelzer,b stelzer,A5107911566,A5107912593,100
5329,b stelzer,b stelzer,A5107911566,A5107914867,100
5330,b stelzer,b stelzer,A5107911566,A5105627570,100
5331,b stelzer,b stelzer,A5107911566,A5105178043,100
5332,b stelzer,b stelzer,A5107911566,A5105684434,100
5333,b stelzer,b stelzer,A5107911566,A5105871878,100
5334,b stelzer,b stelzer,A5107911566,A5107913522,100
5335,b stelzer,b stelzer,A5107911566,A5107923111,100
5336,b stelzer,b stelzer,A5107911566,A5105576682,100
5337,b stelzer,b stelzer,A5107911566,A5105630759,100
5338,b stelzer,b stelzer,A5107911566,A5105639927,100
5339,b stelzer,b stelzer,A5107911566,A5107367903,100
5340,b stelzer,b stelzer,A5107911566,A5134793618,100
5341,b stelzer,b stelzer,A5105285075,A5107894826,100
5342,b stelzer,b stelzer,A5105285075,A5107903224,100
5343,b stelzer,b stelzer,A5105285075,A5107843826,100
5344,b stelzer,b stelzer,A5105285075,A5107907943,100
5345,b stelzer,b stelzer,A5105285075,A5107921576,100
5346,b stelzer,b stelzer,A5105285075,A5107749653,100
5347,b stelzer,b stelzer,A5105285075,A5107910839,100
5348,b stelzer,b stelzer,A5105285075,A5107912593,100
5349,b stelzer,b stelzer,A5105285075,A5107914867,100
5350,b stelzer,b stelzer,A5105285075,A5105627570,100
5351,b stelzer,b stelzer,A5105285075,A5105178043,100
5352,b stelzer,b stelzer,A5105285075,A5105684434,100
5353,b stelzer,b stelzer,A5105285075,A5105871878,100
5354,b stelzer,b stelzer,A5105285075,A5107913522,100
5355,b stelzer,b stelzer,A5105285075,A5107923111,100
5356,b stelzer,b stelzer,A5105285075,A5105576682,100
5357,b stelzer,b stelzer,A5105285075,A5105630759,100
5358,b stelzer,b stelzer,A5105285075,A5105639927,100
5359,b stelzer,b stelzer,A5105285075,A5107367903,100
5360,b stelzer,b stelzer,A5105285075,A5134793618,100
5361,b stelzer,b stelzer,A5107894826,A5107903224,100
5362,b stelzer,b stelzer,A5107894826,A5107843826,100
5363,b stelzer,b stelzer,A5107894826,A5107907943,100
5364,b stelzer,b stelzer,A5107894826,A5107921576,100
5365,b stelzer,b stelzer,A5107894826,A5107749653,100
5366,b stelzer,b stelzer,A5107894826,A5107910839,100
5367,b stelzer,b stelzer,A5107894826,A5107912593,100
5368,b stelzer,b stelzer,A5107894826,A5107914867,100
5369,b stelzer,b stelzer,A5107894826,A5105627570,100
5370,b stelzer,b stelzer,A5107894826,A5105178043,100
5371,b stelzer,b stelzer,A5107894826,A5105684434,100
5372,b stelzer,b stelzer,A5107894826,A5105871878,100
5373,b stelzer,b stelzer,A5107894826,A5107913522,100
5374,b stelzer,b stelzer,A5107894826,A5107923111,100
5375,b stelzer,b stelzer,A5107894826,A5105576682,100
5376,b stelzer,b stelzer,A5107894826,A5105630759,100
5377,b stelzer,b stelzer,A5107894826,A5105639927,100
5378,b stelzer,b stelzer,A5107894826,A5107367903,100
5379,b stelzer,b stelzer,A5107894826,A5134793618,100
5380,b stelzer,b stelzer,A5107903224,A5107843826,100
5381,b stelzer,b stelzer,A5107903224,A5107907943,100
5382,b stelzer,b stelzer,A5107903224,A5107921576,100
5383,b stelzer,b stelzer,A5107903224,A5107749653,100
5384,b stelzer,b stelzer,A5107903224,A5107910839,100
5385,b stelzer,b stelzer,A5107903224,A5107912593,100
5386,b stelzer,b stelzer,A5107903224,A5107914867,100
5387,b stelzer,b stelzer,A5107903224,A5105627570,100
5388,b stelzer,b stelzer,A5107903224,A5105178043,100
5389,b stelzer,b stelzer,A5107903224,A5105684434,100
5390,b stelzer,b stelzer,A5107903224,A5105871878,100
5391,b stelzer,b stelzer,A5107903224,A5107913522,100
5392,b stelzer,b stelzer,A5107903224,A5107923111,100
5393,b stelzer,b stelzer,A5107903224,A5105576682,100
5394,b stelzer,b stelzer,A5107903224,A5105630759,100
5395,b stelzer,b stelzer,A5107903224,A5105639927,100
5396,b stelzer,b stelzer,A5107903224,A5107367903,100
5397,b stelzer,b stelzer,A5107903224,A5134793618,100
5398,v sinetckii,v sinetckii,A5107924734,A5107921080,100
5399,j steentoft,j steentoft,A5107937679,A5107941269,100
5400,j steentoft,j steentoft,A5107937679,A5105728333,100
5401,s m shaw,s m shaw,A5107591510,A5107875763,100
5402,jonas stoll,jonas stoll,A5051397053,A5078582129,100
5403,s clay steell,s clay steell,A5074322688,A5121767616,100
5404,b stelzer,b stelzer,A5107843826,A5107907943,100
5405,b stelzer,b stelzer,A5107843826,A5107921576,100
5406,b stelzer,b stelzer,A5107843826,A5107749653,100
5407,b stelzer,b stelzer,A5107843826,A5107910839,100
5408,b stelzer,b stelzer,A5107843826,A5107912593,100
5409,b stelzer,b stelzer,A5107843826,A5107914867,100
5410,b stelzer,b stelzer,A5107843826,A5105627570,100
5411,b stelzer,b stelzer,A5107843826,A5105178043,100
5412,b stelzer,b stelzer,A5107843826,A5105684434,100
5413,b stelzer,b stelzer,A5107843826,A5105871878,100
5414,b stelzer,b stelzer,A5107843826,A5107913522,100
5415,b stelzer,b stelzer,A5107843826,A5107923111,100
5416,b stelzer,b stelzer,A5107843826,A5105576682,100
5417,b stelzer,b stelzer,A5107843826,A5105630759,100
5418,b stelzer,b stelzer,A5107843826,A5105639927,100
5419,b stelzer,b stelzer,A5107843826,A5107367903,100
5420,b stelzer,b stelzer,A5107843826,A5134793618,100
5421,p steinberg,p steinberg,A5107884733,A5112008362,100
5422,p steinberg,p steinberg,A5107884733,A5107907942,100
5423,p steinberg,p steinberg,A5112008362,A5107907942,100
5424,bernd stelzer,bernd stelzer,A5107119542,A5113305849,100
5425,bernd stelzer,bernd stelzer,A5107119542,A5105619231,100
5426,bernd stelzer,bernd stelzer,A5113305849,A5105619231,100
5427,s singh,s singh,A5107904038,A5107916586,100
5428,s singh,s singh,A5107904038,A5107900979,100
5429,s singh,s singh,A5107904038,A5107921566,100
5430,s singh,s singh,A5107904038,A5105558346,100
5431,s singh,s singh,A5107904038,A5107955005,100
5432,s singh,s singh,A5107904038,A5105842275,100
5433,s singh,s singh,A5107916586,A5107900979,100
5434,s singh,s singh,A5107916586,A5107921566,100
5435,s singh,s singh,A5107916586,A5105558346,100
5436,s singh,s singh,A5107916586,A5107955005,100
5437,s singh,s singh,A5107916586,A5105842275,100
5438,neha shivhare,neha shivhare,A5050482813,A5022932774,100
5439,d j sheppard,d j sheppard,A5105871868,A5105728257,100
5440,d j sheppard,d j sheppard,A5105871868,A5107946472,100
5441,d j sheppard,d j sheppard,A5105871868,A5123024589,100
5442,d j sheppard,d j sheppard,A5105871868,A5123120813,100
5443,d j sheppard,d j sheppard,A5105871868,A5126023674,100
5444,d j sheppard,d j sheppard,A5105871868,A5126963199,100
5445,d j sheppard,d j sheppard,A5105871868,A5134772362,100
5446,s singh,s singh,A5107900979,A5107921566,100
5447,s singh,s singh,A5107900979,A5105558346,100
5448,s singh,s singh,A5107900979,A5107955005,100
5449,s singh,s singh,A5107900979,A5105842275,100
5450,b stelzer,b stelzer,A5107907943,A5107921576,100
5451,b stelzer,b stelzer,A5107907943,A5107749653,100
5452,b stelzer,b stelzer,A5107907943,A5107910839,100
5453,b stelzer,b stelzer,A5107907943,A5107912593,100
5454,b stelzer,b stelzer,A5107907943,A5107914867,100
5455,b stelzer,b stelzer,A5107907943,A5105627570,100
5456,b stelzer,b stelzer,A5107907943,A5105178043,100
5457,b stelzer,b stelzer,A5107907943,A5105684434,100
5458,b stelzer,b stelzer,A5107907943,A5105871878,100
5459,b stelzer,b stelzer,A5107907943,A5107913522,100
5460,b stelzer,b stelzer,A5107907943,A5107923111,100
5461,b stelzer,b stelzer,A5107907943,A5105576682,100
5462,b stelzer,b stelzer,A5107907943,A5105630759,100
5463,b stelzer,b stelzer,A5107907943,A5105639927,100
5464,b stelzer,b stelzer,A5107907943,A5107367903,100
5465,b stelzer,b stelzer,A5107907943,A5134793618,100
5466,s singh,s singh,A5107921566,A5105558346,100
5467,s singh,s singh,A5107921566,A5107955005,100
5468,s singh,s singh,A5107921566,A5105842275,100
5469,b stelzer,b stelzer,A5107921576,A5107749653,100
5470,b stelzer,b stelzer,A5107921576,A5107910839,100
5471,b stelzer,b stelzer,A5107921576,A5107912593,100
5472,b stelzer,b stelzer,A5107921576,A5107914867,100
5473,b stelzer,b stelzer,A5107921576,A5105627570,100
5474,b stelzer,b stelzer,A5107921576,A5105178043,100
5475,b stelzer,b stelzer,A5107921576,A5105684434,100
5476,b stelzer,b stelzer,A5107921576,A5105871878,100
5477,b stelzer,b stelzer,A5107921576,A5107913522,100
5478,b stelzer,b stelzer,A5107921576,A5107923111,100
5479,b stelzer,b stelzer,A5107921576,A5105576682,100
5480,b stelzer,b stelzer,A5107921576,A5105630759,100
5481,b stelzer,b stelzer,A5107921576,A5105639927,100
5482,b stelzer,b stelzer,A5107921576,A5107367903,100
5483,b stelzer,b stelzer,A5107921576,A5134793618,100
5484,mani sadati,mani sadati,A5023515660,A5083398015,100
5485,d j sheppard,d j sheppard,A5105728257,A5107946472,100
5486,d j sheppard,d j sheppard,A5105728257,A5123024589,100
5487,d j sheppard,d j sheppard,A5105728257,A5123120813,100
5488,d j sheppard,d j sheppard,A5105728257,A5126023674,100
5489,d j sheppard,d j sheppard,A5105728257,A5126963199,100
5490,d j sheppard,d j sheppard,A5105728257,A5134772362,100
5491,b stelzer,b stelzer,A5107749653,A5107910839,100
5492,b stelzer,b stelzer,A5107749653,A5107912593,100
5493,b stelzer,b stelzer,A5107749653,A5107914867,100
5494,b stelzer,b stelzer,A5107749653,A5105627570,100
5495,b stelzer,b stelzer,A5107749653,A5105178043,100
5496,b stelzer,b stelzer,A5107749653,A5105684434,100
5497,b stelzer,b stelzer,A5107749653,A5105871878,100
5498,b stelzer,b stelzer,A5107749653,A5107913522,100
5499,b stelzer,b stelzer,A5107749653,A5107923111,100
5500,b stelzer,b stelzer,A5107749653,A5105576682,100
5501,b stelzer,b stelzer,A5107749653,A5105630759,100
5502,b stelzer,b stelzer,A5107749653,A5105639927,100
5503,b stelzer,b stelzer,A5107749653,A5107367903,100
5504,b stelzer,b stelzer,A5107749653,A5134793618,100
5505,b stelzer,b stelzer,A5107910839,A5107912593,100
5506,b stelzer,b stelzer,A5107910839,A5107914867,100
5507,b stelzer,b stelzer,A5107910839,A5105627570,100
5508,b stelzer,b stelzer,A5107910839,A5105178043,100
5509,b stelzer,b stelzer,A5107910839,A5105684434,100
5510,b stelzer,b stelzer,A5107910839,A5105871878,100
5511,b stelzer,b stelzer,A5107910839,A5107913522,100
5512,b stelzer,b stelzer,A5107910839,A5107923111,100
5513,b stelzer,b stelzer,A5107910839,A5105576682,100
5514,b stelzer,b stelzer,A5107910839,A5105630759,100
5515,b stelzer,b stelzer,A5107910839,A5105639927,100
5516,b stelzer,b stelzer,A5107910839,A5107367903,100
5517,b stelzer,b stelzer,A5107910839,A5134793618,100
5518,b stelzer,b stelzer,A5107912593,A5107914867,100
5519,b stelzer,b stelzer,A5107912593,A5105627570,100
5520,b stelzer,b stelzer,A5107912593,A5105178043,100
5521,b stelzer,b stelzer,A5107912593,A5105684434,100
5522,b stelzer,b stelzer,A5107912593,A5105871878,100
5523,b stelzer,b stelzer,A5107912593,A5107913522,100
5524,b stelzer,b stelzer,A5107912593,A5107923111,100
5525,b stelzer,b stelzer,A5107912593,A5105576682,100
5526,b stelzer,b stelzer,A5107912593,A5105630759,100
5527,b stelzer,b stelzer,A5107912593,A5105639927,100
5528,b stelzer,b stelzer,A5107912593,A5107367903,100
5529,b stelzer,b stelzer,A5107912593,A5134793618,100
5530,b stelzer,b stelzer,A5107914867,A5105627570,100
5531,b stelzer,b stelzer,A5107914867,A5105178043,100
5532,b stelzer,b stelzer,A5107914867,A5105684434,100
5533,b stelzer,b stelzer,A5107914867,A5105871878,100
5534,b stelzer,b stelzer,A5107914867,A5107913522,100
5535,b stelzer,b stelzer,A5107914867,A5107923111,100
5536,b stelzer,b stelzer,A5107914867,A5105576682,100
5537,b stelzer,b stelzer,A5107914867,A5105630759,100
5538,b stelzer,b stelzer,A5107914867,A5105639927,100
5539,b stelzer,b stelzer,A5107914867,A5107367903,100
5540,b stelzer,b stelzer,A5107914867,A5134793618,100
5541,d j sheppard,d j sheppard,A5107946472,A5123024589,100
5542,d j sheppard,d j sheppard,A5107946472,A5123120813,100
5543,d j sheppard,d j sheppard,A5107946472,A5126023674,100
5544,d j sheppard,d j sheppard,A5107946472,A5126963199,100
5545,d j sheppard,d j sheppard,A5107946472,A5134772362,100
5546,b stelzer,b stelzer,A5105627570,A5105178043,100
5547,b stelzer,b stelzer,A5105627570,A5105684434,100
5548,b stelzer,b stelzer,A5105627570,A5105871878,100
5549,b stelzer,b stelzer,A5105627570,A5107913522,100
5550,b stelzer,b stelzer,A5105627570,A5107923111,100
5551,b stelzer,b stelzer,A5105627570,A5105576682,100
5552,b stelzer,b stelzer,A5105627570,A5105630759,100
5553,b stelzer,b stelzer,A5105627570,A5105639927,100
5554,b stelzer,b stelzer,A5105627570,A5107367903,100
5555,b stelzer,b stelzer,A5105627570,A5134793618,100
5556,j steentoft,j steentoft,A5107941269,A5105728333,100
5557,julia smith,julia smith,A5047970127,A5125255042,100
5558,julia smith,julia smith,A5047970127,A5129988355,100
5559,leah shipton,leah shipton,A5094149020,A5121947494,100
5560,b stelzer,b stelzer,A5105178043,A5105684434,100
5561,b stelzer,b stelzer,A5105178043,A5105871878,100
5562,b stelzer,b stelzer,A5105178043,A5107913522,100
5563,b stelzer,b stelzer,A5105178043,A5107923111,100
5564,b stelzer,b stelzer,A5105178043,A5105576682,100
5565,b stelzer,b stelzer,A5105178043,A5105630759,100
5566,b stelzer,b stelzer,A5105178043,A5105639927,100
5567,b stelzer,b stelzer,A5105178043,A5107367903,100
5568,b stelzer,b stelzer,A5105178043,A5134793618,100
5569,s singh,s singh,A5105558346,A5107955005,100
5570,s singh,s singh,A5105558346,A5105842275,100
5571,b stelzer,b stelzer,A5105684434,A5105871878,100
5572,b stelzer,b stelzer,A5105684434,A5107913522,100
5573,b stelzer,b stelzer,A5105684434,A5107923111,100
5574,b stelzer,b stelzer,A5105684434,A5105576682,100
5575,b stelzer,b stelzer,A5105684434,A5105630759,100
5576,b stelzer,b stelzer,A5105684434,A5105639927,100
5577,b stelzer,b stelzer,A5105684434,A5107367903,100
5578,b stelzer,b stelzer,A5105684434,A5134793618,100
5579,s singh,s singh,A5107955005,A5105842275,100
5580,emad shams,emad shams,A5117599958,A5126658500,100
5581,emad shams,emad shams,A5117599958,A5117599882,100
5582,paul schaffer,paul schaffer,A5122604809,A5112875763,100
5583,sarah spencer,sarah spencer,A5129690745,A5124015847,100
5584,sarah spencer,sarah spencer,A5129690745,A5128900009,100
5585,haolun shi,haolun shi,A5050818931,A5111122392,100
5586,anmol swaich,anmol swaich,A5092051999,A5092986563,100
5587,b stelzer,b stelzer,A5105871878,A5107913522,100
5588,b stelzer,b stelzer,A5105871878,A5107923111,100
5589,b stelzer,b stelzer,A5105871878,A5105576682,100
5590,b stelzer,b stelzer,A5105871878,A5105630759,100
5591,b stelzer,b stelzer,A5105871878,A5105639927,100
5592,b stelzer,b stelzer,A5105871878,A5107367903,100
5593,b stelzer,b stelzer,A5105871878,A5134793618,100
5594,b stelzer,b stelzer,A5107913522,A5107923111,100
5595,b stelzer,b stelzer,A5107913522,A5105576682,100
5596,b stelzer,b stelzer,A5107913522,A5105630759,100
5597,b stelzer,b stelzer,A5107913522,A5105639927,100
5598,b stelzer,b stelzer,A5107913522,A5107367903,100
5599,b stelzer,b stelzer,A5107913522,A5134793618,100
5600,b stelzer,b stelzer,A5107923111,A5105576682,100
5601,b stelzer,b stelzer,A5107923111,A5105630759,100
5602,b stelzer,b stelzer,A5107923111,A5105639927,100
5603,b stelzer,b stelzer,A5107923111,A5107367903,100
5604,b stelzer,b stelzer,A5107923111,A5134793618,100
5605,bingyun sun,bingyun sun,A5109259416,A5124949965,100
5606,emad shams,emad shams,A5126658500,A5117599882,100
5607,jeremy snyder,jeremy snyder,A5129111677,A5125997548,100
5608,samira siahrostami,samira siahrostami,A5133732756,A5121916155,100
5609,samira siahrostami,samira siahrostami,A5133732756,A5123893847,100
5610,samira siahrostami,samira siahrostami,A5133732756,A5130633252,100
5611,b stelzer,b stelzer,A5105576682,A5105630759,100
5612,b stelzer,b stelzer,A5105576682,A5105639927,100
5613,b stelzer,b stelzer,A5105576682,A5107367903,100
5614,b stelzer,b stelzer,A5105576682,A5134793618,100
5615,b stelzer,b stelzer,A5105630759,A5105639927,100
5616,b stelzer,b stelzer,A5105630759,A5107367903,100
5617,b stelzer,b stelzer,A5105630759,A5134793618,100
5618,b stelzer,b stelzer,A5105639927,A5107367903,100
5619,b stelzer,b stelzer,A5105639927,A5134793618,100
5620,b stelzer,b stelzer,A5107367903,A5134793618,100
5621,samira siahrostami,samira siahrostami,A5121916155,A5123893847,100
5622,samira siahrostami,samira siahrostami,A5121916155,A5130633252,100
5623,d j sheppard,d j sheppard,A5123024589,A5123120813,100
5624,d j sheppard,d j sheppard,A5123024589,A5126023674,100
5625,d j sheppard,d j sheppard,A5123024589,A5126963199,100
5626,d j sheppard,d j sheppard,A5123024589,A5134772362,100
5627,d j sheppard,d j sheppard,A5123120813,A5126023674,100
5628,d j sheppard,d j sheppard,A5123120813,A5126963199,100
5629,d j sheppard,d j sheppard,A5123120813,A5134772362,100
5630,samira siahrostami,samira siahrostami,A5123893847,A5130633252,100
5631,sarah spencer,sarah spencer,A5124015847,A5128900009,100
5632,julia smith,julia smith,A5125255042,A5129988355,100
5633,d j sheppard,d j sheppard,A5126023674,A5126963199,100
5634,d j sheppard,d j sheppard,A5126023674,A5134772362,100
5635,d j sheppard,d j sheppard,A5126963199,A5134772362,100
5636,aniqa shahid,aniqa shahid,A5130278618,A5130977481,100
5637,e torrence,e torrence,A5034106386,A5107849801,100
5638,e torrence,e torrence,A5034106386,A5107858107,100
5639,e torrence,e torrence,A5034106386,A5105780851,100
5640,e torrence,e torrence,A5034106386,A5107859953,100
5641,e torrence,e torrence,A5107849801,A5107858107,100
5642,e torrence,e torrence,A5107849801,A5105780851,100
5643,e torrence,e torrence,A5107849801,A5107859953,100
5644,xin tong,xin tong,A5100784734,A5047313586,100
5645,h torres,h torres,A5074950957,A5107847365,100
5646,h torres,h torres,A5074950957,A5107824880,100
5647,h torres,h torres,A5074950957,A5107892717,100
5648,h torres,h torres,A5074950957,A5107233175,100
5649,h torres,h torres,A5074950957,A5107826501,100
5650,h torres,h torres,A5074950957,A5107878794,100
5651,h torres,h torres,A5074950957,A5107937685,100
5652,h torres,h torres,A5074950957,A5105618186,100
5653,h torres,h torres,A5074950957,A5107866612,100
5654,h torres,h torres,A5074950957,A5107831217,100
5655,h torres,h torres,A5074950957,A5107841570,100
5656,h torres,h torres,A5074950957,A5107826161,100
5657,h torres,h torres,A5074950957,A5107916603,100
5658,h torres,h torres,A5074950957,A5107915790,100
5659,h torres,h torres,A5107847365,A5107824880,100
5660,h torres,h torres,A5107847365,A5107892717,100
5661,h torres,h torres,A5107847365,A5107233175,100
5662,h torres,h torres,A5107847365,A5107826501,100
5663,h torres,h torres,A5107847365,A5107878794,100
5664,h torres,h torres,A5107847365,A5107937685,100
5665,h torres,h torres,A5107847365,A5105618186,100
5666,h torres,h torres,A5107847365,A5107866612,100
5667,h torres,h torres,A5107847365,A5107831217,100
5668,h torres,h torres,A5107847365,A5107841570,100
5669,h torres,h torres,A5107847365,A5107826161,100
5670,h torres,h torres,A5107847365,A5107916603,100
5671,h torres,h torres,A5107847365,A5107915790,100
5672,s tanaka,s tanaka,A5107861692,A5105508778,100
5673,s tanaka,s tanaka,A5107861692,A5110187796,100
5674,h torres,h torres,A5107824880,A5107892717,100
5675,h torres,h torres,A5107824880,A5107233175,100
5676,h torres,h torres,A5107824880,A5107826501,100
5677,h torres,h torres,A5107824880,A5107878794,100
5678,h torres,h torres,A5107824880,A5107937685,100
5679,h torres,h torres,A5107824880,A5105618186,100
5680,h torres,h torres,A5107824880,A5107866612,100
5681,h torres,h torres,A5107824880,A5107831217,100
5682,h torres,h torres,A5107824880,A5107841570,100
5683,h torres,h torres,A5107824880,A5107826161,100
5684,h torres,h torres,A5107824880,A5107916603,100
5685,h torres,h torres,A5107824880,A5107915790,100
5686,ying tian,ying tian,A5110312325,A5100692639,100
5687,s tanaka,s tanaka,A5105508778,A5110187796,100
5688,nigel a s taylor,nigel a s taylor,A5077156402,A5103192325,100
5689,ping tan,ping tan,A5084953118,A5100757137,100
5690,ping tan,ping tan,A5084953118,A5018475444,100
5691,ping tan,ping tan,A5084953118,A5123170066,100
5692,m l w thewalt,m l w thewalt,A5007011961,A5078132551,100
5693,jonathan taylor,jonathan taylor,A5021087479,A5101541844,100
5694,jiaqi tan,jiaqi tan,A5028512661,A5042085726,100
5695,jiaqi tan,jiaqi tan,A5028512661,A5119019984,100
5696,d temple,d temple,A5107856241,A5088845870,100
5697,david c thomas,david c thomas,A5077459654,A5101577676,100
5698,ping tan,ping tan,A5100757137,A5018475444,100
5699,ping tan,ping tan,A5100757137,A5123170066,100
5700,kelleen toohey,kelleen toohey,A5063816920,A5130667942,100
5701,sarah turner,sarah turner,A5069558966,A5005823017,100
5702,sarah turner,sarah turner,A5069558966,A5083796110,100
5703,yifan tang,yifan tang,A5006555803,A5125441276,100
5704,yifan tang,yifan tang,A5006555803,A5126533933,100
5705,brian s thomson,brian s thomson,A5015910891,A5102327370,100
5706,john r tyson,john r tyson,A5102764557,A5009397300,100
5707,ping tan,ping tan,A5018475444,A5123170066,100
5708,mohammad a tayebi,mohammad a tayebi,A5060953615,A5120458847,100
5709,h torres,h torres,A5107892717,A5107233175,100
5710,h torres,h torres,A5107892717,A5107826501,100
5711,h torres,h torres,A5107892717,A5107878794,100
5712,h torres,h torres,A5107892717,A5107937685,100
5713,h torres,h torres,A5107892717,A5105618186,100
5714,h torres,h torres,A5107892717,A5107866612,100
5715,h torres,h torres,A5107892717,A5107831217,100
5716,h torres,h torres,A5107892717,A5107841570,100
5717,h torres,h torres,A5107892717,A5107826161,100
5718,h torres,h torres,A5107892717,A5107916603,100
5719,h torres,h torres,A5107892717,A5107915790,100
5720,e taddei,e taddei,A5017711037,A5117632810,100
5721,e torrence,e torrence,A5107858107,A5105780851,100
5722,e torrence,e torrence,A5107858107,A5107859953,100
5723,h torres,h torres,A5107233175,A5107826501,100
5724,h torres,h torres,A5107233175,A5107878794,100
5725,h torres,h torres,A5107233175,A5107937685,100
5726,h torres,h torres,A5107233175,A5105618186,100
5727,h torres,h torres,A5107233175,A5107866612,100
5728,h torres,h torres,A5107233175,A5107831217,100
5729,h torres,h torres,A5107233175,A5107841570,100
5730,h torres,h torres,A5107233175,A5107826161,100
5731,h torres,h torres,A5107233175,A5107916603,100
5732,h torres,h torres,A5107233175,A5107915790,100
5733,h torres,h torres,A5107826501,A5107878794,100
5734,h torres,h torres,A5107826501,A5107937685,100
5735,h torres,h torres,A5107826501,A5105618186,100
5736,h torres,h torres,A5107826501,A5107866612,100
5737,h torres,h torres,A5107826501,A5107831217,100
5738,h torres,h torres,A5107826501,A5107841570,100
5739,h torres,h torres,A5107826501,A5107826161,100
5740,h torres,h torres,A5107826501,A5107916603,100
5741,h torres,h torres,A5107826501,A5107915790,100
5742,jiaqi tan,jiaqi tan,A5042085726,A5119019984,100
5743,h torres,h torres,A5107878794,A5107937685,100
5744,h torres,h torres,A5107878794,A5105618186,100
5745,h torres,h torres,A5107878794,A5107866612,100
5746,h torres,h torres,A5107878794,A5107831217,100
5747,h torres,h torres,A5107878794,A5107841570,100
5748,h torres,h torres,A5107878794,A5107826161,100
5749,h torres,h torres,A5107878794,A5107916603,100
5750,h torres,h torres,A5107878794,A5107915790,100
5751,poh tan,poh tan,A5063852211,A5109561734,100
5752,poh tan,poh tan,A5063852211,A5093537511,100
5753,h torres,h torres,A5107937685,A5105618186,100
5754,h torres,h torres,A5107937685,A5107866612,100
5755,h torres,h torres,A5107937685,A5107831217,100
5756,h torres,h torres,A5107937685,A5107841570,100
5757,h torres,h torres,A5107937685,A5107826161,100
5758,h torres,h torres,A5107937685,A5107916603,100
5759,h torres,h torres,A5107937685,A5107915790,100
5760,h torres,h torres,A5105618186,A5107866612,100
5761,h torres,h torres,A5105618186,A5107831217,100
5762,h torres,h torres,A5105618186,A5107841570,100
5763,h torres,h torres,A5105618186,A5107826161,100
5764,h torres,h torres,A5105618186,A5107916603,100
5765,h torres,h torres,A5105618186,A5107915790,100
5766,h torres,h torres,A5107866612,A5107831217,100
5767,h torres,h torres,A5107866612,A5107841570,100
5768,h torres,h torres,A5107866612,A5107826161,100
5769,h torres,h torres,A5107866612,A5107916603,100
5770,h torres,h torres,A5107866612,A5107915790,100
5771,h torres,h torres,A5107831217,A5107841570,100
5772,h torres,h torres,A5107831217,A5107826161,100
5773,h torres,h torres,A5107831217,A5107916603,100
5774,h torres,h torres,A5107831217,A5107915790,100
5775,h torres,h torres,A5107841570,A5107826161,100
5776,h torres,h torres,A5107841570,A5107916603,100
5777,h torres,h torres,A5107841570,A5107915790,100
5778,lucas villagra torcomian,lucas villagra torcomian,A5039999319,A5124873145,100
5779,donald taylor,donald taylor,A5080488866,A5102340586,100
5780,e torrence,e torrence,A5105780851,A5107859953,100
5781,jingtao tang,jingtao tang,A5090440775,A5032259301,100
5782,jingtao tang,jingtao tang,A5090440775,A5130053419,100
5783,sarah turner,sarah turner,A5005823017,A5083796110,100
5784,h torres,h torres,A5107826161,A5107916603,100
5785,h torres,h torres,A5107826161,A5107915790,100
5786,h torres,h torres,A5107916603,A5107915790,100
5787,jingtao tang,jingtao tang,A5032259301,A5130053419,100
5788,poh tan,poh tan,A5109561734,A5093537511,100
5789,daniel tarnu,daniel tarnu,A5011155609,A5011329358,100
5790,hoda taeb,hoda taeb,A5094130030,A5114404551,100
5791,yifan tang,yifan tang,A5125441276,A5126533933,100
5792,sian h tsuei,sian h tsuei,A5132978699,A5094180071,100
5793,allen tung,allen tung,A5099161400,A5099161401,100
5794,peter thompson,peter thompson,A5119809257,A5133998592,100
5795,m c vetterli,m c vetterli,A5019316470,A5122840524,100
5796,m c vetterli,m c vetterli,A5019316470,A5123051906,100
5797,m c vetterli,m c vetterli,A5019316470,A5123166248,100
5798,m c vetterli,m c vetterli,A5019316470,A5126038983,100
5799,m c vetterli,m c vetterli,A5019316470,A5126976849,100
5800,m c vetterli,m c vetterli,A5019316470,A5134819623,100
5801,t dias do vale,t dias do vale,A5030251424,A5120391117,100
5802,t dias do vale,t dias do vale,A5030251424,A5122832402,100
5803,t dias do vale,t dias do vale,A5030251424,A5123158406,100
5804,w verkerke,w verkerke,A5030440969,A5107877827,100
5805,w verkerke,w verkerke,A5030440969,A5107882650,100
5806,w verkerke,w verkerke,A5030440969,A5106459454,100
5807,w verkerke,w verkerke,A5030440969,A5107855582,100
5808,m j veen,m j veen,A5105823647,A5107935487,100
5809,w verkerke,w verkerke,A5107877827,A5107882650,100
5810,w verkerke,w verkerke,A5107877827,A5106459454,100
5811,w verkerke,w verkerke,A5107877827,A5107855582,100
5812,a vest,a vest,A5107830268,A5105469777,100
5813,m vessella,m vessella,A5105511737,A5107940257,100
5814,m vessella,m vessella,A5105511737,A5107956747,100
5815,m vessella,m vessella,A5105511737,A5107941082,100
5816,m vessella,m vessella,A5105511737,A5107921593,100
5817,nicholas vincent,nicholas vincent,A5070837664,A5114424406,100
5818,nicholas vincent,nicholas vincent,A5070837664,A5128798204,100
5819,nicholas vincent,nicholas vincent,A5070837664,A5125184052,100
5820,nicholas vincent,nicholas vincent,A5070837664,A5130716799,100
5821,k s viswanathan,k s viswanathan,A5059993369,A5058957782,100
5822,p j verschuuren,p j verschuuren,A5055850122,A5107940469,100
5823,p j verschuuren,p j verschuuren,A5055850122,A5107916855,100
5824,p j verschuuren,p j verschuuren,A5055850122,A5107941947,100
5825,chris veld,chris veld,A5047762113,A5103006635,100
5826,a t vermeulen,a t vermeulen,A5120391072,A5120391073,100
5827,a t vermeulen,a t vermeulen,A5120391072,A5107903725,100
5828,françois vézina,françois vézina,A5001331441,A5102713249,100
5829,w verkerke,w verkerke,A5107882650,A5106459454,100
5830,w verkerke,w verkerke,A5107882650,A5107855582,100
5831,a t vermeulen,a t vermeulen,A5120391073,A5107903725,100
5832,amandio vieira,amandio vieira,A5066241068,A5128949862,100
5833,p voss,p voss,A5111739082,A5035737786,100
5834,m vessella,m vessella,A5107940257,A5107956747,100
5835,m vessella,m vessella,A5107940257,A5107941082,100
5836,m vessella,m vessella,A5107940257,A5107921593,100
5837,olga vishnyakova,olga vishnyakova,A5052000561,A5122631226,100
5838,m l vesterbacka,m l vesterbacka,A5030033818,A5108028374,100
5839,m l vesterbacka,m l vesterbacka,A5030033818,A5107923918,100
5840,m l vesterbacka,m l vesterbacka,A5030033818,A5107932212,100
5841,m l vesterbacka,m l vesterbacka,A5030033818,A5107921045,100
5842,m l vesterbacka,m l vesterbacka,A5030033818,A5107924562,100
5843,m l vesterbacka,m l vesterbacka,A5030033818,A5105589275,100
5844,adam d vaughan,adam d vaughan,A5032432739,A5102909935,100
5845,w verkerke,w verkerke,A5106459454,A5107855582,100
5846,m vessella,m vessella,A5107956747,A5107941082,100
5847,m vessella,m vessella,A5107956747,A5107921593,100
5848,m vessella,m vessella,A5107941082,A5107921593,100
5849,m l vesterbacka,m l vesterbacka,A5108028374,A5107923918,100
5850,m l vesterbacka,m l vesterbacka,A5108028374,A5107932212,100
5851,m l vesterbacka,m l vesterbacka,A5108028374,A5107921045,100
5852,m l vesterbacka,m l vesterbacka,A5108028374,A5107924562,100
5853,m l vesterbacka,m l vesterbacka,A5108028374,A5105589275,100
5854,m l vesterbacka,m l vesterbacka,A5107923918,A5107932212,100
5855,m l vesterbacka,m l vesterbacka,A5107923918,A5107921045,100
5856,m l vesterbacka,m l vesterbacka,A5107923918,A5107924562,100
5857,m l vesterbacka,m l vesterbacka,A5107923918,A5105589275,100
5858,m l vesterbacka,m l vesterbacka,A5107932212,A5107921045,100
5859,m l vesterbacka,m l vesterbacka,A5107932212,A5107924562,100
5860,m l vesterbacka,m l vesterbacka,A5107932212,A5105589275,100
5861,p j verschuuren,p j verschuuren,A5107940469,A5107916855,100
5862,p j verschuuren,p j verschuuren,A5107940469,A5107941947,100
5863,p j verschuuren,p j verschuuren,A5107916855,A5107941947,100
5864,m l vesterbacka,m l vesterbacka,A5107921045,A5107924562,100
5865,m l vesterbacka,m l vesterbacka,A5107921045,A5105589275,100
5866,t dias do vale,t dias do vale,A5120391117,A5122832402,100
5867,t dias do vale,t dias do vale,A5120391117,A5123158406,100
5868,m l vesterbacka,m l vesterbacka,A5107924562,A5105589275,100
5869,nicholas vincent,nicholas vincent,A5114424406,A5128798204,100
5870,nicholas vincent,nicholas vincent,A5114424406,A5125184052,100
5871,nicholas vincent,nicholas vincent,A5114424406,A5130716799,100
5872,nicholas vincent,nicholas vincent,A5128798204,A5125184052,100
5873,nicholas vincent,nicholas vincent,A5128798204,A5130716799,100
5874,t dias do vale,t dias do vale,A5122832402,A5123158406,100
5875,m c vetterli,m c vetterli,A5122840524,A5123051906,100
5876,m c vetterli,m c vetterli,A5122840524,A5123166248,100
5877,m c vetterli,m c vetterli,A5122840524,A5126038983,100
5878,m c vetterli,m c vetterli,A5122840524,A5126976849,100
5879,m c vetterli,m c vetterli,A5122840524,A5134819623,100
5880,m c vetterli,m c vetterli,A5123051906,A5123166248,100
5881,m c vetterli,m c vetterli,A5123051906,A5126038983,100
5882,m c vetterli,m c vetterli,A5123051906,A5126976849,100
5883,m c vetterli,m c vetterli,A5123051906,A5134819623,100
5884,m c vetterli,m c vetterli,A5123166248,A5126038983,100
5885,m c vetterli,m c vetterli,A5123166248,A5126976849,100
5886,m c vetterli,m c vetterli,A5123166248,A5134819623,100
5887,nicholas vincent,nicholas vincent,A5125184052,A5130716799,100
5888,m c vetterli,m c vetterli,A5126038983,A5126976849,100
5889,m c vetterli,m c vetterli,A5126038983,A5134819623,100
5890,m c vetterli,m c vetterli,A5126976849,A5134819623,100
5891,jun wang,jun wang,A5084169778,A5111964102,100
5892,jun wang,jun wang,A5084169778,A5100691332,100
5893,jun wang,jun wang,A5084169778,A5100678126,100
5894,jun wang,jun wang,A5084169778,A5100384906,100
5895,jun wang,jun wang,A5111964102,A5100691332,100
5896,jun wang,jun wang,A5111964102,A5100678126,100
5897,jun wang,jun wang,A5111964102,A5100384906,100
5898,yan wang,yan wang,A5100322712,A5038467727,100
5899,wei wang,wei wang,A5100392089,A5100391896,100
5900,wei wang,wei wang,A5100392089,A5101593330,100
5901,wei wang,wei wang,A5100392089,A5100688855,100
5902,wei wang,wei wang,A5100392089,A5100392188,100
5903,lin wang,lin wang,A5100403087,A5100403145,100
5904,lin wang,lin wang,A5100403087,A5100403208,100
5905,lin wang,lin wang,A5100403087,A5100403175,100
5906,lin wang,lin wang,A5100403087,A5100403148,100
5907,lin wang,lin wang,A5100403087,A5126906027,100
5908,wei wang,wei wang,A5100391896,A5101593330,100
5909,wei wang,wei wang,A5100391896,A5100688855,100
5910,wei wang,wei wang,A5100391896,A5100392188,100
5911,yong wang,yong wang,A5100424542,A5100424366,100
5912,jian wang,jian wang,A5100696824,A5100370330,100
5913,anthony c willis,anthony c willis,A5066870453,A5112018365,100
5914,yue wang,yue wang,A5100372089,A5114861068,100
5915,yue wang,yue wang,A5100372089,A5100371992,100
5916,yue wang,yue wang,A5100372089,A5100371984,100
5917,yue wang,yue wang,A5100372089,A5100666595,100
5918,yue wang,yue wang,A5100372089,A5100372109,100
5919,yue wang,yue wang,A5100372089,A5066926793,100
5920,yue wang,yue wang,A5100372089,A5100371937,100
5921,yue wang,yue wang,A5100372089,A5100372143,100
5922,yue wang,yue wang,A5100372089,A5100372061,100
5923,yue wang,yue wang,A5100372089,A5014816129,100
5924,yue wang,yue wang,A5100372089,A5100371956,100
5925,yue wang,yue wang,A5100372089,A5100372008,100
5926,yue wang,yue wang,A5100372089,A5101483142,100
5927,yue wang,yue wang,A5100372089,A5100372052,100
5928,yue wang,yue wang,A5100372089,A5048572774,100
5929,yang wang,yang wang,A5100714578,A5100423354,100
5930,yang wang,yang wang,A5100714578,A5100322887,100
5931,yang wang,yang wang,A5100714578,A5101398880,100
5932,yang wang,yang wang,A5100714578,A5100613827,100
5933,yang wang,yang wang,A5100714578,A5100322922,100
5934,yang wang,yang wang,A5100714578,A5087160186,100
5935,jing wang,jing wang,A5100378538,A5100759169,100
5936,jing wang,jing wang,A5100378538,A5100740128,100
5937,jing wang,jing wang,A5100378538,A5100378497,100
5938,jing wang,jing wang,A5100378538,A5100378492,100
5939,jing wang,jing wang,A5100378538,A5045869983,100
5940,ke wang,ke wang,A5100730991,A5100627950,100
5941,ke wang,ke wang,A5100730991,A5100614211,100
5942,ke wang,ke wang,A5100730991,A5015690128,100
5943,ke wang,ke wang,A5100730991,A5115694846,100
5944,ke wang,ke wang,A5100730991,A5029548225,100
5945,ke wang,ke wang,A5100730991,A5100360094,100
5946,ke wang,ke wang,A5100730991,A5100360142,100
5947,ke wang,ke wang,A5100730991,A5040414354,100
5948,ke wang,ke wang,A5100730991,A5100726480,100
5949,ke wang,ke wang,A5100730991,A5054563155,100
5950,ke wang,ke wang,A5100730991,A5100628775,100
5951,ke wang,ke wang,A5100730991,A5100734597,100
5952,ke wang,ke wang,A5100730991,A5100734599,100
5953,ke wang,ke wang,A5100730991,A5100360076,100
5954,ke wang,ke wang,A5100730991,A5100734606,100
5955,ke wang,ke wang,A5100730991,A5101445828,100
5956,ke wang,ke wang,A5100730991,A5068556410,100
5957,ke wang,ke wang,A5100730991,A5100360158,100
5958,ke wang,ke wang,A5100730991,A5025289290,100
5959,ke wang,ke wang,A5100730991,A5036269989,100
5960,ke wang,ke wang,A5100730991,A5073656495,100
5961,ke wang,ke wang,A5100730991,A5100360148,100
5962,ke wang,ke wang,A5100730991,A5100360157,100
5963,ke wang,ke wang,A5100730991,A5100360129,100
5964,ke wang,ke wang,A5100730991,A5100726478,100
5965,ke wang,ke wang,A5100730991,A5100360175,100
5966,ke wang,ke wang,A5100730991,A5100360143,100
5967,ke wang,ke wang,A5100730991,A5100602057,100
5968,ke wang,ke wang,A5100730991,A5100779671,100
5969,ke wang,ke wang,A5100730991,A5101464619,100
5970,ke wang,ke wang,A5100730991,A5001578135,100
5971,ke wang,ke wang,A5100730991,A5100360109,100
5972,ke wang,ke wang,A5100730991,A5101645620,100
5973,ke wang,ke wang,A5100730991,A5101902534,100
5974,ke wang,ke wang,A5100730991,A5100742958,100
5975,ke wang,ke wang,A5100730991,A5100730995,100
5976,ke wang,ke wang,A5100730991,A5100360159,100
5977,ke wang,ke wang,A5100730991,A5101954500,100
5978,ke wang,ke wang,A5100730991,A5100602055,100
5979,ke wang,ke wang,A5100730991,A5101448464,100
5980,ke wang,ke wang,A5100730991,A5100628776,100
5981,ke wang,ke wang,A5100730991,A5134442775,100
5982,ke wang,ke wang,A5100730991,A5125565188,100
5983,ke wang,ke wang,A5100730991,A5125469190,100
5984,jing wang,jing wang,A5100759169,A5100740128,100
5985,jing wang,jing wang,A5100759169,A5100378497,100
5986,jing wang,jing wang,A5100759169,A5100378492,100
5987,jing wang,jing wang,A5100759169,A5045869983,100
5988,yue wang,yue wang,A5114861068,A5100371992,100
5989,yue wang,yue wang,A5114861068,A5100371984,100
5990,yue wang,yue wang,A5114861068,A5100666595,100
5991,yue wang,yue wang,A5114861068,A5100372109,100
5992,yue wang,yue wang,A5114861068,A5066926793,100
5993,yue wang,yue wang,A5114861068,A5100371937,100
5994,yue wang,yue wang,A5114861068,A5100372143,100
5995,yue wang,yue wang,A5114861068,A5100372061,100
5996,yue wang,yue wang,A5114861068,A5014816129,100
5997,yue wang,yue wang,A5114861068,A5100371956,100
5998,yue wang,yue wang,A5114861068,A5100372008,100
5999,yue wang,yue wang,A5114861068,A5101483142,100
6000,yue wang,yue wang,A5114861068,A5100372052,100
6001,yue wang,yue wang,A5114861068,A5048572774,100
6002,yue wang,yue wang,A5100371992,A5100371984,100
6003,yue wang,yue wang,A5100371992,A5100666595,100
6004,yue wang,yue wang,A5100371992,A5100372109,100
6005,yue wang,yue wang,A5100371992,A5066926793,100
6006,yue wang,yue wang,A5100371992,A5100371937,100
6007,yue wang,yue wang,A5100371992,A5100372143,100
6008,yue wang,yue wang,A5100371992,A5100372061,100
6009,yue wang,yue wang,A5100371992,A5014816129,100
6010,yue wang,yue wang,A5100371992,A5100371956,100
6011,yue wang,yue wang,A5100371992,A5100372008,100
6012,yue wang,yue wang,A5100371992,A5101483142,100
6013,yue wang,yue wang,A5100371992,A5100372052,100
6014,yue wang,yue wang,A5100371992,A5048572774,100
6015,lin wang,lin wang,A5100403145,A5100403208,100
6016,lin wang,lin wang,A5100403145,A5100403175,100
6017,lin wang,lin wang,A5100403145,A5100403148,100
6018,lin wang,lin wang,A5100403145,A5126906027,100
6019,ke wang,ke wang,A5100627950,A5100614211,100
6020,ke wang,ke wang,A5100627950,A5015690128,100
6021,ke wang,ke wang,A5100627950,A5115694846,100
6022,ke wang,ke wang,A5100627950,A5029548225,100
6023,ke wang,ke wang,A5100627950,A5100360094,100
6024,ke wang,ke wang,A5100627950,A5100360142,100
6025,ke wang,ke wang,A5100627950,A5040414354,100
6026,ke wang,ke wang,A5100627950,A5100726480,100
6027,ke wang,ke wang,A5100627950,A5054563155,100
6028,ke wang,ke wang,A5100627950,A5100628775,100
6029,ke wang,ke wang,A5100627950,A5100734597,100
6030,ke wang,ke wang,A5100627950,A5100734599,100
6031,ke wang,ke wang,A5100627950,A5100360076,100
6032,ke wang,ke wang,A5100627950,A5100734606,100
6033,ke wang,ke wang,A5100627950,A5101445828,100
6034,ke wang,ke wang,A5100627950,A5068556410,100
6035,ke wang,ke wang,A5100627950,A5100360158,100
6036,ke wang,ke wang,A5100627950,A5025289290,100
6037,ke wang,ke wang,A5100627950,A5036269989,100
6038,ke wang,ke wang,A5100627950,A5073656495,100
6039,ke wang,ke wang,A5100627950,A5100360148,100
6040,ke wang,ke wang,A5100627950,A5100360157,100
6041,ke wang,ke wang,A5100627950,A5100360129,100
6042,ke wang,ke wang,A5100627950,A5100726478,100
6043,ke wang,ke wang,A5100627950,A5100360175,100
6044,ke wang,ke wang,A5100627950,A5100360143,100
6045,ke wang,ke wang,A5100627950,A5100602057,100
6046,ke wang,ke wang,A5100627950,A5100779671,100
6047,ke wang,ke wang,A5100627950,A5101464619,100
6048,ke wang,ke wang,A5100627950,A5001578135,100
6049,ke wang,ke wang,A5100627950,A5100360109,100
6050,ke wang,ke wang,A5100627950,A5101645620,100
6051,ke wang,ke wang,A5100627950,A5101902534,100
6052,ke wang,ke wang,A5100627950,A5100742958,100
6053,ke wang,ke wang,A5100627950,A5100730995,100
6054,ke wang,ke wang,A5100627950,A5100360159,100
6055,ke wang,ke wang,A5100627950,A5101954500,100
6056,ke wang,ke wang,A5100627950,A5100602055,100
6057,ke wang,ke wang,A5100627950,A5101448464,100
6058,ke wang,ke wang,A5100627950,A5100628776,100
6059,ke wang,ke wang,A5100627950,A5134442775,100
6060,ke wang,ke wang,A5100627950,A5125565188,100
6061,ke wang,ke wang,A5100627950,A5125469190,100
6062,haiyang wang,haiyang wang,A5100438279,A5100438288,100
6063,haiyang wang,haiyang wang,A5100438279,A5100438270,100
6064,haiyang wang,haiyang wang,A5100438279,A5100438287,100
6065,haiyang wang,haiyang wang,A5100438279,A5100438272,100
6066,haiyang wang,haiyang wang,A5100438279,A5100438276,100
6067,haiyang wang,haiyang wang,A5100438279,A5100438277,100
6068,yang wang,yang wang,A5100423354,A5100322887,100
6069,yang wang,yang wang,A5100423354,A5101398880,100
6070,yang wang,yang wang,A5100423354,A5100613827,100
6071,yang wang,yang wang,A5100423354,A5100322922,100
6072,yang wang,yang wang,A5100423354,A5087160186,100
6073,tony d williams,tony d williams,A5068175779,A5107304098,100
6074,cong wang,cong wang,A5100390514,A5100390479,100
6075,cong wang,cong wang,A5100390514,A5100390490,100
6076,cong wang,cong wang,A5100390514,A5100390473,100
6077,cong wang,cong wang,A5100390514,A5100390466,100
6078,jason wang,jason wang,A5100700438,A5104209993,100
6079,jason wang,jason wang,A5100700438,A5100700441,100
6080,wei wang,wei wang,A5101593330,A5100688855,100
6081,wei wang,wei wang,A5101593330,A5100392188,100
6082,jun wang,jun wang,A5100691332,A5100678126,100
6083,jun wang,jun wang,A5100691332,A5100384906,100
6084,yi wang,yi wang,A5115695469,A5100602473,100
6085,yi wang,yi wang,A5115695469,A5100364877,100
6086,yi wang,yi wang,A5115695469,A5071864494,100
6087,g williams,g williams,A5090734265,A5107850088,100
6088,john webster,john webster,A5112228279,A5062073714,100
6089,ke wang,ke wang,A5100614211,A5015690128,100
6090,ke wang,ke wang,A5100614211,A5115694846,100
6091,ke wang,ke wang,A5100614211,A5029548225,100
6092,ke wang,ke wang,A5100614211,A5100360094,100
6093,ke wang,ke wang,A5100614211,A5100360142,100
6094,ke wang,ke wang,A5100614211,A5040414354,100
6095,ke wang,ke wang,A5100614211,A5100726480,100
6096,ke wang,ke wang,A5100614211,A5054563155,100
6097,ke wang,ke wang,A5100614211,A5100628775,100
6098,ke wang,ke wang,A5100614211,A5100734597,100
6099,ke wang,ke wang,A5100614211,A5100734599,100
6100,ke wang,ke wang,A5100614211,A5100360076,100
6101,ke wang,ke wang,A5100614211,A5100734606,100
6102,ke wang,ke wang,A5100614211,A5101445828,100
6103,ke wang,ke wang,A5100614211,A5068556410,100
6104,ke wang,ke wang,A5100614211,A5100360158,100
6105,ke wang,ke wang,A5100614211,A5025289290,100
6106,ke wang,ke wang,A5100614211,A5036269989,100
6107,ke wang,ke wang,A5100614211,A5073656495,100
6108,ke wang,ke wang,A5100614211,A5100360148,100
6109,ke wang,ke wang,A5100614211,A5100360157,100
6110,ke wang,ke wang,A5100614211,A5100360129,100
6111,ke wang,ke wang,A5100614211,A5100726478,100
6112,ke wang,ke wang,A5100614211,A5100360175,100
6113,ke wang,ke wang,A5100614211,A5100360143,100
6114,ke wang,ke wang,A5100614211,A5100602057,100
6115,ke wang,ke wang,A5100614211,A5100779671,100
6116,ke wang,ke wang,A5100614211,A5101464619,100
6117,ke wang,ke wang,A5100614211,A5001578135,100
6118,ke wang,ke wang,A5100614211,A5100360109,100
6119,ke wang,ke wang,A5100614211,A5101645620,100
6120,ke wang,ke wang,A5100614211,A5101902534,100
6121,ke wang,ke wang,A5100614211,A5100742958,100
6122,ke wang,ke wang,A5100614211,A5100730995,100
6123,ke wang,ke wang,A5100614211,A5100360159,100
6124,ke wang,ke wang,A5100614211,A5101954500,100
6125,ke wang,ke wang,A5100614211,A5100602055,100
6126,ke wang,ke wang,A5100614211,A5101448464,100
6127,ke wang,ke wang,A5100614211,A5100628776,100
6128,ke wang,ke wang,A5100614211,A5134442775,100
6129,ke wang,ke wang,A5100614211,A5125565188,100
6130,ke wang,ke wang,A5100614211,A5125469190,100
6131,ke wang,ke wang,A5015690128,A5115694846,100
6132,ke wang,ke wang,A5015690128,A5029548225,100
6133,ke wang,ke wang,A5015690128,A5100360094,100
6134,ke wang,ke wang,A5015690128,A5100360142,100
6135,ke wang,ke wang,A5015690128,A5040414354,100
6136,ke wang,ke wang,A5015690128,A5100726480,100
6137,ke wang,ke wang,A5015690128,A5054563155,100
6138,ke wang,ke wang,A5015690128,A5100628775,100
6139,ke wang,ke wang,A5015690128,A5100734597,100
6140,ke wang,ke wang,A5015690128,A5100734599,100
6141,ke wang,ke wang,A5015690128,A5100360076,100
6142,ke wang,ke wang,A5015690128,A5100734606,100
6143,ke wang,ke wang,A5015690128,A5101445828,100
6144,ke wang,ke wang,A5015690128,A5068556410,100
6145,ke wang,ke wang,A5015690128,A5100360158,100
6146,ke wang,ke wang,A5015690128,A5025289290,100
6147,ke wang,ke wang,A5015690128,A5036269989,100
6148,ke wang,ke wang,A5015690128,A5073656495,100
6149,ke wang,ke wang,A5015690128,A5100360148,100
6150,ke wang,ke wang,A5015690128,A5100360157,100
6151,ke wang,ke wang,A5015690128,A5100360129,100
6152,ke wang,ke wang,A5015690128,A5100726478,100
6153,ke wang,ke wang,A5015690128,A5100360175,100
6154,ke wang,ke wang,A5015690128,A5100360143,100
6155,ke wang,ke wang,A5015690128,A5100602057,100
6156,ke wang,ke wang,A5015690128,A5100779671,100
6157,ke wang,ke wang,A5015690128,A5101464619,100
6158,ke wang,ke wang,A5015690128,A5001578135,100
6159,ke wang,ke wang,A5015690128,A5100360109,100
6160,ke wang,ke wang,A5015690128,A5101645620,100
6161,ke wang,ke wang,A5015690128,A5101902534,100
6162,ke wang,ke wang,A5015690128,A5100742958,100
6163,ke wang,ke wang,A5015690128,A5100730995,100
6164,ke wang,ke wang,A5015690128,A5100360159,100
6165,ke wang,ke wang,A5015690128,A5101954500,100
6166,ke wang,ke wang,A5015690128,A5100602055,100
6167,ke wang,ke wang,A5015690128,A5101448464,100
6168,ke wang,ke wang,A5015690128,A5100628776,100
6169,ke wang,ke wang,A5015690128,A5134442775,100
6170,ke wang,ke wang,A5015690128,A5125565188,100
6171,ke wang,ke wang,A5015690128,A5125469190,100
6172,deli wang,deli wang,A5100780460,A5100780452,100
6173,wei wang,wei wang,A5100688855,A5100392188,100
6174,xin wang,xin wang,A5022927606,A5100328117,100
6175,xin wang,xin wang,A5022927606,A5108047067,100
6176,xin wang,xin wang,A5022927606,A5101681860,100
6177,xin wang,xin wang,A5022927606,A5100327893,100
6178,peng wang,peng wang,A5100396039,A5100396178,100
6179,jun wang,jun wang,A5100678126,A5100384906,100
6180,xing wang,xing wang,A5100365513,A5100365503,100
6181,xing wang,xing wang,A5100365513,A5100365501,100
6182,xing wang,xing wang,A5100365513,A5100754899,100
6183,ke wang,ke wang,A5115694846,A5029548225,100
6184,ke wang,ke wang,A5115694846,A5100360094,100
6185,ke wang,ke wang,A5115694846,A5100360142,100
6186,ke wang,ke wang,A5115694846,A5040414354,100
6187,ke wang,ke wang,A5115694846,A5100726480,100
6188,ke wang,ke wang,A5115694846,A5054563155,100
6189,ke wang,ke wang,A5115694846,A5100628775,100
6190,ke wang,ke wang,A5115694846,A5100734597,100
6191,ke wang,ke wang,A5115694846,A5100734599,100
6192,ke wang,ke wang,A5115694846,A5100360076,100
6193,ke wang,ke wang,A5115694846,A5100734606,100
6194,ke wang,ke wang,A5115694846,A5101445828,100
6195,ke wang,ke wang,A5115694846,A5068556410,100
6196,ke wang,ke wang,A5115694846,A5100360158,100
6197,ke wang,ke wang,A5115694846,A5025289290,100
6198,ke wang,ke wang,A5115694846,A5036269989,100
6199,ke wang,ke wang,A5115694846,A5073656495,100
6200,ke wang,ke wang,A5115694846,A5100360148,100
6201,ke wang,ke wang,A5115694846,A5100360157,100
6202,ke wang,ke wang,A5115694846,A5100360129,100
6203,ke wang,ke wang,A5115694846,A5100726478,100
6204,ke wang,ke wang,A5115694846,A5100360175,100
6205,ke wang,ke wang,A5115694846,A5100360143,100
6206,ke wang,ke wang,A5115694846,A5100602057,100
6207,ke wang,ke wang,A5115694846,A5100779671,100
6208,ke wang,ke wang,A5115694846,A5101464619,100
6209,ke wang,ke wang,A5115694846,A5001578135,100
6210,ke wang,ke wang,A5115694846,A5100360109,100
6211,ke wang,ke wang,A5115694846,A5101645620,100
6212,ke wang,ke wang,A5115694846,A5101902534,100
6213,ke wang,ke wang,A5115694846,A5100742958,100
6214,ke wang,ke wang,A5115694846,A5100730995,100
6215,ke wang,ke wang,A5115694846,A5100360159,100
6216,ke wang,ke wang,A5115694846,A5101954500,100
6217,ke wang,ke wang,A5115694846,A5100602055,100
6218,ke wang,ke wang,A5115694846,A5101448464,100
6219,ke wang,ke wang,A5115694846,A5100628776,100
6220,ke wang,ke wang,A5115694846,A5134442775,100
6221,ke wang,ke wang,A5115694846,A5125565188,100
6222,ke wang,ke wang,A5115694846,A5125469190,100
6223,catherine wilson,catherine wilson,A5109032991,A5001733506,100
6224,ke wang,ke wang,A5029548225,A5100360094,100
6225,ke wang,ke wang,A5029548225,A5100360142,100
6226,ke wang,ke wang,A5029548225,A5040414354,100
6227,ke wang,ke wang,A5029548225,A5100726480,100
6228,ke wang,ke wang,A5029548225,A5054563155,100
6229,ke wang,ke wang,A5029548225,A5100628775,100
6230,ke wang,ke wang,A5029548225,A5100734597,100
6231,ke wang,ke wang,A5029548225,A5100734599,100
6232,ke wang,ke wang,A5029548225,A5100360076,100
6233,ke wang,ke wang,A5029548225,A5100734606,100
6234,ke wang,ke wang,A5029548225,A5101445828,100
6235,ke wang,ke wang,A5029548225,A5068556410,100
6236,ke wang,ke wang,A5029548225,A5100360158,100
6237,ke wang,ke wang,A5029548225,A5025289290,100
6238,ke wang,ke wang,A5029548225,A5036269989,100
6239,ke wang,ke wang,A5029548225,A5073656495,100
6240,ke wang,ke wang,A5029548225,A5100360148,100
6241,ke wang,ke wang,A5029548225,A5100360157,100
6242,ke wang,ke wang,A5029548225,A5100360129,100
6243,ke wang,ke wang,A5029548225,A5100726478,100
6244,ke wang,ke wang,A5029548225,A5100360175,100
6245,ke wang,ke wang,A5029548225,A5100360143,100
6246,ke wang,ke wang,A5029548225,A5100602057,100
6247,ke wang,ke wang,A5029548225,A5100779671,100
6248,ke wang,ke wang,A5029548225,A5101464619,100
6249,ke wang,ke wang,A5029548225,A5001578135,100
6250,ke wang,ke wang,A5029548225,A5100360109,100
6251,ke wang,ke wang,A5029548225,A5101645620,100
6252,ke wang,ke wang,A5029548225,A5101902534,100
6253,ke wang,ke wang,A5029548225,A5100742958,100
6254,ke wang,ke wang,A5029548225,A5100730995,100
6255,ke wang,ke wang,A5029548225,A5100360159,100
6256,ke wang,ke wang,A5029548225,A5101954500,100
6257,ke wang,ke wang,A5029548225,A5100602055,100
6258,ke wang,ke wang,A5029548225,A5101448464,100
6259,ke wang,ke wang,A5029548225,A5100628776,100
6260,ke wang,ke wang,A5029548225,A5134442775,100
6261,ke wang,ke wang,A5029548225,A5125565188,100
6262,ke wang,ke wang,A5029548225,A5125469190,100
6263,jing wang,jing wang,A5100740128,A5100378497,100
6264,jing wang,jing wang,A5100740128,A5100378492,100
6265,jing wang,jing wang,A5100740128,A5045869983,100
6266,feng wang,feng wang,A5060899492,A5101513179,100
6267,feng wang,feng wang,A5060899492,A5100431183,100
6268,feng wang,feng wang,A5060899492,A5102843527,100
6269,feng wang,feng wang,A5060899492,A5100431433,100
6270,feng wang,feng wang,A5060899492,A5013520886,100
6271,feng wang,feng wang,A5060899492,A5033829994,100
6272,feng wang,feng wang,A5060899492,A5100691911,100
6273,feng wang,feng wang,A5060899492,A5071877363,100
6274,feng wang,feng wang,A5060899492,A5101376699,100
6275,patrick j walsh,patrick j walsh,A5020893508,A5080499456,100
6276,yue wang,yue wang,A5100371984,A5100666595,100
6277,yue wang,yue wang,A5100371984,A5100372109,100
6278,yue wang,yue wang,A5100371984,A5066926793,100
6279,yue wang,yue wang,A5100371984,A5100371937,100
6280,yue wang,yue wang,A5100371984,A5100372143,100
6281,yue wang,yue wang,A5100371984,A5100372061,100
6282,yue wang,yue wang,A5100371984,A5014816129,100
6283,yue wang,yue wang,A5100371984,A5100371956,100
6284,yue wang,yue wang,A5100371984,A5100372008,100
6285,yue wang,yue wang,A5100371984,A5101483142,100
6286,yue wang,yue wang,A5100371984,A5100372052,100
6287,yue wang,yue wang,A5100371984,A5048572774,100
6288,michael j ward,michael j ward,A5037517718,A5057715845,100
6289,yang wang,yang wang,A5100322887,A5101398880,100
6290,yang wang,yang wang,A5100322887,A5100613827,100
6291,yang wang,yang wang,A5100322887,A5100322922,100
6292,yang wang,yang wang,A5100322887,A5087160186,100
6293,kui wu,kui wu,A5100641549,A5035980141,100
6294,kui wu,kui wu,A5100641549,A5110101259,100
6295,ke wang,ke wang,A5100360094,A5100360142,100
6296,ke wang,ke wang,A5100360094,A5040414354,100
6297,ke wang,ke wang,A5100360094,A5100726480,100
6298,ke wang,ke wang,A5100360094,A5054563155,100
6299,ke wang,ke wang,A5100360094,A5100628775,100
6300,ke wang,ke wang,A5100360094,A5100734597,100
6301,ke wang,ke wang,A5100360094,A5100734599,100
6302,ke wang,ke wang,A5100360094,A5100360076,100
6303,ke wang,ke wang,A5100360094,A5100734606,100
6304,ke wang,ke wang,A5100360094,A5101445828,100
6305,ke wang,ke wang,A5100360094,A5068556410,100
6306,ke wang,ke wang,A5100360094,A5100360158,100
6307,ke wang,ke wang,A5100360094,A5025289290,100
6308,ke wang,ke wang,A5100360094,A5036269989,100
6309,ke wang,ke wang,A5100360094,A5073656495,100
6310,ke wang,ke wang,A5100360094,A5100360148,100
6311,ke wang,ke wang,A5100360094,A5100360157,100
6312,ke wang,ke wang,A5100360094,A5100360129,100
6313,ke wang,ke wang,A5100360094,A5100726478,100
6314,ke wang,ke wang,A5100360094,A5100360175,100
6315,ke wang,ke wang,A5100360094,A5100360143,100
6316,ke wang,ke wang,A5100360094,A5100602057,100
6317,ke wang,ke wang,A5100360094,A5100779671,100
6318,ke wang,ke wang,A5100360094,A5101464619,100
6319,ke wang,ke wang,A5100360094,A5001578135,100
6320,ke wang,ke wang,A5100360094,A5100360109,100
6321,ke wang,ke wang,A5100360094,A5101645620,100
6322,ke wang,ke wang,A5100360094,A5101902534,100
6323,ke wang,ke wang,A5100360094,A5100742958,100
6324,ke wang,ke wang,A5100360094,A5100730995,100
6325,ke wang,ke wang,A5100360094,A5100360159,100
6326,ke wang,ke wang,A5100360094,A5101954500,100
6327,ke wang,ke wang,A5100360094,A5100602055,100
6328,ke wang,ke wang,A5100360094,A5101448464,100
6329,ke wang,ke wang,A5100360094,A5100628776,100
6330,ke wang,ke wang,A5100360094,A5134442775,100
6331,ke wang,ke wang,A5100360094,A5125565188,100
6332,ke wang,ke wang,A5100360094,A5125469190,100
6333,xiaoying wang,xiaoying wang,A5100700839,A5075566936,100
6334,xiaoying wang,xiaoying wang,A5100700839,A5031483277,100
6335,feng wang,feng wang,A5101513179,A5100431183,100
6336,feng wang,feng wang,A5101513179,A5102843527,100
6337,feng wang,feng wang,A5101513179,A5100431433,100
6338,feng wang,feng wang,A5101513179,A5013520886,100
6339,feng wang,feng wang,A5101513179,A5033829994,100
6340,feng wang,feng wang,A5101513179,A5100691911,100
6341,feng wang,feng wang,A5101513179,A5071877363,100
6342,feng wang,feng wang,A5101513179,A5101376699,100
6343,haiyang wang,haiyang wang,A5100438288,A5100438270,100
6344,haiyang wang,haiyang wang,A5100438288,A5100438287,100
6345,haiyang wang,haiyang wang,A5100438288,A5100438272,100
6346,haiyang wang,haiyang wang,A5100438288,A5100438276,100
6347,haiyang wang,haiyang wang,A5100438288,A5100438277,100
6348,yue wang,yue wang,A5100666595,A5100372109,100
6349,yue wang,yue wang,A5100666595,A5066926793,100
6350,yue wang,yue wang,A5100666595,A5100371937,100
6351,yue wang,yue wang,A5100666595,A5100372143,100
6352,yue wang,yue wang,A5100666595,A5100372061,100
6353,yue wang,yue wang,A5100666595,A5014816129,100
6354,yue wang,yue wang,A5100666595,A5100371956,100
6355,yue wang,yue wang,A5100666595,A5100372008,100
6356,yue wang,yue wang,A5100666595,A5101483142,100
6357,yue wang,yue wang,A5100666595,A5100372052,100
6358,yue wang,yue wang,A5100666595,A5048572774,100
6359,yue wang,yue wang,A5100372109,A5066926793,100
6360,yue wang,yue wang,A5100372109,A5100371937,100
6361,yue wang,yue wang,A5100372109,A5100372143,100
6362,yue wang,yue wang,A5100372109,A5100372061,100
6363,yue wang,yue wang,A5100372109,A5014816129,100
6364,yue wang,yue wang,A5100372109,A5100371956,100
6365,yue wang,yue wang,A5100372109,A5100372008,100
6366,yue wang,yue wang,A5100372109,A5101483142,100
6367,yue wang,yue wang,A5100372109,A5100372052,100
6368,yue wang,yue wang,A5100372109,A5048572774,100
6369,haiyang wang,haiyang wang,A5100438270,A5100438287,100
6370,haiyang wang,haiyang wang,A5100438270,A5100438272,100
6371,haiyang wang,haiyang wang,A5100438270,A5100438276,100
6372,haiyang wang,haiyang wang,A5100438270,A5100438277,100
6373,meghan winters,meghan winters,A5023136423,A5129068528,100
6374,meghan winters,meghan winters,A5023136423,A5121492872,100
6375,meghan winters,meghan winters,A5023136423,A5121514766,100
6376,meghan winters,meghan winters,A5023136423,A5123619140,100
6377,meghan winters,meghan winters,A5023136423,A5123870654,100
6378,meghan winters,meghan winters,A5023136423,A5126515811,100
6379,lin wang,lin wang,A5100403208,A5100403175,100
6380,lin wang,lin wang,A5100403208,A5100403148,100
6381,lin wang,lin wang,A5100403208,A5126906027,100
6382,j w watson,j w watson,A5109459697,A5111484314,100
6383,hua wu,hua wu,A5015314503,A5048877494,100
6384,hua wu,hua wu,A5015314503,A5101615009,100
6385,xin wang,xin wang,A5100328117,A5108047067,100
6386,xin wang,xin wang,A5100328117,A5101681860,100
6387,xin wang,xin wang,A5100328117,A5100327893,100
6388,ke wang,ke wang,A5100360142,A5040414354,100
6389,ke wang,ke wang,A5100360142,A5100726480,100
6390,ke wang,ke wang,A5100360142,A5054563155,100
6391,ke wang,ke wang,A5100360142,A5100628775,100
6392,ke wang,ke wang,A5100360142,A5100734597,100
6393,ke wang,ke wang,A5100360142,A5100734599,100
6394,ke wang,ke wang,A5100360142,A5100360076,100
6395,ke wang,ke wang,A5100360142,A5100734606,100
6396,ke wang,ke wang,A5100360142,A5101445828,100
6397,ke wang,ke wang,A5100360142,A5068556410,100
6398,ke wang,ke wang,A5100360142,A5100360158,100
6399,ke wang,ke wang,A5100360142,A5025289290,100
6400,ke wang,ke wang,A5100360142,A5036269989,100
6401,ke wang,ke wang,A5100360142,A5073656495,100
6402,ke wang,ke wang,A5100360142,A5100360148,100
6403,ke wang,ke wang,A5100360142,A5100360157,100
6404,ke wang,ke wang,A5100360142,A5100360129,100
6405,ke wang,ke wang,A5100360142,A5100726478,100
6406,ke wang,ke wang,A5100360142,A5100360175,100
6407,ke wang,ke wang,A5100360142,A5100360143,100
6408,ke wang,ke wang,A5100360142,A5100602057,100
6409,ke wang,ke wang,A5100360142,A5100779671,100
6410,ke wang,ke wang,A5100360142,A5101464619,100
6411,ke wang,ke wang,A5100360142,A5001578135,100
6412,ke wang,ke wang,A5100360142,A5100360109,100
6413,ke wang,ke wang,A5100360142,A5101645620,100
6414,ke wang,ke wang,A5100360142,A5101902534,100
6415,ke wang,ke wang,A5100360142,A5100742958,100
6416,ke wang,ke wang,A5100360142,A5100730995,100
6417,ke wang,ke wang,A5100360142,A5100360159,100
6418,ke wang,ke wang,A5100360142,A5101954500,100
6419,ke wang,ke wang,A5100360142,A5100602055,100
6420,ke wang,ke wang,A5100360142,A5101448464,100
6421,ke wang,ke wang,A5100360142,A5100628776,100
6422,ke wang,ke wang,A5100360142,A5134442775,100
6423,ke wang,ke wang,A5100360142,A5125565188,100
6424,ke wang,ke wang,A5100360142,A5125469190,100
6425,yi wang,yi wang,A5100602473,A5100364877,100
6426,yi wang,yi wang,A5100602473,A5071864494,100
6427,weijie wang,weijie wang,A5029551563,A5100398429,100
6428,feng wang,feng wang,A5100431183,A5102843527,100
6429,feng wang,feng wang,A5100431183,A5100431433,100
6430,feng wang,feng wang,A5100431183,A5013520886,100
6431,feng wang,feng wang,A5100431183,A5033829994,100
6432,feng wang,feng wang,A5100431183,A5100691911,100
6433,feng wang,feng wang,A5100431183,A5071877363,100
6434,feng wang,feng wang,A5100431183,A5101376699,100
6435,zhixiang wang,zhixiang wang,A5100700405,A5100700401,100
6436,lin wang,lin wang,A5100403175,A5100403148,100
6437,lin wang,lin wang,A5100403175,A5126906027,100
6438,zhu wang,zhu wang,A5100439571,A5101944600,100
6439,cong wang,cong wang,A5100390479,A5100390490,100
6440,cong wang,cong wang,A5100390479,A5100390473,100
6441,cong wang,cong wang,A5100390479,A5100390466,100
6442,hua wu,hua wu,A5048877494,A5101615009,100
6443,jing wang,jing wang,A5100378497,A5100378492,100
6444,jing wang,jing wang,A5100378497,A5045869983,100
6445,zhe wang,zhe wang,A5100407591,A5100407601,100
6446,ke wang,ke wang,A5040414354,A5100726480,100
6447,ke wang,ke wang,A5040414354,A5054563155,100
6448,ke wang,ke wang,A5040414354,A5100628775,100
6449,ke wang,ke wang,A5040414354,A5100734597,100
6450,ke wang,ke wang,A5040414354,A5100734599,100
6451,ke wang,ke wang,A5040414354,A5100360076,100
6452,ke wang,ke wang,A5040414354,A5100734606,100
6453,ke wang,ke wang,A5040414354,A5101445828,100
6454,ke wang,ke wang,A5040414354,A5068556410,100
6455,ke wang,ke wang,A5040414354,A5100360158,100
6456,ke wang,ke wang,A5040414354,A5025289290,100
6457,ke wang,ke wang,A5040414354,A5036269989,100
6458,ke wang,ke wang,A5040414354,A5073656495,100
6459,ke wang,ke wang,A5040414354,A5100360148,100
6460,ke wang,ke wang,A5040414354,A5100360157,100
6461,ke wang,ke wang,A5040414354,A5100360129,100
6462,ke wang,ke wang,A5040414354,A5100726478,100
6463,ke wang,ke wang,A5040414354,A5100360175,100
6464,ke wang,ke wang,A5040414354,A5100360143,100
6465,ke wang,ke wang,A5040414354,A5100602057,100
6466,ke wang,ke wang,A5040414354,A5100779671,100
6467,ke wang,ke wang,A5040414354,A5101464619,100
6468,ke wang,ke wang,A5040414354,A5001578135,100
6469,ke wang,ke wang,A5040414354,A5100360109,100
6470,ke wang,ke wang,A5040414354,A5101645620,100
6471,ke wang,ke wang,A5040414354,A5101902534,100
6472,ke wang,ke wang,A5040414354,A5100742958,100
6473,ke wang,ke wang,A5040414354,A5100730995,100
6474,ke wang,ke wang,A5040414354,A5100360159,100
6475,ke wang,ke wang,A5040414354,A5101954500,100
6476,ke wang,ke wang,A5040414354,A5100602055,100
6477,ke wang,ke wang,A5040414354,A5101448464,100
6478,ke wang,ke wang,A5040414354,A5100628776,100
6479,ke wang,ke wang,A5040414354,A5134442775,100
6480,ke wang,ke wang,A5040414354,A5125565188,100
6481,ke wang,ke wang,A5040414354,A5125469190,100
6482,ke wang,ke wang,A5100726480,A5054563155,100
6483,ke wang,ke wang,A5100726480,A5100628775,100
6484,ke wang,ke wang,A5100726480,A5100734597,100
6485,ke wang,ke wang,A5100726480,A5100734599,100
6486,ke wang,ke wang,A5100726480,A5100360076,100
6487,ke wang,ke wang,A5100726480,A5100734606,100
6488,ke wang,ke wang,A5100726480,A5101445828,100
6489,ke wang,ke wang,A5100726480,A5068556410,100
6490,ke wang,ke wang,A5100726480,A5100360158,100
6491,ke wang,ke wang,A5100726480,A5025289290,100
6492,ke wang,ke wang,A5100726480,A5036269989,100
6493,ke wang,ke wang,A5100726480,A5073656495,100
6494,ke wang,ke wang,A5100726480,A5100360148,100
6495,ke wang,ke wang,A5100726480,A5100360157,100
6496,ke wang,ke wang,A5100726480,A5100360129,100
6497,ke wang,ke wang,A5100726480,A5100726478,100
6498,ke wang,ke wang,A5100726480,A5100360175,100
6499,ke wang,ke wang,A5100726480,A5100360143,100
6500,ke wang,ke wang,A5100726480,A5100602057,100
6501,ke wang,ke wang,A5100726480,A5100779671,100
6502,ke wang,ke wang,A5100726480,A5101464619,100
6503,ke wang,ke wang,A5100726480,A5001578135,100
6504,ke wang,ke wang,A5100726480,A5100360109,100
6505,ke wang,ke wang,A5100726480,A5101645620,100
6506,ke wang,ke wang,A5100726480,A5101902534,100
6507,ke wang,ke wang,A5100726480,A5100742958,100
6508,ke wang,ke wang,A5100726480,A5100730995,100
6509,ke wang,ke wang,A5100726480,A5100360159,100
6510,ke wang,ke wang,A5100726480,A5101954500,100
6511,ke wang,ke wang,A5100726480,A5100602055,100
6512,ke wang,ke wang,A5100726480,A5101448464,100
6513,ke wang,ke wang,A5100726480,A5100628776,100
6514,ke wang,ke wang,A5100726480,A5134442775,100
6515,ke wang,ke wang,A5100726480,A5125565188,100
6516,ke wang,ke wang,A5100726480,A5125469190,100
6517,haiyang wang,haiyang wang,A5100438287,A5100438272,100
6518,haiyang wang,haiyang wang,A5100438287,A5100438276,100
6519,haiyang wang,haiyang wang,A5100438287,A5100438277,100
6520,guangshun wang,guangshun wang,A5019689255,A5102829260,100
6521,huan wang,huan wang,A5047123961,A5100332025,100
6522,jennifer s wong,jennifer s wong,A5018101953,A5029194749,100
6523,ke wang,ke wang,A5054563155,A5100628775,100
6524,ke wang,ke wang,A5054563155,A5100734597,100
6525,ke wang,ke wang,A5054563155,A5100734599,100
6526,ke wang,ke wang,A5054563155,A5100360076,100
6527,ke wang,ke wang,A5054563155,A5100734606,100
6528,ke wang,ke wang,A5054563155,A5101445828,100
6529,ke wang,ke wang,A5054563155,A5068556410,100
6530,ke wang,ke wang,A5054563155,A5100360158,100
6531,ke wang,ke wang,A5054563155,A5025289290,100
6532,ke wang,ke wang,A5054563155,A5036269989,100
6533,ke wang,ke wang,A5054563155,A5073656495,100
6534,ke wang,ke wang,A5054563155,A5100360148,100
6535,ke wang,ke wang,A5054563155,A5100360157,100
6536,ke wang,ke wang,A5054563155,A5100360129,100
6537,ke wang,ke wang,A5054563155,A5100726478,100
6538,ke wang,ke wang,A5054563155,A5100360175,100
6539,ke wang,ke wang,A5054563155,A5100360143,100
6540,ke wang,ke wang,A5054563155,A5100602057,100
6541,ke wang,ke wang,A5054563155,A5100779671,100
6542,ke wang,ke wang,A5054563155,A5101464619,100
6543,ke wang,ke wang,A5054563155,A5001578135,100
6544,ke wang,ke wang,A5054563155,A5100360109,100
6545,ke wang,ke wang,A5054563155,A5101645620,100
6546,ke wang,ke wang,A5054563155,A5101902534,100
6547,ke wang,ke wang,A5054563155,A5100742958,100
6548,ke wang,ke wang,A5054563155,A5100730995,100
6549,ke wang,ke wang,A5054563155,A5100360159,100
6550,ke wang,ke wang,A5054563155,A5101954500,100
6551,ke wang,ke wang,A5054563155,A5100602055,100
6552,ke wang,ke wang,A5054563155,A5101448464,100
6553,ke wang,ke wang,A5054563155,A5100628776,100
6554,ke wang,ke wang,A5054563155,A5134442775,100
6555,ke wang,ke wang,A5054563155,A5125565188,100
6556,ke wang,ke wang,A5054563155,A5125469190,100
6557,ke wang,ke wang,A5100628775,A5100734597,100
6558,ke wang,ke wang,A5100628775,A5100734599,100
6559,ke wang,ke wang,A5100628775,A5100360076,100
6560,ke wang,ke wang,A5100628775,A5100734606,100
6561,ke wang,ke wang,A5100628775,A5101445828,100
6562,ke wang,ke wang,A5100628775,A5068556410,100
6563,ke wang,ke wang,A5100628775,A5100360158,100
6564,ke wang,ke wang,A5100628775,A5025289290,100
6565,ke wang,ke wang,A5100628775,A5036269989,100
6566,ke wang,ke wang,A5100628775,A5073656495,100
6567,ke wang,ke wang,A5100628775,A5100360148,100
6568,ke wang,ke wang,A5100628775,A5100360157,100
6569,ke wang,ke wang,A5100628775,A5100360129,100
6570,ke wang,ke wang,A5100628775,A5100726478,100
6571,ke wang,ke wang,A5100628775,A5100360175,100
6572,ke wang,ke wang,A5100628775,A5100360143,100
6573,ke wang,ke wang,A5100628775,A5100602057,100
6574,ke wang,ke wang,A5100628775,A5100779671,100
6575,ke wang,ke wang,A5100628775,A5101464619,100
6576,ke wang,ke wang,A5100628775,A5001578135,100
6577,ke wang,ke wang,A5100628775,A5100360109,100
6578,ke wang,ke wang,A5100628775,A5101645620,100
6579,ke wang,ke wang,A5100628775,A5101902534,100
6580,ke wang,ke wang,A5100628775,A5100742958,100
6581,ke wang,ke wang,A5100628775,A5100730995,100
6582,ke wang,ke wang,A5100628775,A5100360159,100
6583,ke wang,ke wang,A5100628775,A5101954500,100
6584,ke wang,ke wang,A5100628775,A5100602055,100
6585,ke wang,ke wang,A5100628775,A5101448464,100
6586,ke wang,ke wang,A5100628775,A5100628776,100
6587,ke wang,ke wang,A5100628775,A5134442775,100
6588,ke wang,ke wang,A5100628775,A5125565188,100
6589,ke wang,ke wang,A5100628775,A5125469190,100
6590,liangliang wang,liangliang wang,A5100462051,A5100462049,100
6591,liangliang wang,liangliang wang,A5100462051,A5113997922,100
6592,ke wang,ke wang,A5100734597,A5100734599,100
6593,ke wang,ke wang,A5100734597,A5100360076,100
6594,ke wang,ke wang,A5100734597,A5100734606,100
6595,ke wang,ke wang,A5100734597,A5101445828,100
6596,ke wang,ke wang,A5100734597,A5068556410,100
6597,ke wang,ke wang,A5100734597,A5100360158,100
6598,ke wang,ke wang,A5100734597,A5025289290,100
6599,ke wang,ke wang,A5100734597,A5036269989,100
6600,ke wang,ke wang,A5100734597,A5073656495,100
6601,ke wang,ke wang,A5100734597,A5100360148,100
6602,ke wang,ke wang,A5100734597,A5100360157,100
6603,ke wang,ke wang,A5100734597,A5100360129,100
6604,ke wang,ke wang,A5100734597,A5100726478,100
6605,ke wang,ke wang,A5100734597,A5100360175,100
6606,ke wang,ke wang,A5100734597,A5100360143,100
6607,ke wang,ke wang,A5100734597,A5100602057,100
6608,ke wang,ke wang,A5100734597,A5100779671,100
6609,ke wang,ke wang,A5100734597,A5101464619,100
6610,ke wang,ke wang,A5100734597,A5001578135,100
6611,ke wang,ke wang,A5100734597,A5100360109,100
6612,ke wang,ke wang,A5100734597,A5101645620,100
6613,ke wang,ke wang,A5100734597,A5101902534,100
6614,ke wang,ke wang,A5100734597,A5100742958,100
6615,ke wang,ke wang,A5100734597,A5100730995,100
6616,ke wang,ke wang,A5100734597,A5100360159,100
6617,ke wang,ke wang,A5100734597,A5101954500,100
6618,ke wang,ke wang,A5100734597,A5100602055,100
6619,ke wang,ke wang,A5100734597,A5101448464,100
6620,ke wang,ke wang,A5100734597,A5100628776,100
6621,ke wang,ke wang,A5100734597,A5134442775,100
6622,ke wang,ke wang,A5100734597,A5125565188,100
6623,ke wang,ke wang,A5100734597,A5125469190,100
6624,feng wang,feng wang,A5102843527,A5100431433,100
6625,feng wang,feng wang,A5102843527,A5013520886,100
6626,feng wang,feng wang,A5102843527,A5033829994,100
6627,feng wang,feng wang,A5102843527,A5100691911,100
6628,feng wang,feng wang,A5102843527,A5071877363,100
6629,feng wang,feng wang,A5102843527,A5101376699,100
6630,jiannan wang,jiannan wang,A5101850961,A5101850959,100
6631,jiannan wang,jiannan wang,A5101850961,A5101850960,100
6632,xing wang,xing wang,A5100365503,A5100365501,100
6633,xing wang,xing wang,A5100365503,A5100754899,100
6634,gary wang,gary wang,A5025935520,A5127595644,100
6635,angela wong,angela wong,A5030267095,A5001833250,100
6636,xing wang,xing wang,A5100365501,A5100754899,100
6637,haiyang wang,haiyang wang,A5100438272,A5100438276,100
6638,haiyang wang,haiyang wang,A5100438272,A5100438277,100
6639,james wagner,james wagner,A5041773585,A5025113912,100
6640,michael c wilson,michael c wilson,A5053340718,A5111383202,100
6641,yue wang,yue wang,A5066926793,A5100371937,100
6642,yue wang,yue wang,A5066926793,A5100372143,100
6643,yue wang,yue wang,A5066926793,A5100372061,100
6644,yue wang,yue wang,A5066926793,A5014816129,100
6645,yue wang,yue wang,A5066926793,A5100371956,100
6646,yue wang,yue wang,A5066926793,A5100372008,100
6647,yue wang,yue wang,A5066926793,A5101483142,100
6648,yue wang,yue wang,A5066926793,A5100372052,100
6649,yue wang,yue wang,A5066926793,A5048572774,100
6650,alex i wiesman,alex i wiesman,A5072572408,A5104333617,100
6651,alex i wiesman,alex i wiesman,A5072572408,A5125660253,100
6652,alex i wiesman,alex i wiesman,A5072572408,A5130800817,100
6653,paul warwick,paul warwick,A5102792513,A5013893867,100
6654,pei wang,pei wang,A5115593415,A5100462645,100
6655,pei wang,pei wang,A5115593415,A5100462619,100
6656,pei wang,pei wang,A5115593415,A5102980024,100
6657,cong wang,cong wang,A5100390490,A5100390473,100
6658,cong wang,cong wang,A5100390490,A5100390466,100
6659,yi wu,yi wu,A5101889546,A5073986426,100
6660,haixu wang,haixu wang,A5004129270,A5101425015,100
6661,yifan wang,yifan wang,A5101576850,A5101576851,100
6662,brent ward,brent ward,A5053988977,A5128942283,100
6663,ke wang,ke wang,A5100734599,A5100360076,100
6664,ke wang,ke wang,A5100734599,A5100734606,100
6665,ke wang,ke wang,A5100734599,A5101445828,100
6666,ke wang,ke wang,A5100734599,A5068556410,100
6667,ke wang,ke wang,A5100734599,A5100360158,100
6668,ke wang,ke wang,A5100734599,A5025289290,100
6669,ke wang,ke wang,A5100734599,A5036269989,100
6670,ke wang,ke wang,A5100734599,A5073656495,100
6671,ke wang,ke wang,A5100734599,A5100360148,100
6672,ke wang,ke wang,A5100734599,A5100360157,100
6673,ke wang,ke wang,A5100734599,A5100360129,100
6674,ke wang,ke wang,A5100734599,A5100726478,100
6675,ke wang,ke wang,A5100734599,A5100360175,100
6676,ke wang,ke wang,A5100734599,A5100360143,100
6677,ke wang,ke wang,A5100734599,A5100602057,100
6678,ke wang,ke wang,A5100734599,A5100779671,100
6679,ke wang,ke wang,A5100734599,A5101464619,100
6680,ke wang,ke wang,A5100734599,A5001578135,100
6681,ke wang,ke wang,A5100734599,A5100360109,100
6682,ke wang,ke wang,A5100734599,A5101645620,100
6683,ke wang,ke wang,A5100734599,A5101902534,100
6684,ke wang,ke wang,A5100734599,A5100742958,100
6685,ke wang,ke wang,A5100734599,A5100730995,100
6686,ke wang,ke wang,A5100734599,A5100360159,100
6687,ke wang,ke wang,A5100734599,A5101954500,100
6688,ke wang,ke wang,A5100734599,A5100602055,100
6689,ke wang,ke wang,A5100734599,A5101448464,100
6690,ke wang,ke wang,A5100734599,A5100628776,100
6691,ke wang,ke wang,A5100734599,A5134442775,100
6692,ke wang,ke wang,A5100734599,A5125565188,100
6693,ke wang,ke wang,A5100734599,A5125469190,100
6694,ben wilson,ben wilson,A5027230996,A5016384103,100
6695,ke wang,ke wang,A5100360076,A5100734606,100
6696,ke wang,ke wang,A5100360076,A5101445828,100
6697,ke wang,ke wang,A5100360076,A5068556410,100
6698,ke wang,ke wang,A5100360076,A5100360158,100
6699,ke wang,ke wang,A5100360076,A5025289290,100
6700,ke wang,ke wang,A5100360076,A5036269989,100
6701,ke wang,ke wang,A5100360076,A5073656495,100
6702,ke wang,ke wang,A5100360076,A5100360148,100
6703,ke wang,ke wang,A5100360076,A5100360157,100
6704,ke wang,ke wang,A5100360076,A5100360129,100
6705,ke wang,ke wang,A5100360076,A5100726478,100
6706,ke wang,ke wang,A5100360076,A5100360175,100
6707,ke wang,ke wang,A5100360076,A5100360143,100
6708,ke wang,ke wang,A5100360076,A5100602057,100
6709,ke wang,ke wang,A5100360076,A5100779671,100
6710,ke wang,ke wang,A5100360076,A5101464619,100
6711,ke wang,ke wang,A5100360076,A5001578135,100
6712,ke wang,ke wang,A5100360076,A5100360109,100
6713,ke wang,ke wang,A5100360076,A5101645620,100
6714,ke wang,ke wang,A5100360076,A5101902534,100
6715,ke wang,ke wang,A5100360076,A5100742958,100
6716,ke wang,ke wang,A5100360076,A5100730995,100
6717,ke wang,ke wang,A5100360076,A5100360159,100
6718,ke wang,ke wang,A5100360076,A5101954500,100
6719,ke wang,ke wang,A5100360076,A5100602055,100
6720,ke wang,ke wang,A5100360076,A5101448464,100
6721,ke wang,ke wang,A5100360076,A5100628776,100
6722,ke wang,ke wang,A5100360076,A5134442775,100
6723,ke wang,ke wang,A5100360076,A5125565188,100
6724,ke wang,ke wang,A5100360076,A5125469190,100
6725,cong wang,cong wang,A5100390473,A5100390466,100
6726,feng wang,feng wang,A5100431433,A5013520886,100
6727,feng wang,feng wang,A5100431433,A5033829994,100
6728,feng wang,feng wang,A5100431433,A5100691911,100
6729,feng wang,feng wang,A5100431433,A5071877363,100
6730,feng wang,feng wang,A5100431433,A5101376699,100
6731,feng wang,feng wang,A5013520886,A5033829994,100
6732,feng wang,feng wang,A5013520886,A5100691911,100
6733,feng wang,feng wang,A5013520886,A5071877363,100
6734,feng wang,feng wang,A5013520886,A5101376699,100
6735,jing wang,jing wang,A5100378492,A5045869983,100
6736,pengpeng wang,pengpeng wang,A5100724577,A5100724579,100
6737,jie wei,jie wei,A5101428622,A5100440108,100
6738,xin wen,xin wen,A5102813216,A5028863136,100
6739,yang wang,yang wang,A5101398880,A5100613827,100
6740,yang wang,yang wang,A5101398880,A5100322922,100
6741,yang wang,yang wang,A5101398880,A5087160186,100
6742,yuepeng wang,yuepeng wang,A5101979875,A5024695395,100
6743,pei wang,pei wang,A5100462645,A5100462619,100
6744,pei wang,pei wang,A5100462645,A5102980024,100
6745,shijia wang,shijia wang,A5019595657,A5101531787,100
6746,eric werker,eric werker,A5032657684,A5106564848,100
6747,g gary wang,g gary wang,A5012067602,A5007112989,100
6748,g gary wang,g gary wang,A5012067602,A5034372135,100
6749,g gary wang,g gary wang,A5012067602,A5125446121,100
6750,g gary wang,g gary wang,A5012067602,A5126537737,100
6751,ke wang,ke wang,A5100734606,A5101445828,100
6752,ke wang,ke wang,A5100734606,A5068556410,100
6753,ke wang,ke wang,A5100734606,A5100360158,100
6754,ke wang,ke wang,A5100734606,A5025289290,100
6755,ke wang,ke wang,A5100734606,A5036269989,100
6756,ke wang,ke wang,A5100734606,A5073656495,100
6757,ke wang,ke wang,A5100734606,A5100360148,100
6758,ke wang,ke wang,A5100734606,A5100360157,100
6759,ke wang,ke wang,A5100734606,A5100360129,100
6760,ke wang,ke wang,A5100734606,A5100726478,100
6761,ke wang,ke wang,A5100734606,A5100360175,100
6762,ke wang,ke wang,A5100734606,A5100360143,100
6763,ke wang,ke wang,A5100734606,A5100602057,100
6764,ke wang,ke wang,A5100734606,A5100779671,100
6765,ke wang,ke wang,A5100734606,A5101464619,100
6766,ke wang,ke wang,A5100734606,A5001578135,100
6767,ke wang,ke wang,A5100734606,A5100360109,100
6768,ke wang,ke wang,A5100734606,A5101645620,100
6769,ke wang,ke wang,A5100734606,A5101902534,100
6770,ke wang,ke wang,A5100734606,A5100742958,100
6771,ke wang,ke wang,A5100734606,A5100730995,100
6772,ke wang,ke wang,A5100734606,A5100360159,100
6773,ke wang,ke wang,A5100734606,A5101954500,100
6774,ke wang,ke wang,A5100734606,A5100602055,100
6775,ke wang,ke wang,A5100734606,A5101448464,100
6776,ke wang,ke wang,A5100734606,A5100628776,100
6777,ke wang,ke wang,A5100734606,A5134442775,100
6778,ke wang,ke wang,A5100734606,A5125565188,100
6779,ke wang,ke wang,A5100734606,A5125469190,100
6780,di wu,di wu,A5070296161,A5102007825,100
6781,di wu,di wu,A5070296161,A5102007824,100
6782,yue wang,yue wang,A5100371937,A5100372143,100
6783,yue wang,yue wang,A5100371937,A5100372061,100
6784,yue wang,yue wang,A5100371937,A5014816129,100
6785,yue wang,yue wang,A5100371937,A5100371956,100
6786,yue wang,yue wang,A5100371937,A5100372008,100
6787,yue wang,yue wang,A5100371937,A5101483142,100
6788,yue wang,yue wang,A5100371937,A5100372052,100
6789,yue wang,yue wang,A5100371937,A5048572774,100
6790,ke wang,ke wang,A5101445828,A5068556410,100
6791,ke wang,ke wang,A5101445828,A5100360158,100
6792,ke wang,ke wang,A5101445828,A5025289290,100
6793,ke wang,ke wang,A5101445828,A5036269989,100
6794,ke wang,ke wang,A5101445828,A5073656495,100
6795,ke wang,ke wang,A5101445828,A5100360148,100
6796,ke wang,ke wang,A5101445828,A5100360157,100
6797,ke wang,ke wang,A5101445828,A5100360129,100
6798,ke wang,ke wang,A5101445828,A5100726478,100
6799,ke wang,ke wang,A5101445828,A5100360175,100
6800,ke wang,ke wang,A5101445828,A5100360143,100
6801,ke wang,ke wang,A5101445828,A5100602057,100
6802,ke wang,ke wang,A5101445828,A5100779671,100
6803,ke wang,ke wang,A5101445828,A5101464619,100
6804,ke wang,ke wang,A5101445828,A5001578135,100
6805,ke wang,ke wang,A5101445828,A5100360109,100
6806,ke wang,ke wang,A5101445828,A5101645620,100
6807,ke wang,ke wang,A5101445828,A5101902534,100
6808,ke wang,ke wang,A5101445828,A5100742958,100
6809,ke wang,ke wang,A5101445828,A5100730995,100
6810,ke wang,ke wang,A5101445828,A5100360159,100
6811,ke wang,ke wang,A5101445828,A5101954500,100
6812,ke wang,ke wang,A5101445828,A5100602055,100
6813,ke wang,ke wang,A5101445828,A5101448464,100
6814,ke wang,ke wang,A5101445828,A5100628776,100
6815,ke wang,ke wang,A5101445828,A5134442775,100
6816,ke wang,ke wang,A5101445828,A5125565188,100
6817,ke wang,ke wang,A5101445828,A5125469190,100
6818,tao wang,tao wang,A5100453429,A5100453702,100
6819,lin wang,lin wang,A5100403148,A5126906027,100
6820,ke wang,ke wang,A5068556410,A5100360158,100
6821,ke wang,ke wang,A5068556410,A5025289290,100
6822,ke wang,ke wang,A5068556410,A5036269989,100
6823,ke wang,ke wang,A5068556410,A5073656495,100
6824,ke wang,ke wang,A5068556410,A5100360148,100
6825,ke wang,ke wang,A5068556410,A5100360157,100
6826,ke wang,ke wang,A5068556410,A5100360129,100
6827,ke wang,ke wang,A5068556410,A5100726478,100
6828,ke wang,ke wang,A5068556410,A5100360175,100
6829,ke wang,ke wang,A5068556410,A5100360143,100
6830,ke wang,ke wang,A5068556410,A5100602057,100
6831,ke wang,ke wang,A5068556410,A5100779671,100
6832,ke wang,ke wang,A5068556410,A5101464619,100
6833,ke wang,ke wang,A5068556410,A5001578135,100
6834,ke wang,ke wang,A5068556410,A5100360109,100
6835,ke wang,ke wang,A5068556410,A5101645620,100
6836,ke wang,ke wang,A5068556410,A5101902534,100
6837,ke wang,ke wang,A5068556410,A5100742958,100
6838,ke wang,ke wang,A5068556410,A5100730995,100
6839,ke wang,ke wang,A5068556410,A5100360159,100
6840,ke wang,ke wang,A5068556410,A5101954500,100
6841,ke wang,ke wang,A5068556410,A5100602055,100
6842,ke wang,ke wang,A5068556410,A5101448464,100
6843,ke wang,ke wang,A5068556410,A5100628776,100
6844,ke wang,ke wang,A5068556410,A5134442775,100
6845,ke wang,ke wang,A5068556410,A5125565188,100
6846,ke wang,ke wang,A5068556410,A5125469190,100
6847,feng wang,feng wang,A5033829994,A5100691911,100
6848,feng wang,feng wang,A5033829994,A5071877363,100
6849,feng wang,feng wang,A5033829994,A5101376699,100
6850,ke wang,ke wang,A5100360158,A5025289290,100
6851,ke wang,ke wang,A5100360158,A5036269989,100
6852,ke wang,ke wang,A5100360158,A5073656495,100
6853,ke wang,ke wang,A5100360158,A5100360148,100
6854,ke wang,ke wang,A5100360158,A5100360157,100
6855,ke wang,ke wang,A5100360158,A5100360129,100
6856,ke wang,ke wang,A5100360158,A5100726478,100
6857,ke wang,ke wang,A5100360158,A5100360175,100
6858,ke wang,ke wang,A5100360158,A5100360143,100
6859,ke wang,ke wang,A5100360158,A5100602057,100
6860,ke wang,ke wang,A5100360158,A5100779671,100
6861,ke wang,ke wang,A5100360158,A5101464619,100
6862,ke wang,ke wang,A5100360158,A5001578135,100
6863,ke wang,ke wang,A5100360158,A5100360109,100
6864,ke wang,ke wang,A5100360158,A5101645620,100
6865,ke wang,ke wang,A5100360158,A5101902534,100
6866,ke wang,ke wang,A5100360158,A5100742958,100
6867,ke wang,ke wang,A5100360158,A5100730995,100
6868,ke wang,ke wang,A5100360158,A5100360159,100
6869,ke wang,ke wang,A5100360158,A5101954500,100
6870,ke wang,ke wang,A5100360158,A5100602055,100
6871,ke wang,ke wang,A5100360158,A5101448464,100
6872,ke wang,ke wang,A5100360158,A5100628776,100
6873,ke wang,ke wang,A5100360158,A5134442775,100
6874,ke wang,ke wang,A5100360158,A5125565188,100
6875,ke wang,ke wang,A5100360158,A5125469190,100
6876,yue wang,yue wang,A5100372143,A5100372061,100
6877,yue wang,yue wang,A5100372143,A5014816129,100
6878,yue wang,yue wang,A5100372143,A5100371956,100
6879,yue wang,yue wang,A5100372143,A5100372008,100
6880,yue wang,yue wang,A5100372143,A5101483142,100
6881,yue wang,yue wang,A5100372143,A5100372052,100
6882,yue wang,yue wang,A5100372143,A5048572774,100
6883,yitong wang,yitong wang,A5100650007,A5118608059,100
6884,kui wu,kui wu,A5035980141,A5110101259,100
6885,jennifer wang,jennifer wang,A5100693673,A5023442198,100
6886,tianzheng wang,tianzheng wang,A5101598171,A5029337151,100
6887,tianzheng wang,tianzheng wang,A5101598171,A5103765343,100
6888,yue wang,yue wang,A5100372061,A5014816129,100
6889,yue wang,yue wang,A5100372061,A5100371956,100
6890,yue wang,yue wang,A5100372061,A5100372008,100
6891,yue wang,yue wang,A5100372061,A5101483142,100
6892,yue wang,yue wang,A5100372061,A5100372052,100
6893,yue wang,yue wang,A5100372061,A5048572774,100
6894,liangliang wang,liangliang wang,A5100462049,A5113997922,100
6895,amanda watson,amanda watson,A5059829284,A5061854681,100
6896,amanda watson,amanda watson,A5059829284,A5124810313,100
6897,ke wang,ke wang,A5025289290,A5036269989,100
6898,ke wang,ke wang,A5025289290,A5073656495,100
6899,ke wang,ke wang,A5025289290,A5100360148,100
6900,ke wang,ke wang,A5025289290,A5100360157,100
6901,ke wang,ke wang,A5025289290,A5100360129,100
6902,ke wang,ke wang,A5025289290,A5100726478,100
6903,ke wang,ke wang,A5025289290,A5100360175,100
6904,ke wang,ke wang,A5025289290,A5100360143,100
6905,ke wang,ke wang,A5025289290,A5100602057,100
6906,ke wang,ke wang,A5025289290,A5100779671,100
6907,ke wang,ke wang,A5025289290,A5101464619,100
6908,ke wang,ke wang,A5025289290,A5001578135,100
6909,ke wang,ke wang,A5025289290,A5100360109,100
6910,ke wang,ke wang,A5025289290,A5101645620,100
6911,ke wang,ke wang,A5025289290,A5101902534,100
6912,ke wang,ke wang,A5025289290,A5100742958,100
6913,ke wang,ke wang,A5025289290,A5100730995,100
6914,ke wang,ke wang,A5025289290,A5100360159,100
6915,ke wang,ke wang,A5025289290,A5101954500,100
6916,ke wang,ke wang,A5025289290,A5100602055,100
6917,ke wang,ke wang,A5025289290,A5101448464,100
6918,ke wang,ke wang,A5025289290,A5100628776,100
6919,ke wang,ke wang,A5025289290,A5134442775,100
6920,ke wang,ke wang,A5025289290,A5125565188,100
6921,ke wang,ke wang,A5025289290,A5125469190,100
6922,yue wang,yue wang,A5014816129,A5100371956,100
6923,yue wang,yue wang,A5014816129,A5100372008,100
6924,yue wang,yue wang,A5014816129,A5101483142,100
6925,yue wang,yue wang,A5014816129,A5100372052,100
6926,yue wang,yue wang,A5014816129,A5048572774,100
6927,ke wang,ke wang,A5036269989,A5073656495,100
6928,ke wang,ke wang,A5036269989,A5100360148,100
6929,ke wang,ke wang,A5036269989,A5100360157,100
6930,ke wang,ke wang,A5036269989,A5100360129,100
6931,ke wang,ke wang,A5036269989,A5100726478,100
6932,ke wang,ke wang,A5036269989,A5100360175,100
6933,ke wang,ke wang,A5036269989,A5100360143,100
6934,ke wang,ke wang,A5036269989,A5100602057,100
6935,ke wang,ke wang,A5036269989,A5100779671,100
6936,ke wang,ke wang,A5036269989,A5101464619,100
6937,ke wang,ke wang,A5036269989,A5001578135,100
6938,ke wang,ke wang,A5036269989,A5100360109,100
6939,ke wang,ke wang,A5036269989,A5101645620,100
6940,ke wang,ke wang,A5036269989,A5101902534,100
6941,ke wang,ke wang,A5036269989,A5100742958,100
6942,ke wang,ke wang,A5036269989,A5100730995,100
6943,ke wang,ke wang,A5036269989,A5100360159,100
6944,ke wang,ke wang,A5036269989,A5101954500,100
6945,ke wang,ke wang,A5036269989,A5100602055,100
6946,ke wang,ke wang,A5036269989,A5101448464,100
6947,ke wang,ke wang,A5036269989,A5100628776,100
6948,ke wang,ke wang,A5036269989,A5134442775,100
6949,ke wang,ke wang,A5036269989,A5125565188,100
6950,ke wang,ke wang,A5036269989,A5125469190,100
6951,ke wang,ke wang,A5073656495,A5100360148,100
6952,ke wang,ke wang,A5073656495,A5100360157,100
6953,ke wang,ke wang,A5073656495,A5100360129,100
6954,ke wang,ke wang,A5073656495,A5100726478,100
6955,ke wang,ke wang,A5073656495,A5100360175,100
6956,ke wang,ke wang,A5073656495,A5100360143,100
6957,ke wang,ke wang,A5073656495,A5100602057,100
6958,ke wang,ke wang,A5073656495,A5100779671,100
6959,ke wang,ke wang,A5073656495,A5101464619,100
6960,ke wang,ke wang,A5073656495,A5001578135,100
6961,ke wang,ke wang,A5073656495,A5100360109,100
6962,ke wang,ke wang,A5073656495,A5101645620,100
6963,ke wang,ke wang,A5073656495,A5101902534,100
6964,ke wang,ke wang,A5073656495,A5100742958,100
6965,ke wang,ke wang,A5073656495,A5100730995,100
6966,ke wang,ke wang,A5073656495,A5100360159,100
6967,ke wang,ke wang,A5073656495,A5101954500,100
6968,ke wang,ke wang,A5073656495,A5100602055,100
6969,ke wang,ke wang,A5073656495,A5101448464,100
6970,ke wang,ke wang,A5073656495,A5100628776,100
6971,ke wang,ke wang,A5073656495,A5134442775,100
6972,ke wang,ke wang,A5073656495,A5125565188,100
6973,ke wang,ke wang,A5073656495,A5125469190,100
6974,ke wang,ke wang,A5100360148,A5100360157,100
6975,ke wang,ke wang,A5100360148,A5100360129,100
6976,ke wang,ke wang,A5100360148,A5100726478,100
6977,ke wang,ke wang,A5100360148,A5100360175,100
6978,ke wang,ke wang,A5100360148,A5100360143,100
6979,ke wang,ke wang,A5100360148,A5100602057,100
6980,ke wang,ke wang,A5100360148,A5100779671,100
6981,ke wang,ke wang,A5100360148,A5101464619,100
6982,ke wang,ke wang,A5100360148,A5001578135,100
6983,ke wang,ke wang,A5100360148,A5100360109,100
6984,ke wang,ke wang,A5100360148,A5101645620,100
6985,ke wang,ke wang,A5100360148,A5101902534,100
6986,ke wang,ke wang,A5100360148,A5100742958,100
6987,ke wang,ke wang,A5100360148,A5100730995,100
6988,ke wang,ke wang,A5100360148,A5100360159,100
6989,ke wang,ke wang,A5100360148,A5101954500,100
6990,ke wang,ke wang,A5100360148,A5100602055,100
6991,ke wang,ke wang,A5100360148,A5101448464,100
6992,ke wang,ke wang,A5100360148,A5100628776,100
6993,ke wang,ke wang,A5100360148,A5134442775,100
6994,ke wang,ke wang,A5100360148,A5125565188,100
6995,ke wang,ke wang,A5100360148,A5125469190,100
6996,yang wang,yang wang,A5100613827,A5100322922,100
6997,yang wang,yang wang,A5100613827,A5087160186,100
6998,tianzheng wang,tianzheng wang,A5029337151,A5103765343,100
6999,yang wang,yang wang,A5100322922,A5087160186,100
7000,ke wang,ke wang,A5100360157,A5100360129,100
7001,ke wang,ke wang,A5100360157,A5100726478,100
7002,ke wang,ke wang,A5100360157,A5100360175,100
7003,ke wang,ke wang,A5100360157,A5100360143,100
7004,ke wang,ke wang,A5100360157,A5100602057,100
7005,ke wang,ke wang,A5100360157,A5100779671,100
7006,ke wang,ke wang,A5100360157,A5101464619,100
7007,ke wang,ke wang,A5100360157,A5001578135,100
7008,ke wang,ke wang,A5100360157,A5100360109,100
7009,ke wang,ke wang,A5100360157,A5101645620,100
7010,ke wang,ke wang,A5100360157,A5101902534,100
7011,ke wang,ke wang,A5100360157,A5100742958,100
7012,ke wang,ke wang,A5100360157,A5100730995,100
7013,ke wang,ke wang,A5100360157,A5100360159,100
7014,ke wang,ke wang,A5100360157,A5101954500,100
7015,ke wang,ke wang,A5100360157,A5100602055,100
7016,ke wang,ke wang,A5100360157,A5101448464,100
7017,ke wang,ke wang,A5100360157,A5100628776,100
7018,ke wang,ke wang,A5100360157,A5134442775,100
7019,ke wang,ke wang,A5100360157,A5125565188,100
7020,ke wang,ke wang,A5100360157,A5125469190,100
7021,pei wang,pei wang,A5100462619,A5102980024,100
7022,deirdre weymann,deirdre weymann,A5039287543,A5112366893,100
7023,deirdre weymann,deirdre weymann,A5039287543,A5128840587,100
7024,ke wang,ke wang,A5100360129,A5100726478,100
7025,ke wang,ke wang,A5100360129,A5100360175,100
7026,ke wang,ke wang,A5100360129,A5100360143,100
7027,ke wang,ke wang,A5100360129,A5100602057,100
7028,ke wang,ke wang,A5100360129,A5100779671,100
7029,ke wang,ke wang,A5100360129,A5101464619,100
7030,ke wang,ke wang,A5100360129,A5001578135,100
7031,ke wang,ke wang,A5100360129,A5100360109,100
7032,ke wang,ke wang,A5100360129,A5101645620,100
7033,ke wang,ke wang,A5100360129,A5101902534,100
7034,ke wang,ke wang,A5100360129,A5100742958,100
7035,ke wang,ke wang,A5100360129,A5100730995,100
7036,ke wang,ke wang,A5100360129,A5100360159,100
7037,ke wang,ke wang,A5100360129,A5101954500,100
7038,ke wang,ke wang,A5100360129,A5100602055,100
7039,ke wang,ke wang,A5100360129,A5101448464,100
7040,ke wang,ke wang,A5100360129,A5100628776,100
7041,ke wang,ke wang,A5100360129,A5134442775,100
7042,ke wang,ke wang,A5100360129,A5125565188,100
7043,ke wang,ke wang,A5100360129,A5125469190,100
7044,ke wang,ke wang,A5100726478,A5100360175,100
7045,ke wang,ke wang,A5100726478,A5100360143,100
7046,ke wang,ke wang,A5100726478,A5100602057,100
7047,ke wang,ke wang,A5100726478,A5100779671,100
7048,ke wang,ke wang,A5100726478,A5101464619,100
7049,ke wang,ke wang,A5100726478,A5001578135,100
7050,ke wang,ke wang,A5100726478,A5100360109,100
7051,ke wang,ke wang,A5100726478,A5101645620,100
7052,ke wang,ke wang,A5100726478,A5101902534,100
7053,ke wang,ke wang,A5100726478,A5100742958,100
7054,ke wang,ke wang,A5100726478,A5100730995,100
7055,ke wang,ke wang,A5100726478,A5100360159,100
7056,ke wang,ke wang,A5100726478,A5101954500,100
7057,ke wang,ke wang,A5100726478,A5100602055,100
7058,ke wang,ke wang,A5100726478,A5101448464,100
7059,ke wang,ke wang,A5100726478,A5100628776,100
7060,ke wang,ke wang,A5100726478,A5134442775,100
7061,ke wang,ke wang,A5100726478,A5125565188,100
7062,ke wang,ke wang,A5100726478,A5125469190,100
7063,di wu,di wu,A5102007825,A5102007824,100
7064,yue wang,yue wang,A5100371956,A5100372008,100
7065,yue wang,yue wang,A5100371956,A5101483142,100
7066,yue wang,yue wang,A5100371956,A5100372052,100
7067,yue wang,yue wang,A5100371956,A5048572774,100
7068,andrew wade,andrew wade,A5074820357,A5101195139,100
7069,haiyang wang,haiyang wang,A5100438276,A5100438277,100
7070,zezhong wang,zezhong wang,A5100747388,A5080413518,100
7071,xiao wang,xiao wang,A5100411459,A5106457173,100
7072,feng wang,feng wang,A5100691911,A5071877363,100
7073,feng wang,feng wang,A5100691911,A5101376699,100
7074,ke wang,ke wang,A5100360175,A5100360143,100
7075,ke wang,ke wang,A5100360175,A5100602057,100
7076,ke wang,ke wang,A5100360175,A5100779671,100
7077,ke wang,ke wang,A5100360175,A5101464619,100
7078,ke wang,ke wang,A5100360175,A5001578135,100
7079,ke wang,ke wang,A5100360175,A5100360109,100
7080,ke wang,ke wang,A5100360175,A5101645620,100
7081,ke wang,ke wang,A5100360175,A5101902534,100
7082,ke wang,ke wang,A5100360175,A5100742958,100
7083,ke wang,ke wang,A5100360175,A5100730995,100
7084,ke wang,ke wang,A5100360175,A5100360159,100
7085,ke wang,ke wang,A5100360175,A5101954500,100
7086,ke wang,ke wang,A5100360175,A5100602055,100
7087,ke wang,ke wang,A5100360175,A5101448464,100
7088,ke wang,ke wang,A5100360175,A5100628776,100
7089,ke wang,ke wang,A5100360175,A5134442775,100
7090,ke wang,ke wang,A5100360175,A5125565188,100
7091,ke wang,ke wang,A5100360175,A5125469190,100
7092,ke wang,ke wang,A5100360143,A5100602057,100
7093,ke wang,ke wang,A5100360143,A5100779671,100
7094,ke wang,ke wang,A5100360143,A5101464619,100
7095,ke wang,ke wang,A5100360143,A5001578135,100
7096,ke wang,ke wang,A5100360143,A5100360109,100
7097,ke wang,ke wang,A5100360143,A5101645620,100
7098,ke wang,ke wang,A5100360143,A5101902534,100
7099,ke wang,ke wang,A5100360143,A5100742958,100
7100,ke wang,ke wang,A5100360143,A5100730995,100
7101,ke wang,ke wang,A5100360143,A5100360159,100
7102,ke wang,ke wang,A5100360143,A5101954500,100
7103,ke wang,ke wang,A5100360143,A5100602055,100
7104,ke wang,ke wang,A5100360143,A5101448464,100
7105,ke wang,ke wang,A5100360143,A5100628776,100
7106,ke wang,ke wang,A5100360143,A5134442775,100
7107,ke wang,ke wang,A5100360143,A5125565188,100
7108,ke wang,ke wang,A5100360143,A5125469190,100
7109,qing wu,qing wu,A5114130069,A5109532026,100
7110,ke wang,ke wang,A5100602057,A5100779671,100
7111,ke wang,ke wang,A5100602057,A5101464619,100
7112,ke wang,ke wang,A5100602057,A5001578135,100
7113,ke wang,ke wang,A5100602057,A5100360109,100
7114,ke wang,ke wang,A5100602057,A5101645620,100
7115,ke wang,ke wang,A5100602057,A5101902534,100
7116,ke wang,ke wang,A5100602057,A5100742958,100
7117,ke wang,ke wang,A5100602057,A5100730995,100
7118,ke wang,ke wang,A5100602057,A5100360159,100
7119,ke wang,ke wang,A5100602057,A5101954500,100
7120,ke wang,ke wang,A5100602057,A5100602055,100
7121,ke wang,ke wang,A5100602057,A5101448464,100
7122,ke wang,ke wang,A5100602057,A5100628776,100
7123,ke wang,ke wang,A5100602057,A5134442775,100
7124,ke wang,ke wang,A5100602057,A5125565188,100
7125,ke wang,ke wang,A5100602057,A5125469190,100
7126,ke wang,ke wang,A5100779671,A5101464619,100
7127,ke wang,ke wang,A5100779671,A5001578135,100
7128,ke wang,ke wang,A5100779671,A5100360109,100
7129,ke wang,ke wang,A5100779671,A5101645620,100
7130,ke wang,ke wang,A5100779671,A5101902534,100
7131,ke wang,ke wang,A5100779671,A5100742958,100
7132,ke wang,ke wang,A5100779671,A5100730995,100
7133,ke wang,ke wang,A5100779671,A5100360159,100
7134,ke wang,ke wang,A5100779671,A5101954500,100
7135,ke wang,ke wang,A5100779671,A5100602055,100
7136,ke wang,ke wang,A5100779671,A5101448464,100
7137,ke wang,ke wang,A5100779671,A5100628776,100
7138,ke wang,ke wang,A5100779671,A5134442775,100
7139,ke wang,ke wang,A5100779671,A5125565188,100
7140,ke wang,ke wang,A5100779671,A5125469190,100
7141,ke wang,ke wang,A5101464619,A5001578135,100
7142,ke wang,ke wang,A5101464619,A5100360109,100
7143,ke wang,ke wang,A5101464619,A5101645620,100
7144,ke wang,ke wang,A5101464619,A5101902534,100
7145,ke wang,ke wang,A5101464619,A5100742958,100
7146,ke wang,ke wang,A5101464619,A5100730995,100
7147,ke wang,ke wang,A5101464619,A5100360159,100
7148,ke wang,ke wang,A5101464619,A5101954500,100
7149,ke wang,ke wang,A5101464619,A5100602055,100
7150,ke wang,ke wang,A5101464619,A5101448464,100
7151,ke wang,ke wang,A5101464619,A5100628776,100
7152,ke wang,ke wang,A5101464619,A5134442775,100
7153,ke wang,ke wang,A5101464619,A5125565188,100
7154,ke wang,ke wang,A5101464619,A5125469190,100
7155,claire wilson,claire wilson,A5102751459,A5023990167,100
7156,xin wang,xin wang,A5108047067,A5101681860,100
7157,xin wang,xin wang,A5108047067,A5100327893,100
7158,stephanie wong,stephanie wong,A5079712740,A5072468728,100
7159,ke wang,ke wang,A5001578135,A5100360109,100
7160,ke wang,ke wang,A5001578135,A5101645620,100
7161,ke wang,ke wang,A5001578135,A5101902534,100
7162,ke wang,ke wang,A5001578135,A5100742958,100
7163,ke wang,ke wang,A5001578135,A5100730995,100
7164,ke wang,ke wang,A5001578135,A5100360159,100
7165,ke wang,ke wang,A5001578135,A5101954500,100
7166,ke wang,ke wang,A5001578135,A5100602055,100
7167,ke wang,ke wang,A5001578135,A5101448464,100
7168,ke wang,ke wang,A5001578135,A5100628776,100
7169,ke wang,ke wang,A5001578135,A5134442775,100
7170,ke wang,ke wang,A5001578135,A5125565188,100
7171,ke wang,ke wang,A5001578135,A5125469190,100
7172,ke wang,ke wang,A5100360109,A5101645620,100
7173,ke wang,ke wang,A5100360109,A5101902534,100
7174,ke wang,ke wang,A5100360109,A5100742958,100
7175,ke wang,ke wang,A5100360109,A5100730995,100
7176,ke wang,ke wang,A5100360109,A5100360159,100
7177,ke wang,ke wang,A5100360109,A5101954500,100
7178,ke wang,ke wang,A5100360109,A5100602055,100
7179,ke wang,ke wang,A5100360109,A5101448464,100
7180,ke wang,ke wang,A5100360109,A5100628776,100
7181,ke wang,ke wang,A5100360109,A5134442775,100
7182,ke wang,ke wang,A5100360109,A5125565188,100
7183,ke wang,ke wang,A5100360109,A5125469190,100
7184,yi wang,yi wang,A5100364877,A5071864494,100
7185,jianliang wu,jianliang wu,A5101059506,A5101102768,100
7186,jason wang,jason wang,A5104209993,A5100700441,100
7187,mengqin wang,mengqin wang,A5074911249,A5109697714,100
7188,ke wang,ke wang,A5101645620,A5101902534,100
7189,ke wang,ke wang,A5101645620,A5100742958,100
7190,ke wang,ke wang,A5101645620,A5100730995,100
7191,ke wang,ke wang,A5101645620,A5100360159,100
7192,ke wang,ke wang,A5101645620,A5101954500,100
7193,ke wang,ke wang,A5101645620,A5100602055,100
7194,ke wang,ke wang,A5101645620,A5101448464,100
7195,ke wang,ke wang,A5101645620,A5100628776,100
7196,ke wang,ke wang,A5101645620,A5134442775,100
7197,ke wang,ke wang,A5101645620,A5125565188,100
7198,ke wang,ke wang,A5101645620,A5125469190,100
7199,ke wang,ke wang,A5101902534,A5100742958,100
7200,ke wang,ke wang,A5101902534,A5100730995,100
7201,ke wang,ke wang,A5101902534,A5100360159,100
7202,ke wang,ke wang,A5101902534,A5101954500,100
7203,ke wang,ke wang,A5101902534,A5100602055,100
7204,ke wang,ke wang,A5101902534,A5101448464,100
7205,ke wang,ke wang,A5101902534,A5100628776,100
7206,ke wang,ke wang,A5101902534,A5134442775,100
7207,ke wang,ke wang,A5101902534,A5125565188,100
7208,ke wang,ke wang,A5101902534,A5125469190,100
7209,yue wang,yue wang,A5100372008,A5101483142,100
7210,yue wang,yue wang,A5100372008,A5100372052,100
7211,yue wang,yue wang,A5100372008,A5048572774,100
7212,ke wang,ke wang,A5100742958,A5100730995,100
7213,ke wang,ke wang,A5100742958,A5100360159,100
7214,ke wang,ke wang,A5100742958,A5101954500,100
7215,ke wang,ke wang,A5100742958,A5100602055,100
7216,ke wang,ke wang,A5100742958,A5101448464,100
7217,ke wang,ke wang,A5100742958,A5100628776,100
7218,ke wang,ke wang,A5100742958,A5134442775,100
7219,ke wang,ke wang,A5100742958,A5125565188,100
7220,ke wang,ke wang,A5100742958,A5125469190,100
7221,andrea wolter,andrea wolter,A5101452760,A5101452761,100
7222,ke wang,ke wang,A5100730995,A5100360159,100
7223,ke wang,ke wang,A5100730995,A5101954500,100
7224,ke wang,ke wang,A5100730995,A5100602055,100
7225,ke wang,ke wang,A5100730995,A5101448464,100
7226,ke wang,ke wang,A5100730995,A5100628776,100
7227,ke wang,ke wang,A5100730995,A5134442775,100
7228,ke wang,ke wang,A5100730995,A5125565188,100
7229,ke wang,ke wang,A5100730995,A5125469190,100
7230,xin wang,xin wang,A5101681860,A5100327893,100
7231,jiannan wang,jiannan wang,A5101850959,A5101850960,100
7232,james whitehead,james whitehead,A5104008053,A5132633896,100
7233,amanda watson,amanda watson,A5061854681,A5124810313,100
7234,g gary wang,g gary wang,A5007112989,A5034372135,100
7235,g gary wang,g gary wang,A5007112989,A5125446121,100
7236,g gary wang,g gary wang,A5007112989,A5126537737,100
7237,feng wang,feng wang,A5071877363,A5101376699,100
7238,ke wang,ke wang,A5100360159,A5101954500,100
7239,ke wang,ke wang,A5100360159,A5100602055,100
7240,ke wang,ke wang,A5100360159,A5101448464,100
7241,ke wang,ke wang,A5100360159,A5100628776,100
7242,ke wang,ke wang,A5100360159,A5134442775,100
7243,ke wang,ke wang,A5100360159,A5125565188,100
7244,ke wang,ke wang,A5100360159,A5125469190,100
7245,ke wang,ke wang,A5101954500,A5100602055,100
7246,ke wang,ke wang,A5101954500,A5101448464,100
7247,ke wang,ke wang,A5101954500,A5100628776,100
7248,ke wang,ke wang,A5101954500,A5134442775,100
7249,ke wang,ke wang,A5101954500,A5125565188,100
7250,ke wang,ke wang,A5101954500,A5125469190,100
7251,amanda wallace,amanda wallace,A5051403993,A5083012202,100
7252,ke wang,ke wang,A5100602055,A5101448464,100
7253,ke wang,ke wang,A5100602055,A5100628776,100
7254,ke wang,ke wang,A5100602055,A5134442775,100
7255,ke wang,ke wang,A5100602055,A5125565188,100
7256,ke wang,ke wang,A5100602055,A5125469190,100
7257,braden walsh,braden walsh,A5074094141,A5044911876,100
7258,c wang,c wang,A5111593094,A5030973280,100
7259,ruiqi wang,ruiqi wang,A5100387944,A5047012415,100
7260,ke wang,ke wang,A5101448464,A5100628776,100
7261,ke wang,ke wang,A5101448464,A5134442775,100
7262,ke wang,ke wang,A5101448464,A5125565188,100
7263,ke wang,ke wang,A5101448464,A5125469190,100
7264,graeme webb,graeme webb,A5007358407,A5038315401,100
7265,z m wang,z m wang,A5025431641,A5000634643,100
7266,yue wang,yue wang,A5101483142,A5100372052,100
7267,yue wang,yue wang,A5101483142,A5048572774,100
7268,austin t wang,austin t wang,A5029434712,A5124599923,100
7269,deirdre weymann,deirdre weymann,A5112366893,A5128840587,100
7270,g gary wang,g gary wang,A5034372135,A5125446121,100
7271,g gary wang,g gary wang,A5034372135,A5126537737,100
7272,yue wang,yue wang,A5100372052,A5048572774,100
7273,ke wang,ke wang,A5100628776,A5134442775,100
7274,ke wang,ke wang,A5100628776,A5125565188,100
7275,ke wang,ke wang,A5100628776,A5125469190,100
7276,hannah v watkins,hannah v watkins,A5080278299,A5130723345,100
7277,lucas y wu,lucas y wu,A5000594667,A5052301741,100
7278,ke wang,ke wang,A5134442775,A5125565188,100
7279,ke wang,ke wang,A5134442775,A5125469190,100
7280,xiaoying wang,xiaoying wang,A5075566936,A5031483277,100
7281,h wang,h wang,A5107877346,A5009973876,100
7282,ke wang,ke wang,A5125565188,A5125469190,100
7283,alex i wiesman,alex i wiesman,A5104333617,A5125660253,100
7284,alex i wiesman,alex i wiesman,A5104333617,A5130800817,100
7285,z-m wang,z-m wang,A5110651825,A5013655715,100
7286,meghan winters,meghan winters,A5129068528,A5121492872,100
7287,meghan winters,meghan winters,A5129068528,A5121514766,100
7288,meghan winters,meghan winters,A5129068528,A5123619140,100
7289,meghan winters,meghan winters,A5129068528,A5123870654,100
7290,meghan winters,meghan winters,A5129068528,A5126515811,100
7291,yuyao wu,yuyao wu,A5022999059,A5030138926,100
7292,g gary wang,g gary wang,A5125446121,A5126537737,100
7293,alex wiesman,alex wiesman,A5126931502,A5128900695,100
7294,alex wiesman,alex wiesman,A5126931502,A5130129356,100
7295,alex wiesman,alex wiesman,A5128900695,A5130129356,100
7296,t work,t work,A5002764682,A5054175199,100
7297,bhairavi warke,bhairavi warke,A5020850904,A5038785402,100
7298,meghan winters,meghan winters,A5121492872,A5121514766,100
7299,meghan winters,meghan winters,A5121492872,A5123619140,100
7300,meghan winters,meghan winters,A5121492872,A5123870654,100
7301,meghan winters,meghan winters,A5121492872,A5126515811,100
7302,meghan winters,meghan winters,A5121514766,A5123619140,100
7303,meghan winters,meghan winters,A5121514766,A5123870654,100
7304,meghan winters,meghan winters,A5121514766,A5126515811,100
7305,meghan winters,meghan winters,A5123619140,A5123870654,100
7306,meghan winters,meghan winters,A5123619140,A5126515811,100
7307,meghan winters,meghan winters,A5123870654,A5126515811,100
7308,alex i wiesman,alex i wiesman,A5125660253,A5130800817,100
7309,cheng xu,cheng xu,A5100430968,A5071936861,100
7310,kai xu,kai xu,A5000248352,A5101925526,100
7311,kai xu,kai xu,A5000248352,A5101925525,100
7312,jing xu,jing xu,A5017604391,A5022600420,100
7313,jing xu,jing xu,A5017604391,A5101585118,100
7314,jing xu,jing xu,A5017604391,A5101585117,100
7315,jing xu,jing xu,A5017604391,A5110523006,100
7316,hui xie,hui xie,A5035823220,A5100692141,100
7317,hui xie,hui xie,A5035823220,A5003100413,100
7318,hui xie,hui xie,A5035823220,A5072986611,100
7319,hui xie,hui xie,A5035823220,A5103166023,100
7320,hui xie,hui xie,A5035823220,A5113220296,100
7321,hui xie,hui xie,A5035823220,A5125733235,100
7322,hui xie,hui xie,A5035823220,A5114149146,100
7323,hui xie,hui xie,A5035823220,A5036181139,100
7324,hui xie,hui xie,A5035823220,A5125389344,100
7325,hui xie,hui xie,A5035823220,A5129239026,100
7326,hui xie,hui xie,A5100692141,A5003100413,100
7327,hui xie,hui xie,A5100692141,A5072986611,100
7328,hui xie,hui xie,A5100692141,A5103166023,100
7329,hui xie,hui xie,A5100692141,A5113220296,100
7330,hui xie,hui xie,A5100692141,A5125733235,100
7331,hui xie,hui xie,A5100692141,A5114149146,100
7332,hui xie,hui xie,A5100692141,A5036181139,100
7333,hui xie,hui xie,A5100692141,A5125389344,100
7334,hui xie,hui xie,A5100692141,A5129239026,100
7335,wenli xu,wenli xu,A5100294547,A5110366202,100
7336,wenli xu,wenli xu,A5100294547,A5018448128,100
7337,yi xiong,yi xiong,A5014672057,A5077616446,100
7338,yi xiong,yi xiong,A5014672057,A5112003138,100
7339,yi xiong,yi xiong,A5014672057,A5034623596,100
7340,yi xiong,yi xiong,A5077616446,A5112003138,100
7341,yi xiong,yi xiong,A5077616446,A5034623596,100
7342,chi xu,chi xu,A5100771854,A5101498012,100
7343,hong xie,hong xie,A5100405598,A5100405601,100
7344,fei xue,fei xue,A5029425805,A5101598783,100
7345,min xu,min xu,A5100980116,A5100659688,100
7346,hui xie,hui xie,A5003100413,A5072986611,100
7347,hui xie,hui xie,A5003100413,A5103166023,100
7348,hui xie,hui xie,A5003100413,A5113220296,100
7349,hui xie,hui xie,A5003100413,A5125733235,100
7350,hui xie,hui xie,A5003100413,A5114149146,100
7351,hui xie,hui xie,A5003100413,A5036181139,100
7352,hui xie,hui xie,A5003100413,A5125389344,100
7353,hui xie,hui xie,A5003100413,A5129239026,100
7354,hui xie,hui xie,A5072986611,A5103166023,100
7355,hui xie,hui xie,A5072986611,A5113220296,100
7356,hui xie,hui xie,A5072986611,A5125733235,100
7357,hui xie,hui xie,A5072986611,A5114149146,100
7358,hui xie,hui xie,A5072986611,A5036181139,100
7359,hui xie,hui xie,A5072986611,A5125389344,100
7360,hui xie,hui xie,A5072986611,A5129239026,100
7361,song xue,song xue,A5043928475,A5101912404,100
7362,jing xu,jing xu,A5022600420,A5101585118,100
7363,jing xu,jing xu,A5022600420,A5101585117,100
7364,jing xu,jing xu,A5022600420,A5110523006,100
7365,fang xu,fang xu,A5101827751,A5115600579,100
7366,fang xu,fang xu,A5101827751,A5122749128,100
7367,kai xu,kai xu,A5101925526,A5101925525,100
7368,yi xiong,yi xiong,A5112003138,A5034623596,100
7369,fang xu,fang xu,A5115600579,A5122749128,100
7370,jing xu,jing xu,A5101585118,A5101585117,100
7371,jing xu,jing xu,A5101585118,A5110523006,100
7372,jia xu,jia xu,A5080664799,A5101921542,100
7373,jing xu,jing xu,A5101585117,A5110523006,100
7374,hui xie,hui xie,A5103166023,A5113220296,100
7375,hui xie,hui xie,A5103166023,A5125733235,100
7376,hui xie,hui xie,A5103166023,A5114149146,100
7377,hui xie,hui xie,A5103166023,A5036181139,100
7378,hui xie,hui xie,A5103166023,A5125389344,100
7379,hui xie,hui xie,A5103166023,A5129239026,100
7380,yabo xu,yabo xu,A5100294847,A5102127734,100
7381,hui xie,hui xie,A5113220296,A5125733235,100
7382,hui xie,hui xie,A5113220296,A5114149146,100
7383,hui xie,hui xie,A5113220296,A5036181139,100
7384,hui xie,hui xie,A5113220296,A5125389344,100
7385,hui xie,hui xie,A5113220296,A5129239026,100
7386,wenli xu,wenli xu,A5110366202,A5018448128,100
7387,hui xie,hui xie,A5125733235,A5114149146,100
7388,hui xie,hui xie,A5125733235,A5036181139,100
7389,hui xie,hui xie,A5125733235,A5125389344,100
7390,hui xie,hui xie,A5125733235,A5129239026,100
7391,hui xie,hui xie,A5114149146,A5036181139,100
7392,hui xie,hui xie,A5114149146,A5125389344,100
7393,hui xie,hui xie,A5114149146,A5129239026,100
7394,hui xie,hui xie,A5036181139,A5125389344,100
7395,hui xie,hui xie,A5036181139,A5129239026,100
7396,h xie,h xie,A5057652444,A5062109072,100
7397,h xie,h xie,A5057652444,A5083881932,100
7398,h xie,h xie,A5057652444,A5073379056,100
7399,h xie,h xie,A5062109072,A5083881932,100
7400,h xie,h xie,A5062109072,A5073379056,100
7401,h xie,h xie,A5083881932,A5073379056,100
7402,hui xie,hui xie,A5125389344,A5129239026,100
7403,jie yang,jie yang,A5115590906,A5050953909,100
7404,lan yang,lan yang,A5100661258,A5100661257,100
7405,ying yu,ying yu,A5110273945,A5109739423,100
7406,hua yang,hua yang,A5052179777,A5101984481,100
7407,hua yang,hua yang,A5052179777,A5078869065,100
7408,hua yang,hua yang,A5052179777,A5101755183,100
7409,hua yang,hua yang,A5052179777,A5076875770,100
7410,hua yang,hua yang,A5052179777,A5100932527,100
7411,ming yan,ming yan,A5089718306,A5101502057,100
7412,hua yang,hua yang,A5101984481,A5078869065,100
7413,hua yang,hua yang,A5101984481,A5101755183,100
7414,hua yang,hua yang,A5101984481,A5076875770,100
7415,hua yang,hua yang,A5101984481,A5100932527,100
7416,dongya yang,dongya yang,A5068449596,A5103421121,100
7417,hua‐zhong yu,hua‐zhong yu,A5028734301,A5126541139,100
7418,hua yang,hua yang,A5078869065,A5101755183,100
7419,hua yang,hua yang,A5078869065,A5076875770,100
7420,hua yang,hua yang,A5078869065,A5100932527,100
7421,yang yu,yang yu,A5100458530,A5102790541,100
7422,tao ye,tao ye,A5054683731,A5100419650,100
7423,yi yang,yi yang,A5100393489,A5028598698,100
7424,hua yang,hua yang,A5101755183,A5076875770,100
7425,hua yang,hua yang,A5101755183,A5100932527,100
7426,s yen,s yen,A5109888562,A5108085006,100
7427,hua yang,hua yang,A5076875770,A5100932527,100
7428,yichen yan,yichen yan,A5019810767,A5013869037,100
7429,stephen yu,stephen yu,A5102940414,A5113871281,100
7430,yue yuan,yue yuan,A5060267456,A5100611937,100
7431,h henny yeung,h henny yeung,A5073307042,A5128359156,100
7432,david yin,david yin,A5100922081,A5093389964,100
7433,runyu yang,runyu yang,A5101788931,A5128716628,100
7434,ruyu yan,ruyu yan,A5090764071,A5132875834,100
7435,amanda m yonkman,amanda m yonkman,A5092819060,A5019997773,100
7436,yifan yang,yifan yang,A5132658725,A5128982235,100
7437,ming yin,ming yin,A5101273683,A5099015167,100
7438,elif sezen yağmur-kilimci,elif sezen yağmur-kilimci,A5109017386,A5116101960,100
7439,vera yang,vera yang,A5037286751,A5064894884,100
7440,han zhang,han zhang,A5100399276,A5049775315,100
7441,yong zhang,yong zhang,A5100419770,A5039251328,100
7442,yong zhang,yong zhang,A5100419770,A5060725404,100
7443,yong zhang,yong zhang,A5100419770,A5100419820,100
7444,yong zhang,yong zhang,A5100419770,A5100343325,100
7445,yan zhang,yan zhang,A5100456168,A5114377992,100
7446,yan zhang,yan zhang,A5100456168,A5100456146,100
7447,yan zhang,yan zhang,A5100456168,A5100456248,100
7448,yan zhang,yan zhang,A5100456168,A5021927954,100
7449,xin zhang,xin zhang,A5110516399,A5100327582,100
7450,xin zhang,xin zhang,A5110516399,A5100333386,100
7451,xin zhang,xin zhang,A5110516399,A5100327385,100
7452,xin zhang,xin zhang,A5110516399,A5100327536,100
7453,xin zhang,xin zhang,A5110516399,A5010144610,100
7454,xin zhang,xin zhang,A5110516399,A5100327453,100
7455,xin zhang,xin zhang,A5110516399,A5100327597,100
7456,xin zhang,xin zhang,A5110516399,A5100327640,100
7457,xin zhang,xin zhang,A5110516399,A5101793326,100
7458,xin zhang,xin zhang,A5110516399,A5100327522,100
7459,xin zhang,xin zhang,A5110516399,A5100327392,100
7460,xin zhang,xin zhang,A5110516399,A5100638347,100
7461,xin zhang,xin zhang,A5110516399,A5100327532,100
7462,xin zhang,xin zhang,A5110516399,A5100327381,100
7463,xin zhang,xin zhang,A5110516399,A5100327349,100
7464,xin zhang,xin zhang,A5110516399,A5083531656,100
7465,xin zhang,xin zhang,A5110516399,A5100327377,100
7466,xin zhang,xin zhang,A5110516399,A5100327501,100
7467,xin zhang,xin zhang,A5110516399,A5100327566,100
7468,xin zhang,xin zhang,A5100327582,A5100333386,100
7469,xin zhang,xin zhang,A5100327582,A5100327385,100
7470,xin zhang,xin zhang,A5100327582,A5100327536,100
7471,xin zhang,xin zhang,A5100327582,A5010144610,100
7472,xin zhang,xin zhang,A5100327582,A5100327453,100
7473,xin zhang,xin zhang,A5100327582,A5100327597,100
7474,xin zhang,xin zhang,A5100327582,A5100327640,100
7475,xin zhang,xin zhang,A5100327582,A5101793326,100
7476,xin zhang,xin zhang,A5100327582,A5100327522,100
7477,xin zhang,xin zhang,A5100327582,A5100327392,100
7478,xin zhang,xin zhang,A5100327582,A5100638347,100
7479,xin zhang,xin zhang,A5100327582,A5100327532,100
7480,xin zhang,xin zhang,A5100327582,A5100327381,100
7481,xin zhang,xin zhang,A5100327582,A5100327349,100
7482,xin zhang,xin zhang,A5100327582,A5083531656,100
7483,xin zhang,xin zhang,A5100327582,A5100327377,100
7484,xin zhang,xin zhang,A5100327582,A5100327501,100
7485,xin zhang,xin zhang,A5100327582,A5100327566,100
7486,chi zhang,chi zhang,A5100458183,A5021072208,100
7487,chi zhang,chi zhang,A5100458183,A5111265785,100
7488,jian zhang,jian zhang,A5100409994,A5100409861,100
7489,jian zhang,jian zhang,A5100409994,A5025199994,100
7490,jian zhang,jian zhang,A5100409994,A5100705424,100
7491,jian zhang,jian zhang,A5100409994,A5100409963,100
7492,jian zhang,jian zhang,A5100409994,A5101569922,100
7493,jianping zhang,jianping zhang,A5100390077,A5100390069,100
7494,jianping zhang,jianping zhang,A5100390077,A5100390082,100
7495,fan zhang,fan zhang,A5100403535,A5100403456,100
7496,fan zhang,fan zhang,A5100403535,A5100403540,100
7497,fan zhang,fan zhang,A5100403535,A5040425541,100
7498,fan zhang,fan zhang,A5100403535,A5100403471,100
7499,fan zhang,fan zhang,A5100403535,A5100403446,100
7500,fan zhang,fan zhang,A5100403535,A5100403474,100
7501,fan zhang,fan zhang,A5100403535,A5102791222,100
7502,lin zhang,lin zhang,A5100351907,A5100351927,100
7503,lin zhang,lin zhang,A5100351907,A5128462979,100
7504,zhongyuan zhou,zhongyuan zhou,A5102894028,A5029932972,100
7505,yue zhang,yue zhang,A5100333689,A5100333747,100
7506,yue zhang,yue zhang,A5100333689,A5100333669,100
7507,jian zhang,jian zhang,A5100409861,A5025199994,100
7508,jian zhang,jian zhang,A5100409861,A5100705424,100
7509,jian zhang,jian zhang,A5100409861,A5100409963,100
7510,jian zhang,jian zhang,A5100409861,A5101569922,100
7511,yanyan zhang,yanyan zhang,A5100389108,A5100389093,100
7512,yanyan zhang,yanyan zhang,A5100389108,A5100783130,100
7513,ruonan zhang,ruonan zhang,A5100666490,A5100666487,100
7514,weimin zhu,weimin zhu,A5042267085,A5108453726,100
7515,xiaoli zhang,xiaoli zhang,A5100404549,A5100404559,100
7516,xiaoli zhang,xiaoli zhang,A5100404549,A5100404548,100
7517,yong zhang,yong zhang,A5039251328,A5060725404,100
7518,yong zhang,yong zhang,A5039251328,A5100419820,100
7519,yong zhang,yong zhang,A5039251328,A5100343325,100
7520,xin zhang,xin zhang,A5100333386,A5100327385,100
7521,xin zhang,xin zhang,A5100333386,A5100327536,100
7522,xin zhang,xin zhang,A5100333386,A5010144610,100
7523,xin zhang,xin zhang,A5100333386,A5100327453,100
7524,xin zhang,xin zhang,A5100333386,A5100327597,100
7525,xin zhang,xin zhang,A5100333386,A5100327640,100
7526,xin zhang,xin zhang,A5100333386,A5101793326,100
7527,xin zhang,xin zhang,A5100333386,A5100327522,100
7528,xin zhang,xin zhang,A5100333386,A5100327392,100
7529,xin zhang,xin zhang,A5100333386,A5100638347,100
7530,xin zhang,xin zhang,A5100333386,A5100327532,100
7531,xin zhang,xin zhang,A5100333386,A5100327381,100
7532,xin zhang,xin zhang,A5100333386,A5100327349,100
7533,xin zhang,xin zhang,A5100333386,A5083531656,100
7534,xin zhang,xin zhang,A5100333386,A5100327377,100
7535,xin zhang,xin zhang,A5100333386,A5100327501,100
7536,xin zhang,xin zhang,A5100333386,A5100327566,100
7537,nan zhang,nan zhang,A5100331317,A5037214616,100
7538,nan zhang,nan zhang,A5100331317,A5101651814,100
7539,nan zhang,nan zhang,A5100331317,A5100331253,100
7540,fan zhang,fan zhang,A5100403456,A5100403540,100
7541,fan zhang,fan zhang,A5100403456,A5040425541,100
7542,fan zhang,fan zhang,A5100403456,A5100403471,100
7543,fan zhang,fan zhang,A5100403456,A5100403446,100
7544,fan zhang,fan zhang,A5100403456,A5100403474,100
7545,fan zhang,fan zhang,A5100403456,A5102791222,100
7546,yiming zhang,yiming zhang,A5100395351,A5100395366,100
7547,lei zhang,lei zhang,A5100686609,A5076127071,100
7548,lei zhang,lei zhang,A5100686609,A5080798381,100
7549,lei zhang,lei zhang,A5100686609,A5101917726,100
7550,lei zhang,lei zhang,A5100686609,A5100433855,100
7551,lei zhang,lei zhang,A5100686609,A5015046685,100
7552,lei zhang,lei zhang,A5100686609,A5100433953,100
7553,lei zhang,lei zhang,A5100686609,A5037321359,100
7554,lei zhang,lei zhang,A5100686609,A5100433816,100
7555,lei zhang,lei zhang,A5100686609,A5100686608,100
7556,lei zhang,lei zhang,A5100686609,A5100603173,100
7557,lei zhang,lei zhang,A5100686609,A5100746462,100
7558,lei zhang,lei zhang,A5100686609,A5100744844,100
7559,jian zheng,jian zheng,A5024485550,A5075102480,100
7560,jian zheng,jian zheng,A5024485550,A5101912665,100
7561,xin zhang,xin zhang,A5100327385,A5100327536,100
7562,xin zhang,xin zhang,A5100327385,A5010144610,100
7563,xin zhang,xin zhang,A5100327385,A5100327453,100
7564,xin zhang,xin zhang,A5100327385,A5100327597,100
7565,xin zhang,xin zhang,A5100327385,A5100327640,100
7566,xin zhang,xin zhang,A5100327385,A5101793326,100
7567,xin zhang,xin zhang,A5100327385,A5100327522,100
7568,xin zhang,xin zhang,A5100327385,A5100327392,100
7569,xin zhang,xin zhang,A5100327385,A5100638347,100
7570,xin zhang,xin zhang,A5100327385,A5100327532,100
7571,xin zhang,xin zhang,A5100327385,A5100327381,100
7572,xin zhang,xin zhang,A5100327385,A5100327349,100
7573,xin zhang,xin zhang,A5100327385,A5083531656,100
7574,xin zhang,xin zhang,A5100327385,A5100327377,100
7575,xin zhang,xin zhang,A5100327385,A5100327501,100
7576,xin zhang,xin zhang,A5100327385,A5100327566,100
7577,yong zhang,yong zhang,A5060725404,A5100419820,100
7578,yong zhang,yong zhang,A5060725404,A5100343325,100
7579,lin zhang,lin zhang,A5100351927,A5128462979,100
7580,yan zhang,yan zhang,A5114377992,A5100456146,100
7581,yan zhang,yan zhang,A5114377992,A5100456248,100
7582,yan zhang,yan zhang,A5114377992,A5021927954,100
7583,jianping zhang,jianping zhang,A5100390069,A5100390082,100
7584,xiao zhang,xiao zhang,A5100320842,A5090358577,100
7585,xiao zhang,xiao zhang,A5100320842,A5100696226,100
7586,xiao zhang,xiao zhang,A5100320842,A5026121963,100
7587,xiao zhang,xiao zhang,A5100320842,A5101576225,100
7588,lei zhang,lei zhang,A5076127071,A5080798381,100
7589,lei zhang,lei zhang,A5076127071,A5101917726,100
7590,lei zhang,lei zhang,A5076127071,A5100433855,100
7591,lei zhang,lei zhang,A5076127071,A5015046685,100
7592,lei zhang,lei zhang,A5076127071,A5100433953,100
7593,lei zhang,lei zhang,A5076127071,A5037321359,100
7594,lei zhang,lei zhang,A5076127071,A5100433816,100
7595,lei zhang,lei zhang,A5076127071,A5100686608,100
7596,lei zhang,lei zhang,A5076127071,A5100603173,100
7597,lei zhang,lei zhang,A5076127071,A5100746462,100
7598,lei zhang,lei zhang,A5076127071,A5100744844,100
7599,rui zhang,rui zhang,A5100422186,A5100422037,100
7600,rui zhang,rui zhang,A5100422186,A5130009256,100
7601,yuru zhang,yuru zhang,A5101471324,A5101471322,100
7602,xin zhang,xin zhang,A5100327536,A5010144610,100
7603,xin zhang,xin zhang,A5100327536,A5100327453,100
7604,xin zhang,xin zhang,A5100327536,A5100327597,100
7605,xin zhang,xin zhang,A5100327536,A5100327640,100
7606,xin zhang,xin zhang,A5100327536,A5101793326,100
7607,xin zhang,xin zhang,A5100327536,A5100327522,100
7608,xin zhang,xin zhang,A5100327536,A5100327392,100
7609,xin zhang,xin zhang,A5100327536,A5100638347,100
7610,xin zhang,xin zhang,A5100327536,A5100327532,100
7611,xin zhang,xin zhang,A5100327536,A5100327381,100
7612,xin zhang,xin zhang,A5100327536,A5100327349,100
7613,xin zhang,xin zhang,A5100327536,A5083531656,100
7614,xin zhang,xin zhang,A5100327536,A5100327377,100
7615,xin zhang,xin zhang,A5100327536,A5100327501,100
7616,xin zhang,xin zhang,A5100327536,A5100327566,100
7617,xuebin zhang,xuebin zhang,A5100387443,A5000853328,100
7618,xuebin zhang,xuebin zhang,A5100387443,A5100387444,100
7619,xuebin zhang,xuebin zhang,A5100387443,A5128921790,100
7620,xuebin zhang,xuebin zhang,A5100387443,A5130019321,100
7621,xuebin zhang,xuebin zhang,A5100387443,A5130375068,100
7622,bin zhou,bin zhou,A5083108695,A5101967424,100
7623,bin zhou,bin zhou,A5083108695,A5101967425,100
7624,yuan zhao,yuan zhao,A5076476694,A5075689961,100
7625,haiyang zhang,haiyang zhang,A5100325587,A5063889804,100
7626,zhong zhang,zhong zhang,A5100350965,A5102012571,100
7627,hui zhang,hui zhang,A5079659417,A5108035744,100
7628,hui zhang,hui zhang,A5079659417,A5100626319,100
7629,hui zhang,hui zhang,A5079659417,A5032389222,100
7630,hui zhang,hui zhang,A5079659417,A5100323565,100
7631,hui zhang,hui zhang,A5079659417,A5100323406,100
7632,hui zhang,hui zhang,A5079659417,A5100323447,100
7633,lei zhang,lei zhang,A5080798381,A5101917726,100
7634,lei zhang,lei zhang,A5080798381,A5100433855,100
7635,lei zhang,lei zhang,A5080798381,A5015046685,100
7636,lei zhang,lei zhang,A5080798381,A5100433953,100
7637,lei zhang,lei zhang,A5080798381,A5037321359,100
7638,lei zhang,lei zhang,A5080798381,A5100433816,100
7639,lei zhang,lei zhang,A5080798381,A5100686608,100
7640,lei zhang,lei zhang,A5080798381,A5100603173,100
7641,lei zhang,lei zhang,A5080798381,A5100746462,100
7642,lei zhang,lei zhang,A5080798381,A5100744844,100
7643,cong zhang,cong zhang,A5100438374,A5100438397,100
7644,cong zhang,cong zhang,A5100438374,A5035057047,100
7645,cong zhang,cong zhang,A5100438374,A5100438366,100
7646,cong zhang,cong zhang,A5100438374,A5100438364,100
7647,cong zhang,cong zhang,A5100438374,A5101865604,100
7648,cong zhang,cong zhang,A5100438374,A5109402954,100
7649,hui zhang,hui zhang,A5108035744,A5100626319,100
7650,hui zhang,hui zhang,A5108035744,A5032389222,100
7651,hui zhang,hui zhang,A5108035744,A5100323565,100
7652,hui zhang,hui zhang,A5108035744,A5100323406,100
7653,hui zhang,hui zhang,A5108035744,A5100323447,100
7654,lei zhang,lei zhang,A5101917726,A5100433855,100
7655,lei zhang,lei zhang,A5101917726,A5015046685,100
7656,lei zhang,lei zhang,A5101917726,A5100433953,100
7657,lei zhang,lei zhang,A5101917726,A5037321359,100
7658,lei zhang,lei zhang,A5101917726,A5100433816,100
7659,lei zhang,lei zhang,A5101917726,A5100686608,100
7660,lei zhang,lei zhang,A5101917726,A5100603173,100
7661,lei zhang,lei zhang,A5101917726,A5100746462,100
7662,lei zhang,lei zhang,A5101917726,A5100744844,100
7663,cheng zhang,cheng zhang,A5107171363,A5100439636,100
7664,cheng zhang,cheng zhang,A5107171363,A5089935376,100
7665,cheng zhang,cheng zhang,A5107171363,A5100439644,100
7666,hui zhang,hui zhang,A5100626319,A5032389222,100
7667,hui zhang,hui zhang,A5100626319,A5100323565,100
7668,hui zhang,hui zhang,A5100626319,A5100323406,100
7669,hui zhang,hui zhang,A5100626319,A5100323447,100
7670,xin zhang,xin zhang,A5010144610,A5100327453,100
7671,xin zhang,xin zhang,A5010144610,A5100327597,100
7672,xin zhang,xin zhang,A5010144610,A5100327640,100
7673,xin zhang,xin zhang,A5010144610,A5101793326,100
7674,xin zhang,xin zhang,A5010144610,A5100327522,100
7675,xin zhang,xin zhang,A5010144610,A5100327392,100
7676,xin zhang,xin zhang,A5010144610,A5100638347,100
7677,xin zhang,xin zhang,A5010144610,A5100327532,100
7678,xin zhang,xin zhang,A5010144610,A5100327381,100
7679,xin zhang,xin zhang,A5010144610,A5100327349,100
7680,xin zhang,xin zhang,A5010144610,A5083531656,100
7681,xin zhang,xin zhang,A5010144610,A5100327377,100
7682,xin zhang,xin zhang,A5010144610,A5100327501,100
7683,xin zhang,xin zhang,A5010144610,A5100327566,100
7684,yi zheng,yi zheng,A5045828051,A5014774312,100
7685,hang zhou,hang zhou,A5100707855,A5025286392,100
7686,hang zhou,hang zhou,A5100707855,A5101492133,100
7687,hang zhou,hang zhou,A5100707855,A5100706080,100
7688,jian zhang,jian zhang,A5025199994,A5100705424,100
7689,jian zhang,jian zhang,A5025199994,A5100409963,100
7690,jian zhang,jian zhang,A5025199994,A5101569922,100
7691,zhe george zhang,zhe george zhang,A5055904501,A5125500949,100
7692,nan zhang,nan zhang,A5037214616,A5101651814,100
7693,nan zhang,nan zhang,A5037214616,A5100331253,100
7694,xuebin zhang,xuebin zhang,A5000853328,A5100387444,100
7695,xuebin zhang,xuebin zhang,A5000853328,A5128921790,100
7696,xuebin zhang,xuebin zhang,A5000853328,A5130019321,100
7697,xuebin zhang,xuebin zhang,A5000853328,A5130375068,100
7698,yinan zhang,yinan zhang,A5100426662,A5100426661,100
7699,yinan zhang,yinan zhang,A5100426662,A5034227938,100
7700,qingxin zhang,qingxin zhang,A5101639283,A5101639281,100
7701,lingling zhang,lingling zhang,A5100384142,A5100384145,100
7702,lei zhang,lei zhang,A5100433855,A5015046685,100
7703,lei zhang,lei zhang,A5100433855,A5100433953,100
7704,lei zhang,lei zhang,A5100433855,A5037321359,100
7705,lei zhang,lei zhang,A5100433855,A5100433816,100
7706,lei zhang,lei zhang,A5100433855,A5100686608,100
7707,lei zhang,lei zhang,A5100433855,A5100603173,100
7708,lei zhang,lei zhang,A5100433855,A5100746462,100
7709,lei zhang,lei zhang,A5100433855,A5100744844,100
7710,nan zhang,nan zhang,A5101651814,A5100331253,100
7711,xin zhang,xin zhang,A5100327453,A5100327597,100
7712,xin zhang,xin zhang,A5100327453,A5100327640,100
7713,xin zhang,xin zhang,A5100327453,A5101793326,100
7714,xin zhang,xin zhang,A5100327453,A5100327522,100
7715,xin zhang,xin zhang,A5100327453,A5100327392,100
7716,xin zhang,xin zhang,A5100327453,A5100638347,100
7717,xin zhang,xin zhang,A5100327453,A5100327532,100
7718,xin zhang,xin zhang,A5100327453,A5100327381,100
7719,xin zhang,xin zhang,A5100327453,A5100327349,100
7720,xin zhang,xin zhang,A5100327453,A5083531656,100
7721,xin zhang,xin zhang,A5100327453,A5100327377,100
7722,xin zhang,xin zhang,A5100327453,A5100327501,100
7723,xin zhang,xin zhang,A5100327453,A5100327566,100
7724,yao zheng,yao zheng,A5023473154,A5005579076,100
7725,ying zeng,ying zeng,A5085190039,A5044392969,100
7726,xiaoning zhang,xiaoning zhang,A5100423526,A5100423537,100
7727,xiaoning zhang,xiaoning zhang,A5100423526,A5100423520,100
7728,fan zhang,fan zhang,A5100403540,A5040425541,100
7729,fan zhang,fan zhang,A5100403540,A5100403471,100
7730,fan zhang,fan zhang,A5100403540,A5100403446,100
7731,fan zhang,fan zhang,A5100403540,A5100403474,100
7732,fan zhang,fan zhang,A5100403540,A5102791222,100
7733,xin zhang,xin zhang,A5100327597,A5100327640,100
7734,xin zhang,xin zhang,A5100327597,A5101793326,100
7735,xin zhang,xin zhang,A5100327597,A5100327522,100
7736,xin zhang,xin zhang,A5100327597,A5100327392,100
7737,xin zhang,xin zhang,A5100327597,A5100638347,100
7738,xin zhang,xin zhang,A5100327597,A5100327532,100
7739,xin zhang,xin zhang,A5100327597,A5100327381,100
7740,xin zhang,xin zhang,A5100327597,A5100327349,100
7741,xin zhang,xin zhang,A5100327597,A5083531656,100
7742,xin zhang,xin zhang,A5100327597,A5100327377,100
7743,xin zhang,xin zhang,A5100327597,A5100327501,100
7744,xin zhang,xin zhang,A5100327597,A5100327566,100
7745,xiaoning zhang,xiaoning zhang,A5100423537,A5100423520,100
7746,lei zhang,lei zhang,A5015046685,A5100433953,100
7747,lei zhang,lei zhang,A5015046685,A5037321359,100
7748,lei zhang,lei zhang,A5015046685,A5100433816,100
7749,lei zhang,lei zhang,A5015046685,A5100686608,100
7750,lei zhang,lei zhang,A5015046685,A5100603173,100
7751,lei zhang,lei zhang,A5015046685,A5100746462,100
7752,lei zhang,lei zhang,A5015046685,A5100744844,100
7753,hui zhang,hui zhang,A5032389222,A5100323565,100
7754,hui zhang,hui zhang,A5032389222,A5100323406,100
7755,hui zhang,hui zhang,A5032389222,A5100323447,100
7756,xiao zhang,xiao zhang,A5090358577,A5100696226,100
7757,xiao zhang,xiao zhang,A5090358577,A5026121963,100
7758,xiao zhang,xiao zhang,A5090358577,A5101576225,100
7759,xin zhang,xin zhang,A5100327640,A5101793326,100
7760,xin zhang,xin zhang,A5100327640,A5100327522,100
7761,xin zhang,xin zhang,A5100327640,A5100327392,100
7762,xin zhang,xin zhang,A5100327640,A5100638347,100
7763,xin zhang,xin zhang,A5100327640,A5100327532,100
7764,xin zhang,xin zhang,A5100327640,A5100327381,100
7765,xin zhang,xin zhang,A5100327640,A5100327349,100
7766,xin zhang,xin zhang,A5100327640,A5083531656,100
7767,xin zhang,xin zhang,A5100327640,A5100327377,100
7768,xin zhang,xin zhang,A5100327640,A5100327501,100
7769,xin zhang,xin zhang,A5100327640,A5100327566,100
7770,cong zhang,cong zhang,A5100438397,A5035057047,100
7771,cong zhang,cong zhang,A5100438397,A5100438366,100
7772,cong zhang,cong zhang,A5100438397,A5100438364,100
7773,cong zhang,cong zhang,A5100438397,A5101865604,100
7774,cong zhang,cong zhang,A5100438397,A5109402954,100
7775,mi zhou,mi zhou,A5002551510,A5034963554,100
7776,wen zhou,wen zhou,A5002796065,A5112896510,100
7777,wen zhou,wen zhou,A5002796065,A5114500386,100
7778,wen zhou,wen zhou,A5002796065,A5133103882,100
7779,peng zhang,peng zhang,A5100364188,A5100364110,100
7780,peng zhang,peng zhang,A5100364188,A5100364081,100
7781,peng zhang,peng zhang,A5100364188,A5101104586,100
7782,chenyi zhang,chenyi zhang,A5054109702,A5101768613,100
7783,chenyi zhang,chenyi zhang,A5054109702,A5114832502,100
7784,xin zhang,xin zhang,A5101793326,A5100327522,100
7785,xin zhang,xin zhang,A5101793326,A5100327392,100
7786,xin zhang,xin zhang,A5101793326,A5100638347,100
7787,xin zhang,xin zhang,A5101793326,A5100327532,100
7788,xin zhang,xin zhang,A5101793326,A5100327381,100
7789,xin zhang,xin zhang,A5101793326,A5100327349,100
7790,xin zhang,xin zhang,A5101793326,A5083531656,100
7791,xin zhang,xin zhang,A5101793326,A5100327377,100
7792,xin zhang,xin zhang,A5101793326,A5100327501,100
7793,xin zhang,xin zhang,A5101793326,A5100327566,100
7794,hui zhang,hui zhang,A5100323565,A5100323406,100
7795,hui zhang,hui zhang,A5100323565,A5100323447,100
7796,wen zhou,wen zhou,A5112896510,A5114500386,100
7797,wen zhou,wen zhou,A5112896510,A5133103882,100
7798,rui zhang,rui zhang,A5100422037,A5130009256,100
7799,chi zhang,chi zhang,A5021072208,A5111265785,100
7800,xiao zhang,xiao zhang,A5100696226,A5026121963,100
7801,xiao zhang,xiao zhang,A5100696226,A5101576225,100
7802,xin zhang,xin zhang,A5100327522,A5100327392,100
7803,xin zhang,xin zhang,A5100327522,A5100638347,100
7804,xin zhang,xin zhang,A5100327522,A5100327532,100
7805,xin zhang,xin zhang,A5100327522,A5100327381,100
7806,xin zhang,xin zhang,A5100327522,A5100327349,100
7807,xin zhang,xin zhang,A5100327522,A5083531656,100
7808,xin zhang,xin zhang,A5100327522,A5100327377,100
7809,xin zhang,xin zhang,A5100327522,A5100327501,100
7810,xin zhang,xin zhang,A5100327522,A5100327566,100
7811,hang zhou,hang zhou,A5025286392,A5101492133,100
7812,hang zhou,hang zhou,A5025286392,A5100706080,100
7813,chenyang zhu,chenyang zhu,A5042268563,A5114859293,100
7814,hui zhang,hui zhang,A5100323406,A5100323447,100
7815,xin zhang,xin zhang,A5100327392,A5100638347,100
7816,xin zhang,xin zhang,A5100327392,A5100327532,100
7817,xin zhang,xin zhang,A5100327392,A5100327381,100
7818,xin zhang,xin zhang,A5100327392,A5100327349,100
7819,xin zhang,xin zhang,A5100327392,A5083531656,100
7820,xin zhang,xin zhang,A5100327392,A5100327377,100
7821,xin zhang,xin zhang,A5100327392,A5100327501,100
7822,xin zhang,xin zhang,A5100327392,A5100327566,100
7823,xiaoli zhang,xiaoli zhang,A5100404559,A5100404548,100
7824,yong zhang,yong zhang,A5100419820,A5100343325,100
7825,yanyan zhang,yanyan zhang,A5100389093,A5100783130,100
7826,fan zhang,fan zhang,A5040425541,A5100403471,100
7827,fan zhang,fan zhang,A5040425541,A5100403446,100
7828,fan zhang,fan zhang,A5040425541,A5100403474,100
7829,fan zhang,fan zhang,A5040425541,A5102791222,100
7830,xin zhang,xin zhang,A5100638347,A5100327532,100
7831,xin zhang,xin zhang,A5100638347,A5100327381,100
7832,xin zhang,xin zhang,A5100638347,A5100327349,100
7833,xin zhang,xin zhang,A5100638347,A5083531656,100
7834,xin zhang,xin zhang,A5100638347,A5100327377,100
7835,xin zhang,xin zhang,A5100638347,A5100327501,100
7836,xin zhang,xin zhang,A5100638347,A5100327566,100
7837,jian zheng,jian zheng,A5075102480,A5101912665,100
7838,cheng zhang,cheng zhang,A5100439636,A5089935376,100
7839,cheng zhang,cheng zhang,A5100439636,A5100439644,100
7840,yan zhang,yan zhang,A5100456146,A5100456248,100
7841,yan zhang,yan zhang,A5100456146,A5021927954,100
7842,xin zhang,xin zhang,A5100327532,A5100327381,100
7843,xin zhang,xin zhang,A5100327532,A5100327349,100
7844,xin zhang,xin zhang,A5100327532,A5083531656,100
7845,xin zhang,xin zhang,A5100327532,A5100327377,100
7846,xin zhang,xin zhang,A5100327532,A5100327501,100
7847,xin zhang,xin zhang,A5100327532,A5100327566,100
7848,xiao zhang,xiao zhang,A5026121963,A5101576225,100
7849,yan zhang,yan zhang,A5100456248,A5021927954,100
7850,meijie zhang,meijie zhang,A5043585238,A5101695998,100
7851,tiehua zhang,tiehua zhang,A5101633338,A5101633339,100
7852,xin zhang,xin zhang,A5100327381,A5100327349,100
7853,xin zhang,xin zhang,A5100327381,A5083531656,100
7854,xin zhang,xin zhang,A5100327381,A5100327377,100
7855,xin zhang,xin zhang,A5100327381,A5100327501,100
7856,xin zhang,xin zhang,A5100327381,A5100327566,100
7857,fan zhang,fan zhang,A5100403471,A5100403446,100
7858,fan zhang,fan zhang,A5100403471,A5100403474,100
7859,fan zhang,fan zhang,A5100403471,A5102791222,100
7860,xin zhang,xin zhang,A5100327349,A5083531656,100
7861,xin zhang,xin zhang,A5100327349,A5100327377,100
7862,xin zhang,xin zhang,A5100327349,A5100327501,100
7863,xin zhang,xin zhang,A5100327349,A5100327566,100
7864,jiarui zhang,jiarui zhang,A5100363733,A5100363737,100
7865,fan zhang,fan zhang,A5100403446,A5100403474,100
7866,fan zhang,fan zhang,A5100403446,A5102791222,100
7867,cong zhang,cong zhang,A5035057047,A5100438366,100
7868,cong zhang,cong zhang,A5035057047,A5100438364,100
7869,cong zhang,cong zhang,A5035057047,A5101865604,100
7870,cong zhang,cong zhang,A5035057047,A5109402954,100
7871,mingming zhou,mingming zhou,A5007469196,A5102752219,100
7872,xin zhang,xin zhang,A5083531656,A5100327377,100
7873,xin zhang,xin zhang,A5083531656,A5100327501,100
7874,xin zhang,xin zhang,A5083531656,A5100327566,100
7875,lei zhang,lei zhang,A5100433953,A5037321359,100
7876,lei zhang,lei zhang,A5100433953,A5100433816,100
7877,lei zhang,lei zhang,A5100433953,A5100686608,100
7878,lei zhang,lei zhang,A5100433953,A5100603173,100
7879,lei zhang,lei zhang,A5100433953,A5100746462,100
7880,lei zhang,lei zhang,A5100433953,A5100744844,100
7881,dong zhang,dong zhang,A5100366117,A5100366134,100
7882,jian zhang,jian zhang,A5100705424,A5100409963,100
7883,jian zhang,jian zhang,A5100705424,A5101569922,100
7884,lei zhang,lei zhang,A5037321359,A5100433816,100
7885,lei zhang,lei zhang,A5037321359,A5100686608,100
7886,lei zhang,lei zhang,A5037321359,A5100603173,100
7887,lei zhang,lei zhang,A5037321359,A5100746462,100
7888,lei zhang,lei zhang,A5037321359,A5100744844,100
7889,cong zhang,cong zhang,A5100438366,A5100438364,100
7890,cong zhang,cong zhang,A5100438366,A5101865604,100
7891,cong zhang,cong zhang,A5100438366,A5109402954,100
7892,zhitian zhang,zhitian zhang,A5073491534,A5111217709,100
7893,xin zhang,xin zhang,A5100327377,A5100327501,100
7894,xin zhang,xin zhang,A5100327377,A5100327566,100
7895,miao zhang,miao zhang,A5100376451,A5092460727,100
7896,miao zhang,miao zhang,A5100376451,A5128668802,100
7897,l zhang,l zhang,A5003824887,A5054125031,100
7898,jian zhang,jian zhang,A5100409963,A5101569922,100
7899,yuting zhao,yuting zhao,A5100683926,A5100683923,100
7900,yue zhang,yue zhang,A5100333747,A5100333669,100
7901,yanping zhu,yanping zhu,A5102789450,A5108270784,100
7902,pengpeng zhang,pengpeng zhang,A5115594829,A5121470057,100
7903,cheng zhang,cheng zhang,A5089935376,A5100439644,100
7904,xin zhang,xin zhang,A5100327501,A5100327566,100
7905,lei zhang,lei zhang,A5100433816,A5100686608,100
7906,lei zhang,lei zhang,A5100433816,A5100603173,100
7907,lei zhang,lei zhang,A5100433816,A5100746462,100
7908,lei zhang,lei zhang,A5100433816,A5100744844,100
7909,lei zhang,lei zhang,A5100686608,A5100603173,100
7910,lei zhang,lei zhang,A5100686608,A5100746462,100
7911,lei zhang,lei zhang,A5100686608,A5100744844,100
7912,hang zhou,hang zhou,A5101492133,A5100706080,100
7913,lei zhang,lei zhang,A5100603173,A5100746462,100
7914,lei zhang,lei zhang,A5100603173,A5100744844,100
7915,cong zhang,cong zhang,A5100438364,A5101865604,100
7916,cong zhang,cong zhang,A5100438364,A5109402954,100
7917,wen zhou,wen zhou,A5114500386,A5133103882,100
7918,chenyi zhang,chenyi zhang,A5101768613,A5114832502,100
7919,bin zhou,bin zhou,A5101967424,A5101967425,100
7920,fan zhang,fan zhang,A5100403474,A5102791222,100
7921,yushu zhu,yushu zhu,A5017061047,A5121672564,100
7922,yinan zhang,yinan zhang,A5100426661,A5034227938,100
7923,peng zhang,peng zhang,A5100364110,A5100364081,100
7924,peng zhang,peng zhang,A5100364110,A5101104586,100
7925,george zhang,george zhang,A5100611353,A5100611350,100
7926,yuxuan zhang,yuxuan zhang,A5100319892,A5022899819,100
7927,xuebin zhang,xuebin zhang,A5100387444,A5128921790,100
7928,xuebin zhang,xuebin zhang,A5100387444,A5130019321,100
7929,xuebin zhang,xuebin zhang,A5100387444,A5130375068,100
7930,peng zhang,peng zhang,A5100364081,A5101104586,100
7931,haoyuan zhao,haoyuan zhao,A5114832292,A5123965698,100
7932,weiling zheng,weiling zheng,A5100534061,A5019491488,100
7933,lei zhang,lei zhang,A5100746462,A5100744844,100
7934,cong zhang,cong zhang,A5101865604,A5109402954,100
7935,carson o zellmann-parrotta,carson o zellmann-parrotta,A5022846536,A5124178435,100
7936,k zhao,k zhao,A5039171044,A5003392544,100
7937,miao zhang,miao zhang,A5092460727,A5128668802,100
7938,xuebin zhang,xuebin zhang,A5128921790,A5130019321,100
7939,xuebin zhang,xuebin zhang,A5128921790,A5130375068,100
7940,xuebin zhang,xuebin zhang,A5130019321,A5130375068,100
7941,ö o öncel,ö o öncel,A5105511905,A5107939245,100
7942,ö o öncel,ö o öncel,A5105511905,A5107398295,100
7943,ö o öncel,ö o öncel,A5105511905,A5107932423,100
7944,ö o öncel,ö o öncel,A5105511905,A5111090929,100
7945,ö o öncel,ö o öncel,A5105511905,A5110688717,100
7946,ö o öncel,ö o öncel,A5105511905,A5107924449,100
7947,ö o öncel,ö o öncel,A5107939245,A5107398295,100
7948,ö o öncel,ö o öncel,A5107939245,A5107932423,100
7949,ö o öncel,ö o öncel,A5107939245,A5111090929,100
7950,ö o öncel,ö o öncel,A5107939245,A5110688717,100
7951,ö o öncel,ö o öncel,A5107939245,A5107924449,100
7952,ö o öncel,ö o öncel,A5107398295,A5107932423,100
7953,ö o öncel,ö o öncel,A5107398295,A5111090929,100
7954,ö o öncel,ö o öncel,A5107398295,A5110688717,100
7955,ö o öncel,ö o öncel,A5107398295,A5107924449,100
7956,ö o öncel,ö o öncel,A5107932423,A5111090929,100
7957,ö o öncel,ö o öncel,A5107932423,A5110688717,100
7958,ö o öncel,ö o öncel,A5107932423,A5107924449,100
7959,h u özdemir,h u özdemir,A5079892838,A5059381508,100
7960,ö o öncel,ö o öncel,A5111090929,A5110688717,100
7961,ö o öncel,ö o öncel,A5111090929,A5107924449,100
7962,ö o öncel,ö o öncel,A5110688717,A5107924449,100
7963,s cenk şahinalp,s cenk şahinalp,A5102972238,A5042282214,100
7964,petr škoda,petr škoda,A5031369136,A5051837585,100
