Name,Scholarly Output,Most recent publication,Citations,Citations per Publication,Field-Weighted Citation Impact,h-index,Scopus author ID,Scopus author profile,Primary author affiliation*,last_name,last_init,first_names,name_raw,potential_matches,fi_ln
"van Nieuwkoop, J.",559,2023,42827,76.6,4.57,108,55573054900,https://www.scopus.com/authid/detail.url?authorId=55573054900,Simon Fraser University,van nieuwkoop,v,j,j van nieuwkoop,[],j van nieuwkoop
"O'Neil, Dugan C.",473,2023,34795,73.6,4.37,125,35227745700,https://www.scopus.com/authid/detail.url?authorId=35227745700,Simon Fraser University,oneil,o,dugan c,dugan c oneil,[],d oneil
"Dreyer, Etienne",359,2025,18835,52.5,3.32,75,57189975589,https://www.scopus.com/authid/detail.url?authorId=57189975589,Weizmann Institute of Science,dreyer,d,etienne,etienne dreyer,[],e dreyer
"Liu, Jiangchuan Chuan",301,2025,7109,23.6,2.56,65,8969748600,https://www.scopus.com/authid/detail.url?authorId=8969748600,Simon Fraser University,liu,l,jiangchuan chuan,jiangchuan chuan liu,[],j liu
"Llorente Merino, J.",190,2025,1993,10.5,2.04,20,58100818300,https://www.scopus.com/authid/detail.url?authorId=58100818300,Simon Fraser University,llorente merino,l,j,j llorente merino,[],j llorente merino
"Llorente.merino, J.",150,2023,6517,43.4,3.12,125,44461638200,https://www.scopus.com/authid/detail.url?authorId=44461638200,Simon Fraser University,llorentemerino,l,j,j llorentemerino,[],j llorentemerino
"Clague, John Joseph",150,2025,4919,32.8,2.61,57,7102359243,https://www.scopus.com/authid/detail.url?authorId=7102359243,Simon Fraser University,clague,c,john joseph,john joseph clague,[],j clague
"Dias do Vale, T. D.",145,2025,1536,10.6,2.09,66,57201730337,https://www.scopus.com/authid/detail.url?authorId=57201730337,Simon Fraser University,dias do vale,d,t d,t d dias do vale,[],t dias do vale
"Bahrami, Majid M.",141,2025,2748,19.5,0.96,46,35499001600,https://www.scopus.com/authid/detail.url?authorId=35499001600,Simon Fraser University,bahrami,b,majid m,majid m bahrami,[],m bahrami
"Pitt, Leyland F.",141,2025,3224,22.9,1.94,50,7005227018,https://www.scopus.com/authid/detail.url?authorId=7005227018,Simon Fraser University,pitt,p,leyland f,leyland f pitt,[],l pitt
"Sarunic, Marinko V.",127,2024,3024,23.8,1.44,43,6508176087,https://www.scopus.com/authid/detail.url?authorId=6508176087,University College London,sarunic,s,marinko v,marinko v sarunic,[],m sarunic
"Liang, Jie",97,2025,1256,12.9,1.15,25,24802395600,https://www.scopus.com/authid/detail.url?authorId=24802395600,Simon Fraser University,liang,l,jie,jie liang,[],j liang
"Andresen, Martin A.",95,2025,2302,24.2,1.81,38,57221766547,https://www.scopus.com/authid/detail.url?authorId=57221766547,Simon Fraser University,andresen,a,martin a,martin a andresen,[],m andresen
"Wister, Andrew Victor",82,2025,1729,21.1,1.55,30,6701495089,https://www.scopus.com/authid/detail.url?authorId=6701495089,Simon Fraser University,wister,w,andrew victor,andrew victor wister,[],a wister
"Pasquier, Philippe",81,2025,960,11.9,1.48,23,8850202000,https://www.scopus.com/authid/detail.url?authorId=8850202000,Simon Fraser University,pasquier,p,philippe,philippe pasquier,[],p pasquier
"Card, Kiffer George",78,2025,778,10.0,1.09,20,57188649371,https://www.scopus.com/authid/detail.url?authorId=57188649371,Simon Fraser University,card,c,kiffer george,kiffer george card,[],k card
"Zhang, Hao Richard",76,2023,5888,77.5,3.51,55,55685656900,https://www.scopus.com/authid/detail.url?authorId=55685656900,Simon Fraser University,zhang,z,hao richard,hao richard zhang,[],h zhang
"Yu, Huazhong Hogan",75,2023,1704,22.7,0.89,45,7405855808,https://www.scopus.com/authid/detail.url?authorId=7405855808,Simon Fraser University,yu,y,huazhong hogan,huazhong hogan yu,[],h yu
"Claydon, Victoria Elizabeth",73,2025,1210,16.6,0.92,30,6506256529,https://www.scopus.com/authid/detail.url?authorId=6506256529,Simon Fraser University,claydon,c,victoria elizabeth,victoria elizabeth claydon,[],v claydon
"Reynolds, John D.",71,2024,1392,19.6,1.14,53,7403603566,https://www.scopus.com/authid/detail.url?authorId=7403603566,Simon Fraser University,reynolds,r,john d,john d reynolds,[],j reynolds
"Al-Rawi, Ahmed Khalid",68,2025,551,8.1,1.19,20,55683085700,https://www.scopus.com/authid/detail.url?authorId=55683085700,Simon Fraser University,al-rawi,a,ahmed khalid,ahmed khalid al-rawi,[],a al-rawi
"Trajkovic, Ljiljana",66,2025,809,12.3,1.41,25,55934627000,https://www.scopus.com/authid/detail.url?authorId=55934627000,Simon Fraser University,trajkovic,t,ljiljana,ljiljana trajkovic,[],l trajkovic
"Corrado, Raymond R.",59,2024,911,15.4,1.38,23,6603693045,https://www.scopus.com/authid/detail.url?authorId=6603693045,Simon Fraser University,corrado,c,raymond r,raymond r corrado,[],r corrado
"Goldsmith, Charles Harry",58,2024,1623,28.0,0.96,67,24359010500,https://www.scopus.com/authid/detail.url?authorId=24359010500,Arthritis Research Canada,goldsmith,g,charles harry,charles harry goldsmith,[],c goldsmith
"Eikerling, M. H.",57,2022,1544,27.1,0.95,49,6604046486,https://www.scopus.com/authid/detail.url?authorId=6604046486,Jülich Research Centre,eikerling,e,m h,m h eikerling,[],m eikerling
"Campbell, Michael O’Neal",57,2023,100,1.8,0.24,14,36126065000,https://www.scopus.com/authid/detail.url?authorId=36126065000,Simon Fraser University,campbell,c,michael o’neal,michael o’neal campbell,[],m campbell
"Allen, Diana M.",56,2024,1735,31.0,1.22,34,55808760900,https://www.scopus.com/authid/detail.url?authorId=55808760900,Simon Fraser University,allen,a,diana m,diana m allen,[],d allen
"Goldenberg, Shira M.",56,2023,1055,18.8,1.29,30,35310255700,https://www.scopus.com/authid/detail.url?authorId=35310255700,San Diego State University,goldenberg,g,shira m,shira m goldenberg,[],s goldenberg
"Kaufman, David G.",55,2020,928,16.9,0.99,46,7402637660,https://www.scopus.com/authid/detail.url?authorId=7402637660,University of North Carolina at Chapel Hill,kaufman,k,david g,david g kaufman,[],d kaufman
"Malikic, Salem",55,2025,5130,93.3,4.99,29,57221342580,https://www.scopus.com/authid/detail.url?authorId=57221342580,Simon Fraser University,malikic,m,salem,salem malikic,[],s malikic
"McCarthy, Ian Paul",52,2025,3588,69.0,5.34,34,57210460027,https://www.scopus.com/authid/detail.url?authorId=57210460027,Simon Fraser University,mccarthy,m,ian paul,ian paul mccarthy,[],i mccarthy
"Bokov, Alexei A.",51,2025,1017,19.9,1.0,39,35564490800,https://www.scopus.com/authid/detail.url?authorId=35564490800,Simon Fraser University,bokov,b,alexei a,alexei a bokov,[],a bokov
"Filimowicz, Michael A.",51,2024,45,0.9,0.19,4,36008420400,https://www.scopus.com/authid/detail.url?authorId=36008420400,Simon Fraser University,filimowicz,f,michael a,michael a filimowicz,[],m filimowicz
"Mekjavić, Igor B.",50,2023,579,11.6,0.63,34,7006338992,https://www.scopus.com/authid/detail.url?authorId=7006338992,J. Stefan Institute,mekjavić,m,igor b,igor b mekjavić,[],i mekjavić
"Rajapakse, R. K.N.D.",47,2024,1118,23.8,1.25,40,57216149626,https://www.scopus.com/authid/detail.url?authorId=57216149626,Sri Lanka Institute of Information Technology,rajapakse,r,r knd,r knd rajapakse,[],r rajapakse
"Punnen, Abraham P.",47,2024,438,9.3,1.1,19,7004703508,https://www.scopus.com/authid/detail.url?authorId=7004703508,Simon Fraser University,punnen,p,abraham p,abraham p punnen,[],a punnen
"Arzanpour, Siamak",46,2024,906,19.7,1.32,20,16416587600,https://www.scopus.com/authid/detail.url?authorId=16416587600,Simon Fraser University,arzanpour,a,siamak,siamak arzanpour,[],s arzanpour
"Li, Paul Chi Hang",45,2024,474,10.5,0.47,27,55638723000,https://www.scopus.com/authid/detail.url?authorId=55638723000,Simon Fraser University,li,l,paul chi hang,paul chi hang li,[],p li
"Schulte, Oliver",44,2024,498,11.3,0.96,17,58515090100,https://www.scopus.com/authid/detail.url?authorId=58515090100,Simon Fraser University,schulte,s,oliver,oliver schulte,[],o schulte
"Sarrafi, Iman",43,2023,4011,93.3,5.26,24,36895181400,https://www.scopus.com/authid/detail.url?authorId=36895181400,Simon Fraser University,sarrafi,s,iman,iman sarrafi,[],i sarrafi
"Bubela, T. M.",43,2025,597,13.9,1.53,26,6508289453,https://www.scopus.com/authid/detail.url?authorId=6508289453,Simon Fraser University,bubela,b,t m,t m bubela,[],t bubela
"Sarkar, Anoop",43,2024,325,7.6,0.79,22,23092299200,https://www.scopus.com/authid/detail.url?authorId=23092299200,Simon Fraser University,sarkar,s,anoop,anoop sarkar,[],a sarkar
"Wang, Liangliang",42,2025,607,14.5,0.78,16,52264998100,https://www.scopus.com/authid/detail.url?authorId=52264998100,Simon Fraser University,wang,w,liangliang,liangliang wang,[],l wang
"Monagan, Michael B.",40,2025,129,3.2,0.56,12,6602342859,https://www.scopus.com/authid/detail.url?authorId=6602342859,Simon Fraser University,monagan,m,michael b,michael b monagan,[],m monagan
"Furukawa, Yasutaka",40,2025,1788,44.7,4.11,35,12774335100,https://www.scopus.com/authid/detail.url?authorId=12774335100,Unknown affiliation,furukawa,f,yasutaka,yasutaka furukawa,[],y furukawa
"Kietzmann, Jan Henrik",40,2022,2705,67.6,3.94,39,24502711400,https://www.scopus.com/authid/detail.url?authorId=24502711400,University of Victoria BC,kietzmann,k,jan henrik,jan henrik kietzmann,[],j kietzmann
"Popuri, Karteek",40,2024,1572,39.3,2.12,24,35218351700,https://www.scopus.com/authid/detail.url?authorId=35218351700,Memorial University of Newfoundland,popuri,p,karteek,karteek popuri,[],k popuri
"Lin, Angel M.Y.",40,2024,765,19.1,3.51,35,56444693800,https://www.scopus.com/authid/detail.url?authorId=56444693800,The Education University of Hong Kong,lin,l,angel my,angel my lin,[],a lin
"Flowers, Gwenn Elizabeth",40,2025,888,22.2,1.13,30,7006875558,https://www.scopus.com/authid/detail.url?authorId=7006875558,Simon Fraser University,flowers,f,gwenn elizabeth,gwenn elizabeth flowers,[],g flowers
"Taboada, Maite",40,2025,944,23.6,2.04,25,12784775300,https://www.scopus.com/authid/detail.url?authorId=12784775300,Simon Fraser University,taboada,t,maite,maite taboada,[],m taboada
"Tung, Rosalie L.",39,2025,2084,53.4,6.89,35,7004507673,https://www.scopus.com/authid/detail.url?authorId=7004507673,Simon Fraser University,tung,t,rosalie l,rosalie l tung,[],r tung
"DʼArcy, Ryan C.N.",39,2025,848,21.7,0.99,27,7004268181,https://www.scopus.com/authid/detail.url?authorId=7004268181,Simon Fraser University,dʼarcy,d,ryan cn,ryan cn dʼarcy,[],r dʼarcy
"Lee, Daniel Chonghwan",39,2025,323,8.3,0.59,16,57219039850,https://www.scopus.com/authid/detail.url?authorId=57219039850,Simon Fraser University,lee,l,daniel chonghwan,daniel chonghwan lee,[],d lee
"Saeedi, Parvaneh",39,2024,876,22.5,2.06,23,6603171366,https://www.scopus.com/authid/detail.url?authorId=6603171366,Simon Fraser University,saeedi,s,parvaneh,parvaneh saeedi,[],p saeedi
"Fisher, Brian D.",38,2024,326,8.6,0.94,24,56363838400,https://www.scopus.com/authid/detail.url?authorId=56363838400,Simon Fraser University,fisher,f,brian d,brian d fisher,[],b fisher
"Gutman, G. M.",38,2025,341,9.0,0.67,20,34769660700,https://www.scopus.com/authid/detail.url?authorId=34769660700,Simon Fraser University,gutman,g,g m,g m gutman,[],g gutman
"Yang, Dongya",38,2025,618,16.3,1.01,24,55805102800,https://www.scopus.com/authid/detail.url?authorId=55805102800,Simon Fraser University,yang,y,dongya,dongya yang,[],d yang
"Lee, Amy Huei Yi",38,2025,454,11.9,0.81,22,55477263200,https://www.scopus.com/authid/detail.url?authorId=55477263200,Simon Fraser University,lee,l,amy huei yi,amy huei yi lee,[],a lee
"Berna, Francesco",38,2025,1146,30.2,2.9,33,7801410989,https://www.scopus.com/authid/detail.url?authorId=7801410989,University of Siena,berna,b,francesco,francesco berna,[],f berna
"Chang, Angel Xuan",38,2025,2309,60.8,4.94,30,51664516600,https://www.scopus.com/authid/detail.url?authorId=51664516600,Unknown affiliation,chang,c,angel xuan,angel xuan chang,[],a chang
"Haider, Wolfgang",36,2022,1164,32.3,1.12,35,7005836896,https://www.scopus.com/authid/detail.url?authorId=7005836896,Unknown affiliation,haider,h,wolfgang,wolfgang haider,[],w haider
"M. Webster, Glenys M.",36,2023,2614,72.6,2.71,33,55553738719,https://www.scopus.com/authid/detail.url?authorId=55553738719,Simon Fraser University,m webster,m,glenys m,glenys m m webster,[],g m webster
"Strauss, Kendra",35,2024,1291,36.9,3.59,23,24465928900,https://www.scopus.com/authid/detail.url?authorId=24465928900,Simon Fraser University,strauss,s,kendra,kendra strauss,[],k strauss
"Marlene Marie Moretti, Marlene M.",35,2025,556,15.9,1.61,28,7102632689,https://www.scopus.com/authid/detail.url?authorId=7102632689,Simon Fraser University,marlene marie moretti,m,marlene m,marlene m marlene marie moretti,[],m marlene marie moretti
"Shapiro, Daniel M.",34,2024,1003,29.5,2.11,30,7402062870,https://www.scopus.com/authid/detail.url?authorId=7402062870,Simon Fraser University,shapiro,s,daniel m,daniel m shapiro,[],d shapiro
"Oh, Chang Hoon",34,2022,1087,32.0,1.83,35,23390684900,https://www.scopus.com/authid/detail.url?authorId=23390684900,University of Kansas,oh,o,chang hoon,chang hoon oh,[],c oh
"Holt, Robert A.",33,2024,1526,46.2,2.18,119,7402085535,https://www.scopus.com/authid/detail.url?authorId=7402085535,Simon Fraser University,holt,h,robert a,robert a holt,[],r holt
"Heisler, Morgan L.",33,2023,1005,30.5,1.96,17,56594625900,https://www.scopus.com/authid/detail.url?authorId=56594625900,Simon Fraser University,heisler,h,morgan l,morgan l heisler,[],m heisler
"Blenkinsop, Sean",33,2025,257,7.8,1.71,11,11539811500,https://www.scopus.com/authid/detail.url?authorId=11539811500,Simon Fraser University,blenkinsop,b,sean,sean blenkinsop,[],s blenkinsop
"Michael E. Hayden, Michael Edward",33,2025,1030,31.2,1.7,29,55641501800,https://www.scopus.com/authid/detail.url?authorId=55641501800,Simon Fraser University,michael e hayden,m,michael edward,michael edward michael e hayden,[],m michael e hayden
"Perl, Anthony D.",33,2025,472,14.3,1.15,16,7004625198,https://www.scopus.com/authid/detail.url?authorId=7004625198,Simon Fraser University,perl,p,anthony d,anthony d perl,[],a perl
"Patterson, Michelle Louise",32,2023,908,28.4,1.26,25,54400319600,https://www.scopus.com/authid/detail.url?authorId=54400319600,Simon Fraser University,patterson,p,michelle louise,michelle louise patterson,[],m patterson
"Soma, Tammara",32,2025,590,18.4,1.56,13,57190267343,https://www.scopus.com/authid/detail.url?authorId=57190267343,Simon Fraser University,soma,s,tammara,tammara soma,[],t soma
"Chapman, Glenn H.",32,2025,78,2.4,0.6,19,7202936504,https://www.scopus.com/authid/detail.url?authorId=7202936504,Simon Fraser University,chapman,c,glenn h,glenn h chapman,[],g chapman
"Vijayaraghavan, Krishna",32,2024,584,18.3,0.96,15,15060650200,https://www.scopus.com/authid/detail.url?authorId=15060650200,Simon Fraser University,vijayaraghavan,v,krishna,krishna vijayaraghavan,[],k vijayaraghavan
"Greer, Alissa Merielle",32,2024,426,13.3,2.16,18,55551111100,https://www.scopus.com/authid/detail.url?authorId=55551111100,Simon Fraser University,greer,g,alissa merielle,alissa merielle greer,[],a greer
"Pickup, Mark Alexander",32,2025,639,20.0,2.37,17,15757997300,https://www.scopus.com/authid/detail.url?authorId=15757997300,Simon Fraser University,pickup,p,mark alexander,mark alexander pickup,[],m pickup
"Holden, Meg",31,2025,271,8.7,0.77,17,13406026800,https://www.scopus.com/authid/detail.url?authorId=13406026800,Simon Fraser University,holden,h,meg,meg holden,[],m holden
"Erhan, Halil I.",31,2025,97,3.1,0.92,7,6602949604,https://www.scopus.com/authid/detail.url?authorId=6602949604,Simon Fraser University,erhan,e,halil i,halil i erhan,[],h erhan
"Hu, Joan Joan",31,2025,165,5.3,0.58,18,35229913300,https://www.scopus.com/authid/detail.url?authorId=35229913300,Simon Fraser University,hu,h,joan joan,joan joan hu,[],j hu
"Goulter, Natalie",31,2025,399,12.9,1.58,15,36918239800,https://www.scopus.com/authid/detail.url?authorId=36918239800,Flinders University,goulter,g,natalie,natalie goulter,[],n goulter
"Lavergne, Ruth Ruth",31,2023,382,12.3,0.99,16,36009747500,https://www.scopus.com/authid/detail.url?authorId=36009747500,Dalhousie University,lavergne,l,ruth ruth,ruth ruth lavergne,[],r lavergne
"Cenk Sahinalp, S. Cenk",31,2020,4698,151.5,5.82,57,6603800467,https://www.scopus.com/authid/detail.url?authorId=6603800467,Indiana University Bloomington,cenk sahinalp,c,s cenk,s cenk cenk sahinalp,[],s cenk sahinalp
"Gong, Wei",30,2020,911,30.4,1.97,32,57190345166,https://www.scopus.com/authid/detail.url?authorId=57190345166,University of Science and Technology of China,gong,g,wei,wei gong,[],w gong
"Egri, Carolyn P.",30,2025,402,13.4,0.99,23,6602228740,https://www.scopus.com/authid/detail.url?authorId=6602228740,Simon Fraser University,egri,e,carolyn p,carolyn p egri,[],c egri
"Peters, Cheryl Elizabeth",30,2022,593,19.8,1.22,20,57218594170,https://www.scopus.com/authid/detail.url?authorId=57218594170,Provincial Health Services Authority,peters,p,cheryl elizabeth,cheryl elizabeth peters,[],c peters
"Mitchell, Barbara Ann",30,2025,355,11.8,0.98,17,7401948950,https://www.scopus.com/authid/detail.url?authorId=7401948950,Simon Fraser University,mitchell,m,barbara ann,barbara ann mitchell,[],b mitchell
"Tong, Xin",30,2020,428,14.3,1.02,10,59586882700,https://www.scopus.com/authid/detail.url?authorId=59586882700,Simon Fraser University,tong,t,xin,xin tong,[],x tong
"Ma, Da",30,2024,521,17.4,1.76,16,55992234300,https://www.scopus.com/authid/detail.url?authorId=55992234300,Wake Forest University,ma,m,da,da ma,[],d ma
"Zhou, Hang",29,2024,245,8.4,1.13,19,57192375762,https://www.scopus.com/authid/detail.url?authorId=57192375762,Simon Fraser University,zhou,z,hang,hang zhou,[],h zhou
"Tang, Boxin",29,2025,382,13.2,0.88,24,7402560857,https://www.scopus.com/authid/detail.url?authorId=7402560857,Simon Fraser University,tang,t,boxin,boxin tang,[],b tang
"Wang, Fangxing",29,2022,1141,39.3,3.26,22,57201917282,https://www.scopus.com/authid/detail.url?authorId=57201917282,"The Chinese University of Hong Kong, Shenzhen",wang,w,fangxing,fangxing wang,[],f wang
"Lee, Sieun",29,2024,817,28.2,2.12,18,36644393200,https://www.scopus.com/authid/detail.url?authorId=36644393200,University of Nottingham,lee,l,sieun,sieun lee,[],s lee
"Webster, Kath",29,2024,628,21.7,1.33,17,36834394200,https://www.scopus.com/authid/detail.url?authorId=36834394200,University of Toronto,webster,w,kath,kath webster,[],k webster
"Lysova, Aleksandra Vladimirovna",29,2025,300,10.3,1.42,12,24477831600,https://www.scopus.com/authid/detail.url?authorId=24477831600,Simon Fraser University,lysova,l,aleksandra vladimirovna,aleksandra vladimirovna lysova,[],a lysova
"Hefeeda, Mohamed M.",29,2025,330,11.4,1.48,25,20433459500,https://www.scopus.com/authid/detail.url?authorId=20433459500,Simon Fraser University,hefeeda,h,mohamed m,mohamed m hefeeda,[],m hefeeda
"Feenberg, Andrew Lewis",29,2024,245,8.4,1.31,22,6602538264,https://www.scopus.com/authid/detail.url?authorId=6602538264,Simon Fraser University,feenberg,f,andrew lewis,andrew lewis feenberg,[],a feenberg
"Kench, Paul Simon",28,2025,581,20.8,1.13,47,6701682399,https://www.scopus.com/authid/detail.url?authorId=6701682399,National University of Singapore,kench,k,paul simon,paul simon kench,[],p kench
"Elle, Elizabeth",28,2024,1084,38.7,1.81,32,6602776212,https://www.scopus.com/authid/detail.url?authorId=6602776212,Simon Fraser University,elle,e,elizabeth,elizabeth elle,[],e elle
"Chester, Aaron S.",28,2025,355,12.7,0.56,16,13609331900,https://www.scopus.com/authid/detail.url?authorId=13609331900,Simon Fraser University,chester,c,aaron s,aaron s chester,[],a chester
"Simpson, Rylan",28,2024,204,7.3,1.89,11,57193081269,https://www.scopus.com/authid/detail.url?authorId=57193081269,Simon Fraser University,simpson,s,rylan,rylan simpson,[],r simpson
"Vining, Aidan R.",27,2024,480,17.8,1.61,22,6603793631,https://www.scopus.com/authid/detail.url?authorId=6603793631,Simon Fraser University,vining,v,aidan r,aidan r vining,[],a vining
"Mathewes, Rolf W.",27,2025,340,12.6,0.8,34,7003480088,https://www.scopus.com/authid/detail.url?authorId=7003480088,Simon Fraser University,mathewes,m,rolf w,rolf w mathewes,[],r mathewes
"Jones, Wayne",27,2023,686,25.4,1.6,17,7404562890,https://www.scopus.com/authid/detail.url?authorId=7404562890,Simon Fraser University,jones,j,wayne,wayne jones,[],w jones
"Chindelevitch, Leonid",27,2022,463,17.1,0.9,16,14520917500,https://www.scopus.com/authid/detail.url?authorId=14520917500,Imperial College London,chindelevitch,c,leonid,leonid chindelevitch,[],l chindelevitch
"Bai, Heesoon",27,2024,174,6.4,1.19,9,42760951000,https://www.scopus.com/authid/detail.url?authorId=42760951000,Simon Fraser University,bai,b,heesoon,heesoon bai,[],h bai
"Wu, Hua",27,2024,428,15.9,0.69,18,7405584390,https://www.scopus.com/authid/detail.url?authorId=7405584390,Simon Fraser University,wu,w,hua,hua wu,[],h wu
"Alcaide, Miguel",27,2024,1393,51.6,2.22,31,22984183800,https://www.scopus.com/authid/detail.url?authorId=22984183800,Simon Fraser University,alcaide,a,miguel,miguel alcaide,[],m alcaide
"Davidson, William S.",27,2023,1833,67.9,3.07,50,7201493500,https://www.scopus.com/authid/detail.url?authorId=7201493500,Simon Fraser University,davidson,d,william s,william s davidson,[],w davidson
"Jiang, Xianta",27,2020,745,27.6,1.89,20,16233683000,https://www.scopus.com/authid/detail.url?authorId=16233683000,Memorial University of Newfoundland,jiang,j,xianta,xianta jiang,[],x jiang
"Niet, T.",27,2025,294,10.9,1.19,14,6505979790,https://www.scopus.com/authid/detail.url?authorId=6505979790,Simon Fraser University,niet,n,t,t niet,[],t niet
"Nesbit, John Cale",26,2024,1189,45.7,3.14,24,7003819670,https://www.scopus.com/authid/detail.url?authorId=7003819670,University of Georgia,nesbit,n,john cale,john cale nesbit,[],j nesbit
"Bird, Brian M.",26,2025,687,26.4,1.36,18,57021243500,https://www.scopus.com/authid/detail.url?authorId=57021243500,Unknown affiliation,bird,b,brian m,brian m bird,[],b bird
"Dobney, Keith M.",26,2024,1187,45.7,2.3,48,6602595568,https://www.scopus.com/authid/detail.url?authorId=6602595568,University of Sydney,dobney,d,keith m,keith m dobney,[],k dobney
"Gavrielides, Theo",26,2021,146,5.6,1.82,11,24070323000,https://www.scopus.com/authid/detail.url?authorId=24070323000,Unknown affiliation,gavrielides,g,theo,theo gavrielides,[],t gavrielides
"Stepanova, Ekaterina R.",26,2024,362,13.9,1.81,12,57125678000,https://www.scopus.com/authid/detail.url?authorId=57125678000,KTH Royal Institute of Technology,stepanova,s,ekaterina r,ekaterina r stepanova,[],e stepanova
"Sandgathe, Dennis M.",26,2024,815,31.3,4.04,20,6506827825,https://www.scopus.com/authid/detail.url?authorId=6506827825,Simon Fraser University,sandgathe,s,dennis m,dennis m sandgathe,[],d sandgathe
"Shea, Ryan",26,2023,684,26.3,2.27,18,55364826400,https://www.scopus.com/authid/detail.url?authorId=55364826400,Simon Fraser University,shea,s,ryan,ryan shea,[],r shea
"Brantingham, Patricia L.",26,2025,372,14.3,1.45,19,8345179200,https://www.scopus.com/authid/detail.url?authorId=8345179200,Simon Fraser University,brantingham,b,patricia l,patricia l brantingham,[],p brantingham
"Glässer, Uwe",25,2025,269,10.8,0.74,17,6507645629,https://www.scopus.com/authid/detail.url?authorId=6507645629,Simon Fraser University,glässer,g,uwe,uwe glässer,[],u glässer
"Lord Ferguson, Sarah T.",25,2025,268,10.7,1.31,10,57200553348,https://www.scopus.com/authid/detail.url?authorId=57200553348,Simon Fraser University,lord ferguson,l,sarah t,sarah t lord ferguson,[],s lord ferguson
"Patterson, Sophie E.",25,2024,455,18.2,0.98,14,56040869500,https://www.scopus.com/authid/detail.url?authorId=56040869500,Lancaster University,patterson,p,sophie e,sophie e patterson,[],s patterson
"Voss, Philip J.",25,2025,257,10.3,0.55,18,24077699300,https://www.scopus.com/authid/detail.url?authorId=24077699300,Simon Fraser University,voss,v,philip j,philip j voss,[],p voss
"De Vos, Matt",25,2024,169,6.8,0.73,13,56234932200,https://www.scopus.com/authid/detail.url?authorId=56234932200,Simon Fraser University,de vos,d,matt,matt de vos,[],m de vos
"Carpendale, Jeremy I.M.",25,2025,289,11.6,1.07,24,6602137442,https://www.scopus.com/authid/detail.url?authorId=6602137442,Simon Fraser University,carpendale,c,jeremy im,jeremy im carpendale,[],j carpendale
"Allen, Douglas W.",25,2025,299,12.0,1.57,17,7404328223,https://www.scopus.com/authid/detail.url?authorId=7404328223,Simon Fraser University,allen,a,douglas w,douglas w allen,[],d allen
"Hayter, Roger",25,2021,105,4.2,0.4,21,7003342650,https://www.scopus.com/authid/detail.url?authorId=7003342650,Simon Fraser University,hayter,h,roger,roger hayter,[],r hayter
"Jedwab, Jonathan",25,2025,95,3.8,0.47,14,7004393740,https://www.scopus.com/authid/detail.url?authorId=7004393740,Simon Fraser University,jedwab,j,jonathan,jonathan jedwab,[],j jedwab
"Tietjen, Ian",25,2025,654,26.2,1.14,22,8578183500,https://www.scopus.com/authid/detail.url?authorId=8578183500,Wistar Institute,tietjen,t,ian,ian tietjen,[],i tietjen
"Whitfield, Paul H.",24,2025,788,32.8,1.48,34,7006689358,https://www.scopus.com/authid/detail.url?authorId=7006689358,University of Saskatchewan,whitfield,w,paul h,paul h whitfield,[],p whitfield
"Ilten, Nathan Owen",24,2025,106,4.4,0.97,9,25823742800,https://www.scopus.com/authid/detail.url?authorId=25823742800,Simon Fraser University,ilten,i,nathan owen,nathan owen ilten,[],n ilten
"Spicer, Valerie",24,2025,119,5.0,0.48,10,36180067900,https://www.scopus.com/authid/detail.url?authorId=36180067900,Simon Fraser University,spicer,s,valerie,valerie spicer,[],v spicer
"Libbrecht, Maxwell W.",24,2024,1655,69.0,2.64,15,55177247800,https://www.scopus.com/authid/detail.url?authorId=55177247800,Simon Fraser University,libbrecht,l,maxwell w,maxwell w libbrecht,[],m libbrecht
"Feldman, Fabio",24,2023,514,21.4,1.08,22,8957792400,https://www.scopus.com/authid/detail.url?authorId=8957792400,Provincial Health Services Authority,feldman,f,fabio,fabio feldman,[],f feldman
"Plettner, Erika",24,2024,236,9.8,0.44,24,6602826136,https://www.scopus.com/authid/detail.url?authorId=6602826136,Simon Fraser University,plettner,p,erika,erika plettner,[],e plettner
"Loken Thornton, Wendy",24,2023,343,14.3,0.86,15,22235481700,https://www.scopus.com/authid/detail.url?authorId=22235481700,Simon Fraser University,loken thornton,l,wendy,wendy loken thornton,[],w loken thornton
"Aftab, Sikandar",24,2025,580,24.2,1.36,38,57200114034,https://www.scopus.com/authid/detail.url?authorId=57200114034,Sejong University,aftab,a,sikandar,sikandar aftab,[],s aftab
"Cox, Sean P.",24,2024,337,14.0,0.8,24,7401456247,https://www.scopus.com/authid/detail.url?authorId=7401456247,Unknown affiliation,cox,c,sean p,sean p cox,[],s cox
"McCann, Eugene J.",24,2024,629,26.2,1.64,30,7006116130,https://www.scopus.com/authid/detail.url?authorId=7006116130,Simon Fraser University,mccann,m,eugene j,eugene j mccann,[],e mccann
"Kameda, Tsunehiko",24,2022,126,5.3,0.49,15,7102496869,https://www.scopus.com/authid/detail.url?authorId=7102496869,Simon Fraser University,kameda,k,tsunehiko,tsunehiko kameda,[],t kameda
"Knowler, Duncan J.",23,2023,501,21.8,0.78,20,6507308195,https://www.scopus.com/authid/detail.url?authorId=6507308195,Simon Fraser University,knowler,k,duncan j,duncan j knowler,[],d knowler
"Sun, Weiran",23,2025,204,8.9,0.75,12,41862484700,https://www.scopus.com/authid/detail.url?authorId=41862484700,Simon Fraser University,sun,s,weiran,weiran sun,[],w sun
"Treen, Emily R.",23,2023,479,20.8,1.88,8,57160352200,https://www.scopus.com/authid/detail.url?authorId=57160352200,Simon Fraser University,treen,t,emily r,emily r treen,[],e treen
"Lu, Zhaosong",23,2020,939,40.8,2.43,26,9279946800,https://www.scopus.com/authid/detail.url?authorId=9279946800,University of Minnesota Twin Cities,lu,l,zhaosong,zhaosong lu,[],z lu
"Chorney, Sean",23,2025,69,3.0,0.74,4,57142515800,https://www.scopus.com/authid/detail.url?authorId=57142515800,Simon Fraser University,chorney,c,sean,sean chorney,[],s chorney
"Reynolds, Steven Campbell",23,2025,233,10.1,1.25,25,16444551200,https://www.scopus.com/authid/detail.url?authorId=16444551200,University of British Columbia,reynolds,r,steven campbell,steven campbell reynolds,[],s reynolds
"Frie, Roger",23,2024,87,3.8,0.5,13,6602101869,https://www.scopus.com/authid/detail.url?authorId=6602101869,University of British Columbia,frie,f,roger,roger frie,[],r frie
"Gu, Qianping",23,2024,80,3.5,0.36,17,7201741643,https://www.scopus.com/authid/detail.url?authorId=7201741643,Simon Fraser University,gu,g,qianping,qianping gu,[],q gu
"Ju, Myeong Jin",23,2022,430,18.7,1.1,18,35190485500,https://www.scopus.com/authid/detail.url?authorId=35190485500,University of British Columbia,ju,j,myeong jin,myeong jin ju,[],m ju
"Bendell, Leah I.",23,2025,680,29.6,1.27,10,56692992500,https://www.scopus.com/authid/detail.url?authorId=56692992500,Simon Fraser University,bendell,b,leah i,leah i bendell,[],l bendell
"Schmitt, Michael T.",22,2025,2387,108.5,4.96,34,57211939303,https://www.scopus.com/authid/detail.url?authorId=57211939303,Simon Fraser University,schmitt,s,michael t,michael t schmitt,[],m schmitt
"Collins, Alexandra B.",22,2021,1026,46.6,3.15,21,57189582857,https://www.scopus.com/authid/detail.url?authorId=57189582857,Brown University,collins,c,alexandra b,alexandra b collins,[],a collins
"Nepomnaschy, Pablo A.",22,2024,236,10.7,0.66,14,6507583093,https://www.scopus.com/authid/detail.url?authorId=6507583093,Simon Fraser University,nepomnaschy,n,pablo a,pablo a nepomnaschy,[],p nepomnaschy
"Otero, Gerardo",22,2025,342,15.5,1.47,16,7003373056,https://www.scopus.com/authid/detail.url?authorId=7003373056,Simon Fraser University,otero,o,gerardo,gerardo otero,[],g otero
"Andersen, Holly K.",22,2024,198,9.0,2.04,11,37071956400,https://www.scopus.com/authid/detail.url?authorId=37071956400,Simon Fraser University,andersen,a,holly k,holly k andersen,[],h andersen
"Pinkerton, Evelyn W.",22,2021,826,37.5,2.61,23,7801404129,https://www.scopus.com/authid/detail.url?authorId=7801404129,Simon Fraser University,pinkerton,p,evelyn w,evelyn w pinkerton,[],e pinkerton
"Werker, Eric D.",22,2025,415,18.9,1.63,16,22936119100,https://www.scopus.com/authid/detail.url?authorId=22936119100,Simon Fraser University,werker,w,eric d,eric d werker,[],e werker
"Arifovic, Jasmina",22,2025,213,9.7,0.83,20,6601998047,https://www.scopus.com/authid/detail.url?authorId=6601998047,Simon Fraser University,arifovic,a,jasmina,jasmina arifovic,[],j arifovic
"Claydon, Thomas William",22,2024,362,16.5,0.69,20,12789638400,https://www.scopus.com/authid/detail.url?authorId=12789638400,Simon Fraser University,claydon,c,thomas william,thomas william claydon,[],t claydon
"Gupta, Kamal Kant",22,2024,155,7.0,0.65,22,35588009200,https://www.scopus.com/authid/detail.url?authorId=35588009200,Simon Fraser University,gupta,g,kamal kant,kamal kant gupta,[],k gupta
"Yalcin, Ozge Nilay",21,2024,267,12.7,0.83,9,57203034300,https://www.scopus.com/authid/detail.url?authorId=57203034300,Simon Fraser University,yalcin,y,ozge nilay,ozge nilay yalcin,[],o yalcin
"Gunster, Shane",21,2024,200,9.5,1.89,10,54414061500,https://www.scopus.com/authid/detail.url?authorId=54414061500,Unknown affiliation,gunster,g,shane,shane gunster,[],s gunster
"Chi-Liang Tsai, Cary Chi Liang",21,2023,166,7.9,0.52,13,25940583600,https://www.scopus.com/authid/detail.url?authorId=25940583600,Simon Fraser University,chi-liang tsai,c,cary chi liang,cary chi liang chi-liang tsai,[],c chi-liang tsai
"Eyawo, Oghenowede",21,2020,1222,58.2,2.59,24,25959550100,https://www.scopus.com/authid/detail.url?authorId=25959550100,York University Toronto,eyawo,e,oghenowede,oghenowede eyawo,[],o eyawo
"Liljedahl, Peter G.",21,2024,167,8.0,1.4,14,6508257847,https://www.scopus.com/authid/detail.url?authorId=6508257847,Simon Fraser University,liljedahl,l,peter g,peter g liljedahl,[],p liljedahl
"Gormley, Rebecca",21,2024,226,10.8,1.17,8,57205404647,https://www.scopus.com/authid/detail.url?authorId=57205404647,Simon Fraser University,gormley,g,rebecca,rebecca gormley,[],r gormley
"Drew, Mark S.",21,2022,401,19.1,1.8,29,7201559514,https://www.scopus.com/authid/detail.url?authorId=7201559514,Simon Fraser University,drew,d,mark s,mark s drew,[],m drew
"Clarkson, Peter M.",21,2025,1339,63.8,3.2,27,7103180312,https://www.scopus.com/authid/detail.url?authorId=7103180312,University of Queensland,clarkson,c,peter m,peter m clarkson,[],p clarkson
"Di Lollo, Vincent",20,2024,163,8.2,0.58,26,7006727274,https://www.scopus.com/authid/detail.url?authorId=7006727274,Simon Fraser University,di lollo,d,vincent,vincent di lollo,[],v di lollo
"Giovas, Christina M.",20,2024,133,6.7,1.61,16,26429468000,https://www.scopus.com/authid/detail.url?authorId=26429468000,Simon Fraser University,giovas,g,christina m,christina m giovas,[],c giovas
"Fan, Jianyu",20,2025,240,12.0,1.38,9,57089446500,https://www.scopus.com/authid/detail.url?authorId=57089446500,Simon Fraser University,fan,f,jianyu,jianyu fan,[],j fan
"Tayebi, Mohammad A.",20,2024,204,10.2,0.9,10,16240026800,https://www.scopus.com/authid/detail.url?authorId=16240026800,Simon Fraser University,tayebi,t,mohammad a,mohammad a tayebi,[],m tayebi
"Donati, Davide",20,2024,353,17.7,2.17,13,57202339459,https://www.scopus.com/authid/detail.url?authorId=57202339459,University of Bologna,donati,d,davide,davide donati,[],d donati
"Horvath, Adam Otto",20,2023,1954,97.7,4.58,26,7202214070,https://www.scopus.com/authid/detail.url?authorId=7202214070,Simon Fraser University,horvath,h,adam otto,adam otto horvath,[],a horvath
"Beischlag, Timothy V.",20,2022,326,16.3,0.76,21,6603426604,https://www.scopus.com/authid/detail.url?authorId=6603426604,Simon Fraser University,beischlag,b,timothy v,timothy v beischlag,[],t beischlag
"Poley, Luise",20,2025,57,2.9,0.75,7,56050424300,https://www.scopus.com/authid/detail.url?authorId=56050424300,Simon Fraser University,poley,p,luise,luise poley,[],l poley
"Ghosh-Hajra, Sujoy",20,2024,404,20.2,1.0,15,37047095400,https://www.scopus.com/authid/detail.url?authorId=37047095400,Florida Institute of Technology,ghosh-hajra,g,sujoy,sujoy ghosh-hajra,[],s ghosh-hajra
"Roesch, Ronald",20,2023,347,17.4,1.05,24,36885069700,https://www.scopus.com/authid/detail.url?authorId=36885069700,Simon Fraser University,roesch,r,ronald,ronald roesch,[],r roesch
"Hankivsky, Olena",20,2022,981,49.1,3.47,22,18634410100,https://www.scopus.com/authid/detail.url?authorId=18634410100,University of Melbourne,hankivsky,h,olena,olena hankivsky,[],o hankivsky
"Gandesha, Samir",20,2025,58,2.9,0.82,6,16315482300,https://www.scopus.com/authid/detail.url?authorId=16315482300,Simon Fraser University,gandesha,g,samir,samir gandesha,[],s gandesha
"Jaccard, Mark K.",20,2024,591,29.6,1.03,28,6701566896,https://www.scopus.com/authid/detail.url?authorId=6701566896,Simon Fraser University,jaccard,j,mark k,mark k jaccard,[],m jaccard
"Lane, Pierre M.",20,2025,112,5.6,0.44,22,7202980331,https://www.scopus.com/authid/detail.url?authorId=7202980331,Simon Fraser University,lane,l,pierre m,pierre m lane,[],p lane
"Long, Zoe",19,2025,425,22.4,1.53,11,57204725472,https://www.scopus.com/authid/detail.url?authorId=57204725472,Simon Fraser University,long,l,zoe,zoe long,[],z long
"Blair, Mark Randall",19,2023,226,11.9,0.45,13,7102440319,https://www.scopus.com/authid/detail.url?authorId=7102440319,Simon Fraser University,blair,b,mark randall,mark randall blair,[],m blair
"Jungić, Veselin",19,2024,99,5.2,0.59,6,56056492100,https://www.scopus.com/authid/detail.url?authorId=56056492100,Simon Fraser University,jungić,j,veselin,veselin jungić,[],v jungić
"Ahmadi, Mehran Seyed",19,2024,207,10.9,0.41,8,35324006800,https://www.scopus.com/authid/detail.url?authorId=35324006800,Simon Fraser University,ahmadi,a,mehran seyed,mehran seyed ahmadi,[],m ahmadi
"Snowber, Celeste Nazeli",19,2024,83,4.4,0.76,6,56059359600,https://www.scopus.com/authid/detail.url?authorId=56059359600,Simon Fraser University,snowber,s,celeste nazeli,celeste nazeli snowber,[],c snowber
"Joffres, Michel R.",19,2024,16212,853.3,46.05,48,7003791295,https://www.scopus.com/authid/detail.url?authorId=7003791295,Simon Fraser University,joffres,j,michel r,michel r joffres,[],m joffres
"Singh, Yadvinder",19,2022,683,35.9,1.47,15,57206181709,https://www.scopus.com/authid/detail.url?authorId=57206181709,Ballard Power Systems,singh,s,yadvinder,yadvinder singh,[],y singh
"Hausknecht, Simone Nicole",19,2023,313,16.5,0.98,11,55569873800,https://www.scopus.com/authid/detail.url?authorId=55569873800,Simon Fraser University,hausknecht,h,simone nicole,simone nicole hausknecht,[],s hausknecht
"Komisar, Vicki",19,2024,246,12.9,1.13,13,35299562500,https://www.scopus.com/authid/detail.url?authorId=35299562500,Simon Fraser University,komisar,k,vicki,vicki komisar,[],v komisar
"Masařík, Tomáš",19,2024,23,1.2,0.51,9,57185782400,https://www.scopus.com/authid/detail.url?authorId=57185782400,University of Warsaw,masařík,m,tomáš,tomáš masařík,[],t masařík
"Oogjes, Doenja",19,2023,511,26.9,2.54,14,57189034863,https://www.scopus.com/authid/detail.url?authorId=57189034863,Eindhoven University of Technology,oogjes,o,doenja,doenja oogjes,[],d oogjes
"Fels, Lynn",19,2023,107,5.6,0.67,8,36166379500,https://www.scopus.com/authid/detail.url?authorId=36166379500,Simon Fraser University,fels,f,lynn,lynn fels,[],l fels
"Krallis, Dimitris",18,2025,8,0.4,0.17,5,35769438900,https://www.scopus.com/authid/detail.url?authorId=35769438900,Simon Fraser University,krallis,k,dimitris,dimitris krallis,[],d krallis
"Alteen, Matthew G.",18,2025,317,17.6,2.12,13,57188865131,https://www.scopus.com/authid/detail.url?authorId=57188865131,Simon Fraser University,alteen,a,matthew g,matthew g alteen,[],m alteen
"Begby, Endre",18,2024,147,8.2,2.76,7,36019842300,https://www.scopus.com/authid/detail.url?authorId=36019842300,Simon Fraser University,begby,b,endre,endre begby,[],e begby
"Ng, Ringo",18,2023,201,11.2,0.88,7,57205879896,https://www.scopus.com/authid/detail.url?authorId=57205879896,Oregon Health and Science University,ng,n,ringo,ringo ng,[],r ng
"Choi, Hyomin",18,2022,580,32.2,2.62,13,55951612400,https://www.scopus.com/authid/detail.url?authorId=55951612400,Unknown affiliation,choi,c,hyomin,hyomin choi,[],h choi
"Ternovska, Eugenia",18,2024,45,2.5,0.35,9,6507869475,https://www.scopus.com/authid/detail.url?authorId=6507869475,Simon Fraser University,ternovska,t,eugenia,eugenia ternovska,[],e ternovska
"Greenberg, Dan A.",18,2022,355,19.7,1.13,11,57189971341,https://www.scopus.com/authid/detail.url?authorId=57189971341,Fisheries and Oceans Canada,greenberg,g,dan a,dan a greenberg,[],d greenberg
"Sadeghifar, Hamidreza",18,2022,551,30.6,1.46,13,36983411900,https://www.scopus.com/authid/detail.url?authorId=36983411900,Simon Fraser University,sadeghifar,s,hamidreza,hamidreza sadeghifar,[],h sadeghifar
"Reale, Kylie S.",18,2024,202,11.2,1.07,9,55918139000,https://www.scopus.com/authid/detail.url?authorId=55918139000,Simon Fraser University,reale,r,kylie s,kylie s reale,[],k reale
"Britton, Benjamin",18,2020,1212,67.3,1.98,18,25643888600,https://www.scopus.com/authid/detail.url?authorId=25643888600,University of British Columbia,britton,b,benjamin,benjamin britton,[],b britton
"Battershill, Claire",18,2021,24,1.3,1.06,4,56849207600,https://www.scopus.com/authid/detail.url?authorId=56849207600,University of Toronto,battershill,b,claire,claire battershill,[],c battershill
"Dinesh, Chinthaka",18,2023,556,30.9,2.04,14,57205427389,https://www.scopus.com/authid/detail.url?authorId=57205427389,Unknown affiliation,dinesh,d,chinthaka,chinthaka dinesh,[],c dinesh
"Brandl, Simon J.",18,2023,1385,76.9,2.99,28,55654389500,https://www.scopus.com/authid/detail.url?authorId=55654389500,University of Texas at Austin,brandl,b,simon j,simon j brandl,[],s brandl
"Gill, Alison M.",18,2022,307,17.1,2.54,17,7102592823,https://www.scopus.com/authid/detail.url?authorId=7102592823,Simon Fraser University,gill,g,alison m,alison m gill,[],a gill
"Fan, Min",18,2020,242,13.4,0.94,13,58628839500,https://www.scopus.com/authid/detail.url?authorId=58628839500,Communication University of China,fan,f,min,min fan,[],m fan
"Grande, Bruno M.",18,2022,1114,61.9,2.6,12,56507095400,https://www.scopus.com/authid/detail.url?authorId=56507095400,Sage Bionetworks,grande,g,bruno m,bruno m grande,[],b grande
"Kawahara, Jeremy",18,2024,1666,92.6,5.08,14,55823349400,https://www.scopus.com/authid/detail.url?authorId=55823349400,Unknown affiliation,kawahara,k,jeremy,jeremy kawahara,[],j kawahara
"Aragón, Fernando M. M.",17,2024,475,27.9,1.9,11,55607610600,https://www.scopus.com/authid/detail.url?authorId=55607610600,Simon Fraser University,aragón,a,fernando m m,fernando m m aragón,[],f aragón
"Lee-Hone, Nicholas R.",17,2024,428,25.2,1.44,13,36998669900,https://www.scopus.com/authid/detail.url?authorId=36998669900,McGill University,lee-hone,l,nicholas r,nicholas r lee-hone,[],n lee-hone
"Stacho, Ladislav",17,2024,52,3.1,0.52,15,57207508667,https://www.scopus.com/authid/detail.url?authorId=57207508667,Simon Fraser University,stacho,s,ladislav,ladislav stacho,[],l stacho
"Xiao, Zhenggang",17,2020,711,41.8,2.03,16,35811575800,https://www.scopus.com/authid/detail.url?authorId=35811575800,Simon Fraser University,xiao,x,zhenggang,zhenggang xiao,[],z xiao
"Adamski, Michael",17,2023,575,33.8,1.28,13,57195037162,https://www.scopus.com/authid/detail.url?authorId=57195037162,Unknown affiliation,adamski,a,michael,michael adamski,[],m adamski
"Johnson, Joy L.",17,2020,226,13.3,0.82,45,7406812736,https://www.scopus.com/authid/detail.url?authorId=7406812736,Simon Fraser University,johnson,j,joy l,joy l johnson,[],j johnson
"Lai, Adrian K.M.",17,2022,563,33.1,1.49,14,56531436200,https://www.scopus.com/authid/detail.url?authorId=56531436200,Unknown affiliation,lai,l,adrian km,adrian km lai,[],a lai
"Abuzuraiq, Ahmed M.",17,2025,33,1.9,1.62,4,57196001713,https://www.scopus.com/authid/detail.url?authorId=57196001713,Simon Fraser University,abuzuraiq,a,ahmed m,ahmed m abuzuraiq,[],a abuzuraiq
"Ko, Steven Y.",17,2025,96,5.6,1.31,19,8988690800,https://www.scopus.com/authid/detail.url?authorId=8988690800,Simon Fraser University,ko,k,steven y,steven y ko,[],s ko
"Mann, Geoff",17,2023,90,5.3,0.64,11,25626535800,https://www.scopus.com/authid/detail.url?authorId=25626535800,Simon Fraser University,mann,m,geoff,geoff mann,[],g mann
"Shermer, Thomas Caton",17,2025,37,2.2,0.26,9,6701451667,https://www.scopus.com/authid/detail.url?authorId=6701451667,Simon Fraser University,shermer,s,thomas caton,thomas caton shermer,[],t shermer
"Ortner, K.",17,2025,195,11.5,0.66,8,57204918934,https://www.scopus.com/authid/detail.url?authorId=57204918934,Simon Fraser University,ortner,o,k,k ortner,[],k ortner
"Roberts, Nicholas J.",17,2022,201,11.8,1.21,14,23482514100,https://www.scopus.com/authid/detail.url?authorId=23482514100,Unknown affiliation,roberts,r,nicholas j,nicholas j roberts,[],n roberts
"Moore, Danièle",17,2024,163,9.6,2.51,9,55465414300,https://www.scopus.com/authid/detail.url?authorId=55465414300,Simon Fraser University,moore,m,danièle,danièle moore,[],d moore
"Bradshaw, Peter",17,2025,34,2.0,0.55,3,57209468436,https://www.scopus.com/authid/detail.url?authorId=57209468436,University of Illinois at Urbana-Champaign,bradshaw,b,peter,peter bradshaw,[],p bradshaw
"Zakia, Umme",17,2023,177,10.4,1.12,9,57190259490,https://www.scopus.com/authid/detail.url?authorId=57190259490,New York Institute of Technology,zakia,z,umme,umme zakia,[],u zakia
"Savo, Valentina",17,2024,793,46.6,1.22,21,35068576200,https://www.scopus.com/authid/detail.url?authorId=35068576200,Roma Tre University,savo,s,valentina,valentina savo,[],v savo
"Dewapriya, M. A.N.",16,2023,485,30.3,2.22,18,55837608800,https://www.scopus.com/authid/detail.url?authorId=55837608800,University of Delaware,dewapriya,d,m an,m an dewapriya,[],m dewapriya
"Gary Wang, G.",16,2023,615,38.4,1.65,11,6507154481,https://www.scopus.com/authid/detail.url?authorId=6507154481,Simon Fraser University,gary wang,g,g,g gary wang,[],g gary wang
"Lew-Levy, Sheina",16,2023,240,15.0,2.23,18,57195785093,https://www.scopus.com/authid/detail.url?authorId=57195785093,Durham University,lew-levy,l,sheina,sheina lew-levy,[],s lew-levy
"Eigenfeldt, Arne",16,2022,117,7.3,0.67,14,24724145100,https://www.scopus.com/authid/detail.url?authorId=24724145100,Simon Fraser University,eigenfeldt,e,arne,arne eigenfeldt,[],a eigenfeldt
"Wiese, Kay C.",16,2024,58,3.6,0.31,13,7006564577,https://www.scopus.com/authid/detail.url?authorId=7006564577,Simon Fraser University,wiese,w,kay c,kay c wiese,[],k wiese
"Kenny, Nicolas",16,2023,78,4.9,0.93,5,7007131510,https://www.scopus.com/authid/detail.url?authorId=7007131510,Simon Fraser University,kenny,k,nicolas,nicolas kenny,[],n kenny
"Meanwell, Michael W.",16,2023,644,40.3,1.28,12,56606235300,https://www.scopus.com/authid/detail.url?authorId=56606235300,University of Alberta,meanwell,m,michael w,michael w meanwell,[],m meanwell
"Muntigl, Peter",16,2024,229,14.3,1.16,16,6507995781,https://www.scopus.com/authid/detail.url?authorId=6507995781,Simon Fraser University,muntigl,m,peter,peter muntigl,[],p muntigl
"Qi, Lin",16,2025,132,8.3,0.41,7,56673436500,https://www.scopus.com/authid/detail.url?authorId=56673436500,Simon Fraser University,qi,q,lin,lin qi,[],l qi
"Schmidt, Margaret G.",16,2025,973,60.8,2.8,19,7404398376,https://www.scopus.com/authid/detail.url?authorId=7404398376,Simon Fraser University,schmidt,s,margaret g,margaret g schmidt,[],m schmidt
"Prosser, Kathleen E.",16,2022,469,29.3,1.38,12,55638638000,https://www.scopus.com/authid/detail.url?authorId=55638638000,Simon Fraser University,prosser,p,kathleen e,kathleen e prosser,[],k prosser
"Sakakibara, Brodie M.",16,2022,452,28.3,1.21,23,27868045700,https://www.scopus.com/authid/detail.url?authorId=27868045700,University of British Columbia,sakakibara,s,brodie m,brodie m sakakibara,[],b sakakibara
"Dodge, J. Steven",16,2024,174,10.9,0.83,15,7101655684,https://www.scopus.com/authid/detail.url?authorId=7101655684,Simon Fraser University,dodge,d,j steven,j steven dodge,[],j dodge
"Liu, Zenghui",16,2022,139,8.7,0.42,13,56599407500,https://www.scopus.com/authid/detail.url?authorId=56599407500,Xi'an Jiaotong University,liu,l,zenghui,zenghui liu,[],z liu
"Rahmani Dehaghani, Mostafa",16,2025,95,5.9,0.79,5,57980243500,https://www.scopus.com/authid/detail.url?authorId=57980243500,Simon Fraser University,rahmani dehaghani,r,mostafa,mostafa rahmani dehaghani,[],m rahmani dehaghani
"Dahl, Veronica",16,2024,24,1.5,0.51,8,7006762681,https://www.scopus.com/authid/detail.url?authorId=7006762681,Simon Fraser University,dahl,d,veronica,veronica dahl,[],v dahl
"Chen, Amy Yo Sue",16,2023,220,13.8,1.5,8,57209310043,https://www.scopus.com/authid/detail.url?authorId=57209310043,Simon Fraser University,chen,c,amy yo sue,amy yo sue chen,[],a chen
"Russolillo, Angela",16,2024,281,17.6,1.1,9,56082783300,https://www.scopus.com/authid/detail.url?authorId=56082783300,Providence Health Care Canada,russolillo,r,angela,angela russolillo,[],a russolillo
"Amundsen, Cheryl Lynn",16,2023,377,23.6,1.55,16,6603928408,https://www.scopus.com/authid/detail.url?authorId=6603928408,Simon Fraser University,amundsen,a,cheryl lynn,cheryl lynn amundsen,[],c amundsen
"Stenning, David C.",16,2025,114,7.1,1.2,10,55810190600,https://www.scopus.com/authid/detail.url?authorId=55810190600,Simon Fraser University,stenning,s,david c,david c stenning,[],d stenning
"McNeil, Ryan",16,2021,832,52.0,1.92,42,30567492600,https://www.scopus.com/authid/detail.url?authorId=30567492600,Yale University,mcneil,m,ryan,ryan mcneil,[],r mcneil
"Ens, Jeff John",16,2025,68,4.3,1.09,6,57210203647,https://www.scopus.com/authid/detail.url?authorId=57210203647,Simon Fraser University,ens,e,jeff john,jeff john ens,[],j ens
"Bao, Chao",16,2025,299,18.7,1.19,11,56612844400,https://www.scopus.com/authid/detail.url?authorId=56612844400,Simon Fraser University,bao,b,chao,chao bao,[],c bao
"Royle, Thomas C.A.",16,2024,166,10.4,1.21,7,57190269012,https://www.scopus.com/authid/detail.url?authorId=57190269012,Norwegian University of Science and Technology,royle,r,thomas ca,thomas ca royle,[],t royle
"Plomp, Kimberly A.",16,2024,120,7.5,0.81,8,55425784700,https://www.scopus.com/authid/detail.url?authorId=55425784700,University of the Philippines,plomp,p,kimberly a,kimberly a plomp,[],k plomp
"Hach, Faraz",16,2021,867,54.2,2.31,35,23396733000,https://www.scopus.com/authid/detail.url?authorId=23396733000,Unknown affiliation,hach,h,faraz,faraz hach,[],f hach
"Silverman, Michael A.",16,2024,339,21.2,1.07,28,26657714900,https://www.scopus.com/authid/detail.url?authorId=26657714900,Simon Fraser University,silverman,s,michael a,michael a silverman,[],m silverman
"Krebs, Emanuel",16,2023,132,8.3,0.6,20,56338995600,https://www.scopus.com/authid/detail.url?authorId=56338995600,Provincial Health Services Authority,krebs,k,emanuel,emanuel krebs,[],e krebs
"Kunz, Peter",16,2024,90,5.6,1.16,26,57196575920,https://www.scopus.com/authid/detail.url?authorId=57196575920,Simon Fraser University,kunz,k,peter,peter kunz,[],p kunz
"Abnavi, Amin",16,2024,314,19.6,1.81,14,57194502466,https://www.scopus.com/authid/detail.url?authorId=57194502466,Simon Fraser University,abnavi,a,amin,amin abnavi,[],a abnavi
"Shafaattalab, Sanam",16,2023,295,18.4,0.92,12,36163502100,https://www.scopus.com/authid/detail.url?authorId=36163502100,Unknown affiliation,shafaattalab,s,sanam,sanam shafaattalab,[],s shafaattalab
"Zhong, Ce",15,2023,112,7.5,1.24,6,57209311451,https://www.scopus.com/authid/detail.url?authorId=57209311451,Simon Fraser University,zhong,z,ce,ce zhong,[],c zhong
"Batmaz, Anil Ufuk",15,2021,463,30.9,3.41,16,57193638803,https://www.scopus.com/authid/detail.url?authorId=57193638803,Unknown affiliation,batmaz,b,anil ufuk,anil ufuk batmaz,[],a batmaz
"Stacho, Jakub",15,2024,130,8.7,1.69,3,57223357653,https://www.scopus.com/authid/detail.url?authorId=57223357653,Simon Fraser University,stacho,s,jakub,jakub stacho,[],j stacho
"Tuyisenge, Germaine",15,2024,180,12.0,1.46,8,57200762535,https://www.scopus.com/authid/detail.url?authorId=57200762535,Simon Fraser University,tuyisenge,t,germaine,germaine tuyisenge,[],g tuyisenge
"Godwin, Sean C.",15,2023,258,17.2,1.13,11,56399153700,https://www.scopus.com/authid/detail.url?authorId=56399153700,University of California at Davis,godwin,g,sean c,sean c godwin,[],s godwin
"Mokkonen, Mikael",15,2020,316,21.1,1.02,11,52264382000,https://www.scopus.com/authid/detail.url?authorId=52264382000,Kwantlen Polytechnic University,mokkonen,m,mikael,mikael mokkonen,[],m mokkonen
"Leach, Gary W.",15,2024,123,8.2,0.47,13,7102871900,https://www.scopus.com/authid/detail.url?authorId=7102871900,Simon Fraser University,leach,l,gary w,gary w leach,[],g leach
"Nunes, Adonay S.",15,2023,252,16.8,0.92,10,57200445028,https://www.scopus.com/authid/detail.url?authorId=57200445028,Unknown affiliation,nunes,n,adonay s,adonay s nunes,[],a nunes
"Thorkelson, Derek J.",15,2023,402,26.8,1.34,28,6603689886,https://www.scopus.com/authid/detail.url?authorId=6603689886,Simon Fraser University,thorkelson,t,derek j,derek j thorkelson,[],d thorkelson
"Miller, Cari L.",15,2020,348,23.2,1.01,29,57195053174,https://www.scopus.com/authid/detail.url?authorId=57195053174,Simon Fraser University,miller,m,cari l,cari l miller,[],c miller
"Zang, Jiajie",15,2023,188,12.5,1.43,11,57202010045,https://www.scopus.com/authid/detail.url?authorId=57202010045,Shanghai University of Engineering Science,zang,z,jiajie,jiajie zang,[],j zang
"Ahmadi, Ribwar",15,2024,272,18.1,1.76,8,57278170200,https://www.scopus.com/authid/detail.url?authorId=57278170200,Simon Fraser University,ahmadi,a,ribwar,ribwar ahmadi,[],r ahmadi
"Antoine, Bertille",15,2025,65,4.3,0.35,7,16238249500,https://www.scopus.com/authid/detail.url?authorId=16238249500,Simon Fraser University,antoine,a,bertille,bertille antoine,[],b antoine
"Gondara, Lovedeep Singh",15,2022,912,60.8,2.08,18,56162358000,https://www.scopus.com/authid/detail.url?authorId=56162358000,University of British Columbia,gondara,g,lovedeep singh,lovedeep singh gondara,[],l gondara
"Coburn, Patricia I.",15,2022,243,16.2,0.84,10,55625634100,https://www.scopus.com/authid/detail.url?authorId=55625634100,Kwantlen Polytechnic University,coburn,c,patricia i,patricia i coburn,[],p coburn
"Krieger, Charles",15,2023,689,45.9,1.82,28,7004476406,https://www.scopus.com/authid/detail.url?authorId=7004476406,Simon Fraser University,krieger,k,charles,charles krieger,[],c krieger
"Silva, Diego S.",15,2020,216,14.4,1.19,16,35738098800,https://www.scopus.com/authid/detail.url?authorId=35738098800,University of Sydney,silva,s,diego s,diego s silva,[],d silva
"Rowan, Zachary R.",15,2024,181,12.1,1.78,10,56734512800,https://www.scopus.com/authid/detail.url?authorId=56734512800,Simon Fraser University,rowan,r,zachary r,zachary r rowan,[],z rowan
"Gavrilov, Momčilo",15,2023,529,35.3,1.33,11,16202269100,https://www.scopus.com/authid/detail.url?authorId=16202269100,Johns Hopkins University,gavrilov,g,momčilo,momčilo gavrilov,[],m gavrilov
"Ovens, Jeffrey S.",15,2021,252,16.8,0.71,17,36634531000,https://www.scopus.com/authid/detail.url?authorId=36634531000,University of Ottawa,ovens,o,jeffrey s,jeffrey s ovens,[],j ovens
"Koehn, Sharon D.",15,2022,289,19.3,1.59,13,6602308559,https://www.scopus.com/authid/detail.url?authorId=6602308559,University of Alberta,koehn,k,sharon d,sharon d koehn,[],s koehn
"Zhu, Yushu",15,2024,102,6.8,1.21,7,56341002700,https://www.scopus.com/authid/detail.url?authorId=56341002700,Simon Fraser University,zhu,z,yushu,yushu zhu,[],y zhu
"ten Brummelhuis, Lieke L.",14,2025,653,46.6,2.53,24,24545011500,https://www.scopus.com/authid/detail.url?authorId=24545011500,Simon Fraser University,ten brummelhuis,t,lieke l,lieke l ten brummelhuis,[],l ten brummelhuis
"Barrera-Machuca, Mayra Donaji",14,2021,377,26.9,1.87,11,56452760200,https://www.scopus.com/authid/detail.url?authorId=56452760200,Dalhousie University,barrera-machuca,b,mayra donaji,mayra donaji barrera-machuca,[],m barrera-machuca
"de Rooij, Eline A.",14,2025,151,10.8,1.28,10,33367484900,https://www.scopus.com/authid/detail.url?authorId=33367484900,Simon Fraser University,de rooij,d,eline a,eline a de rooij,[],e de rooij
"Merrett, Deborah C.",14,2021,1248,89.1,3.14,12,57190235432,https://www.scopus.com/authid/detail.url?authorId=57190235432,Lakehead University,merrett,m,deborah c,deborah c merrett,[],d merrett
"Jackson, Margaret A.",14,2024,216,15.4,2.24,10,8110154800,https://www.scopus.com/authid/detail.url?authorId=8110154800,Simon Fraser University,jackson,j,margaret a,margaret a jackson,[],m jackson
"Ma, Xiaoqiang",14,2021,505,36.1,1.69,27,36930770600,https://www.scopus.com/authid/detail.url?authorId=36930770600,Douglas College,ma,m,xiaoqiang,xiaoqiang ma,[],x ma
"Athwal, Arman",14,2025,124,8.9,1.0,6,57201878929,https://www.scopus.com/authid/detail.url?authorId=57201878929,University College London,athwal,a,arman,arman athwal,[],a athwal
"Zandvliet, David Bryan",14,2024,87,6.2,0.58,9,6603165496,https://www.scopus.com/authid/detail.url?authorId=6603165496,Simon Fraser University,zandvliet,z,david bryan,david bryan zandvliet,[],d zandvliet
"Shiffman, David Samuel",14,2021,526,37.6,1.81,24,55295795700,https://www.scopus.com/authid/detail.url?authorId=55295795700,Unknown affiliation,shiffman,s,david samuel,david samuel shiffman,[],d shiffman
"Bataille, Chris G.F.",14,2024,1446,103.3,2.84,22,7004041922,https://www.scopus.com/authid/detail.url?authorId=7004041922,Columbia University,bataille,b,chris gf,chris gf bataille,[],c bataille
"Ghovanloo, Mohammad Reza",14,2024,457,32.6,1.74,13,57189574002,https://www.scopus.com/authid/detail.url?authorId=57189574002,Yale University,ghovanloo,g,mohammad reza,mohammad reza ghovanloo,[],m ghovanloo
"Tzankova, Veronika K.",14,2022,31,2.2,0.43,4,57188744649,https://www.scopus.com/authid/detail.url?authorId=57188744649,Simon Fraser University,tzankova,t,veronika k,veronika k tzankova,[],v tzankova
"Raymakers, Adam J.N.",14,2023,121,8.6,0.84,15,54684780900,https://www.scopus.com/authid/detail.url?authorId=54684780900,Harvard University,raymakers,r,adam jn,adam jn raymakers,[],a raymakers
"Haeri, Soroush",14,2020,270,19.3,1.96,10,54787498500,https://www.scopus.com/authid/detail.url?authorId=54787498500,"Huawei Technologies Co., Ltd.",haeri,h,soroush,soroush haeri,[],s haeri
"Zhu, Yifei",14,2020,290,20.7,2.28,18,57227645300,https://www.scopus.com/authid/detail.url?authorId=57227645300,Shanghai Jiao Tong University,zhu,z,yifei,yifei zhu,[],y zhu
"McWhinney, Edward C.",14,2024,17,1.2,0.27,3,55372675600,https://www.scopus.com/authid/detail.url?authorId=55372675600,Unknown affiliation,mcwhinney,m,edward c,edward c mcwhinney,[],e mcwhinney
"Woods, Ryan R.",14,2024,93,6.6,0.84,40,56585324000,https://www.scopus.com/authid/detail.url?authorId=56585324000,University of British Columbia,woods,w,ryan r,ryan r woods,[],r woods
"Eslamibidgoli, Mohammad Javad",14,2022,348,24.9,0.9,14,55444628700,https://www.scopus.com/authid/detail.url?authorId=55444628700,Jülich Research Centre,eslamibidgoli,e,mohammad javad,mohammad javad eslamibidgoli,[],m eslamibidgoli
"Kumpulainen, Kristiina",14,2025,46,3.3,1.76,26,7003394518,https://www.scopus.com/authid/detail.url?authorId=7003394518,Simon Fraser University,kumpulainen,k,kristiina,kristiina kumpulainen,[],k kumpulainen
"Stockdale, Jessica E.",14,2023,384,27.4,2.28,8,57218123099,https://www.scopus.com/authid/detail.url?authorId=57218123099,Simon Fraser University,stockdale,s,jessica e,jessica e stockdale,[],j stockdale
"Li, Zhida",14,2023,334,23.9,3.44,11,57190841490,https://www.scopus.com/authid/detail.url?authorId=57190841490,New York Institute of Technology,li,l,zhida,zhida li,[],z li
"Chen, Zhiqin",14,2023,2052,146.6,7.8,12,57214778958,https://www.scopus.com/authid/detail.url?authorId=57214778958,Adobe Systems Incorporated,chen,c,zhiqin,zhiqin chen,[],z chen
"O'Neill, Susan A.",14,2021,75,5.4,0.92,13,7102723195,https://www.scopus.com/authid/detail.url?authorId=7102723195,University College London,oneill,o,susan a,susan a oneill,[],s oneill
"Vora, Keval",14,2024,316,22.6,3.34,14,56275447300,https://www.scopus.com/authid/detail.url?authorId=56275447300,Simon Fraser University,vora,v,keval,keval vora,[],k vora
"Lapides, Dana Ariel",14,2025,117,8.4,1.21,8,57215933143,https://www.scopus.com/authid/detail.url?authorId=57215933143,United States Department of Agriculture,lapides,l,dana ariel,dana ariel lapides,[],d lapides
"Paul, Michael T.Y.",14,2021,277,19.8,0.63,12,55808774500,https://www.scopus.com/authid/detail.url?authorId=55808774500,Simon Fraser University,paul,p,michael ty,michael ty paul,[],m paul
"Weldrick, Rachel",14,2024,128,9.1,2.03,7,57200444598,https://www.scopus.com/authid/detail.url?authorId=57200444598,McMaster University,weldrick,w,rachel,rachel weldrick,[],r weldrick
"DeBenedictis, Andrew",14,2025,154,11.0,0.46,14,6603200952,https://www.scopus.com/authid/detail.url?authorId=6603200952,Simon Fraser University,debenedictis,d,andrew,andrew debenedictis,[],a debenedictis
"Kimbrough, Erik O.",14,2020,417,29.8,1.98,14,35484426400,https://www.scopus.com/authid/detail.url?authorId=35484426400,Chapman University,kimbrough,k,erik o,erik o kimbrough,[],e kimbrough
"Armijo, Leslie Elliott",14,2024,64,4.6,0.84,14,6602405706,https://www.scopus.com/authid/detail.url?authorId=6602405706,Simon Fraser University,armijo,a,leslie elliott,leslie elliott armijo,[],l armijo
"Reich, Blaize Horner",13,2023,397,30.5,1.56,22,7006146796,https://www.scopus.com/authid/detail.url?authorId=7006146796,Simon Fraser University,reich,r,blaize horner,blaize horner reich,[],b reich
"Zang, Xiao",13,2021,271,20.8,1.17,15,57192159108,https://www.scopus.com/authid/detail.url?authorId=57192159108,University of Minnesota Twin Cities,zang,z,xiao,xiao zang,[],x zang
"Elgendi, Mohamed",13,2022,444,34.2,2.12,37,58898892700,https://www.scopus.com/authid/detail.url?authorId=58898892700,Khalifa University of Science and Technology,elgendi,e,mohamed,mohamed elgendi,[],m elgendi
"Firth, Caislin Leah",13,2023,140,10.8,0.97,15,56268935100,https://www.scopus.com/authid/detail.url?authorId=56268935100,University of Washington,firth,f,caislin leah,caislin leah firth,[],c firth
"Malek, Kourosh",13,2020,510,39.2,1.31,21,55390529400,https://www.scopus.com/authid/detail.url?authorId=55390529400,Jülich Research Centre,malek,m,kourosh,kourosh malek,[],k malek
"Chen, Lei",13,2022,315,24.2,1.27,6,56612496600,https://www.scopus.com/authid/detail.url?authorId=56612496600,Simon Fraser University,chen,c,lei,lei chen,[],l chen
"Pang, Carolyn",13,2020,267,20.5,1.3,11,55735075900,https://www.scopus.com/authid/detail.url?authorId=55735075900,Oracle Corporation,pang,p,carolyn,carolyn pang,[],c pang
"van Santen, Jeffrey A.",13,2025,1552,119.4,9.39,13,56699718200,https://www.scopus.com/authid/detail.url?authorId=56699718200,Simon Fraser University,van santen,v,jeffrey a,jeffrey a van santen,[],j van santen
"Gebre, Engida H.",13,2024,166,12.8,0.84,8,55521273600,https://www.scopus.com/authid/detail.url?authorId=55521273600,Simon Fraser University,gebre,g,engida h,engida h gebre,[],e gebre
"Gupta, Ankit",13,2022,63,4.8,0.76,5,56047701900,https://www.scopus.com/authid/detail.url?authorId=56047701900,Simon Fraser University,gupta,g,ankit,ankit gupta,[],a gupta
"Zhai, Huimin",13,2023,240,18.5,0.79,9,56462108800,https://www.scopus.com/authid/detail.url?authorId=56462108800,Simon Fraser University,zhai,z,huimin,huimin zhai,[],h zhai
"Druick, Zoë",13,2022,63,4.8,1.11,7,16311991800,https://www.scopus.com/authid/detail.url?authorId=16311991800,Simon Fraser University,druick,d,zoë,zoë druick,[],z druick
"Artelle, Kyle A.",13,2020,493,37.9,2.21,18,36986800100,https://www.scopus.com/authid/detail.url?authorId=36986800100,SUNY College of Environmental Science and Forestry,artelle,a,kyle a,kyle a artelle,[],k artelle
"Kozhemiako, Nataliia",13,2022,175,13.5,0.82,10,57204181205,https://www.scopus.com/authid/detail.url?authorId=57204181205,Harvard University,kozhemiako,k,nataliia,nataliia kozhemiako,[],n kozhemiako
"McCague, Claire",13,2022,351,27.0,1.27,8,6507466317,https://www.scopus.com/authid/detail.url?authorId=6507466317,Simon Fraser University,mccague,m,claire,claire mccague,[],c mccague
"Bigman, Jennifer S.",13,2023,221,17.0,1.2,10,56481597400,https://www.scopus.com/authid/detail.url?authorId=56481597400,National Oceanic and Atmospheric Administration,bigman,b,jennifer s,jennifer s bigman,[],j bigman
"Battersby, Lupin",13,2025,429,33.0,1.89,9,14424001600,https://www.scopus.com/authid/detail.url?authorId=14424001600,Simon Fraser University,battersby,b,lupin,lupin battersby,[],l battersby
"Aksoy, Yagiz",13,2025,178,13.7,1.22,8,55420223500,https://www.scopus.com/authid/detail.url?authorId=55420223500,Swiss Federal Institute of Technology Zurich,aksoy,a,yagiz,yagiz aksoy,[],y aksoy
"Schaub, Torsten H.",13,2020,323,24.8,2.41,43,7005040713,https://www.scopus.com/authid/detail.url?authorId=7005040713,University of Potsdam,schaub,s,torsten h,torsten h schaub,[],t schaub
"Goh, Jie Mein",13,2025,676,52.0,1.97,9,24777941300,https://www.scopus.com/authid/detail.url?authorId=24777941300,Simon Fraser University,goh,g,jie mein,jie mein goh,[],j goh
"Krishnamurti, Ramesh",13,2022,31,2.4,0.3,12,36093040500,https://www.scopus.com/authid/detail.url?authorId=36093040500,Simon Fraser University,krishnamurti,k,ramesh,ramesh krishnamurti,[],r krishnamurti
"do Vale, T. Dias",13,2024,219,16.8,3.59,12,57202912172,https://www.scopus.com/authid/detail.url?authorId=57202912172,Simon Fraser University,do vale,d,t dias,t dias do vale,[],t do vale
"Ghanbari, Hamidreza",13,2024,232,17.8,1.87,8,57576416100,https://www.scopus.com/authid/detail.url?authorId=57576416100,Simon Fraser University,ghanbari,g,hamidreza,hamidreza ghanbari,[],h ghanbari
"Rosenkrantz, Leah",13,2024,238,18.3,2.32,8,57209315779,https://www.scopus.com/authid/detail.url?authorId=57209315779,Simon Fraser University,rosenkrantz,r,leah,leah rosenkrantz,[],l rosenkrantz
"Nicholas, Michelle",13,2024,89,6.8,0.77,4,57222243829,https://www.scopus.com/authid/detail.url?authorId=57222243829,Simon Fraser University,nicholas,n,michelle,michelle nicholas,[],m nicholas
"Heift, Trude",13,2021,87,6.7,1.01,16,6506216320,https://www.scopus.com/authid/detail.url?authorId=6506216320,Simon Fraser University,heift,h,trude,trude heift,[],t heift
"Chow-White, Peter A.",13,2021,869,66.8,3.73,17,15020293200,https://www.scopus.com/authid/detail.url?authorId=15020293200,University of British Columbia,chow-white,c,peter a,peter a chow-white,[],p chow-white
"Vaucher, Romain",13,2023,189,14.5,1.17,13,56638333700,https://www.scopus.com/authid/detail.url?authorId=56638333700,University of Geneva,vaucher,v,romain,romain vaucher,[],r vaucher
"Domingo, Thomas",13,2020,125,9.6,0.49,7,55783025200,https://www.scopus.com/authid/detail.url?authorId=55783025200,Simon Fraser University,domingo,d,thomas,thomas domingo,[],t domingo
"Akbari, Mohammad",12,2023,286,23.8,1.99,11,57212395140,https://www.scopus.com/authid/detail.url?authorId=57212395140,Unknown affiliation,akbari,a,mohammad,mohammad akbari,[],m akbari
"Larsen, Kristian",12,2022,116,9.7,0.74,21,56670799800,https://www.scopus.com/authid/detail.url?authorId=56670799800,University of Toronto,larsen,l,kristian,kristian larsen,[],k larsen
"Geva-May, Iris",12,2023,79,6.6,0.98,13,6603318969,https://www.scopus.com/authid/detail.url?authorId=6603318969,Unknown affiliation,geva-may,g,iris,iris geva-may,[],i geva-may
"Little, Chelsea J.",12,2024,104,8.7,1.4,21,55904182200,https://www.scopus.com/authid/detail.url?authorId=55904182200,University of Zurich,little,l,chelsea j,chelsea j little,[],c little
"Ross, Stephanie A.",12,2022,198,16.5,0.95,10,57193016869,https://www.scopus.com/authid/detail.url?authorId=57193016869,University of Calgary,ross,r,stephanie a,stephanie a ross,[],s ross
"Knetsch, Jack L.",12,2021,96,8.0,0.64,12,6603160014,https://www.scopus.com/authid/detail.url?authorId=6603160014,Simon Fraser University,knetsch,k,jack l,jack l knetsch,[],j knetsch
"Cukierman, Diana R.",12,2024,117,9.8,2.1,8,6603278347,https://www.scopus.com/authid/detail.url?authorId=6603278347,Simon Fraser University,cukierman,c,diana r,diana r cukierman,[],d cukierman
"Woo, Joanna",12,2024,264,22.0,1.85,20,7401752961,https://www.scopus.com/authid/detail.url?authorId=7401752961,Simon Fraser University,woo,w,joanna,joanna woo,[],j woo
"Connors, Brendan M.",12,2024,287,23.9,1.87,20,24072867600,https://www.scopus.com/authid/detail.url?authorId=24072867600,Fisheries and Oceans Canada,connors,c,brendan m,brendan m connors,[],b connors
"Ibrahim, Omar A.",12,2022,456,38.0,1.25,11,55511668700,https://www.scopus.com/authid/detail.url?authorId=55511668700,Unknown affiliation,ibrahim,i,omar a,omar a ibrahim,[],o ibrahim
"Fillion, Nicolas",12,2021,53,4.4,1.47,6,55848024100,https://www.scopus.com/authid/detail.url?authorId=55848024100,Simon Fraser University,fillion,f,nicolas,nicolas fillion,[],n fillion
"Erikson, Susan L.",12,2021,195,16.3,1.38,12,22950529700,https://www.scopus.com/authid/detail.url?authorId=22950529700,University of Denver,erikson,e,susan l,susan l erikson,[],s erikson
"Custic, Ante",12,2024,90,7.5,0.72,7,56692881000,https://www.scopus.com/authid/detail.url?authorId=56692881000,Simon Fraser University,custic,c,ante,ante custic,[],a custic
"Dunic, Jillian C.",12,2023,616,51.3,3.41,11,56716571500,https://www.scopus.com/authid/detail.url?authorId=56716571500,Fisheries and Oceans Canada,dunic,d,jillian c,jillian c dunic,[],j dunic
"Vaswani, Sharan",12,2025,38,3.2,0.57,10,55608316200,https://www.scopus.com/authid/detail.url?authorId=55608316200,Simon Fraser University,vaswani,v,sharan,sharan vaswani,[],s vaswani
"Pan, Rui",12,2020,260,21.7,1.28,10,57193528672,https://www.scopus.com/authid/detail.url?authorId=57193528672,Simon Fraser University,pan,p,rui,rui pan,[],r pan
"Freeman, David Juri",12,2024,83,6.9,0.42,5,56643995600,https://www.scopus.com/authid/detail.url?authorId=56643995600,Simon Fraser University,freeman,f,david juri,david juri freeman,[],d freeman
"Cassidy, Wanda",12,2021,196,16.3,2.57,10,10045656500,https://www.scopus.com/authid/detail.url?authorId=10045656500,Simon Fraser University,cassidy,c,wanda,wanda cassidy,[],w cassidy
"Dyck, Brendan J.",12,2021,353,29.4,2.04,14,55258077800,https://www.scopus.com/authid/detail.url?authorId=55258077800,University of British Columbia,dyck,d,brendan j,brendan j dyck,[],b dyck
"Ranjbar Alvar, Saeed",12,2024,173,14.4,1.59,9,56368458900,https://www.scopus.com/authid/detail.url?authorId=56368458900,Unknown affiliation,ranjbar alvar,r,saeed,saeed ranjbar alvar,[],s ranjbar alvar
"Herrenbrueck, Lucas",12,2025,141,11.8,0.91,6,57076819200,https://www.scopus.com/authid/detail.url?authorId=57076819200,Simon Fraser University,herrenbrueck,h,lucas,lucas herrenbrueck,[],l herrenbrueck
"Marín-Tello, Carmen Luisa",12,2024,20,1.7,0.13,13,57203105187,https://www.scopus.com/authid/detail.url?authorId=57203105187,Simon Fraser University,marín-tello,m,carmen luisa,carmen luisa marín-tello,[],c marín-tello
"Chen, Binyu",12,2025,173,14.4,1.44,8,57217236520,https://www.scopus.com/authid/detail.url?authorId=57217236520,Simon Fraser University,chen,c,binyu,binyu chen,[],b chen
"Pullmer, Rachelle",12,2020,220,18.3,0.7,9,55574841700,https://www.scopus.com/authid/detail.url?authorId=55574841700,Unknown affiliation,pullmer,p,rachelle,rachelle pullmer,[],r pullmer
"Rayani, Kaveh",12,2022,277,23.1,0.85,10,56040271800,https://www.scopus.com/authid/detail.url?authorId=56040271800,University of British Columbia,rayani,r,kaveh,kaveh rayani,[],k rayani
"Wu, Zheng",12,2024,131,10.9,1.69,29,8552760400,https://www.scopus.com/authid/detail.url?authorId=8552760400,University of Victoria BC,wu,w,zheng,zheng wu,[],z wu
"Gicas, Kristina M.",12,2021,196,16.3,0.66,12,56411977100,https://www.scopus.com/authid/detail.url?authorId=56411977100,University of the Fraser Valley,gicas,g,kristina m,kristina m gicas,[],k gicas
"Chartrand, Shawn M.",12,2024,63,5.3,0.89,10,56654395600,https://www.scopus.com/authid/detail.url?authorId=56654395600,Simon Fraser University,chartrand,c,shawn m,shawn m chartrand,[],s chartrand
"Ryan, Michael B.",12,2024,164,13.7,0.72,21,7403184356,https://www.scopus.com/authid/detail.url?authorId=7403184356,Simon Fraser University,ryan,r,michael b,michael b ryan,[],m ryan
"Vigouroux, Cécile B.",12,2024,151,12.6,3.02,15,16551377100,https://www.scopus.com/authid/detail.url?authorId=16551377100,Simon Fraser University,vigouroux,v,cécile b,cécile b vigouroux,[],c vigouroux
"Andreu, Irene",12,2024,140,11.7,0.48,14,55257067900,https://www.scopus.com/authid/detail.url?authorId=55257067900,University of Rhode Island,andreu,a,irene,irene andreu,[],i andreu
"Abdelsayed, Mena",12,2023,512,42.7,2.57,11,55747857100,https://www.scopus.com/authid/detail.url?authorId=55747857100,Simon Fraser University,abdelsayed,a,mena,mena abdelsayed,[],m abdelsayed
"Hill, Cher M.",12,2025,129,10.8,1.23,5,14043637100,https://www.scopus.com/authid/detail.url?authorId=14043637100,Simon Fraser University,hill,h,cher m,cher m hill,[],c hill
"Dexter, Nick C.",12,2023,234,19.5,1.72,6,57189359585,https://www.scopus.com/authid/detail.url?authorId=57189359585,Florida State University,dexter,d,nick c,nick c dexter,[],n dexter
"Ashouri, Mahyar",12,2025,46,3.8,0.47,7,57576318500,https://www.scopus.com/authid/detail.url?authorId=57576318500,Simon Fraser University,ashouri,a,mahyar,mahyar ashouri,[],m ashouri
"Deng, Zhiwei",12,2020,962,80.2,2.77,9,56612657000,https://www.scopus.com/authid/detail.url?authorId=56612657000,Simon Fraser University,deng,d,zhiwei,zhiwei deng,[],z deng
"Rizwan, U.",12,2025,123,10.3,0.55,7,56102338200,https://www.scopus.com/authid/detail.url?authorId=56102338200,Simon Fraser University,rizwan,r,u,u rizwan,[],u rizwan
"Colligan, Colette",12,2024,30,2.5,0.32,6,26037127900,https://www.scopus.com/authid/detail.url?authorId=26037127900,Université d'Angers,colligan,c,colette,colette colligan,[],c colligan
"Guzman, Laura Melissa",12,2024,403,33.6,3.49,13,57204053999,https://www.scopus.com/authid/detail.url?authorId=57204053999,Cornell University,guzman,g,laura melissa,laura melissa guzman,[],l guzman
"Baghban Karimi, Ouldooz",12,2025,72,6.0,0.95,7,15061535900,https://www.scopus.com/authid/detail.url?authorId=15061535900,Simon Fraser University,baghban karimi,b,ouldooz,ouldooz baghban karimi,[],o baghban karimi
"Pidgeon, Michelle",12,2023,212,17.7,1.24,7,6603331476,https://www.scopus.com/authid/detail.url?authorId=6603331476,Simon Fraser University,pidgeon,p,michelle,michelle pidgeon,[],m pidgeon
"Faucher, Chantal",12,2021,196,16.3,2.57,8,35174289300,https://www.scopus.com/authid/detail.url?authorId=35174289300,Simon Fraser University,faucher,f,chantal,chantal faucher,[],c faucher
"Craig, Stephanie G.",11,2023,385,35.0,2.05,16,55520207400,https://www.scopus.com/authid/detail.url?authorId=55520207400,University of Guelph,craig,c,stephanie g,stephanie g craig,[],s craig
"Reilly, Katherine Margaret Anne",11,2025,75,6.8,0.54,4,57208432676,https://www.scopus.com/authid/detail.url?authorId=57208432676,Simon Fraser University,reilly,r,katherine margaret anne,katherine margaret anne reilly,[],k reilly
"Wu, Di",11,2022,110,10.0,0.71,7,59619524600,https://www.scopus.com/authid/detail.url?authorId=59619524600,Tampere University,wu,w,di,di wu,[],d wu
"Huttema, Wendell A.",11,2020,293,26.6,1.07,16,12759816400,https://www.scopus.com/authid/detail.url?authorId=12759816400,Simon Fraser University,huttema,h,wendell a,wendell a huttema,[],w huttema
"Zhang, Hua",11,2025,145,13.2,0.81,7,56675471800,https://www.scopus.com/authid/detail.url?authorId=56675471800,Simon Fraser University,zhang,z,hua,hua zhang,[],h zhang
"Daldegan-Bueno, Dimitri",11,2024,143,13.0,1.37,11,57216860533,https://www.scopus.com/authid/detail.url?authorId=57216860533,The University of Auckland,daldegan-bueno,d,dimitri,dimitri daldegan-bueno,[],d daldegan-bueno
"Watt, Sarah",11,2025,81,7.4,0.77,7,57191317092,https://www.scopus.com/authid/detail.url?authorId=57191317092,Simon Fraser University,watt,w,sarah,sarah watt,[],s watt
"Sierra-Hernandez, Carlos A.",11,2025,67,6.1,0.92,6,54941411000,https://www.scopus.com/authid/detail.url?authorId=54941411000,Simon Fraser University,sierra-hernandez,s,carlos a,carlos a sierra-hernandez,[],c sierra-hernandez
"Mwimanzi, Francis M.",11,2024,255,23.2,3.57,9,56677753600,https://www.scopus.com/authid/detail.url?authorId=56677753600,Simon Fraser University,mwimanzi,m,francis m,francis m mwimanzi,[],f mwimanzi
"Ben Yedder, Hanene",11,2025,225,20.5,2.32,7,57196223372,https://www.scopus.com/authid/detail.url?authorId=57196223372,Simon Fraser University,ben yedder,b,hanene,hanene ben yedder,[],h ben yedder
"Challis, John R.G.",11,2021,198,18.0,0.84,60,36012752000,https://www.scopus.com/authid/detail.url?authorId=36012752000,University of Toronto,challis,c,john rg,john rg challis,[],j challis
"DeAbreu, Adam",11,2023,276,25.1,1.53,7,56572674100,https://www.scopus.com/authid/detail.url?authorId=56572674100,Unknown affiliation,deabreu,d,adam,adam deabreu,[],a deabreu
"Pavlov, Andrey D.",11,2024,116,10.5,0.72,14,7202329287,https://www.scopus.com/authid/detail.url?authorId=7202329287,Simon Fraser University,pavlov,p,andrey d,andrey d pavlov,[],a pavlov
"Sadeghi Alavijeh, Alireza",11,2020,608,55.3,2.15,10,56414955300,https://www.scopus.com/authid/detail.url?authorId=56414955300,Simon Fraser University,sadeghi alavijeh,s,alireza,alireza sadeghi alavijeh,[],a sadeghi alavijeh
"Thomas, Rohan",11,2020,39,3.5,0.54,5,55481796400,https://www.scopus.com/authid/detail.url?authorId=55481796400,Simon Fraser University,thomas,t,rohan,rohan thomas,[],r thomas
"Chang, David",11,2022,45,4.1,0.62,4,57188537234,https://www.scopus.com/authid/detail.url?authorId=57188537234,Simon Fraser University,chang,c,david,david chang,[],d chang
"Francis, June N.P.",11,2024,159,14.5,0.68,9,7201708461,https://www.scopus.com/authid/detail.url?authorId=7201708461,Simon Fraser University,francis,f,june np,june np francis,[],j francis
"Mattsson, Jim",11,2024,143,13.0,0.58,17,7101855217,https://www.scopus.com/authid/detail.url?authorId=7101855217,Simon Fraser University,mattsson,m,jim,jim mattsson,[],j mattsson
"Lyons, Natasha",11,2023,221,20.1,3.87,14,7004878967,https://www.scopus.com/authid/detail.url?authorId=7004878967,Unknown affiliation,lyons,l,natasha,natasha lyons,[],n lyons
"Peddie, David",11,2022,188,17.1,0.88,6,57189294646,https://www.scopus.com/authid/detail.url?authorId=57189294646,Unknown affiliation,peddie,p,david,david peddie,[],d peddie
"Dow, Gregory K.",11,2024,135,12.3,0.76,11,7006042068,https://www.scopus.com/authid/detail.url?authorId=7006042068,Simon Fraser University,dow,d,gregory k,gregory k dow,[],g dow
"Angus, Ian H.",11,2023,10,0.9,0.35,7,16404517600,https://www.scopus.com/authid/detail.url?authorId=16404517600,Simon Fraser University,angus,a,ian h,ian h angus,[],i angus
"Nie, Yunlong",11,2023,124,11.3,0.82,7,57072537400,https://www.scopus.com/authid/detail.url?authorId=57072537400,Simon Fraser University,nie,n,yunlong,yunlong nie,[],y nie
"Boucher, Troy Q.",11,2024,62,5.6,0.76,5,57222059516,https://www.scopus.com/authid/detail.url?authorId=57222059516,Simon Fraser University,boucher,b,troy q,troy q boucher,[],t boucher
"Meraj, Sanam",11,2024,60,5.5,0.84,5,57221344573,https://www.scopus.com/authid/detail.url?authorId=57221344573,Simon Fraser University,meraj,m,sanam,sanam meraj,[],s meraj
"Derwing, Tracey M.",11,2024,146,13.3,3.92,34,6601934956,https://www.scopus.com/authid/detail.url?authorId=6601934956,University of Alberta,derwing,d,tracey m,tracey m derwing,[],t derwing
"Hasani, Amirhossein",11,2024,266,24.2,2.01,24,56501775400,https://www.scopus.com/authid/detail.url?authorId=56501775400,Montana State University,hasani,h,amirhossein,amirhossein hasani,[],a hasani
"Koehle, Michael Stephen",11,2024,236,21.5,1.08,31,6602850378,https://www.scopus.com/authid/detail.url?authorId=6602850378,University of British Columbia,koehle,k,michael stephen,michael stephen koehle,[],m koehle
"Zhao, Natalie Bin",11,2024,193,17.5,1.54,10,55469069100,https://www.scopus.com/authid/detail.url?authorId=55469069100,Simon Fraser University,zhao,z,natalie bin,natalie bin zhao,[],n zhao
"Bushell, Kevin R.",11,2022,608,55.3,2.76,10,56507210600,https://www.scopus.com/authid/detail.url?authorId=56507210600,Simon Fraser University,bushell,b,kevin r,kevin r bushell,[],k bushell
"Lewis, Andrew R.",11,2022,155,14.1,0.69,16,13204505400,https://www.scopus.com/authid/detail.url?authorId=13204505400,Callaghan Innovation,lewis,l,andrew r,andrew r lewis,[],a lewis
"He, Jiawei",11,2022,387,35.2,1.53,7,57203202144,https://www.scopus.com/authid/detail.url?authorId=57203202144,Simon Fraser University,he,h,jiawei,jiawei he,[],j he
"Rubin, Amir",11,2025,309,28.1,0.85,13,17136190700,https://www.scopus.com/authid/detail.url?authorId=17136190700,Simon Fraser University,rubin,r,amir,amir rubin,[],a rubin
"Beck, Kumari V.",11,2024,79,7.2,0.5,5,55554373000,https://www.scopus.com/authid/detail.url?authorId=55554373000,Simon Fraser University,beck,b,kumari v,kumari v beck,[],k beck
"Herasymchuk, Khrystyna",11,2021,290,26.4,0.89,8,55695944600,https://www.scopus.com/authid/detail.url?authorId=55695944600,Simon Fraser University,herasymchuk,h,khrystyna,khrystyna herasymchuk,[],k herasymchuk
"Knox, Fiachra",11,2021,52,4.7,0.48,6,37077319000,https://www.scopus.com/authid/detail.url?authorId=37077319000,Simon Fraser University,knox,k,fiachra,fiachra knox,[],f knox
"Smith, N. S.",11,2021,519,47.2,2.19,10,56127029700,https://www.scopus.com/authid/detail.url?authorId=56127029700,Simon Fraser University,smith,s,n s,n s smith,[],n smith
"Nicholls, Tonia L.G.",11,2024,170,15.5,0.98,33,8699230900,https://www.scopus.com/authid/detail.url?authorId=8699230900,Provincial Health Services Authority,nicholls,n,tonia lg,tonia lg nicholls,[],t nicholls
"Kerr, Jeannie",11,2024,5,0.5,0.34,5,54385419100,https://www.scopus.com/authid/detail.url?authorId=54385419100,Simon Fraser University,kerr,k,jeannie,jeannie kerr,[],j kerr
"Cornell, Rosemary B.",11,2020,314,28.5,0.68,28,7103379911,https://www.scopus.com/authid/detail.url?authorId=7103379911,Simon Fraser University,cornell,c,rosemary b,rosemary b cornell,[],r cornell
"Petersen, Luba",11,2025,161,14.6,1.32,8,56084445900,https://www.scopus.com/authid/detail.url?authorId=56084445900,Simon Fraser University,petersen,p,luba,luba petersen,[],l petersen
"Baillie, David Leonard",11,2023,128,11.6,0.41,41,35241837000,https://www.scopus.com/authid/detail.url?authorId=35241837000,Simon Fraser University,baillie,b,david leonard,david leonard baillie,[],d baillie
"Cojocaru, Razvan",11,2024,692,62.9,1.74,7,56394329000,https://www.scopus.com/authid/detail.url?authorId=56394329000,Unknown affiliation,cojocaru,c,razvan,razvan cojocaru,[],r cojocaru
"Chen, Jiacheng",11,2025,167,15.2,4.66,6,57203151209,https://www.scopus.com/authid/detail.url?authorId=57203151209,Simon Fraser University,chen,c,jiacheng,jiacheng chen,[],j chen
"Schwartz, Eduardo S.",11,2024,95,8.6,0.64,30,56823824000,https://www.scopus.com/authid/detail.url?authorId=56823824000,Simon Fraser University,schwartz,s,eduardo s,eduardo s schwartz,[],e schwartz
"Sang, Yurou",11,2024,241,21.9,3.53,7,57223603402,https://www.scopus.com/authid/detail.url?authorId=57223603402,Simon Fraser University,sang,s,yurou,yurou sang,[],y sang
"Hosseini, Vahid",11,2025,103,9.4,1.43,26,57159375700,https://www.scopus.com/authid/detail.url?authorId=57159375700,Simon Fraser University,hosseini,h,vahid,vahid hosseini,[],v hosseini
"Scrivens, Ryan",11,2023,289,26.3,2.59,16,57125976800,https://www.scopus.com/authid/detail.url?authorId=57125976800,Michigan State University,scrivens,s,ryan,ryan scrivens,[],r scrivens
"Rad, Reza Moradi",11,2020,273,24.8,1.6,12,57196880245,https://www.scopus.com/authid/detail.url?authorId=57196880245,Simon Fraser University,rad,r,reza moradi,reza moradi rad,[],r rad
"Fischer, Jaimy",11,2022,235,21.4,1.43,8,57203659741,https://www.scopus.com/authid/detail.url?authorId=57203659741,University of Toronto,fischer,f,jaimy,jaimy fischer,[],j fischer
"Moustafa, Tamir",11,2024,197,17.9,1.3,12,6603685013,https://www.scopus.com/authid/detail.url?authorId=6603685013,Simon Fraser University,moustafa,m,tamir,tamir moustafa,[],t moustafa
"Samantha Sherman, C. Samantha",10,2024,852,85.2,7.82,11,57201135135,https://www.scopus.com/authid/detail.url?authorId=57201135135,Simon Fraser University,samantha sherman,s,c samantha,c samantha samantha sherman,[],c samantha sherman
"Richards, John G.",10,2024,45,4.5,0.38,6,16195544700,https://www.scopus.com/authid/detail.url?authorId=16195544700,Simon Fraser University,richards,r,john g,john g richards,[],j richards
"Mardle, Peter",10,2024,241,24.1,1.96,12,57203398389,https://www.scopus.com/authid/detail.url?authorId=57203398389,National Research Council of Canada,mardle,m,peter,peter mardle,[],p mardle
"Moraga, Sebastián Mildiner",10,2025,86,8.6,2.14,5,57218343898,https://www.scopus.com/authid/detail.url?authorId=57218343898,Simon Fraser University,moraga,m,sebastián mildiner,sebastián mildiner moraga,[],s moraga
"MacKay Altman, Rachel Mac Kay",10,2024,27,2.7,0.31,7,8553982900,https://www.scopus.com/authid/detail.url?authorId=8553982900,Simon Fraser University,mackay altman,m,rachel mac kay,rachel mac kay mackay altman,[],r mackay altman
"Tatar, Kıvanç",10,2021,202,20.2,3.76,7,57189068416,https://www.scopus.com/authid/detail.url?authorId=57189068416,Chalmers University of Technology,tatar,t,kıvanç,kıvanç tatar,[],k tatar
"Migone, Andrea Riccardo",10,2025,48,4.8,1.99,12,16426069300,https://www.scopus.com/authid/detail.url?authorId=16426069300,Simon Fraser University,migone,m,andrea riccardo,andrea riccardo migone,[],a migone
"van Poorten, Brett T.",10,2023,71,7.1,0.74,18,8324771200,https://www.scopus.com/authid/detail.url?authorId=8324771200,Simon Fraser University,van poorten,v,brett t,brett t van poorten,[],b van poorten
"Chow, Vincent Tze Yang",10,2025,243,24.3,4.22,6,57216503376,https://www.scopus.com/authid/detail.url?authorId=57216503376,Simon Fraser University,chow,c,vincent tze yang,vincent tze yang chow,[],v chow
"Chu, Lingyang",10,2020,217,21.7,1.13,13,56240495000,https://www.scopus.com/authid/detail.url?authorId=56240495000,McMaster University,chu,c,lingyang,lingyang chu,[],l chu
"Chen, Yuchi",10,2022,112,11.2,0.88,6,57193485712,https://www.scopus.com/authid/detail.url?authorId=57193485712,Simon Fraser University,chen,c,yuchi,yuchi chen,[],y chen
"Azevedo, Vinicius Cavicchioli",10,2024,138,13.8,0.77,10,56007286400,https://www.scopus.com/authid/detail.url?authorId=56007286400,Simon Fraser University,azevedo,a,vinicius cavicchioli,vinicius cavicchioli azevedo,[],v azevedo
"Walsh, Jessica C.",10,2020,507,50.7,2.49,20,57193119643,https://www.scopus.com/authid/detail.url?authorId=57193119643,Monash University,walsh,w,jessica c,jessica c walsh,[],j walsh
"Bruin, Nils",10,2025,57,5.7,0.57,13,6602461056,https://www.scopus.com/authid/detail.url?authorId=6602461056,Simon Fraser University,bruin,b,nils,nils bruin,[],n bruin
"Moore, Mark A.",10,2025,115,11.5,1.26,8,7404470812,https://www.scopus.com/authid/detail.url?authorId=7404470812,Simon Fraser University,moore,m,mark a,mark a moore,[],m moore
"English, Willow B.",10,2023,262,26.2,1.83,9,56339963900,https://www.scopus.com/authid/detail.url?authorId=56339963900,Carleton University,english,e,willow b,willow b english,[],w english
"Hodgson, Emma E.",10,2023,251,25.1,1.29,13,56494322900,https://www.scopus.com/authid/detail.url?authorId=56494322900,Fisheries and Oceans Canada,hodgson,h,emma e,emma e hodgson,[],e hodgson
"Zhai, Mengyao",10,2021,264,26.4,1.24,6,56828910600,https://www.scopus.com/authid/detail.url?authorId=56828910600,Simon Fraser University,zhai,z,mengyao,mengyao zhai,[],m zhai
"Diab, Khaled M.",10,2022,82,8.2,1.09,6,56122158600,https://www.scopus.com/authid/detail.url?authorId=56122158600,Hewlett-Packard,diab,d,khaled m,khaled m diab,[],k diab
"Adeel, Zafar",10,2025,59,5.9,0.66,8,56891304200,https://www.scopus.com/authid/detail.url?authorId=56891304200,Simon Fraser University,adeel,a,zafar,zafar adeel,[],z adeel
"Blettner, Daniela Patricia",10,2024,250,25.0,1.46,8,54082749200,https://www.scopus.com/authid/detail.url?authorId=54082749200,Simon Fraser University,blettner,b,daniela patricia,daniela patricia blettner,[],d blettner
"Adam, Heribert",10,2023,62,6.2,0.58,4,7102808745,https://www.scopus.com/authid/detail.url?authorId=7102808745,Simon Fraser University,adam,a,heribert,heribert adam,[],h adam
"Longstaff, Holly",10,2024,81,8.1,0.66,13,14039234100,https://www.scopus.com/authid/detail.url?authorId=14039234100,Provincial Health Services Authority,longstaff,l,holly,holly longstaff,[],h longstaff
"Ha, Olivia Katherine",10,2024,88,8.8,0.79,6,57190497052,https://www.scopus.com/authid/detail.url?authorId=57190497052,Simon Fraser University,ha,h,olivia katherine,olivia katherine ha,[],o ha
"Giroux, Megan E.",10,2023,121,12.1,0.68,5,57191909603,https://www.scopus.com/authid/detail.url?authorId=57191909603,Simon Fraser University,giroux,g,megan e,megan e giroux,[],m giroux
"Schellenberg, Betty A.",10,2024,14,1.4,0.8,5,26034968100,https://www.scopus.com/authid/detail.url?authorId=26034968100,Simon Fraser University,schellenberg,s,betty a,betty a schellenberg,[],b schellenberg
"Engel, Lidia",10,2021,229,22.9,1.14,19,56057958900,https://www.scopus.com/authid/detail.url?authorId=56057958900,Monash University,engel,e,lidia,lidia engel,[],l engel
"Aziz, Omar",10,2021,431,43.1,1.59,11,54683404500,https://www.scopus.com/authid/detail.url?authorId=54683404500,Simon Fraser University,aziz,a,omar,omar aziz,[],o aziz
"Jacks, David S.",10,2021,203,20.3,2.02,18,8574630800,https://www.scopus.com/authid/detail.url?authorId=8574630800,National University of Singapore,jacks,j,david s,david s jacks,[],d jacks
"Song, Justin",10,2022,96,9.6,0.69,6,55568333600,https://www.scopus.com/authid/detail.url?authorId=55568333600,Simon Fraser University,song,s,justin,justin song,[],j song
"de Castell, Suzanne",10,2024,15,1.5,0.4,19,6506834863,https://www.scopus.com/authid/detail.url?authorId=6506834863,Simon Fraser University,de castell,d,suzanne,suzanne de castell,[],s de castell
"Anjum, Gulnaz",10,2024,169,16.9,1.62,14,57194337944,https://www.scopus.com/authid/detail.url?authorId=57194337944,University of Oslo,anjum,a,gulnaz,gulnaz anjum,[],g anjum
"Atanasova, Christina V.",10,2025,79,7.9,0.47,10,7801356398,https://www.scopus.com/authid/detail.url?authorId=7801356398,Simon Fraser University,atanasova,a,christina v,christina v atanasova,[],c atanasova
"Eng, Margaret L.",10,2020,111,11.1,0.47,14,55194656400,https://www.scopus.com/authid/detail.url?authorId=55194656400,Environment and Climate Change Canada,eng,e,margaret l,margaret l eng,[],m eng
"Xie, Yujuan",10,2022,252,25.2,0.7,8,55710306800,https://www.scopus.com/authid/detail.url?authorId=55710306800,Simon Fraser University,xie,x,yujuan,yujuan xie,[],y xie
"Xu, Jing",10,2022,8518,851.8,26.21,8,57196732836,https://www.scopus.com/authid/detail.url?authorId=57196732836,Canada's Michael Smith Genome Sciences Centre,xu,x,jing,jing xu,[],j xu
"Roberts, Ryan J.",10,2024,186,18.6,1.11,8,55250140200,https://www.scopus.com/authid/detail.url?authorId=55250140200,Simon Fraser University,roberts,r,ryan j,ryan j roberts,[],r roberts
"Wesolek, Alexandra",10,2024,36,3.6,0.97,4,57219493844,https://www.scopus.com/authid/detail.url?authorId=57219493844,Technical University of Berlin,wesolek,w,alexandra,alexandra wesolek,[],a wesolek
"Hope, Nora H.",10,2020,191,19.1,0.92,16,55200475000,https://www.scopus.com/authid/detail.url?authorId=55200475000,Simon Fraser University,hope,h,nora h,nora h hope,[],n hope
"Scheerer, Nichole E.",10,2024,124,12.4,0.42,13,55354973400,https://www.scopus.com/authid/detail.url?authorId=55354973400,Wilfrid Laurier University,scheerer,s,nichole e,nichole e scheerer,[],n scheerer
"Levinson, Jake",10,2023,61,6.1,0.65,5,55928980100,https://www.scopus.com/authid/detail.url?authorId=55928980100,Simon Fraser University,levinson,l,jake,jake levinson,[],j levinson
"Lesack, Lance F.W.",10,2023,208,20.8,1.14,27,6602182570,https://www.scopus.com/authid/detail.url?authorId=6602182570,Simon Fraser University,lesack,l,lance fw,lance fw lesack,[],l lesack
"Culham, Tom Elwood",10,2024,22,2.2,0.91,4,56652179700,https://www.scopus.com/authid/detail.url?authorId=56652179700,Simon Fraser University,culham,c,tom elwood,tom elwood culham,[],t culham
"Cooke, Dylan F.",10,2024,143,14.3,0.72,21,7202107102,https://www.scopus.com/authid/detail.url?authorId=7202107102,Simon Fraser University,cooke,c,dylan f,dylan f cooke,[],d cooke
"Akins, Kathleen A.",10,2023,159,15.9,1.25,9,55105815400,https://www.scopus.com/authid/detail.url?authorId=55105815400,Simon Fraser University,akins,a,kathleen a,kathleen a akins,[],k akins
"Choi, Stephen Kwok Kwong",9,2024,30,3.3,0.44,11,12446163000,https://www.scopus.com/authid/detail.url?authorId=12446163000,Simon Fraser University,choi,c,stephen kwok kwong,stephen kwok kwong choi,[],s choi
"Wong, Jeremy D.",9,2021,429,47.7,1.56,19,35390063600,https://www.scopus.com/authid/detail.url?authorId=35390063600,University of Calgary,wong,w,jeremy d,jeremy d wong,[],j wong
"Bassi, Thiago G.",9,2024,106,11.8,1.12,7,57222244860,https://www.scopus.com/authid/detail.url?authorId=57222244860,University of Toronto,bassi,b,thiago g,thiago g bassi,[],t bassi
"Ghuman, Dilraj",9,2024,21,2.3,1.01,2,57366141100,https://www.scopus.com/authid/detail.url?authorId=57366141100,Simon Fraser University,ghuman,g,dilraj,dilraj ghuman,[],d ghuman
"Owen, Susan D.",9,2022,140,15.6,1.13,15,56029469500,https://www.scopus.com/authid/detail.url?authorId=56029469500,National University of Singapore,owen,o,susan d,susan d owen,[],s owen
"Mulberry, Nicola",9,2023,115,12.8,0.95,5,57211081438,https://www.scopus.com/authid/detail.url?authorId=57211081438,Swiss Federal Institute of Technology Zurich,mulberry,m,nicola,nicola mulberry,[],n mulberry
"Marshall, Elizabeth A.",9,2021,35,3.9,0.67,10,7402576244,https://www.scopus.com/authid/detail.url?authorId=7402576244,Simon Fraser University,marshall,m,elizabeth a,elizabeth a marshall,[],e marshall
"Liang, Jiajian",9,2024,29,3.2,0.47,3,57192670182,https://www.scopus.com/authid/detail.url?authorId=57192670182,Simon Fraser University,liang,l,jiajian,jiajian liang,[],j liang
"Vytasek, Jovita M.",9,2020,394,43.8,4.14,8,57189848831,https://www.scopus.com/authid/detail.url?authorId=57189848831,Kwantlen Polytechnic University,vytasek,v,jovita m,jovita m vytasek,[],j vytasek
"Sajadi, Pouyan",9,2025,31,3.4,0.94,3,58668997300,https://www.scopus.com/authid/detail.url?authorId=58668997300,Simon Fraser University,sajadi,s,pouyan,pouyan sajadi,[],p sajadi
"Ali, Hafiz Munsub",9,2020,62,6.9,0.48,7,57191580250,https://www.scopus.com/authid/detail.url?authorId=57191580250,State University of New York Binghamton University,ali,a,hafiz munsub,hafiz munsub ali,[],h ali
"Mohan, Sankar",9,2021,237,26.3,0.71,18,57168665600,https://www.scopus.com/authid/detail.url?authorId=57168665600,Simon Fraser University,mohan,m,sankar,sankar mohan,[],s mohan
"Khakabimamaghani, Sahand",9,2022,122,13.6,0.75,9,36470368600,https://www.scopus.com/authid/detail.url?authorId=36470368600,Simon Fraser University,khakabimamaghani,k,sahand,sahand khakabimamaghani,[],s khakabimamaghani
"Davidson, Lindsay N.K.",9,2021,3160,351.1,9.34,12,55534859000,https://www.scopus.com/authid/detail.url?authorId=55534859000,Fisheries and Oceans Canada,davidson,d,lindsay nk,lindsay nk davidson,[],l davidson
"Tang, Chengzhou",9,2023,297,33.0,1.98,8,57202587380,https://www.scopus.com/authid/detail.url?authorId=57202587380,Meta,tang,t,chengzhou,chengzhou tang,[],c tang
"Toohey, Kelleen",9,2023,301,33.4,4.1,18,14322538300,https://www.scopus.com/authid/detail.url?authorId=14322538300,Simon Fraser University,toohey,t,kelleen,kelleen toohey,[],k toohey
"Chamberlain, Scott A.",9,2021,664,73.8,1.39,17,16229564500,https://www.scopus.com/authid/detail.url?authorId=16229564500,Unknown affiliation,chamberlain,c,scott a,scott a chamberlain,[],s chamberlain
"Parent, Richard B.",9,2024,89,9.9,0.77,6,7004952847,https://www.scopus.com/authid/detail.url?authorId=7004952847,Simon Fraser University,parent,p,richard b,richard b parent,[],r parent
"McPherran, Mark L.",9,2023,6,0.7,0.39,8,16436297000,https://www.scopus.com/authid/detail.url?authorId=16436297000,Simon Fraser University,mcpherran,m,mark l,mark l mcpherran,[],m mcpherran
"Dyck, Noel",9,2020,35,3.9,0.68,7,6507646171,https://www.scopus.com/authid/detail.url?authorId=6507646171,Simon Fraser University,dyck,d,noel,noel dyck,[],n dyck
"Stefanovic, Ingrid Leman",9,2023,35,3.9,0.42,6,6701445917,https://www.scopus.com/authid/detail.url?authorId=6701445917,Simon Fraser University,stefanovic,s,ingrid leman,ingrid leman stefanovic,[],i stefanovic
"Proulx, Jason D.E.",9,2025,132,14.7,1.41,6,57191631743,https://www.scopus.com/authid/detail.url?authorId=57191631743,Simon Fraser University,proulx,p,jason de,jason de proulx,[],j proulx
"Chhokar, Callum",9,2025,14,1.6,0.53,2,57828781300,https://www.scopus.com/authid/detail.url?authorId=57828781300,Simon Fraser University,chhokar,c,callum,callum chhokar,[],c chhokar
"Trummer, Manfred R.",9,2024,24,2.7,0.26,7,7003388435,https://www.scopus.com/authid/detail.url?authorId=7003388435,Simon Fraser University,trummer,t,manfred r,manfred r trummer,[],m trummer
"Wada, Mineko",9,2020,128,14.2,0.84,13,14720465300,https://www.scopus.com/authid/detail.url?authorId=14720465300,Hiroshima University,wada,w,mineko,mineko wada,[],m wada
"Sersli, Stephanie",9,2022,170,18.9,2.03,7,56962385200,https://www.scopus.com/authid/detail.url?authorId=56962385200,Université de Sherbrooke,sersli,s,stephanie,stephanie sersli,[],s sersli
"Shireen, Naghmi",9,2020,52,5.8,0.58,6,57008318100,https://www.scopus.com/authid/detail.url?authorId=57008318100,Simon Fraser University,shireen,s,naghmi,naghmi shireen,[],n shireen
"Mackay, Caroline M.L.",9,2025,637,70.8,3.44,7,57206197175,https://www.scopus.com/authid/detail.url?authorId=57206197175,Simon Fraser University,mackay,m,caroline ml,caroline ml mackay,[],c mackay
"Zuckermann, Martin J.",9,2021,129,14.3,0.67,27,24524060600,https://www.scopus.com/authid/detail.url?authorId=24524060600,Simon Fraser University,zuckermann,z,martin j,martin j zuckermann,[],m zuckermann
"Laberee, Karen",9,2024,100,11.1,1.53,12,6508354452,https://www.scopus.com/authid/detail.url?authorId=6508354452,Simon Fraser University,laberee,l,karen,karen laberee,[],k laberee
"Sedighi, Abootaleb",9,2022,130,14.4,0.71,15,56142194800,https://www.scopus.com/authid/detail.url?authorId=56142194800,University of Toronto,sedighi,s,abootaleb,abootaleb sedighi,[],a sedighi
"Liu, Pengyu",9,2023,101,11.2,1.22,8,57204160662,https://www.scopus.com/authid/detail.url?authorId=57204160662,University of Rhode Island,liu,l,pengyu,pengyu liu,[],p liu
"Rafiey, Arash",9,2024,74,8.2,0.72,14,8982965500,https://www.scopus.com/authid/detail.url?authorId=8982965500,Indiana State University,rafiey,r,arash,arash rafiey,[],a rafiey
"Arthur, Sarah E.",9,2022,452,50.2,2.27,8,56506722800,https://www.scopus.com/authid/detail.url?authorId=56506722800,Simon Fraser University,arthur,a,sarah e,sarah e arthur,[],s arthur
"Harvey, Madison B.",9,2025,24,2.7,0.79,3,57197813030,https://www.scopus.com/authid/detail.url?authorId=57197813030,Simon Fraser University,harvey,h,madison b,madison b harvey,[],m harvey
"Fowokan, Adeleke O.",9,2021,94,10.4,0.66,8,57193083508,https://www.scopus.com/authid/detail.url?authorId=57193083508,Unknown affiliation,fowokan,f,adeleke o,adeleke o fowokan,[],a fowokan
"Vaughan, Adam David",9,2024,72,8.0,1.05,9,57193751866,https://www.scopus.com/authid/detail.url?authorId=57193751866,Texas State University,vaughan,v,adam david,adam david vaughan,[],a vaughan
"Li, Binglin",9,2023,98,10.9,1.31,7,57205368212,https://www.scopus.com/authid/detail.url?authorId=57205368212,Simon Fraser University,li,l,binglin,binglin li,[],b li
"Ren, Weiwu",9,2022,97,10.8,0.57,8,35084178600,https://www.scopus.com/authid/detail.url?authorId=35084178600,Ocean University of China,ren,r,weiwu,weiwu ren,[],w ren
"Li, Shuxing",9,2023,93,10.3,1.03,15,55315987100,https://www.scopus.com/authid/detail.url?authorId=55315987100,University of Delaware,li,l,shuxing,shuxing li,[],s li
"White, Robin T.",9,2021,383,42.6,2.21,15,57211705746,https://www.scopus.com/authid/detail.url?authorId=57211705746,Carl Zeiss SMT AG,white,w,robin t,robin t white,[],r white
"Kaur, Mandeep",9,2024,101,11.2,0.64,6,57207876087,https://www.scopus.com/authid/detail.url?authorId=57207876087,Simon Fraser University,kaur,k,mandeep,mandeep kaur,[],m kaur
"O’Neill, Deirdre Kevin",9,2022,119,13.2,4.36,7,58579346600,https://www.scopus.com/authid/detail.url?authorId=58579346600,University of Limerick,o’neill,o,deirdre kevin,deirdre kevin o’neill,[],d o’neill
"van Wieren, Ken",9,2024,73,8.1,0.51,5,56102893200,https://www.scopus.com/authid/detail.url?authorId=56102893200,Simon Fraser University,van wieren,v,ken,ken van wieren,[],k van wieren
"González Hermosillo de la Maza, Sebastian",9,2024,48,5.3,0.55,4,57195277326,https://www.scopus.com/authid/detail.url?authorId=57195277326,Simon Fraser University,gonzález hermosillo de la maza,g,sebastian,sebastian gonzález hermosillo de la maza,[],s gonzález hermosillo de la maza
"Malek, Ali M.",9,2020,352,39.1,1.31,12,55748836300,https://www.scopus.com/authid/detail.url?authorId=55748836300,National Research Council of Canada,malek,m,ali m,ali m malek,[],a malek
"Skinner, Mark Fretson",9,2025,50,5.6,1.0,16,7202488936,https://www.scopus.com/authid/detail.url?authorId=7202488936,Simon Fraser University,skinner,s,mark fretson,mark fretson skinner,[],m skinner
"Popescu, Viorel Dan",9,2020,279,31.0,0.92,23,36146070900,https://www.scopus.com/authid/detail.url?authorId=36146070900,University of Bucharest,popescu,p,viorel dan,viorel dan popescu,[],v popescu
"Griffith, Terri L.",9,2023,51,5.7,1.71,17,7102002683,https://www.scopus.com/authid/detail.url?authorId=7102002683,Simon Fraser University,griffith,g,terri l,terri l griffith,[],t griffith
"Gerdts, Donna B.",9,2023,17,1.9,0.45,8,6507352286,https://www.scopus.com/authid/detail.url?authorId=6507352286,Simon Fraser University,gerdts,g,donna b,donna b gerdts,[],d gerdts
"Wilkinson, Sophie Louise",9,2025,65,7.2,3.48,14,57200410129,https://www.scopus.com/authid/detail.url?authorId=57200410129,Simon Fraser University,wilkinson,w,sophie louise,sophie louise wilkinson,[],s wilkinson
"Agand, Pedram",9,2025,40,4.4,1.6,7,57188707502,https://www.scopus.com/authid/detail.url?authorId=57188707502,Simon Fraser University,agand,a,pedram,pedram agand,[],p agand
"Yuan, Yi",9,2022,105,11.7,0.47,4,57207812926,https://www.scopus.com/authid/detail.url?authorId=57207812926,Simon Fraser University,yuan,y,yi,yi yuan,[],y yuan
"Umviligihozo, Gisele",9,2023,289,32.1,4.29,9,43961723700,https://www.scopus.com/authid/detail.url?authorId=43961723700,Unknown affiliation,umviligihozo,u,gisele,gisele umviligihozo,[],g umviligihozo
"Mitrou, Nicholas G.A.",9,2024,71,7.9,0.43,8,55755457000,https://www.scopus.com/authid/detail.url?authorId=55755457000,Western University,mitrou,m,nicholas ga,nicholas ga mitrou,[],n mitrou
"Bruce Archibald, S.",9,2022,55,6.1,0.41,6,54384903800,https://www.scopus.com/authid/detail.url?authorId=54384903800,Simon Fraser University,bruce archibald,b,s,s bruce archibald,[],s bruce archibald
"Fyffe, Ian",9,2021,206,22.9,1.08,7,56462898000,https://www.scopus.com/authid/detail.url?authorId=56462898000,Fraser Health,fyffe,f,ian,ian fyffe,[],i fyffe
"Zanotto, Moreno",9,2024,100,11.1,0.92,5,57194636034,https://www.scopus.com/authid/detail.url?authorId=57194636034,Simon Fraser University,zanotto,z,moreno,moreno zanotto,[],m zanotto
"Yang, Luwei",9,2025,211,23.4,1.64,7,57202281467,https://www.scopus.com/authid/detail.url?authorId=57202281467,Simon Fraser University,yang,y,luwei,luwei yang,[],l yang
"Piersol, Laura",9,2020,104,11.6,4.31,5,56495615300,https://www.scopus.com/authid/detail.url?authorId=56495615300,Simon Fraser University,piersol,p,laura,laura piersol,[],l piersol
"Zhao, Mengliu",9,2022,52,5.8,0.84,4,56595915000,https://www.scopus.com/authid/detail.url?authorId=56595915000,Simon Fraser University,zhao,z,mengliu,mengliu zhao,[],m zhao
"Pimm, David",9,2024,44,4.9,2.36,8,22935412100,https://www.scopus.com/authid/detail.url?authorId=22935412100,Autonomous University of Barcelona,pimm,p,david,david pimm,[],d pimm
"Lam, Joey",9,2024,43,4.8,0.55,5,57211781008,https://www.scopus.com/authid/detail.url?authorId=57211781008,Simon Fraser University,lam,l,joey,joey lam,[],j lam
"Tremblay, Malcom F.",8,2025,24,3.0,0.24,1,57208627041,https://www.scopus.com/authid/detail.url?authorId=57208627041,Simon Fraser University,tremblay,t,malcom f,malcom f tremblay,[],m tremblay
"Lee, Frank J.S.",8,2023,91,11.4,0.4,21,23484073300,https://www.scopus.com/authid/detail.url?authorId=23484073300,Simon Fraser University,lee,l,frank js,frank js lee,[],f lee
"Farris-Trimble, Ashley W.",8,2022,241,30.1,1.32,7,36082314900,https://www.scopus.com/authid/detail.url?authorId=36082314900,Simon Fraser University,farris-trimble,f,ashley w,ashley w farris-trimble,[],a farris-trimble
"Mengis, Nadine",8,2021,358,44.8,2.07,16,56913293400,https://www.scopus.com/authid/detail.url?authorId=56913293400,Helmholtz Centre for Ocean Research Kiel,mengis,m,nadine,nadine mengis,[],n mengis
"Sun, Andy",8,2024,106,13.3,1.19,6,57195133952,https://www.scopus.com/authid/detail.url?authorId=57195133952,Simon Fraser University,sun,s,andy,andy sun,[],a sun
"Guy, Laura S.",8,2020,214,26.8,2.06,25,7007152261,https://www.scopus.com/authid/detail.url?authorId=7007152261,Simon Fraser University,guy,g,laura s,laura s guy,[],l guy
"Obrist, Debora S.",8,2024,40,5.0,0.49,4,57198864791,https://www.scopus.com/authid/detail.url?authorId=57198864791,University of Zurich,obrist,o,debora s,debora s obrist,[],d obrist
"Coatsworth, Heather G.",8,2021,97,12.1,1.28,8,57205254960,https://www.scopus.com/authid/detail.url?authorId=57205254960,University of Florida,coatsworth,c,heather g,heather g coatsworth,[],h coatsworth
"von Nordenflycht, Andrew",8,2024,119,14.9,1.03,11,6507028397,https://www.scopus.com/authid/detail.url?authorId=6507028397,Simon Fraser University,von nordenflycht,v,andrew,andrew von nordenflycht,[],a von nordenflycht
"Sinha, Soumalya",8,2020,322,40.3,1.41,12,56978580400,https://www.scopus.com/authid/detail.url?authorId=56978580400,University of Cincinnati,sinha,s,soumalya,soumalya sinha,[],s sinha
"Sundhar Panchapakesan, Shanker Shyam",8,2025,699,87.4,2.25,9,55498238100,https://www.scopus.com/authid/detail.url?authorId=55498238100,Simon Fraser University,sundhar panchapakesan,s,shanker shyam,shanker shyam sundhar panchapakesan,[],s sundhar panchapakesan
"Kim, Taeyoung",8,2022,85,10.6,2.53,5,57198491843,https://www.scopus.com/authid/detail.url?authorId=57198491843,Loughborough University,kim,k,taeyoung,taeyoung kim,[],t kim
"Simon, Samuel",8,2024,8,1.0,0.07,2,57204114191,https://www.scopus.com/authid/detail.url?authorId=57204114191,Simon Fraser University,simon,s,samuel,samuel simon,[],s simon
"Tung, Frederick",8,2020,1489,186.1,6.06,17,35109792700,https://www.scopus.com/authid/detail.url?authorId=35109792700,Unknown affiliation,tung,t,frederick,frederick tung,[],f tung
"Bingham, Brittany",8,2023,158,19.8,0.86,10,56072429500,https://www.scopus.com/authid/detail.url?authorId=56072429500,Unknown affiliation,bingham,b,brittany,brittany bingham,[],b bingham
"Gunawan, Marvin G.",8,2022,176,22.0,0.85,9,57191283613,https://www.scopus.com/authid/detail.url?authorId=57191283613,Simon Fraser University,gunawan,g,marvin g,marvin g gunawan,[],m gunawan
"Sobkowiak, Benjamin",8,2024,49,6.1,0.96,7,55673241000,https://www.scopus.com/authid/detail.url?authorId=55673241000,Yale University,sobkowiak,s,benjamin,benjamin sobkowiak,[],b sobkowiak
"Haghshenas, Ehsan",8,2020,191,23.9,1.28,6,57191485825,https://www.scopus.com/authid/detail.url?authorId=57191485825,Simon Fraser University,haghshenas,h,ehsan,ehsan haghshenas,[],e haghshenas
"MacMillan, Erin Leigh",8,2022,131,16.4,1.13,14,36504343800,https://www.scopus.com/authid/detail.url?authorId=36504343800,University of British Columbia,macmillan,m,erin leigh,erin leigh macmillan,[],e macmillan
"Pei, Pei",8,2025,218,27.3,1.0,6,58830173600,https://www.scopus.com/authid/detail.url?authorId=58830173600,Simon Fraser University,pei,p,pei,pei pei,[],p pei
"Azimi, Soheil",8,2020,144,18.0,0.92,12,19337247700,https://www.scopus.com/authid/detail.url?authorId=19337247700,Simon Fraser University,azimi,a,soheil,soheil azimi,[],s azimi
"O'Neil, D. C.",8,2025,65,8.1,2.22,6,57202570602,https://www.scopus.com/authid/detail.url?authorId=57202570602,Simon Fraser University,oneil,o,d c,d c oneil,[],d oneil
"Zenone, Marco Antonio",8,2021,128,16.0,1.01,13,57204514586,https://www.scopus.com/authid/detail.url?authorId=57204514586,University of British Columbia,zenone,z,marco antonio,marco antonio zenone,[],m zenone
"McKerracher, Luseadra J.",8,2020,106,13.3,0.8,9,56517954300,https://www.scopus.com/authid/detail.url?authorId=56517954300,Aarhus University,mckerracher,m,luseadra j,luseadra j mckerracher,[],l mckerracher
"Smith, Patricia M.",8,2022,124,15.5,1.09,7,57204097994,https://www.scopus.com/authid/detail.url?authorId=57204097994,University of Alabama at Birmingham,smith,s,patricia m,patricia m smith,[],p smith
"Liu, Qing",8,2024,723,90.4,5.5,6,56413233700,https://www.scopus.com/authid/detail.url?authorId=56413233700,Simon Fraser University,liu,l,qing,qing liu,[],q liu
"Stoliker, Bryce Evan",8,2021,143,17.9,1.43,10,57191847467,https://www.scopus.com/authid/detail.url?authorId=57191847467,University of Saskatchewan,stoliker,s,bryce evan,bryce evan stoliker,[],b stoliker
"Sones, Meridith",8,2024,84,10.5,1.49,6,57202427300,https://www.scopus.com/authid/detail.url?authorId=57202427300,Simon Fraser University,sones,s,meridith,meridith sones,[],m sones
"Yaseen, Fatima",8,2023,233,29.1,4.71,5,57323635100,https://www.scopus.com/authid/detail.url?authorId=57323635100,Simon Fraser University,yaseen,y,fatima,fatima yaseen,[],f yaseen
"Beninger, Stefanie",8,2022,153,19.1,0.88,9,56193549200,https://www.scopus.com/authid/detail.url?authorId=56193549200,IE University,beninger,b,stefanie,stefanie beninger,[],s beninger
"Jeng, Sunny C.Y.",8,2021,861,107.6,2.98,8,56393924800,https://www.scopus.com/authid/detail.url?authorId=56393924800,Simon Fraser University,jeng,j,sunny cy,sunny cy jeng,[],s jeng
"Tavassoly, Omid",8,2021,246,30.8,1.18,14,24544984000,https://www.scopus.com/authid/detail.url?authorId=24544984000,McGill University,tavassoly,t,omid,omid tavassoly,[],o tavassoly
"Jiang, Hanxiao",8,2024,350,43.8,4.43,6,57215883528,https://www.scopus.com/authid/detail.url?authorId=57215883528,Columbia University,jiang,j,hanxiao,hanxiao jiang,[],h jiang
"Travers,",8,2024,17,2.1,1.21,2,57219942757,https://www.scopus.com/authid/detail.url?authorId=57219942757,Simon Fraser University,travers,t,, travers,[],n travers
"de Silva, Thushani",8,2024,191,23.9,2.24,8,57287468800,https://www.scopus.com/authid/detail.url?authorId=57287468800,Simon Fraser University,de silva,d,thushani,thushani de silva,[],t de silva
"Wang, Shijia",8,2020,125,15.6,0.88,6,57203011980,https://www.scopus.com/authid/detail.url?authorId=57203011980,ShanghaiTech University,wang,w,shijia,shijia wang,[],s wang
"Sun, Prophecy",8,2021,11,1.4,0.14,2,57190403711,https://www.scopus.com/authid/detail.url?authorId=57190403711,Simon Fraser University,sun,s,prophecy,prophecy sun,[],p sun
"Gupta, Deepak",8,2023,112,14.0,1.39,13,57191901589,https://www.scopus.com/authid/detail.url?authorId=57191901589,Technical University of Berlin,gupta,g,deepak,deepak gupta,[],d gupta
"Picker, Rüdiger",8,2024,62,7.8,0.48,11,24483999500,https://www.scopus.com/authid/detail.url?authorId=24483999500,Simon Fraser University,picker,p,rüdiger,rüdiger picker,[],r picker
"Ho, Jason Y.C.",8,2024,34,4.3,0.24,6,28067925400,https://www.scopus.com/authid/detail.url?authorId=28067925400,Simon Fraser University,ho,h,jason yc,jason yc ho,[],j ho
"Moore, Amber",8,2024,15,1.9,0.8,4,57194524836,https://www.scopus.com/authid/detail.url?authorId=57194524836,Simon Fraser University,moore,m,amber,amber moore,[],a moore
"Korosec, Chapin S.",8,2024,91,11.4,0.88,9,57199236041,https://www.scopus.com/authid/detail.url?authorId=57199236041,York University Toronto,korosec,k,chapin s,chapin s korosec,[],c korosec
"Zhang, Richard",8,2024,2,0.3,0.01,2,57219838274,https://www.scopus.com/authid/detail.url?authorId=57219838274,Simon Fraser University,zhang,z,richard,richard zhang,[],r zhang
"Cecioni, Samy",8,2022,304,38.0,1.68,24,25931432900,https://www.scopus.com/authid/detail.url?authorId=25931432900,University of Montreal,cecioni,c,samy,samy cecioni,[],s cecioni
"Boutilier, Robert G.",8,2021,277,34.6,1.85,9,35306670800,https://www.scopus.com/authid/detail.url?authorId=35306670800,University of Eastern Finland,boutilier,b,robert g,robert g boutilier,[],r boutilier
"Kline, Michelle Ann",8,2021,262,32.8,2.42,17,36468403000,https://www.scopus.com/authid/detail.url?authorId=36468403000,Brunel University London,kline,k,michelle ann,michelle ann kline,[],m kline
"Yang, Kevin C.",8,2022,211,26.4,1.34,7,56373864000,https://www.scopus.com/authid/detail.url?authorId=56373864000,Provincial Health Services Authority,yang,y,kevin c,kevin c yang,[],k yang
"Buse, Chris G.",8,2025,10,1.3,0.54,11,56987515800,https://www.scopus.com/authid/detail.url?authorId=56987515800,Simon Fraser University,buse,b,chris g,chris g buse,[],c buse
"Henrey, Andrew J.",8,2020,185,23.1,0.62,7,55890047300,https://www.scopus.com/authid/detail.url?authorId=55890047300,Simon Fraser University,henrey,h,andrew j,andrew j henrey,[],a henrey
"Pardo, Sebastían A.",8,2022,319,39.9,1.47,13,54883711700,https://www.scopus.com/authid/detail.url?authorId=54883711700,Fisheries and Oceans Canada,pardo,p,sebastían a,sebastían a pardo,[],s pardo
"Procyshyn, Tanya L.",8,2024,178,22.3,1.24,7,57192381938,https://www.scopus.com/authid/detail.url?authorId=57192381938,University of Cambridge,procyshyn,p,tanya l,tanya l procyshyn,[],t procyshyn
"Jiang, Aixiang",8,2020,1707,213.4,7.54,29,15019507800,https://www.scopus.com/authid/detail.url?authorId=15019507800,University of British Columbia,jiang,j,aixiang,aixiang jiang,[],a jiang
"Burt, Jenn M.",8,2020,532,66.5,2.35,14,57201574107,https://www.scopus.com/authid/detail.url?authorId=57201574107,Unknown affiliation,burt,b,jenn m,jenn m burt,[],j burt
"Fouda, Mohamed A.",8,2024,133,16.6,1.31,12,50561222100,https://www.scopus.com/authid/detail.url?authorId=50561222100,Simon Fraser University,fouda,f,mohamed a,mohamed a fouda,[],m fouda
"Yang, Lillian",8,2020,246,30.8,2.0,8,57194277787,https://www.scopus.com/authid/detail.url?authorId=57194277787,Simon Fraser University,yang,y,lillian,lillian yang,[],l yang
"Wideman, Trevor James",8,2021,99,12.4,0.78,7,57190270774,https://www.scopus.com/authid/detail.url?authorId=57190270774,Vancouver Island University,wideman,w,trevor james,trevor james wideman,[],t wideman
"Shapiro, Lisa",8,2021,63,7.9,1.94,7,52964512900,https://www.scopus.com/authid/detail.url?authorId=52964512900,McGill University,shapiro,s,lisa,lisa shapiro,[],l shapiro
"Kong, Shuyu",8,2024,48,6.0,1.19,7,54381941500,https://www.scopus.com/authid/detail.url?authorId=54381941500,Simon Fraser University,kong,k,shuyu,shuyu kong,[],s kong
"Akintola, Kolawole",8,2020,174,21.8,1.22,7,56891508200,https://www.scopus.com/authid/detail.url?authorId=56891508200,Simon Fraser University,akintola,a,kolawole,kolawole akintola,[],k akintola
"Miller, Caleb",8,2024,3,0.4,0.93,5,59476001700,https://www.scopus.com/authid/detail.url?authorId=59476001700,Simon Fraser University,miller,m,caleb,caleb miller,[],c miller
"Le Mare, Lucy",8,2021,285,35.6,1.02,11,6506927826,https://www.scopus.com/authid/detail.url?authorId=6506927826,Simon Fraser University,le mare,l,lucy,lucy le mare,[],l le mare
"Rosychuk, Rhonda Jean",8,2023,46,5.8,0.6,30,7003299198,https://www.scopus.com/authid/detail.url?authorId=7003299198,University of Alberta,rosychuk,r,rhonda jean,rhonda jean rosychuk,[],r rosychuk
"van Duynhoven, Alysha",8,2024,74,9.3,0.75,4,57209474417,https://www.scopus.com/authid/detail.url?authorId=57209474417,Simon Fraser University,van duynhoven,v,alysha,alysha van duynhoven,[],a van duynhoven
"Gao, Zhipeng",8,2022,44,5.5,1.63,6,56165695900,https://www.scopus.com/authid/detail.url?authorId=56165695900,The American University of Paris,gao,g,zhipeng,zhipeng gao,[],z gao
"Okamoto, Daniel K.",8,2020,806,100.8,2.47,19,30067862700,https://www.scopus.com/authid/detail.url?authorId=30067862700,Florida State University,okamoto,o,daniel k,daniel k okamoto,[],d okamoto
"Shamsi Kazem Abadi, Saeideh",8,2021,155,19.4,0.74,6,56291678300,https://www.scopus.com/authid/detail.url?authorId=56291678300,Simon Fraser University,shamsi kazem abadi,s,saeideh,saeideh shamsi kazem abadi,[],s shamsi kazem abadi
"Pellatt, Marlow G.",8,2025,97,12.1,0.52,20,6602153519,https://www.scopus.com/authid/detail.url?authorId=6602153519,Parks Canada,pellatt,p,marlow g,marlow g pellatt,[],m pellatt
"Rydz, Elizabeth",8,2022,78,9.8,0.6,7,57211407388,https://www.scopus.com/authid/detail.url?authorId=57211407388,University of British Columbia,rydz,r,elizabeth,elizabeth rydz,[],e rydz
"Borden, John Harvey",8,2022,27,3.4,0.31,38,7007168968,https://www.scopus.com/authid/detail.url?authorId=7007168968,Unknown affiliation,borden,b,john harvey,john harvey borden,[],j borden
"Selinger, Jessica C.",7,2021,532,76.0,1.96,12,56435887300,https://www.scopus.com/authid/detail.url?authorId=56435887300,Queen's University Kingston,selinger,s,jessica c,jessica c selinger,[],j selinger
"Jula, P.",7,2020,446,63.7,2.72,12,6507477022,https://www.scopus.com/authid/detail.url?authorId=6507477022,Technical University of Cluj-Napoca,jula,j,p,p jula,[],p jula
"Albanese, John",7,2024,107,15.3,3.4,12,7005396001,https://www.scopus.com/authid/detail.url?authorId=7005396001,University of Windsor,albanese,a,john,john albanese,[],j albanese
"Robinson, Tessa",7,2023,221,31.6,2.61,9,57206364720,https://www.scopus.com/authid/detail.url?authorId=57206364720,McMaster University,robinson,r,tessa,tessa robinson,[],t robinson
"Vigouroux, Nathalie",7,2024,103,14.7,0.97,9,25222212400,https://www.scopus.com/authid/detail.url?authorId=25222212400,Simon Fraser University,vigouroux,v,nathalie,nathalie vigouroux,[],n vigouroux
"Park, Andrew",7,2021,395,56.4,2.81,11,57205668255,https://www.scopus.com/authid/detail.url?authorId=57205668255,University of Victoria BC,park,p,andrew,andrew park,[],a park
"Li, Wenzao",7,2022,19,2.7,0.4,9,56089546300,https://www.scopus.com/authid/detail.url?authorId=56089546300,Chengdu University of Information Technology,li,l,wenzao,wenzao li,[],w li
"Atleo, Clifford Gordon",7,2024,71,10.1,1.67,4,57225297933,https://www.scopus.com/authid/detail.url?authorId=57225297933,Simon Fraser University,atleo,a,clifford gordon,clifford gordon atleo,[],c atleo
"Kasa, Kenneth",7,2024,55,7.9,0.35,9,6603795610,https://www.scopus.com/authid/detail.url?authorId=6603795610,Simon Fraser University,kasa,k,kenneth,kenneth kasa,[],k kasa
"Carleton, W. Christopher",7,2020,79,11.3,1.13,11,55260605900,https://www.scopus.com/authid/detail.url?authorId=55260605900,Simon Fraser University,carleton,c,w christopher,w christopher carleton,[],w carleton
"Simha, Surabhi N.",7,2022,232,33.1,1.34,6,57205738612,https://www.scopus.com/authid/detail.url?authorId=57205738612,Georgia Institute of Technology,simha,s,surabhi n,surabhi n simha,[],s simha
"Lisik, Juliana",7,2024,23,3.3,0.39,3,59005130600,https://www.scopus.com/authid/detail.url?authorId=59005130600,Simon Fraser University,lisik,l,juliana,juliana lisik,[],j lisik
"von der Porten, Suzanne",7,2020,178,25.4,1.42,10,55872008000,https://www.scopus.com/authid/detail.url?authorId=55872008000,Simon Fraser University,von der porten,v,suzanne,suzanne von der porten,[],s von der porten
"Lee, Jaeyong",7,2023,280,40.0,1.89,11,39762111800,https://www.scopus.com/authid/detail.url?authorId=39762111800,University of British Columbia,lee,l,jaeyong,jaeyong lee,[],j lee
"Shahir, Amir Yaghoubi",7,2025,106,15.1,1.14,5,57188840130,https://www.scopus.com/authid/detail.url?authorId=57188840130,Simon Fraser University,shahir,s,amir yaghoubi,amir yaghoubi shahir,[],a shahir
"Lira, Wallace P.",7,2024,48,6.9,0.73,6,55522812200,https://www.scopus.com/authid/detail.url?authorId=55522812200,Simon Fraser University,lira,l,wallace p,wallace p lira,[],w lira
"Dingle, H. Elizabeth",7,2023,137,19.6,1.24,9,57191445149,https://www.scopus.com/authid/detail.url?authorId=57191445149,Durham University,dingle,d,h elizabeth,h elizabeth dingle,[],h dingle
"Driver, Jonathan C.",7,2022,573,81.9,2.7,16,7102351171,https://www.scopus.com/authid/detail.url?authorId=7102351171,Simon Fraser University,driver,d,jonathan c,jonathan c driver,[],j driver
"Yang, Yijian",7,2020,247,35.3,2.12,16,55388137300,https://www.scopus.com/authid/detail.url?authorId=55388137300,Chinese University of Hong Kong,yang,y,yijian,yijian yang,[],y yang
"Salari, Sina",7,2020,174,24.9,1.05,6,56940390800,https://www.scopus.com/authid/detail.url?authorId=56940390800,Simon Fraser University,salari,s,sina,sina salari,[],s salari
"Ryan, David S.",7,2021,127,18.1,1.02,6,57203414190,https://www.scopus.com/authid/detail.url?authorId=57203414190,Simon Fraser University,ryan,r,david s,david s ryan,[],d ryan
"Alemi, Omid",7,2020,66,9.4,0.75,4,55364642400,https://www.scopus.com/authid/detail.url?authorId=55364642400,Simon Fraser University,alemi,a,omid,omid alemi,[],o alemi
"Yu, Stephen",7,2020,473,67.6,3.51,6,57189311081,https://www.scopus.com/authid/detail.url?authorId=57189311081,Simon Fraser University,yu,y,stephen,stephen yu,[],s yu
"Khelifa, Rassim",7,2023,70,10.0,2.21,17,37048807800,https://www.scopus.com/authid/detail.url?authorId=37048807800,Concordia University,khelifa,k,rassim,rassim khelifa,[],r khelifa
"Soh, Pekhooi Hooi",7,2024,356,50.9,2.37,16,6602089556,https://www.scopus.com/authid/detail.url?authorId=6602089556,Simon Fraser University,soh,s,pekhooi hooi,pekhooi hooi soh,[],p soh
"Zohrevand, Zahra",7,2021,83,11.9,0.99,4,54953352500,https://www.scopus.com/authid/detail.url?authorId=54953352500,Unknown affiliation,zohrevand,z,zahra,zahra zohrevand,[],z zohrevand
"Hakak-Zargar, Benyamin",7,2022,43,6.1,0.41,5,57219854829,https://www.scopus.com/authid/detail.url?authorId=57219854829,Deakin University,hakak-zargar,h,benyamin,benyamin hakak-zargar,[],b hakak-zargar
"Bailey, Joseph",7,2024,805,115.0,3.09,6,57199422717,https://www.scopus.com/authid/detail.url?authorId=57199422717,Simon Fraser University,bailey,b,joseph,joseph bailey,[],j bailey
"Bertelli, Claire",7,2022,1476,210.9,5.36,29,24278648400,https://www.scopus.com/authid/detail.url?authorId=24278648400,University of Lausanne,bertelli,b,claire,claire bertelli,[],c bertelli
"Anderson, Leif Stefan",7,2021,304,43.4,2.29,14,57220763731,https://www.scopus.com/authid/detail.url?authorId=57220763731,University of Utah,anderson,a,leif stefan,leif stefan anderson,[],l anderson
"Gautam, Sakshi",7,2024,33,4.7,0.87,4,57909864800,https://www.scopus.com/authid/detail.url?authorId=57909864800,Simon Fraser University,gautam,g,sakshi,sakshi gautam,[],s gautam
"Hsu, Destiny",7,2023,28,4.0,0.49,3,57209736525,https://www.scopus.com/authid/detail.url?authorId=57209736525,Simon Fraser University,hsu,h,destiny,destiny hsu,[],d hsu
"Johnson, Michael Roger",7,2023,246,35.1,1.51,8,56649581300,https://www.scopus.com/authid/detail.url?authorId=56649581300,Simon Fraser University,johnson,j,michael roger,michael roger johnson,[],m johnson
"Zhao, Steven",7,2023,8,1.1,0.24,1,57209607197,https://www.scopus.com/authid/detail.url?authorId=57209607197,Simon Fraser University,zhao,z,steven,steven zhao,[],s zhao
"Salcedo-Porras, Nicolas",7,2024,148,21.1,1.34,6,57208108172,https://www.scopus.com/authid/detail.url?authorId=57208108172,University of British Columbia,salcedo-porras,s,nicolas,nicolas salcedo-porras,[],n salcedo-porras
"Brophy, Enda",7,2022,52,7.4,1.64,6,56853632900,https://www.scopus.com/authid/detail.url?authorId=56853632900,Simon Fraser University,brophy,b,enda,enda brophy,[],e brophy
"Amini, Jalal",7,2023,106,15.1,0.95,7,57200975364,https://www.scopus.com/authid/detail.url?authorId=57200975364,British Columbia Institute of Technology,amini,a,jalal,jalal amini,[],j amini
"Park, Kwangjin",7,2024,205,29.3,1.1,5,57188670296,https://www.scopus.com/authid/detail.url?authorId=57188670296,Simon Fraser University,park,p,kwangjin,kwangjin park,[],k park
"Michalik, Mateusz J.",7,2024,111,15.9,0.67,7,56079825500,https://www.scopus.com/authid/detail.url?authorId=56079825500,Simon Fraser University,michalik,m,mateusz j,mateusz j michalik,[],m michalik
"Shavarani, Hassan S.",7,2024,56,8.0,1.09,5,57211179350,https://www.scopus.com/authid/detail.url?authorId=57211179350,Simon Fraser University,shavarani,s,hassan s,hassan s shavarani,[],h shavarani
"Kumar, E. Senthil",7,2022,55,7.9,0.37,16,57213878803,https://www.scopus.com/authid/detail.url?authorId=57213878803,Anna University,kumar,k,e senthil,e senthil kumar,[],e kumar
"Ulhaq, Mateen",7,2024,27,3.9,1.87,4,57219693674,https://www.scopus.com/authid/detail.url?authorId=57219693674,Simon Fraser University,ulhaq,u,mateen,mateen ulhaq,[],m ulhaq
"Wiwad, Dylan",7,2020,335,47.9,1.8,7,57189501962,https://www.scopus.com/authid/detail.url?authorId=57189501962,Unknown affiliation,wiwad,w,dylan,dylan wiwad,[],d wiwad
"Chua, Michael Dominic",7,2023,33,4.7,0.36,4,55910468900,https://www.scopus.com/authid/detail.url?authorId=55910468900,Simon Fraser University,chua,c,michael dominic,michael dominic chua,[],m chua
"Budra, Paul",7,2023,7,1.0,1.59,2,56160630800,https://www.scopus.com/authid/detail.url?authorId=56160630800,Simon Fraser University,budra,b,paul,paul budra,[],p budra
"Balogun, Emmanuel",7,2023,92,13.1,0.74,7,57211915369,https://www.scopus.com/authid/detail.url?authorId=57211915369,Simon Fraser University,balogun,b,emmanuel,emmanuel balogun,[],e balogun
"Wong, Kahung",7,2020,350,50.0,1.53,7,56294067200,https://www.scopus.com/authid/detail.url?authorId=56294067200,Simon Fraser University,wong,w,kahung,kahung wong,[],k wong
"Brugiapaglia, Simone",7,2020,87,12.4,2.33,7,55752312200,https://www.scopus.com/authid/detail.url?authorId=55752312200,Concordia University,brugiapaglia,b,simone,simone brugiapaglia,[],s brugiapaglia
"Cardinal, Claudette",7,2024,55,7.9,0.93,8,56998526000,https://www.scopus.com/authid/detail.url?authorId=56998526000,Providence Health Care Canada,cardinal,c,claudette,claudette cardinal,[],c cardinal
"Thompson, Sheryl",7,2020,64,9.1,0.92,6,57193131544,https://www.scopus.com/authid/detail.url?authorId=57193131544,Simon Fraser University,thompson,t,sheryl,sheryl thompson,[],s thompson
"Ahmed, Usman Iqbal",7,2024,20,2.9,0.98,5,57217787833,https://www.scopus.com/authid/detail.url?authorId=57217787833,Simon Fraser University,ahmed,a,usman iqbal,usman iqbal ahmed,[],u ahmed
"Reilly, Norman R.",7,2025,10,1.4,0.27,7,7004261020,https://www.scopus.com/authid/detail.url?authorId=7004261020,Simon Fraser University,reilly,r,norman r,norman r reilly,[],n reilly
"Yin, Siyuan",7,2024,176,25.1,10.48,6,57200442395,https://www.scopus.com/authid/detail.url?authorId=57200442395,Simon Fraser University,yin,y,siyuan,siyuan yin,[],s yin
"Truax, Barry D.",7,2022,30,4.3,1.06,9,6603804501,https://www.scopus.com/authid/detail.url?authorId=6603804501,Simon Fraser University,truax,t,barry d,barry d truax,[],b truax
"Ferster, Colin Jay",7,2025,29,4.1,0.81,15,25936178800,https://www.scopus.com/authid/detail.url?authorId=25936178800,Simon Fraser University,ferster,f,colin jay,colin jay ferster,[],c ferster
"Juan-Jordá, M. J.",7,2024,319,45.6,2.15,14,26025252900,https://www.scopus.com/authid/detail.url?authorId=26025252900,CSIC,juan-jordá,j,m j,m j juan-jordá,[],m juan-jordá
"Deng, Ruizhi",7,2023,119,17.0,1.75,6,57204286868,https://www.scopus.com/authid/detail.url?authorId=57204286868,Simon Fraser University,deng,d,ruizhi,ruizhi deng,[],r deng
"Mirzaalian, Hengameh",7,2021,244,34.9,0.86,14,35180176100,https://www.scopus.com/authid/detail.url?authorId=35180176100,Simon Fraser University,mirzaalian,m,hengameh,hengameh mirzaalian,[],h mirzaalian
"McLaren, Elgin Skye",7,2024,83,11.9,0.59,5,57195215461,https://www.scopus.com/authid/detail.url?authorId=57195215461,Simon Fraser University,mclaren,m,elgin skye,elgin skye mclaren,[],e mclaren
"Smith, Stephen J.",7,2024,27,3.9,0.88,7,55702263100,https://www.scopus.com/authid/detail.url?authorId=55702263100,Simon Fraser University,smith,s,stephen j,stephen j smith,[],s smith
"Spake, Laure",7,2020,96,13.7,1.01,9,57190126746,https://www.scopus.com/authid/detail.url?authorId=57190126746,State University of New York Binghamton University,spake,s,laure,laure spake,[],l spake
"Goddyn, Luis A.",7,2023,33,4.7,0.59,11,6601969162,https://www.scopus.com/authid/detail.url?authorId=6601969162,Simon Fraser University,goddyn,g,luis a,luis a goddyn,[],l goddyn
"Leigh Pigg, S. Leigh",7,2023,81,11.6,2.37,9,6601992551,https://www.scopus.com/authid/detail.url?authorId=6601992551,Simon Fraser University,leigh pigg,l,s leigh,s leigh leigh pigg,[],s leigh pigg
"Khodabandeh, Mehran",7,2022,271,38.7,1.7,4,56829271700,https://www.scopus.com/authid/detail.url?authorId=56829271700,Simon Fraser University,khodabandeh,k,mehran,mehran khodabandeh,[],m khodabandeh
"Yu, Fenggen",7,2025,89,12.7,2.91,7,57195302065,https://www.scopus.com/authid/detail.url?authorId=57195302065,Simon Fraser University,yu,y,fenggen,fenggen yu,[],f yu
"Sea, Jonghan",7,2021,111,15.9,1.12,7,56410907000,https://www.scopus.com/authid/detail.url?authorId=56410907000,Yeungnam University,sea,s,jonghan,jonghan sea,[],j sea
"Atasoy, Yildiz",7,2025,32,4.6,0.87,7,6505783578,https://www.scopus.com/authid/detail.url?authorId=6505783578,Simon Fraser University,atasoy,a,yildiz,yildiz atasoy,[],y atasoy
"Link, Julia M.",7,2022,111,15.9,0.87,9,57190020420,https://www.scopus.com/authid/detail.url?authorId=57190020420,Technische Universität Dresden,link,l,julia m,julia m link,[],j link
"Dossa, Parin A.",7,2021,42,6.0,0.34,10,6603458415,https://www.scopus.com/authid/detail.url?authorId=6603458415,Simon Fraser University,dossa,d,parin a,parin a dossa,[],p dossa
"Fartah Tolue, Shirin Fartash",7,2020,103,14.7,1.01,5,56483186100,https://www.scopus.com/authid/detail.url?authorId=56483186100,Simon Fraser University,fartah tolue,f,shirin fartash,shirin fartash fartah tolue,[],s fartah tolue
"Zhu, Chenyang",7,2020,212,30.3,2.18,15,56963102300,https://www.scopus.com/authid/detail.url?authorId=56963102300,National University of Defense Technology,zhu,z,chenyang,chenyang zhu,[],c zhu
"Tang, Jiaxi",7,2020,2206,315.1,18.45,7,57192395903,https://www.scopus.com/authid/detail.url?authorId=57192395903,Alphabet Inc.,tang,t,jiaxi,jiaxi tang,[],j tang
"Saria, Vaibhav",7,2024,56,8.0,2.05,6,57201780700,https://www.scopus.com/authid/detail.url?authorId=57201780700,Simon Fraser University,saria,s,vaibhav,vaibhav saria,[],v saria
"Demes, Kyle",7,2021,394,56.3,1.25,14,26537300500,https://www.scopus.com/authid/detail.url?authorId=26537300500,Simon Fraser University,demes,d,kyle,kyle demes,[],k demes
"Fowler, Jane Jane",7,2024,43,6.1,0.7,13,57201102681,https://www.scopus.com/authid/detail.url?authorId=57201102681,Technical University of Denmark,fowler,f,jane jane,jane jane fowler,[],j fowler
"Singh Kelsall, Tyson",7,2025,18,2.6,0.92,3,58475366500,https://www.scopus.com/authid/detail.url?authorId=58475366500,Simon Fraser University,singh kelsall,s,tyson,tyson singh kelsall,[],t singh kelsall
"McColeman, Caitlyn M.",7,2020,62,8.9,0.48,6,55882781700,https://www.scopus.com/authid/detail.url?authorId=55882781700,Northwestern University,mccoleman,m,caitlyn m,caitlyn m mccoleman,[],c mccoleman
"Mansouri, Mehrdad",7,2023,26,3.7,0.47,4,57217717789,https://www.scopus.com/authid/detail.url?authorId=57217717789,Simon Fraser University,mansouri,m,mehrdad,mehrdad mansouri,[],m mansouri
"Venkateshappa, Ravichandra",7,2024,45,6.4,0.48,4,57218254792,https://www.scopus.com/authid/detail.url?authorId=57218254792,Stanford University,venkateshappa,v,ravichandra,ravichandra venkateshappa,[],r venkateshappa
"Gholami, Mohsen",7,2020,231,33.0,2.67,10,57206178866,https://www.scopus.com/authid/detail.url?authorId=57206178866,University of British Columbia,gholami,g,mohsen,mohsen gholami,[],m gholami
"Neuen, Daniel",7,2024,26,3.7,1.67,9,57193322280,https://www.scopus.com/authid/detail.url?authorId=57193322280,Max Planck Institute for Informatics,neuen,n,daniel,daniel neuen,[],d neuen
"Moallef, Soroush",7,2022,97,13.9,1.04,8,57209477529,https://www.scopus.com/authid/detail.url?authorId=57209477529,Harvard University,moallef,m,soroush,soroush moallef,[],s moallef
"Walshaw, Sarah C.",7,2022,248,35.4,1.76,6,35812768500,https://www.scopus.com/authid/detail.url?authorId=35812768500,Simon Fraser University,walshaw,w,sarah c,sarah c walshaw,[],s walshaw
"Mozafari, Mina",7,2020,66,9.4,0.36,6,53980118000,https://www.scopus.com/authid/detail.url?authorId=53980118000,Simon Fraser University,mozafari,m,mina,mina mozafari,[],m mozafari
"McRae, Crystal J.",7,2023,67,9.6,0.95,7,55256782300,https://www.scopus.com/authid/detail.url?authorId=55256782300,"National Museum of Marine Biology and Aquarium, Taiwan",mcrae,m,crystal j,crystal j mcrae,[],c mcrae
"Neufeld, Scott D.",7,2021,205,29.3,1.92,7,57190263089,https://www.scopus.com/authid/detail.url?authorId=57190263089,Brock University,neufeld,n,scott d,scott d neufeld,[],s neufeld
"Fong, Vanessa Clarisse",7,2023,233,33.3,3.38,7,57215688156,https://www.scopus.com/authid/detail.url?authorId=57215688156,University of British Columbia,fong,f,vanessa clarisse,vanessa clarisse fong,[],v fong
"Korall, Alexandra M.B.",7,2020,141,20.1,1.19,5,56538729600,https://www.scopus.com/authid/detail.url?authorId=56538729600,University of Manitoba,korall,k,alexandra mb,alexandra mb korall,[],a korall
"Law, Francis C.P.",7,2021,58,8.3,0.64,14,7004887170,https://www.scopus.com/authid/detail.url?authorId=7004887170,Simon Fraser University,law,l,francis cp,francis cp law,[],f law
"Miller, Jessica J.",7,2023,121,17.3,0.61,6,57189977482,https://www.scopus.com/authid/detail.url?authorId=57189977482,Simon Fraser University,miller,m,jessica j,jessica j miller,[],j miller
"Branion-Calles, Michael C.",7,2020,190,27.1,1.15,10,56572983900,https://www.scopus.com/authid/detail.url?authorId=56572983900,University of British Columbia,branion-calles,b,michael c,michael c branion-calles,[],m branion-calles
"Tuncer, Baris",7,2020,52,7.4,0.91,4,56986052900,https://www.scopus.com/authid/detail.url?authorId=56986052900,Simon Fraser University,tuncer,t,baris,baris tuncer,[],b tuncer
"Thouta, Samrat",7,2020,198,28.3,1.09,9,37062177600,https://www.scopus.com/authid/detail.url?authorId=37062177600,Unknown affiliation,thouta,t,samrat,samrat thouta,[],s thouta
"Rugel, Emily J.",7,2024,118,16.9,2.14,9,56688554300,https://www.scopus.com/authid/detail.url?authorId=56688554300,Westmead Hospital,rugel,r,emily j,emily j rugel,[],e rugel
"MacQuarrie, Evan R.",7,2023,218,31.1,2.18,19,57188644453,https://www.scopus.com/authid/detail.url?authorId=57188644453,Unknown affiliation,macquarrie,m,evan r,evan r macquarrie,[],e macquarrie
"Alexander, Bruce K.",7,2023,28,4.0,1.24,6,7202131592,https://www.scopus.com/authid/detail.url?authorId=7202131592,Simon Fraser University,alexander,a,bruce k,bruce k alexander,[],b alexander
"Beaupré, Scott L.",7,2025,83,11.9,1.73,4,57219358031,https://www.scopus.com/authid/detail.url?authorId=57219358031,Simon Fraser University,beaupré,b,scott l,scott l beaupré,[],s beaupré
"Domínguez-Rivera, Sebastián A.",7,2021,95,13.6,0.77,6,56966316300,https://www.scopus.com/authid/detail.url?authorId=56966316300,University of Saskatchewan,domínguez-rivera,d,sebastián a,sebastián a domínguez-rivera,[],s domínguez-rivera
"Liu, Guiliang",7,2020,216,30.9,2.02,10,57204467338,https://www.scopus.com/authid/detail.url?authorId=57204467338,"The Chinese University of Hong Kong, Shenzhen",liu,l,guiliang,guiliang liu,[],g liu
"Ghavami, Behnam",7,2024,53,7.6,1.34,12,23008458900,https://www.scopus.com/authid/detail.url?authorId=23008458900,Shahid Bahonar University of Kerman,ghavami,g,behnam,behnam ghavami,[],b ghavami
"Thompson, Joseph J.",7,2020,199,28.4,0.78,6,56327680200,https://www.scopus.com/authid/detail.url?authorId=56327680200,Douglas College,thompson,t,joseph j,joseph j thompson,[],j thompson
"Sundar, Shyam",7,2023,164,23.4,1.49,10,57218355360,https://www.scopus.com/authid/detail.url?authorId=57218355360,University of St Andrews,sundar,s,shyam,shyam sundar,[],s sundar
"Campion Loth, Jesse",7,2025,8,1.1,0.52,2,57222524289,https://www.scopus.com/authid/detail.url?authorId=57222524289,Simon Fraser University,campion loth,c,jesse,jesse campion loth,[],j campion loth
"Rouhani, Mina",7,2021,159,22.7,1.08,7,57193062369,https://www.scopus.com/authid/detail.url?authorId=57193062369,Simon Fraser University,rouhani,r,mina,mina rouhani,[],m rouhani
"Sánchez, Margarite",7,2024,58,8.3,0.88,11,55778639100,https://www.scopus.com/authid/detail.url?authorId=55778639100,Simon Fraser University,sánchez,s,margarite,margarite sánchez,[],m sánchez
"Fang, Jennifer",7,2020,86,12.3,0.77,6,56856315600,https://www.scopus.com/authid/detail.url?authorId=56856315600,Simon Fraser University,fang,f,jennifer,jennifer fang,[],j fang
"Dean, James W.",7,2024,1,0.1,0.0,5,37086223400,https://www.scopus.com/authid/detail.url?authorId=37086223400,Simon Fraser University,dean,d,james w,james w dean,[],j dean
"Liu, Tawei",7,2020,300,42.9,1.78,7,56555456900,https://www.scopus.com/authid/detail.url?authorId=56555456900,Simon Fraser University,liu,l,tawei,tawei liu,[],t liu
"Cancelli, Alexander M.",7,2025,55,7.9,0.56,3,57205201688,https://www.scopus.com/authid/detail.url?authorId=57205201688,Simon Fraser University,cancelli,c,alexander m,alexander m cancelli,[],a cancelli
"Ardiles, Paola A.",7,2024,11,1.6,0.38,4,37057058300,https://www.scopus.com/authid/detail.url?authorId=37057058300,Simon Fraser University,ardiles,a,paola a,paola a ardiles,[],p ardiles
"LÃ©ger, RÃ©mi",7,2024,30,4.3,1.16,3,55974620700,https://www.scopus.com/authid/detail.url?authorId=55974620700,Simon Fraser University,lã©ger,l,rã©mi,rã©mi lã©ger,[],r lã©ger
"Chandrasena, Lalangi",7,2020,66,9.4,0.36,5,55585417000,https://www.scopus.com/authid/detail.url?authorId=55585417000,Simon Fraser University,chandrasena,c,lalangi,lalangi chandrasena,[],l chandrasena
"McGuire, Michaela M.",6,2023,32,5.3,1.27,2,57222401993,https://www.scopus.com/authid/detail.url?authorId=57222401993,Simon Fraser University,mcguire,m,michaela m,michaela m mcguire,[],m mcguire
"Cash, Tiara A.",6,2025,8,1.3,0.27,1,57613426400,https://www.scopus.com/authid/detail.url?authorId=57613426400,Simon Fraser University,cash,c,tiara a,tiara a cash,[],t cash
"MacKenzie, Megan H.",6,2023,19,3.2,0.87,14,35173508900,https://www.scopus.com/authid/detail.url?authorId=35173508900,Simon Fraser University,mackenzie,m,megan h,megan h mackenzie,[],m mackenzie
"Fortin, Patrick J.",6,2020,241,40.2,1.69,6,56688230400,https://www.scopus.com/authid/detail.url?authorId=56688230400,SINTEF,fortin,f,patrick j,patrick j fortin,[],p fortin
"Cohen, Robert A.",6,2021,112,18.7,2.29,15,7404158452,https://www.scopus.com/authid/detail.url?authorId=7404158452,Simon Fraser University,cohen,c,robert a,robert a cohen,[],r cohen
"Hojabr, Reza",6,2022,84,14.0,2.05,7,57023925300,https://www.scopus.com/authid/detail.url?authorId=57023925300,University of Tehran,hojabr,h,reza,reza hojabr,[],r hojabr
"Li, Xin",6,2022,27,4.5,0.31,3,57189987947,https://www.scopus.com/authid/detail.url?authorId=57189987947,Simon Fraser University,li,l,xin,xin li,[],x li
"Nejatie, Ali",6,2025,22,3.7,0.21,4,57211460325,https://www.scopus.com/authid/detail.url?authorId=57211460325,Simon Fraser University,nejatie,n,ali,ali nejatie,[],a nejatie
"Parks, Jaclyn P.",6,2024,74,12.3,2.01,5,57214988762,https://www.scopus.com/authid/detail.url?authorId=57214988762,Provincial Health Services Authority,parks,p,jaclyn p,jaclyn p parks,[],j parks
"Cheok, Jessica",6,2024,870,145.0,10.64,8,57191909106,https://www.scopus.com/authid/detail.url?authorId=57191909106,James Cook University Queensland,cheok,c,jessica,jessica cheok,[],j cheok
"Özdemir, H. U.",6,2024,51,8.5,0.83,3,57219543216,https://www.scopus.com/authid/detail.url?authorId=57219543216,Simon Fraser University,özdemir,ö,h u,h u özdemir,[],h özdemir
"Jelier, Benson J.",6,2020,82,13.7,0.5,10,55555009100,https://www.scopus.com/authid/detail.url?authorId=55555009100,Swiss Federal Institute of Technology Zurich,jelier,j,benson j,benson j jelier,[],b jelier
"Shiranthika, Chamani",6,2024,18,3.0,0.75,5,57206894910,https://www.scopus.com/authid/detail.url?authorId=57206894910,Simon Fraser University,shiranthika,s,chamani,chamani shiranthika,[],c shiranthika
"Thiessen, Eric J.",6,2022,101,16.8,1.27,7,56853483500,https://www.scopus.com/authid/detail.url?authorId=56853483500,Memorial University of Newfoundland,thiessen,t,eric j,eric j thiessen,[],e thiessen
"Venugopal, Swetha",6,2021,165,27.5,1.5,7,57190567404,https://www.scopus.com/authid/detail.url?authorId=57190567404,Universities Space Research Association,venugopal,v,swetha,swetha venugopal,[],s venugopal
"Yi, Renjiao",6,2020,126,21.0,1.3,9,57191076852,https://www.scopus.com/authid/detail.url?authorId=57191076852,National University of Defense Technology,yi,y,renjiao,renjiao yi,[],r yi
"Gress, Carmen L.Z.",6,2025,90,15.0,0.98,13,16230201400,https://www.scopus.com/authid/detail.url?authorId=16230201400,Simon Fraser University,gress,g,carmen lz,carmen lz gress,[],c gress
"Baker, Oliver Rowland",6,2023,5,0.8,1.09,2,35486684700,https://www.scopus.com/authid/detail.url?authorId=35486684700,Simon Fraser University,baker,b,oliver rowland,oliver rowland baker,[],o baker
"Dabiri, Setareh",6,2022,164,27.3,1.83,4,57751309100,https://www.scopus.com/authid/detail.url?authorId=57751309100,Unknown affiliation,dabiri,d,setareh,setareh dabiri,[],s dabiri
"Mahdavian, Mohammad",6,2024,41,6.8,2.03,8,57188701186,https://www.scopus.com/authid/detail.url?authorId=57188701186,Simon Fraser University,mahdavian,m,mohammad,mohammad mahdavian,[],m mahdavian
"Howard, Brett R.",6,2022,103,17.2,0.76,6,57194065135,https://www.scopus.com/authid/detail.url?authorId=57194065135,Fisheries and Oceans Canada,howard,h,brett r,brett r howard,[],b howard
"Ackah, Betty B.B.",6,2023,152,25.3,2.13,4,57205417680,https://www.scopus.com/authid/detail.url?authorId=57205417680,Simon Fraser University,ackah,a,betty bb,betty bb ackah,[],b ackah
"Saunders, Leslie J.",6,2020,88,14.7,0.61,5,57114485700,https://www.scopus.com/authid/detail.url?authorId=57114485700,University of Toronto,saunders,s,leslie j,leslie j saunders,[],l saunders
"Marmur, Ofer",6,2020,72,12.0,1.13,7,57203783106,https://www.scopus.com/authid/detail.url?authorId=57203783106,The University of Auckland,marmur,m,ofer,ofer marmur,[],o marmur
"Khademi, Mahmoud",6,2020,495,82.5,4.59,5,59429176600,https://www.scopus.com/authid/detail.url?authorId=59429176600,Simon Fraser University,khademi,k,mahmoud,mahmoud khademi,[],m khademi
"Barn, Prabjit K.",6,2021,295,49.2,1.54,12,24605272800,https://www.scopus.com/authid/detail.url?authorId=24605272800,Fraser Health,barn,b,prabjit k,prabjit k barn,[],p barn
"Min, Xin",6,2021,98,16.3,0.77,4,57200558036,https://www.scopus.com/authid/detail.url?authorId=57200558036,Simon Fraser University,min,m,xin,xin min,[],x min
"Yang, Zeshi",6,2022,90,15.0,0.95,4,57211798681,https://www.scopus.com/authid/detail.url?authorId=57211798681,Peking University,yang,y,zeshi,zeshi yang,[],z yang
"Loyal, Jackson P.",6,2024,46,7.7,2.2,6,57352813700,https://www.scopus.com/authid/detail.url?authorId=57352813700,University of Edinburgh,loyal,l,jackson p,jackson p loyal,[],j loyal
"Fazel, Ismaeil",6,2022,121,20.2,4.97,9,36697854600,https://www.scopus.com/authid/detail.url?authorId=36697854600,University of British Columbia,fazel,f,ismaeil,ismaeil fazel,[],i fazel
"Kazmiruk, Tamara N.",6,2025,204,34.0,1.12,5,6507093024,https://www.scopus.com/authid/detail.url?authorId=6507093024,Simon Fraser University,kazmiruk,k,tamara n,tamara n kazmiruk,[],t kazmiruk
"Tindale, Lauren C.",6,2021,66,11.0,0.39,7,55953811000,https://www.scopus.com/authid/detail.url?authorId=55953811000,University of British Columbia,tindale,t,lauren c,lauren c tindale,[],l tindale
"Arab, Ali",6,2024,85,14.2,0.9,4,57204755763,https://www.scopus.com/authid/detail.url?authorId=57204755763,Simon Fraser University,arab,a,ali,ali arab,[],a arab
"Montoya, Eric A.",6,2020,154,25.7,1.35,14,37261702000,https://www.scopus.com/authid/detail.url?authorId=37261702000,University of California at Irvine,montoya,m,eric a,eric a montoya,[],e montoya
"Liu, Arita Li",6,2024,63,10.5,2.81,5,57200987873,https://www.scopus.com/authid/detail.url?authorId=57200987873,Simon Fraser University,liu,l,arita li,arita li liu,[],a liu
"Liu, Kun",6,2024,100,16.7,0.8,5,57217039511,https://www.scopus.com/authid/detail.url?authorId=57217039511,Simon Fraser University,liu,l,kun,kun liu,[],k liu
"Didegah, Fereshteh",6,2020,301,50.2,3.0,18,35728402900,https://www.scopus.com/authid/detail.url?authorId=35728402900,Karolinska Institutet,didegah,d,fereshteh,fereshteh didegah,[],f didegah
"Bailey, Colin J.",6,2023,67,11.2,0.92,5,57203296835,https://www.scopus.com/authid/detail.url?authorId=57203296835,Simon Fraser University,bailey,b,colin j,colin j bailey,[],c bailey
"Nikdel, Payam",6,2023,176,29.3,4.29,6,57207875320,https://www.scopus.com/authid/detail.url?authorId=57207875320,Alphabet Inc.,nikdel,n,payam,payam nikdel,[],p nikdel
"Li, Jiarui",6,2020,440,73.3,1.4,4,59785163100,https://www.scopus.com/authid/detail.url?authorId=59785163100,Simon Fraser University,li,l,jiarui,jiarui li,[],j li
"Adams, Philippa R.",6,2024,451,75.2,4.14,4,57206040551,https://www.scopus.com/authid/detail.url?authorId=57206040551,Simon Fraser University,adams,a,philippa r,philippa r adams,[],p adams
"Gomes, Luiza M.F.",6,2021,246,41.0,1.19,6,56272590100,https://www.scopus.com/authid/detail.url?authorId=56272590100,Simon Fraser University,gomes,g,luiza mf,luiza mf gomes,[],l gomes
"Nixon-Darcus, Laurie A.",6,2025,58,9.7,2.12,5,57194328531,https://www.scopus.com/authid/detail.url?authorId=57194328531,Simon Fraser University,nixon-darcus,n,laurie a,laurie a nixon-darcus,[],l nixon-darcus
"Miller, Kimberly J.",6,2022,56,9.3,0.8,23,55455935000,https://www.scopus.com/authid/detail.url?authorId=55455935000,University of Melbourne,miller,m,kimberly j,kimberly j miller,[],k miller
"Springborg, Robert D.",6,2024,1,0.2,0.03,8,6507190346,https://www.scopus.com/authid/detail.url?authorId=6507190346,Unknown affiliation,springborg,s,robert d,robert d springborg,[],r springborg
"Lam, Vienna Chichi",6,2024,30,5.0,1.06,4,57193277804,https://www.scopus.com/authid/detail.url?authorId=57193277804,Simon Fraser University,lam,l,vienna chichi,vienna chichi lam,[],v lam
"Mendoza Cantú, Manuel E.",6,2025,4,0.7,1.02,21,57195482669,https://www.scopus.com/authid/detail.url?authorId=57195482669,Universidad Nacional Autónoma de México,mendoza cantú,m,manuel e,manuel e mendoza cantú,[],m mendoza cantú
"Sergeenko, Ania Tersakian",6,2023,331,55.2,2.11,4,57194941215,https://www.scopus.com/authid/detail.url?authorId=57194941215,National Research Council of Canada,sergeenko,s,ania tersakian,ania tersakian sergeenko,[],a sergeenko
"Bilton, Matt W.",6,2021,558,93.0,2.57,15,58385970100,https://www.scopus.com/authid/detail.url?authorId=58385970100,University of Leeds,bilton,b,matt w,matt w bilton,[],m bilton
"Konovalova, Anastasiia",6,2024,68,11.3,1.1,12,57195734636,https://www.scopus.com/authid/detail.url?authorId=57195734636,University of Oregon,konovalova,k,anastasiia,anastasiia konovalova,[],a konovalova
"Oberoi, Jaspreet S.",6,2020,64,10.7,0.67,4,56021975900,https://www.scopus.com/authid/detail.url?authorId=56021975900,Simon Fraser University,oberoi,o,jaspreet s,jaspreet s oberoi,[],j oberoi
"Woodcock, Simon D.",6,2023,95,15.8,0.85,9,22434264400,https://www.scopus.com/authid/detail.url?authorId=22434264400,Simon Fraser University,woodcock,w,simon d,simon d woodcock,[],s woodcock
"Guerra, Vanessa I.",6,2023,37,6.2,0.44,3,57200226411,https://www.scopus.com/authid/detail.url?authorId=57200226411,Smithsonian Institution,guerra,g,vanessa i,vanessa i guerra,[],v guerra
"Lusoli, Alberto",6,2023,36,6.0,0.54,3,57193278746,https://www.scopus.com/authid/detail.url?authorId=57193278746,Simon Fraser University,lusoli,l,alberto,alberto lusoli,[],a lusoli
"Kozhikode, Rajiv Krishnan",6,2022,141,23.5,1.22,7,23482070600,https://www.scopus.com/authid/detail.url?authorId=23482070600,Simon Fraser University,kozhikode,k,rajiv krishnan,rajiv krishnan kozhikode,[],r kozhikode
"Yap, Kang Nian",6,2021,87,14.5,0.96,11,55962473100,https://www.scopus.com/authid/detail.url?authorId=55962473100,Auburn University,yap,y,kang nian,kang nian yap,[],k yap
"Heeney, Natalie D.",6,2023,67,11.2,0.72,7,57204042405,https://www.scopus.com/authid/detail.url?authorId=57204042405,University of Toronto,heeney,h,natalie d,natalie d heeney,[],n heeney
"Fourot, Aude Claire",6,2022,47,7.8,0.75,4,35755563200,https://www.scopus.com/authid/detail.url?authorId=35755563200,Simon Fraser University,fourot,f,aude claire,aude claire fourot,[],a fourot
"Colombo, Cinzia",6,2022,74,12.3,0.63,14,57190085839,https://www.scopus.com/authid/detail.url?authorId=57190085839,University of Milan,colombo,c,cinzia,cinzia colombo,[],c colombo
"Humphries, Joe",6,2022,65,10.8,1.2,4,57211851462,https://www.scopus.com/authid/detail.url?authorId=57211851462,Simon Fraser University,humphries,h,joe,joe humphries,[],j humphries
"Gangrade, Apurva Shantilal",6,2025,54,9.0,0.88,4,57287727500,https://www.scopus.com/authid/detail.url?authorId=57287727500,Simon Fraser University,gangrade,g,apurva shantilal,apurva shantilal gangrade,[],a gangrade
"Gauer, Viviane H.",6,2025,26,4.3,0.87,3,57300466600,https://www.scopus.com/authid/detail.url?authorId=57300466600,Simon Fraser University,gauer,g,viviane h,viviane h gauer,[],v gauer
"Dastmalchian, Ali H.",6,2022,68,11.3,0.92,16,6602474407,https://www.scopus.com/authid/detail.url?authorId=6602474407,Simon Fraser University,dastmalchian,d,ali h,ali h dastmalchian,[],a dastmalchian
"Feijao, Pedro",6,2020,62,10.3,0.48,11,12795995900,https://www.scopus.com/authid/detail.url?authorId=12795995900,Simon Fraser University,feijao,f,pedro,pedro feijao,[],p feijao
"Proesmans, Karel",6,2021,220,36.7,2.1,16,56505529100,https://www.scopus.com/authid/detail.url?authorId=56505529100,University of Copenhagen,proesmans,p,karel,karel proesmans,[],k proesmans
"Schonhofer, Cole R.",6,2023,75,12.5,1.33,5,57190252173,https://www.scopus.com/authid/detail.url?authorId=57190252173,University of British Columbia,schonhofer,s,cole r,cole r schonhofer,[],c schonhofer
"Yin, Dawei",6,2025,15,2.5,0.63,3,57198861996,https://www.scopus.com/authid/detail.url?authorId=57198861996,Simon Fraser University,yin,y,dawei,dawei yin,[],d yin
"Wang, Pei",6,2023,58,9.7,0.57,4,57202576436,https://www.scopus.com/authid/detail.url?authorId=57202576436,Simon Fraser University,wang,w,pei,pei wang,[],p wang
"Cohen, Marjorie Griffin",6,2020,24,4.0,1.6,6,56090600300,https://www.scopus.com/authid/detail.url?authorId=56090600300,Simon Fraser University,cohen,c,marjorie griffin,marjorie griffin cohen,[],m cohen
"Hadizadeh, Hadi",6,2024,298,49.7,3.06,13,30467616500,https://www.scopus.com/authid/detail.url?authorId=30467616500,Simon Fraser University,hadizadeh,h,hadi,hadi hadizadeh,[],h hadizadeh
"Peabody, Michael A.",6,2020,321,53.5,1.91,6,56893432000,https://www.scopus.com/authid/detail.url?authorId=56893432000,Simon Fraser University,peabody,p,michael a,michael a peabody,[],m peabody
"Lim, Em G.",6,2024,9,1.5,0.29,2,57831947600,https://www.scopus.com/authid/detail.url?authorId=57831947600,Simon Fraser University,lim,l,em g,em g lim,[],e lim
"Marinho, Luísa",6,2020,61,10.2,1.11,7,55067142200,https://www.scopus.com/authid/detail.url?authorId=55067142200,Simon Fraser University,marinho,m,luísa,luísa marinho,[],l marinho
"Pham, Duc Minh",6,2021,263,43.8,2.64,6,57203971039,https://www.scopus.com/authid/detail.url?authorId=57203971039,Simon Fraser University,pham,p,duc minh,duc minh pham,[],d pham
"Yuan, Zheliang",6,2024,281,46.8,1.2,20,55782169100,https://www.scopus.com/authid/detail.url?authorId=55782169100,Zhejiang Normal University,yuan,y,zheliang,zheliang yuan,[],z yuan
"Gemino, Andrew C.",6,2024,277,46.2,2.31,15,7801318489,https://www.scopus.com/authid/detail.url?authorId=7801318489,Simon Fraser University,gemino,g,andrew c,andrew c gemino,[],a gemino
"Richard, Khumoekae",6,2025,100,16.7,1.18,5,57202752857,https://www.scopus.com/authid/detail.url?authorId=57202752857,Wistar Institute,richard,r,khumoekae,khumoekae richard,[],k richard
"Yang, Mingze",6,2021,35,5.8,0.25,4,57189989925,https://www.scopus.com/authid/detail.url?authorId=57189989925,Simon Fraser University,yang,y,mingze,mingze yang,[],m yang
"Kissel, Amanda M.",6,2024,113,18.8,0.93,8,53463747200,https://www.scopus.com/authid/detail.url?authorId=53463747200,United States Geological Survey,kissel,k,amanda m,amanda m kissel,[],a kissel
"Azaron, Amir",6,2020,88,14.7,0.98,25,6602891469,https://www.scopus.com/authid/detail.url?authorId=6602891469,Kwantlen Polytechnic University,azaron,a,amir,amir azaron,[],a azaron
"Patiño, Astrid García",6,2021,106,17.7,1.08,5,57206899285,https://www.scopus.com/authid/detail.url?authorId=57206899285,Simon Fraser University,patiño,p,astrid garcía,astrid garcía patiño,[],a patiño
"Yu, Timothy T.L.",6,2023,204,34.0,3.26,4,57218895653,https://www.scopus.com/authid/detail.url?authorId=57218895653,Simon Fraser University,yu,y,timothy tl,timothy tl yu,[],t yu
"Etesam, Yasaman",6,2025,7,1.2,0.38,2,57205668184,https://www.scopus.com/authid/detail.url?authorId=57205668184,Simon Fraser University,etesam,e,yasaman,yasaman etesam,[],y etesam
"Vigo, Daniel V.",6,2023,330,55.0,3.07,25,26538354800,https://www.scopus.com/authid/detail.url?authorId=26538354800,University of British Columbia,vigo,v,daniel v,daniel v vigo,[],d vigo
"Domalik, Alice D.",6,2021,135,22.5,1.1,7,56840602400,https://www.scopus.com/authid/detail.url?authorId=56840602400,Environment and Climate Change Canada,domalik,d,alice d,alice d domalik,[],a domalik
"Gray, Kristen L.",6,2023,932,155.3,18.86,6,57216797712,https://www.scopus.com/authid/detail.url?authorId=57216797712,University of Regina,gray,g,kristen l,kristen l gray,[],k gray
"Vedula, Naveen",6,2021,61,10.2,1.22,5,57103817000,https://www.scopus.com/authid/detail.url?authorId=57103817000,Unknown affiliation,vedula,v,naveen,naveen vedula,[],n vedula
"Shrestha, Rakesh",6,2024,149,24.8,2.74,5,57206314215,https://www.scopus.com/authid/detail.url?authorId=57206314215,Simon Fraser University,shrestha,s,rakesh,rakesh shrestha,[],r shrestha
"Rafiey, Akbar",6,2022,48,8.0,0.95,4,57023733400,https://www.scopus.com/authid/detail.url?authorId=57023733400,University of California at San Diego,rafiey,r,akbar,akbar rafiey,[],a rafiey
"Kaur, Gurbinder",6,2024,118,19.7,1.07,21,55241221300,https://www.scopus.com/authid/detail.url?authorId=55241221300,Thapar Institute of Engineering & Technology,kaur,k,gurbinder,gurbinder kaur,[],g kaur
"Chen, Qinghua",6,2024,10,1.7,1.32,2,57992064100,https://www.scopus.com/authid/detail.url?authorId=57992064100,The Education University of Hong Kong,chen,c,qinghua,qinghua chen,[],q chen
"Borwein, Sophie",6,2025,39,6.5,2.88,5,57203476618,https://www.scopus.com/authid/detail.url?authorId=57203476618,University of British Columbia,borwein,b,sophie,sophie borwein,[],s borwein
"Gong, Yu",6,2024,31,5.2,0.67,3,57210636353,https://www.scopus.com/authid/detail.url?authorId=57210636353,Simon Fraser University,gong,g,yu,yu gong,[],y gong
"Gatev, Evan G.",6,2021,144,24.0,0.9,9,34769762700,https://www.scopus.com/authid/detail.url?authorId=34769762700,Simon Fraser University,gatev,g,evan g,evan g gatev,[],e gatev
"Barnes, Jordan I.",6,2022,26,4.3,0.26,3,56154411900,https://www.scopus.com/authid/detail.url?authorId=56154411900,Simon Fraser University,barnes,b,jordan i,jordan i barnes,[],j barnes
"Stearns, Jason K.",6,2024,57,9.5,1.89,6,16310677600,https://www.scopus.com/authid/detail.url?authorId=16310677600,Simon Fraser University,stearns,s,jason k,jason k stearns,[],j stearns
"Aguilar, Ivan Abdo",6,2024,53,8.8,1.05,6,56471503700,https://www.scopus.com/authid/detail.url?authorId=56471503700,Simon Fraser University,aguilar,a,ivan abdo,ivan abdo aguilar,[],i aguilar
"Lo, Justin C.",6,2020,151,25.2,0.75,6,56803251500,https://www.scopus.com/authid/detail.url?authorId=56803251500,Simon Fraser University,lo,l,justin c,justin c lo,[],j lo
"Krishnan, Rekha",6,2022,315,52.5,2.11,8,15071218900,https://www.scopus.com/authid/detail.url?authorId=15071218900,Simon Fraser University,krishnan,k,rekha,rekha krishnan,[],r krishnan
"Large, Steven J.",6,2022,78,13.0,0.83,5,56589615500,https://www.scopus.com/authid/detail.url?authorId=56589615500,Simon Fraser University,large,l,steven j,steven j large,[],s large
"Sumner, Nick",6,2023,44,7.3,0.92,5,42162037900,https://www.scopus.com/authid/detail.url?authorId=42162037900,Simon Fraser University,sumner,s,nick,nick sumner,[],n sumner
"Kumar, Avinash",6,2022,242,40.3,2.89,7,57214420347,https://www.scopus.com/authid/detail.url?authorId=57214420347,Yale University,kumar,k,avinash,avinash kumar,[],a kumar
"Palmer, Alison L.",6,2022,24,4.0,0.46,3,57195211394,https://www.scopus.com/authid/detail.url?authorId=57195211394,Simon Fraser University,palmer,p,alison l,alison l palmer,[],a palmer
"Myers, Gordon M.",6,2023,21,3.5,0.39,7,7202845520,https://www.scopus.com/authid/detail.url?authorId=7202845520,Simon Fraser University,myers,m,gordon m,gordon m myers,[],g myers
"Ueda, Momoko",6,2023,49,8.2,0.41,4,57192409672,https://www.scopus.com/authid/detail.url?authorId=57192409672,Simon Fraser University,ueda,u,momoko,momoko ueda,[],m ueda
"Kessler, Anke S.",6,2025,86,14.3,0.8,13,7102474282,https://www.scopus.com/authid/detail.url?authorId=7102474282,Simon Fraser University,kessler,k,anke s,anke s kessler,[],a kessler
"Bergeron, Laurent",6,2023,248,41.3,2.5,5,57215486728,https://www.scopus.com/authid/detail.url?authorId=57215486728,Unknown affiliation,bergeron,b,laurent,laurent bergeron,[],l bergeron
"Karbakhsh, Mojgan",6,2024,7,1.2,0.12,20,12759854200,https://www.scopus.com/authid/detail.url?authorId=12759854200,Unknown affiliation,karbakhsh,k,mojgan,mojgan karbakhsh,[],m karbakhsh
"Wang, Simon Ji Hau",6,2022,68,11.3,0.46,8,36496079000,https://www.scopus.com/authid/detail.url?authorId=36496079000,Simon Fraser University,wang,w,simon ji hau,simon ji hau wang,[],s wang
"Pollock, Courtney L.",6,2023,35,5.8,0.45,11,26635673200,https://www.scopus.com/authid/detail.url?authorId=26635673200,University of British Columbia,pollock,p,courtney l,courtney l pollock,[],c pollock
"Najafpour, Sahand",6,2025,5,0.8,0.48,4,57215690650,https://www.scopus.com/authid/detail.url?authorId=57215690650,Simon Fraser University,najafpour,n,sahand,sahand najafpour,[],s najafpour
"Marzouk, Zahia",6,2020,175,29.2,3.71,6,57190190372,https://www.scopus.com/authid/detail.url?authorId=57190190372,Kwantlen Polytechnic University,marzouk,m,zahia,zahia marzouk,[],z marzouk
"Sykes, John",6,2025,75,12.5,1.32,4,57218366707,https://www.scopus.com/authid/detail.url?authorId=57218366707,Unknown affiliation,sykes,s,john,john sykes,[],j sykes
"Planchenault, Gaëlle",6,2023,49,8.2,1.22,5,35766757900,https://www.scopus.com/authid/detail.url?authorId=35766757900,Simon Fraser University,planchenault,p,gaëlle,gaëlle planchenault,[],g planchenault
"Ma, Rui",6,2021,271,45.2,2.55,8,56317141300,https://www.scopus.com/authid/detail.url?authorId=56317141300,Jilin University,ma,m,rui,rui ma,[],r ma
"Bruxelle, Jean François",6,2022,66,11.0,0.43,9,57213467021,https://www.scopus.com/authid/detail.url?authorId=57213467021,Universite Claude Bernard Lyon 1,bruxelle,b,jean françois,jean françois bruxelle,[],j bruxelle
"Tai, Sheldon H.Sheldon",6,2021,50,8.3,0.37,4,58458539400,https://www.scopus.com/authid/detail.url?authorId=58458539400,Simon Fraser University,tai,t,sheldon hsheldon,sheldon hsheldon tai,[],s tai
"Beller, Jeremy A.",6,2024,5,0.8,0.58,4,57190429720,https://www.scopus.com/authid/detail.url?authorId=57190429720,Simon Fraser University,beller,b,jeremy a,jeremy a beller,[],j beller
"Gros, Christina",6,2025,80,13.3,0.78,13,55345450100,https://www.scopus.com/authid/detail.url?authorId=55345450100,Simon Fraser University,gros,g,christina,christina gros,[],c gros
"Wiley, Stephanie Ann",6,2023,78,13.0,1.22,9,55935732200,https://www.scopus.com/authid/detail.url?authorId=55935732200,Simon Fraser University,wiley,w,stephanie ann,stephanie ann wiley,[],s wiley
"Cuthbert, Tyler J.",6,2021,156,26.0,1.43,15,57211341414,https://www.scopus.com/authid/detail.url?authorId=57211341414,Swiss Federal Institute of Technology Zurich,cuthbert,c,tyler j,tyler j cuthbert,[],t cuthbert
"Inskip, Jessica Ann",6,2021,114,19.0,1.0,13,36087430700,https://www.scopus.com/authid/detail.url?authorId=36087430700,Simon Fraser University,inskip,i,jessica ann,jessica ann inskip,[],j inskip
"Othman, Kamal M.",6,2020,57,9.5,0.75,8,56051118400,https://www.scopus.com/authid/detail.url?authorId=56051118400,Umm Al-Qura University,othman,o,kamal m,kamal m othman,[],k othman
"Gray, Samantha M.",6,2023,24,4.0,0.53,9,57200762040,https://www.scopus.com/authid/detail.url?authorId=57200762040,University of British Columbia,gray,g,samantha m,samantha m gray,[],s gray
"Carvalho, Ricardo Silva",6,2023,33,5.5,1.38,4,57219585445,https://www.scopus.com/authid/detail.url?authorId=57219585445,Simon Fraser University,carvalho,c,ricardo silva,ricardo silva carvalho,[],r carvalho
"Burville, Kevin",6,2022,1,0.2,0.02,1,57222005648,https://www.scopus.com/authid/detail.url?authorId=57222005648,Simon Fraser University,burville,b,kevin,kevin burville,[],k burville
"Atkins, M. Stella",14,2021,220,15.714285714285714,1.07,27,7102310616,https://www.scopus.com/authid/detail.url?authorId=7102310616,Simon Fraser University,atkins,a,m stella,m stella atkins,[np.int64(57026369400)],m atkins
"Buat, Quentin",462,2022,36053,78.03679653679653,4.75,125,54960950200,https://www.scopus.com/authid/detail.url?authorId=54960950200,University of Washington,buat,b,quentin,quentin buat,[np.int64(57451427600)],q buat
"Bhattacharya, Binay K.",38,2025,156,4.105263157894737,0.38,7,55432626900,https://www.scopus.com/authid/detail.url?authorId=55432626900,Simon Fraser University,bhattacharya,b,binay k,binay k bhattacharya,[np.int64(56211243300)],b bhattacharya
"Bechhoefer, John",46,2024,1212,26.347826086956523,1.38,11,57216378534,https://www.scopus.com/authid/detail.url?authorId=57216378534,Simon Fraser University,bechhoefer,b,john,john bechhoefer,[np.int64(6603749445)],j bechhoefer
"Bell, Lynne S.",22,2025,332,15.090909090909092,0.52,6,56183195000,https://www.scopus.com/authid/detail.url?authorId=56183195000,Simon Fraser University,bell,b,lynne s,lynne s bell,[np.int64(8631251400)],l bell
"Chen, J.",177,2025,1393,7.870056497175141,1.92,32,58745556500,https://www.scopus.com/authid/detail.url?authorId=58745556500,Simon Fraser University,chen,c,j,j chen,"[np.int64(57224917293), np.int64(55717843100), np.int64(59637110900)]",j chen
"Cheung, Peter K.",11,2024,260,23.6,3.74,17,7202595396,https://www.scopus.com/authid/detail.url?authorId=7202595396,University of British Columbia,cheung,c,peter k,peter k cheung,[],p cheung
"Cobarrubias, Kyle D.",6,2020,90,15.0,0.7,8,56974429000,https://www.scopus.com/authid/detail.url?authorId=56974429000,University of British Columbia,cobarrubias,c,kyle d,kyle d cobarrubias,[],k cobarrubias
"Fernandez-Tejero, J.",20,2025,66,3.3,0.86,8,56418611300,https://www.scopus.com/authid/detail.url?authorId=56418611300,CSIC - Institute of Microelectronics of Barcelona,fernandez-tejero,f,j,j fernandez-tejero,[],j fernandez-tejero
"Haeckl, F. P.Jake",8,2023,395,49.4,2.3,9,56134971900,https://www.scopus.com/authid/detail.url?authorId=56134971900,Saarland University,haeckl,h,f pjake,f pjake haeckl,[],f haeckl
"Hao, Xiangpeng",6,2021,208,34.666666666666664,5.83,4,57214853828,https://www.scopus.com/authid/detail.url?authorId=57214853828,University of Wisconsin-Madison,hao,h,xiangpeng,xiangpeng hao,[np.int64(59437243000)],x hao
"Izadi, Saeed",11,2024,163,14.818181818181818,3.2,5,54585264200,https://www.scopus.com/authid/detail.url?authorId=54585264200,Simon Fraser University,izadi,i,saeed,saeed izadi,[np.int64(58616381100)],s izadi
"Kurita, Kenji L.",8,2022,194,24.3,0.94,9,56575966800,https://www.scopus.com/authid/detail.url?authorId=56575966800,F. Hoffmann-La Roche AG,kurita,k,kenji l,kenji l kurita,[],k kurita
"Li, Lun",15,2024,184,12.266666666666667,1.78,9,57211233276,https://www.scopus.com/authid/detail.url?authorId=57211233276,MacEwan University,li,l,lun,lun li,[np.int64(57259566200)],l li
"Lee, Sanghoon",6,2024,567,94.5,8.98,4,57212311772,https://www.scopus.com/authid/detail.url?authorId=57212311772,Simon Fraser University,lee,l,sanghoon,sanghoon lee,[np.int64(57197866972)],s lee
"Mishna, M. J.",25,2024,112,4.5,0.54,9,6508364063,https://www.scopus.com/authid/detail.url?authorId=6508364063,École polytechnique,mishna,m,m j,m j mishna,[],m mishna
"Omondi, Fredrick Harrison",10,2024,231,23.1,3.44,8,57207582932,https://www.scopus.com/authid/detail.url?authorId=57207582932,University of British Columbia,omondi,o,fredrick harrison,fredrick harrison omondi,[],f omondi
"Pachal, Katherine E.",431,2023,31465,73.0,4.17,116,55578118400,https://www.scopus.com/authid/detail.url?authorId=55578118400,University of British Columbia,pachal,p,katherine e,katherine e pachal,[],k pachal
"Pore, Jennifer L.",28,2024,226,8.1,0.75,11,39861866900,https://www.scopus.com/authid/detail.url?authorId=39861866900,Lawrence Berkeley National Laboratory,pore,p,jennifer l,jennifer l pore,[],j pore
"Peach, Daniel A.H.",12,2021,266,22.2,1.18,9,55369565100,https://www.scopus.com/authid/detail.url?authorId=55369565100,University of Georgia,peach,p,daniel ah,daniel ah peach,[],d peach
"Ramogida, Caterina Fortunata",35,2025,557,15.9,1.49,22,37034801500,https://www.scopus.com/authid/detail.url?authorId=37034801500,University of British Columbia,ramogida,r,caterina fortunata,caterina fortunata ramogida,[],c ramogida
"Short, Devin A.",8,2021,248,31.0,1.4,7,57225796762,https://www.scopus.com/authid/detail.url?authorId=57225796762,TRIUMF,short,s,devin a,devin a short,[],d short
"Torres, Heberth",407,2022,32623,80.2,4.9,127,52364851900,https://www.scopus.com/authid/detail.url?authorId=52364851900,Aix-Marseille Université,torres,t,heberth,heberth torres,[],h torres
"Tan, Ping",86,2023,6252,72.69767441860465,3.76,56,55726699700,https://www.scopus.com/authid/detail.url?authorId=55726699700,Hong Kong University of Science and Technology,tan,t,ping,ping tan,[np.int64(58628428200)],p tan
"Tang, Yifan",17,2025,99,5.823529411764706,0.79,5,57203408641,https://www.scopus.com/authid/detail.url?authorId=57203408641,Simon Fraser University,tang,t,yifan,yifan tang,[np.int64(59784889600)],y tang
"Taylor, Audrey K.",12,2024,105,8.8,0.62,9,55473545900,https://www.scopus.com/authid/detail.url?authorId=55473545900,National Renewable Energy Laboratory,taylor,t,audrey k,audrey k taylor,[],a taylor
"Wang, Yue",30,2025,279,9.3,0.59,18,7601513640,https://www.scopus.com/authid/detail.url?authorId=7601513640,Simon Fraser University,wang,w,yue,yue wang,[np.int64(57188844270)],y wang
"Williams, Jonathan F.",23,2022,253,11.0,0.66,18,57217554285,https://www.scopus.com/authid/detail.url?authorId=57217554285,TRIUMF,williams,w,jonathan f,jonathan f williams,[],j williams
"Wang, Z. M.",22,2025,275,12.5,0.86,15,55719869100,https://www.scopus.com/authid/detail.url?authorId=55719869100,TRIUMF,wang,w,z m,z m wang,[],z wang
"Zhang, Xin",26,2023,330,12.692307692307692,0.58,12,56591076800,https://www.scopus.com/authid/detail.url?authorId=56591076800,Unknown affiliation,zhang,z,xin,xin zhang,"[np.int64(57192507717), np.int64(59760356300), np.int64(59450851900)]",x zhang
"Zhao, Yuezhi",12,2022,145,12.083333333333334,2.58,18,37084737400,https://www.scopus.com/authid/detail.url?authorId=37084737400,Unknown affiliation,zhao,z,yuezhi,yuezhi zhao,[np.int64(59794784100)],y zhao
"Zucca, Alex",10,2022,313,31.3,1.38,10,55875746700,https://www.scopus.com/authid/detail.url?authorId=55875746700,Baker Hughes INTEQ,zucca,z,alex,alex zucca,[],a zucca
